gene_symbol,logFC,logCPM,F,PValue,FDR,ensembl_gene_id,B,H,classified_gene_dlp,classified_gene,classified_gene_rna,Gene_Type
GAGE13,3.5662655447621,7.75747812846713,6806.71052918853,0,0,ENSG00000274274,4,5,Decrease,in_cis,UpRegulated,In_cis_Decrease_UpRegulated
VCX,2.788007282412,7.76548386565215,2278.49842471787,0,0,ENSG00000182583,3,5,Decrease,in_cis,UpRegulated,In_cis_Decrease_UpRegulated
GAGE12H,1.5756184508057,8.65775650106831,3071.18795648374,0,0,ENSG00000224902,4,5,Decrease,in_cis,UpRegulated,In_cis_Decrease_UpRegulated
ATP5MC3,-1.1510577946948,8.76446364380888,2231.29106089566,0,0,ENSG00000154518,3,2,Increase,in_cis,DownRegulated,In_cis_Increase_DownRegulated
PFDN2,-0.787245322048215,9.96016166257223,1974.28890633847,0,0,ENSG00000143256,8,7,Increase,in_cis,DownRegulated,In_cis_Increase_DownRegulated
EIF2S2,-0.941364941273036,8.87184887957606,1803.88290500085,1.66880539388041e-308,1.66880539388151e-308,ENSG00000125977,4,3,Increase,in_cis,DownRegulated,In_cis_Increase_DownRegulated
ENSA,0.89162262660085,8.72605406217207,1609.78992006768,4.21775192385432e-293,3.44038252455532e-291,ENSG00000143420,3,4,Decrease,in_cis,UpRegulated,In_cis_Decrease_UpRegulated
NMT1,-1.49076335985367,7.47016603965306,1539.5084199316,2.36530535686616e-282,1.77097825712225e-280,ENSG00000136448,4,3,Increase,in_cis,DownRegulated,In_cis_Increase_DownRegulated
GUK1,1.00434153597736,8.59393885780883,1487.91752317097,2.26876129629728e-274,1.5917819640385e-272,ENSG00000143774,3,4,Decrease,in_cis,UpRegulated,In_cis_Decrease_UpRegulated
ATP5F1E,-0.542425448452081,10.1359140494689,1336.97530977078,1.48003481732666e-250,9.10993209953274e-249,ENSG00000124172,5,3,Increase,in_cis,DownRegulated,In_cis_Increase_DownRegulated
ZNF428,1.20603410070879,7.83138571364689,1275.7986160849,1.05920598523548e-240,6.14278245657082e-239,ENSG00000131116,2,3,Decrease,in_cis,UpRegulated,In_cis_Decrease_UpRegulated
PCSK1N,0.928900322394546,8.70233915413826,1267.63825148727,2.23152045331152e-239,1.27936255474711e-237,ENSG00000102109,4,5,Decrease,in_cis,UpRegulated,In_cis_Decrease_UpRegulated
SSR2,-0.595400317980509,9.71344485237793,1254.68669832241,2.84317721059864e-237,1.62077255420092e-235,ENSG00000163479,8,7,Increase,in_cis,DownRegulated,In_cis_Increase_DownRegulated
RBP1,2.26469807201725,7.12641311435721,1247.95053297884,3.55545256935485e-236,1.98176975712985e-234,ENSG00000114115,2,3,Decrease,in_cis,UpRegulated,In_cis_Decrease_UpRegulated
ROMO1,-0.846840033834368,8.5102361910009,1238.48751521402,1.24339424650377e-234,6.77987743215885e-233,ENSG00000125995,4,3,Increase,in_cis,DownRegulated,In_cis_Increase_DownRegulated
UBB,0.632713593341074,9.90204473471528,1177.28622575417,1.41277103079224e-224,7.15875341006998e-223,ENSG00000170315,2,3,Decrease,in_cis,UpRegulated,In_cis_Decrease_UpRegulated
TDRD10,1.85392301851031,6.79539473356887,1054.14789737662,2.55756807939748e-195,9.68304926060185e-194,ENSG00000163239,3,4,Decrease,in_cis,UpRegulated,In_cis_Decrease_UpRegulated
TRAPPC6A,1.72832020678173,6.96941974762089,971.37316873205,8.48167814205428e-190,3.03916702854395e-188,ENSG00000007255,2,3,Decrease,in_cis,UpRegulated,In_cis_Decrease_UpRegulated
JPT1,-1.08742553258057,8.18185540854536,889.461778963354,1.54688844792664e-175,5.05535237721431e-174,ENSG00000189159,4,3,Increase,in_cis,DownRegulated,In_cis_Increase_DownRegulated
MRPL24,-0.907293713653212,7.94083513023446,844.472643759969,1.3504384810599e-167,4.03242538109346e-166,ENSG00000143314,8,7,Increase,in_cis,DownRegulated,In_cis_Increase_DownRegulated
TCF4,-1.09506862865113,8.27444637417863,843.917370280188,1.69423935518312e-167,5.03030177048464e-166,ENSG00000196628,3,2,Increase,in_cis,DownRegulated,In_cis_Increase_DownRegulated
LSM8,-1.28615451362229,7.20942258089959,813.893980805798,3.7391452732946e-162,1.039192369168e-160,ENSG00000128534,3,2,Increase,in_cis,DownRegulated,In_cis_Increase_DownRegulated
RAD21,1.16364162248828,7.91174535689529,809.560529318112,2.22331004345692e-161,6.16200819502853e-160,ENSG00000164754,2,3,Decrease,in_cis,UpRegulated,In_cis_Decrease_UpRegulated
PRPF8,0.962642275247552,7.7300131155521,687.811583296315,2.55894592987643e-139,5.71801882281742e-138,ENSG00000174231,2,3,Decrease,in_cis,UpRegulated,In_cis_Decrease_UpRegulated
TCHH,1.70337305225964,6.80956890229386,687.053401901449,3.52656259948214e-139,7.86266723568986e-138,ENSG00000159450,3,4,Decrease,in_cis,UpRegulated,In_cis_Decrease_UpRegulated
EIF3H,0.686466592538191,8.3744297533747,674.759107671734,6.44736791145254e-137,1.4123677348385e-135,ENSG00000147677,2,3,Decrease,in_cis,UpRegulated,In_cis_Decrease_UpRegulated
NAXE,-0.571439130832818,8.7686351522973,619.710804921356,1.0383318386516e-126,2.00338141099837e-125,ENSG00000163382,8,7,Increase,in_cis,DownRegulated,In_cis_Increase_DownRegulated
SDHC,-0.475993555912149,8.98165828834486,611.699811342908,3.25508539003706e-125,6.10434985387698e-124,ENSG00000143252,8,7,Increase,in_cis,DownRegulated,In_cis_Increase_DownRegulated
HIF3A,1.47863746030229,6.76869211012414,631.118810763035,1.03466648870287e-123,1.91881864716376e-122,ENSG00000124440,2,3,Decrease,in_cis,UpRegulated,In_cis_Decrease_UpRegulated
EMP3,1.42229070470721,7.09298675146306,578.559275622793,5.39526162923974e-119,9.43042855856486e-118,ENSG00000142227,2,3,Decrease,in_cis,UpRegulated,In_cis_Decrease_UpRegulated
KIAA1586,1.07761044690408,7.25009636393679,546.416955140551,6.4632613711832e-113,1.05098705570634e-111,ENSG00000168116,5,8,Decrease,in_cis,UpRegulated,In_cis_Decrease_UpRegulated
CLNS1A,-0.668490574783868,7.95113875866681,513.489107174625,1.21770516941344e-106,1.83441981452327e-105,ENSG00000074201,3,2,Increase,in_cis,DownRegulated,In_cis_Increase_DownRegulated
CTGF,-1.56061807584196,7.01639430505668,512.533881584774,1.85487791094613e-106,2.78176234387482e-105,ENSG00000118523,4,3,Increase,in_cis,DownRegulated,In_cis_Increase_DownRegulated
COL1A2,-1.33978118181768,6.90678645028635,506.894906030383,2.22909735617013e-105,3.27925715167961e-104,ENSG00000164692,3,2,Increase,in_cis,DownRegulated,In_cis_Increase_DownRegulated
NDUFAF4,-0.802400570598912,7.63452088297629,495.356346221993,3.64928262402105e-103,5.22300321923013e-102,ENSG00000123545,4,3,Increase,in_cis,DownRegulated,In_cis_Increase_DownRegulated
RPF2,-0.662671416404414,8.06271578825259,493.521207131825,8.22069226582163e-103,1.1665941372417e-101,ENSG00000197498,5,3,Increase,in_cis,DownRegulated,In_cis_Increase_DownRegulated
TEX10,-0.981662225508075,7.15689506080029,480.712881683494,2.40390082640281e-100,3.32666717121371e-99,ENSG00000136891,4,3,Increase,in_cis,DownRegulated,In_cis_Increase_DownRegulated
HIST1H2BG,-1.34406408431519,6.98527102575914,480.244663708887,2.95942602323261e-100,4.07856061690834e-99,ENSG00000273802,5,4,Increase,in_cis,DownRegulated,In_cis_Increase_DownRegulated
HIST1H4C,-1.21116295887043,9.67007956891358,473.804111472819,5.17888477705157e-99,7.03108944088747e-98,ENSG00000197061,5,4,Increase,in_cis,DownRegulated,In_cis_Increase_DownRegulated
ATP5PD,-0.662671619654684,7.95422271244322,467.023141673439,1.05939410846902e-97,1.40408204627076e-96,ENSG00000167863,4,3,Increase,in_cis,DownRegulated,In_cis_Increase_DownRegulated
PSMD14,-0.60196678024162,8.11037483849501,439.465682262588,2.36812240957956e-92,2.94416011589985e-91,ENSG00000115233,3,2,Increase,in_cis,DownRegulated,In_cis_Increase_DownRegulated
NDUFB2,-0.525876091516237,8.43052314371475,436.350052409899,9.58209825422711e-92,1.1839555638505e-90,ENSG00000090266,3,2,Increase,in_cis,DownRegulated,In_cis_Increase_DownRegulated
SMC1A,0.577954566595065,8.85489916740336,408.217855387272,3.04684570715484e-86,3.4270182712875e-85,ENSG00000072501,4,5,Decrease,in_cis,UpRegulated,In_cis_Decrease_UpRegulated
TLE4,-1.20073527905103,6.90425508420578,399.944901155097,1.28596413283705e-84,1.41315204214175e-83,ENSG00000106829,4,3,Increase,in_cis,DownRegulated,In_cis_Increase_DownRegulated
TIMP1,1.35740840869441,7.01812411971756,396.789634290064,5.37053679745824e-84,5.86317689759505e-83,ENSG00000102265,4,5,Decrease,in_cis,UpRegulated,In_cis_Decrease_UpRegulated
SDHD,-0.642977082581508,7.7670448292935,395.692888853833,8.82902235620382e-84,9.5660454967379e-83,ENSG00000204370,5,4,Increase,in_cis,DownRegulated,In_cis_Increase_DownRegulated
GOLGB1,0.774311823720882,7.79474610802428,366.376592245318,5.47937351217045e-78,5.40556090930247e-77,ENSG00000173230,2,3,Decrease,in_cis,UpRegulated,In_cis_Decrease_UpRegulated
MDH2,-0.415248806377725,8.79915022096199,351.788575901143,4.33667109850865e-75,4.12806652099974e-74,ENSG00000146701,3,2,Increase,in_cis,DownRegulated,In_cis_Increase_DownRegulated
HEG1,1.11666251463319,6.76137896183263,360.207397986832,3.2366523023658e-73,3.00400856148345e-72,ENSG00000173706,2,3,Decrease,in_cis,UpRegulated,In_cis_Decrease_UpRegulated
HIST1H2BD,-1.13242167071446,6.74819482406113,377.899540297849,4.30883252787365e-73,3.98805505093693e-72,ENSG00000158373,5,4,Increase,in_cis,DownRegulated,In_cis_Increase_DownRegulated
GLMP,-0.80507166236432,7.23204113078716,336.912181245306,4.01681687626664e-72,3.66037454310475e-71,ENSG00000198715,8,7,Increase,in_cis,DownRegulated,In_cis_Increase_DownRegulated
PIP5K1A,0.784676894595952,7.33622627428159,333.520966465874,1.91311831465378e-71,1.71992079309332e-70,ENSG00000143398,3,4,Decrease,in_cis,UpRegulated,In_cis_Decrease_UpRegulated
SEMA6C,1.12280727149934,6.72755945196703,392.045570668083,3.62527453043523e-69,3.14096540275101e-68,ENSG00000143434,3,4,Decrease,in_cis,UpRegulated,In_cis_Decrease_UpRegulated
GNG5,-0.401826100314936,8.80372604353605,319.034617497617,1.52747548258999e-68,1.3132100699936e-67,ENSG00000174021,4,3,Increase,in_cis,DownRegulated,In_cis_Increase_DownRegulated
B4GALT3,-0.630527148112084,7.59509511407994,311.086353990542,6.03839822595366e-67,5.078227108214e-66,ENSG00000158850,8,7,Increase,in_cis,DownRegulated,In_cis_Increase_DownRegulated
PEG10,-0.861643542030495,7.98034434901425,310.972681131171,6.36479288141815e-67,5.34376292713542e-66,ENSG00000242265,3,2,Increase,in_cis,DownRegulated,In_cis_Increase_DownRegulated
MPHOSPH6,-0.798803420368983,7.17486622782532,306.845825502249,4.30777699773819e-66,3.56012575109615e-65,ENSG00000135698,3,2,Increase,in_cis,DownRegulated,In_cis_Increase_DownRegulated
NDUFB3,-0.560332427104804,7.77691088089601,304.792765866198,1.11616870163924e-65,9.16409213056177e-65,ENSG00000119013,3,2,Increase,in_cis,DownRegulated,In_cis_Increase_DownRegulated
TMEM45A,1.03280337513196,6.77845646780991,320.50914731288,2.43566974887038e-65,1.98352878168965e-64,ENSG00000181458,3,4,Decrease,in_cis,UpRegulated,In_cis_Decrease_UpRegulated
PIANP,0.971914862981428,6.8769529064131,297.859605569357,2.79032593457213e-64,2.22009041249502e-63,ENSG00000139200,3,5,Decrease,in_cis,UpRegulated,In_cis_Decrease_UpRegulated
KCNAB3,0.958672096892571,6.87443470480835,294.89932437969,1.10483239743171e-63,8.65998706518155e-63,ENSG00000170049,2,3,Decrease,in_cis,UpRegulated,In_cis_Decrease_UpRegulated
DDIT4,1.01890150541187,7.3794562624335,291.792674898826,4.68792470174107e-63,3.62916269541421e-62,ENSG00000168209,8,9,Decrease,in_cis,UpRegulated,In_cis_Decrease_UpRegulated
CDKN1B,0.857382924031858,7.24990389519432,291.275160646238,5.96473479189962e-63,4.59986042791152e-62,ENSG00000111276,3,5,Decrease,in_cis,UpRegulated,In_cis_Decrease_UpRegulated
ENY2,0.535965493698992,7.90553021806238,284.252025855389,1.57268415558881e-61,1.18637143857312e-60,ENSG00000120533,2,3,Decrease,in_cis,UpRegulated,In_cis_Decrease_UpRegulated
CHD4,0.489313747292823,8.2715701430256,277.356817575284,3.92951457944358e-60,2.87982613408016e-59,ENSG00000111642,3,5,Decrease,in_cis,UpRegulated,In_cis_Decrease_UpRegulated
PABPN1,0.690346616718187,7.38235611831542,274.922751389801,1.22557383335696e-59,8.86530805340329e-59,ENSG00000100836,2,3,Decrease,in_cis,UpRegulated,In_cis_Decrease_UpRegulated
TLE1,-0.907470697901082,6.87808840679684,273.916043340912,1.96221124466249e-59,1.41124483280995e-58,ENSG00000196781,4,3,Increase,in_cis,DownRegulated,In_cis_Increase_DownRegulated
PRPF3,0.640650571371303,7.47544106337564,273.056357972213,2.93320639103944e-59,2.09607262972213e-58,ENSG00000117360,3,4,Decrease,in_cis,UpRegulated,In_cis_Decrease_UpRegulated
ETFB,0.647126338801763,7.50560095170546,271.158124447173,7.12855879467255e-59,5.05447564572083e-58,ENSG00000105379,2,3,Decrease,in_cis,UpRegulated,In_cis_Decrease_UpRegulated
TSNAX,0.53893761142007,7.8121362632484,269.955012258828,1.25179835439903e-58,8.81972815286901e-58,ENSG00000116918,3,4,Decrease,in_cis,UpRegulated,In_cis_Decrease_UpRegulated
ABRACL,-0.74514371991692,7.18431065244558,268.346226401546,2.65852665396283e-58,1.86004169590022e-57,ENSG00000146386,4,3,Increase,in_cis,DownRegulated,In_cis_Increase_DownRegulated
SHE,0.940724176749679,6.79595505112348,272.142544925459,4.2842583063193e-57,2.92209133836176e-56,ENSG00000169291,3,4,Decrease,in_cis,UpRegulated,In_cis_Decrease_UpRegulated
POGZ,0.543961449716395,7.80733248224044,261.334618073774,7.11043418892011e-57,4.82020177144834e-56,ENSG00000143442,3,4,Decrease,in_cis,UpRegulated,In_cis_Decrease_UpRegulated
TUBB2B,0.720910572082642,8.17466664025732,252.231242501491,5.11555680677601e-55,3.35453473479632e-54,ENSG00000137285,5,6,Decrease,in_cis,UpRegulated,In_cis_Decrease_UpRegulated
XRCC1,0.853453018824074,6.91741792902565,250.186540668341,1.33847003359659e-54,8.7313848160433e-54,ENSG00000073050,2,3,Decrease,in_cis,UpRegulated,In_cis_Decrease_UpRegulated
RABGGTB,-0.713205249209512,7.15757158911699,248.078529629774,3.60990661845266e-54,2.33364646281801e-53,ENSG00000137955,4,3,Increase,in_cis,DownRegulated,In_cis_Increase_DownRegulated
TPR,0.379897315335371,8.85671340520754,245.864687995321,1.0239440967553e-53,6.53929415833607e-53,ENSG00000047410,3,4,Decrease,in_cis,UpRegulated,In_cis_Decrease_UpRegulated
DUSP12,-0.529725774523838,7.71072523974687,244.975664837617,1.55659888765512e-53,9.87190685198722e-53,ENSG00000081721,8,7,Increase,in_cis,DownRegulated,In_cis_Increase_DownRegulated
VAMP2,0.626198097442405,7.48540515003347,240.924414969941,1.05108744319675e-52,6.55818427711009e-52,ENSG00000220205,2,3,Decrease,in_cis,UpRegulated,In_cis_Decrease_UpRegulated
ZNF451,0.596770820884844,7.46673786679506,235.055776109723,1.67801520229362e-51,1.02780992213748e-50,ENSG00000112200,5,8,Decrease,in_cis,UpRegulated,In_cis_Decrease_UpRegulated
EPRS,0.456993981429439,8.10965733180219,233.197126956298,4.03870569950632e-51,2.45280473868928e-50,ENSG00000136628,3,4,Decrease,in_cis,UpRegulated,In_cis_Decrease_UpRegulated
MECOM,-0.914045481858334,6.79949497873167,227.22237182114,6.81905535920978e-50,4.03631754684081e-49,ENSG00000085276,3,2,Increase,in_cis,DownRegulated,In_cis_Increase_DownRegulated
HLTF,0.615801330023815,7.45629475569327,219.619772564184,2.50330826178571e-48,1.42946452990871e-47,ENSG00000071794,2,3,Decrease,in_cis,UpRegulated,In_cis_Decrease_UpRegulated
PODXL2,0.595035848968864,7.41059206108326,218.935433042786,3.46358653093753e-48,1.96884779971083e-47,ENSG00000114631,2,3,Decrease,in_cis,UpRegulated,In_cis_Decrease_UpRegulated
NARS,-0.500915826876084,7.73700887071314,218.553568639165,4.15166810765424e-48,2.35731104267657e-47,ENSG00000134440,3,2,Increase,in_cis,DownRegulated,In_cis_Increase_DownRegulated
METTL16,0.690680492743346,7.17319342128232,213.432089561263,4.72582490627659e-47,2.61956913174989e-46,ENSG00000127804,2,3,Decrease,in_cis,UpRegulated,In_cis_Decrease_UpRegulated
TSPAN7,0.743975728866632,7.02174321198681,212.553742508235,7.17425805869206e-47,3.95273646913001e-46,ENSG00000156298,4,5,Decrease,in_cis,UpRegulated,In_cis_Decrease_UpRegulated
TIMM8B,-0.350874873176611,8.65977038376194,210.719522059681,1.71600648697545e-46,9.37728381471931e-46,ENSG00000150779,5,4,Increase,in_cis,DownRegulated,In_cis_Increase_DownRegulated
BCAM,0.890891165254793,6.73659162396318,238.249634861491,1.40373783892067e-45,7.53139130368508e-45,ENSG00000187244,2,3,Decrease,in_cis,UpRegulated,In_cis_Decrease_UpRegulated
AL451165.2,-0.763420302247832,6.87241087270294,205.306507948236,2.25605323749579e-45,1.20719904702908e-44,ENSG00000272288,5,4,Increase,in_cis,DownRegulated,In_cis_Increase_DownRegulated
PDCD2,-0.438228076003505,7.99039035825939,205.260179825448,2.30638732487352e-45,1.23347462848913e-44,ENSG00000071994,4,3,Increase,in_cis,DownRegulated,In_cis_Increase_DownRegulated
GRIPAP1,0.634239679451572,7.27856116521437,204.743231171496,2.95032990752842e-45,1.57282996611226e-44,ENSG00000068400,4,5,Decrease,in_cis,UpRegulated,In_cis_Decrease_UpRegulated
FDPS,0.432313385339072,8.0794135291805,203.662923569908,4.93625162085757e-45,2.61623943539694e-44,ENSG00000160752,3,4,Decrease,in_cis,UpRegulated,In_cis_Decrease_UpRegulated
SYT11,0.869697233261347,6.74710039331243,221.913185170456,8.41171461732802e-44,4.35248750673811e-43,ENSG00000132718,3,4,Decrease,in_cis,UpRegulated,In_cis_Decrease_UpRegulated
ATP6AP2,0.427100583235608,7.92520718572626,195.988483274275,1.91976730150577e-43,9.86732855328246e-43,ENSG00000182220,4,5,Decrease,in_cis,UpRegulated,In_cis_Decrease_UpRegulated
NBPF14,0.792922725930946,6.8308860427591,190.148574567579,3.12851773254012e-42,1.57106847812266e-41,ENSG00000270629,3,4,Decrease,in_cis,UpRegulated,In_cis_Decrease_UpRegulated
KMT5C,0.801550509424559,6.7795888185387,197.200365664779,3.96113074910117e-41,1.93674584823256e-40,ENSG00000133247,2,3,Decrease,in_cis,UpRegulated,In_cis_Decrease_UpRegulated
ATP5MF,-0.312203242207526,8.7278519430605,184.378518980955,4.95321445797683e-41,2.41240779887774e-40,ENSG00000241468,3,2,Increase,in_cis,DownRegulated,In_cis_Increase_DownRegulated
MRPL47,-0.438393565437164,7.88945883836862,183.935232610133,6.12524939246845e-41,2.97745286601918e-40,ENSG00000136522,3,2,Increase,in_cis,DownRegulated,In_cis_Increase_DownRegulated
ARNT,0.660040701658023,7.05365360955879,171.835868630385,2.03797499841001e-38,9.39228440930072e-38,ENSG00000143437,3,4,Decrease,in_cis,UpRegulated,In_cis_Decrease_UpRegulated
TAF11,-0.42667860590763,7.76475848977478,168.669248326183,9.34800533895124e-38,4.24382522921709e-37,ENSG00000064995,5,4,Increase,in_cis,DownRegulated,In_cis_Increase_DownRegulated
LMO4,-0.461995456904833,7.88971156895079,167.309494738037,1.79871890212693e-37,8.10716385671138e-37,ENSG00000143013,4,3,Increase,in_cis,DownRegulated,In_cis_Increase_DownRegulated
AMD1,-0.445790932078829,7.78473400806207,167.142905886045,1.94892409732983e-37,8.77628162859523e-37,ENSG00000123505,5,3,Increase,in_cis,DownRegulated,In_cis_Increase_DownRegulated
KDM6A,0.708647156262584,6.91560373721738,166.099017450214,3.2217899871021e-37,1.43727073991087e-36,ENSG00000147050,4,5,Decrease,in_cis,UpRegulated,In_cis_Decrease_UpRegulated
USP9X,0.410467799711173,7.9148475139984,164.234548079125,7.90984478507216e-37,3.48679581408739e-36,ENSG00000124486,4,5,Decrease,in_cis,UpRegulated,In_cis_Decrease_UpRegulated
MXD3,0.797405062728237,6.94915442188153,163.488863572488,1.13301084694595e-36,4.97265871715169e-36,ENSG00000213347,2,3,Decrease,in_cis,UpRegulated,In_cis_Decrease_UpRegulated
TARBP1,0.628045899137488,7.09211598493066,163.317744899432,1.23041808104169e-36,5.39073563628442e-36,ENSG00000059588,3,4,Decrease,in_cis,UpRegulated,In_cis_Decrease_UpRegulated
PSAT1,-0.576600981371808,7.25944869690443,160.293719845509,5.28858206407458e-36,2.28807002366797e-35,ENSG00000135069,4,3,Increase,in_cis,DownRegulated,In_cis_Increase_DownRegulated
ZNF687,0.713670930751809,6.81058419416338,158.045309391897,1.56517417929411e-35,6.67661247485451e-35,ENSG00000143373,3,4,Decrease,in_cis,UpRegulated,In_cis_Decrease_UpRegulated
PLP2,0.463012197547268,7.67930417229534,157.280393098314,2.264360696902e-35,9.61826031838179e-35,ENSG00000102007,4,5,Decrease,in_cis,UpRegulated,In_cis_Decrease_UpRegulated
TMEM107,0.592652200188747,7.16291756093156,153.08226511735,1.72119710189302e-34,7.12114248383204e-34,ENSG00000179029,2,3,Decrease,in_cis,UpRegulated,In_cis_Decrease_UpRegulated
CHD7,-0.558815864022435,7.4473568211429,153.070285061277,1.73119476812432e-34,7.15955363091149e-34,ENSG00000171316,4,3,Increase,in_cis,DownRegulated,In_cis_Increase_DownRegulated
BCOR,0.704897202664016,6.82866682210623,151.2251765847,4.22523690821505e-34,1.73098415272036e-33,ENSG00000183337,4,5,Decrease,in_cis,UpRegulated,In_cis_Decrease_UpRegulated
ALCAM,0.775626758388855,6.70631311737991,179.373084863632,7.93660778852595e-34,3.22772541314474e-33,ENSG00000170017,3,4,Decrease,in_cis,UpRegulated,In_cis_Decrease_UpRegulated
FES,-0.700875076220358,6.8177610950337,148.584955901899,1.51605881927006e-33,6.11605071722416e-33,ENSG00000182511,5,3,Increase,in_cis,DownRegulated,In_cis_Increase_DownRegulated
PARP1,0.271140725017552,8.78926927210109,146.597034868583,3.96995393106025e-33,1.58940733401147e-32,ENSG00000143799,3,4,Decrease,in_cis,UpRegulated,In_cis_Decrease_UpRegulated
S100A6,0.468915047328314,7.63888316440133,143.581578401698,1.71171101849564e-32,6.76658654395853e-32,ENSG00000197956,3,4,Decrease,in_cis,UpRegulated,In_cis_Decrease_UpRegulated
CREB3L4,0.671318316259248,6.81980007887643,139.375890392784,1.31689155099059e-31,5.0719281885177e-31,ENSG00000143578,3,4,Decrease,in_cis,UpRegulated,In_cis_Decrease_UpRegulated
UBQLN4,-0.543127757335931,7.13062424859777,137.561920133749,3.17759363387428e-31,1.21265868880413e-30,ENSG00000160803,8,7,Increase,in_cis,DownRegulated,In_cis_Increase_DownRegulated
RRS1,-0.537996897376153,7.21706456689836,134.473808385351,1.42509582165621e-30,5.35505107815609e-30,ENSG00000179041,4,3,Increase,in_cis,DownRegulated,In_cis_Increase_DownRegulated
EIF5AL1,-0.737635178552129,6.70105555051716,188.733887297117,2.52745679938156e-30,9.41975262562972e-30,ENSG00000253626,11,10.5,Increase,in_cis,DownRegulated,In_cis_Increase_DownRegulated
MYH10,0.418949454385945,7.78159974061066,133.018285361259,2.89233799327765e-30,1.07516958453333e-29,ENSG00000133026,2,3,Decrease,in_cis,UpRegulated,In_cis_Decrease_UpRegulated
CYBA,-0.691063689509603,6.75000607033592,141.56325556417,5.21360361888683e-30,1.92876420015824e-29,ENSG00000051523,3,2,Increase,in_cis,DownRegulated,In_cis_Increase_DownRegulated
KDELR1,0.383946933244989,7.7509160567546,130.981537158015,7.79189529765992e-30,2.86754252807552e-29,ENSG00000105438,2,3,Decrease,in_cis,UpRegulated,In_cis_Decrease_UpRegulated
CNTNAP2,-0.607718202343198,6.88206258648148,130.950646774894,7.90993301692275e-30,2.90910403074729e-29,ENSG00000174469,3,2,Increase,in_cis,DownRegulated,In_cis_Increase_DownRegulated
P4HA1,0.660410264898092,6.80704943853531,129.633748224467,1.50176384331808e-29,5.47698896401684e-29,ENSG00000122884,8,10,Decrease,in_cis,UpRegulated,In_cis_Decrease_UpRegulated
ZNF83,0.664444678928119,6.78788207514284,137.042484907108,1.62369497796056e-29,5.91093313275701e-29,ENSG00000167766,2,3,Decrease,in_cis,UpRegulated,In_cis_Decrease_UpRegulated
PPP1R3E,0.728877503357062,6.70160744424535,168.5997067888,1.81556963617001e-29,6.59746836642293e-29,ENSG00000235194,2,3,Decrease,in_cis,UpRegulated,In_cis_Decrease_UpRegulated
TROVE2,0.425682204041425,7.54478202790452,129.123729477067,1.92515099981047e-29,6.99060440864944e-29,ENSG00000116747,3,4,Decrease,in_cis,UpRegulated,In_cis_Decrease_UpRegulated
AP3M1,0.465934487209085,7.33747473696297,128.875541799613,2.17250084098175e-29,7.85183751353384e-29,ENSG00000185009,8,10,Decrease,in_cis,UpRegulated,In_cis_Decrease_UpRegulated
UTP23,0.588245896303197,7.01170008247646,127.503891164157,4.23796728036247e-29,1.52290564913598e-28,ENSG00000147679,2,3,Decrease,in_cis,UpRegulated,In_cis_Decrease_UpRegulated
CXorf38,0.500697936936601,7.26768637416418,126.430916415849,7.14912750684448e-29,2.55347797351978e-28,ENSG00000185753,4,5,Decrease,in_cis,UpRegulated,In_cis_Decrease_UpRegulated
IRGQ,0.676011905983208,6.7507543654791,137.576229511736,6.29760648912021e-28,2.19312342607924e-27,ENSG00000167378,2,3,Decrease,in_cis,UpRegulated,In_cis_Decrease_UpRegulated
HIST1H2AE,-0.679709026361861,6.72863753544733,138.502628636485,1.77148053514246e-27,6.0950837479713e-27,ENSG00000277075,5,4,Increase,in_cis,DownRegulated,In_cis_Increase_DownRegulated
TMEM160,0.438150076489006,7.43878233709127,118.956578792357,2.74391248914734e-27,9.40221106680849e-27,ENSG00000130748,2,3,Decrease,in_cis,UpRegulated,In_cis_Decrease_UpRegulated
RBPMS2,-0.604290877415579,6.82085935075307,124.425745056386,3.39440399210263e-27,1.15994738599338e-26,ENSG00000166831,4,2,Increase,in_cis,DownRegulated,In_cis_Increase_DownRegulated
MARCH9,0.536684268863821,7.07920003536117,116.368250513658,9.72389392200244e-27,3.28042460388199e-26,ENSG00000139266,2,3,Decrease,in_cis,UpRegulated,In_cis_Decrease_UpRegulated
SFRP1,-0.71050113989237,6.88650855944545,115.225809829964,1.70025959605047e-26,5.70334487702252e-26,ENSG00000104332,3,2,Increase,in_cis,DownRegulated,In_cis_Increase_DownRegulated
BTG2,0.659497025055514,6.88080476099834,114.896047811062,1.9979274438086e-26,6.68173534791056e-26,ENSG00000159388,3,4,Decrease,in_cis,UpRegulated,In_cis_Decrease_UpRegulated
CRABP1,-0.663139523188695,7.32618968692194,111.319221288235,1.1509127058193e-25,3.76372463412159e-25,ENSG00000166426,4,2,Increase,in_cis,DownRegulated,In_cis_Increase_DownRegulated
FDFT1,-0.452501510772024,7.54424527175426,110.726262904185,1.53885737457384e-25,5.01277793477251e-25,ENSG00000079459,3,2,Increase,in_cis,DownRegulated,In_cis_Increase_DownRegulated
C12orf65,0.468758130455494,7.27690700706784,109.984041592406,2.21384226319963e-25,7.18353150927615e-25,ENSG00000130921,2,3,Decrease,in_cis,UpRegulated,In_cis_Decrease_UpRegulated
PSME3,-0.413254557268508,7.37564031414705,109.624398078483,2.64055267895459e-25,8.54326508479569e-25,ENSG00000131467,4,3,Increase,in_cis,DownRegulated,In_cis_Increase_DownRegulated
GNG4,0.510728881816572,7.10144553416741,106.300296283809,1.34789471103258e-24,4.27956570752843e-24,ENSG00000168243,3,4,Decrease,in_cis,UpRegulated,In_cis_Decrease_UpRegulated
MBNL1,-0.552576900201779,6.90131674066651,106.286179489083,1.35726377519448e-24,4.30794921117566e-24,ENSG00000152601,3,2,Increase,in_cis,DownRegulated,In_cis_Increase_DownRegulated
CITED2,-0.597612305514667,6.82959686905714,105.823684990528,1.70305992382468e-24,5.39185869855886e-24,ENSG00000164442,4,3,Increase,in_cis,DownRegulated,In_cis_Increase_DownRegulated
VCX3B,0.591838035575639,6.84531349240889,104.25468073308,3.67899891480076e-24,1.15240075280037e-23,ENSG00000205642,3,5,Decrease,in_cis,UpRegulated,In_cis_Decrease_UpRegulated
EBAG9,0.573127431525573,6.83165934372623,103.648907288271,4.95364302878554e-24,1.54491453241546e-23,ENSG00000147654,2,3,Decrease,in_cis,UpRegulated,In_cis_Decrease_UpRegulated
FAIM,0.654034680542304,6.69480410284499,133.835168366085,6.40217628666291e-24,1.98740825136414e-23,ENSG00000158234,2,3,Decrease,in_cis,UpRegulated,In_cis_Decrease_UpRegulated
PPP1R12B,0.571775419525422,6.86682169723078,101.358402539399,1.52642268150594e-23,4.67907081073911e-23,ENSG00000077157,3,4,Decrease,in_cis,UpRegulated,In_cis_Decrease_UpRegulated
PSMB9,-0.608348212745297,6.77820497833783,100.896299633973,1.91569572996066e-23,5.85445484577988e-23,ENSG00000240065,5,4,Increase,in_cis,DownRegulated,In_cis_Increase_DownRegulated
GABPB2,0.548327467225309,6.91565004521633,99.6635627599274,3.5121701387473e-23,1.06425862283454e-22,ENSG00000143458,3,4,Decrease,in_cis,UpRegulated,In_cis_Decrease_UpRegulated
HDAC6,0.487119465334666,7.10160967726171,99.003076702734,4.86036424242048e-23,1.46879621819894e-22,ENSG00000094631,4,5,Decrease,in_cis,UpRegulated,In_cis_Decrease_UpRegulated
DSP,0.64144058925326,6.81667563216714,98.7018106447946,5.63684948698287e-23,1.6993542939573e-22,ENSG00000096696,5,6,Decrease,in_cis,UpRegulated,In_cis_Decrease_UpRegulated
CHST13,0.662336955432074,6.65023794136385,159.951119733659,8.27277741111591e-23,2.48133858791408e-22,ENSG00000180767,2,3,Decrease,in_cis,UpRegulated,In_cis_Decrease_UpRegulated
ARSD,0.669270394981855,6.63886506386751,165.857959211749,1.08841715250898e-22,3.2471273538872e-22,ENSG00000006756,3,5,Decrease,in_cis,UpRegulated,In_cis_Decrease_UpRegulated
EIF2D,0.590405499844446,6.76672304263643,108.370426475958,1.36730561154517e-22,4.06584979271863e-22,ENSG00000143486,3,4,Decrease,in_cis,UpRegulated,In_cis_Decrease_UpRegulated
CEP97,0.546560844327599,6.89514131487155,96.6274528398279,1.56468469416148e-22,4.64177455249029e-22,ENSG00000182504,3,4,Decrease,in_cis,UpRegulated,In_cis_Decrease_UpRegulated
SRPK1,-0.288267386571161,8.05775838948691,95.6466496800333,2.53622424410474e-22,7.46434081581192e-22,ENSG00000096063,5,4,Increase,in_cis,DownRegulated,In_cis_Increase_DownRegulated
FAM162B,-0.62355158244524,6.69438075000807,134.507535812649,3.40529347320671e-22,9.97818616141441e-22,ENSG00000183807,5,3,Increase,in_cis,DownRegulated,In_cis_Increase_DownRegulated
C9orf40,-0.487260431782422,6.98738660714184,94.9660829160802,3.5463536754628e-22,1.03854542982832e-21,ENSG00000135045,4,3,Increase,in_cis,DownRegulated,In_cis_Increase_DownRegulated
DNAJB6,-0.329421583734096,7.71999353179531,90.3943754509799,3.37878670595073e-21,9.61138843799368e-21,ENSG00000105993,3,2,Increase,in_cis,DownRegulated,In_cis_Increase_DownRegulated
CHD3,0.392792809353467,7.45415856072615,88.7732396430096,7.52161691472457e-21,2.11384824945186e-20,ENSG00000170004,2,3,Decrease,in_cis,UpRegulated,In_cis_Decrease_UpRegulated
ZSCAN16,-0.530467440340154,6.8194038095666,95.6130250430308,7.94381512304952e-21,2.23062684381628e-20,ENSG00000196812,5,4,Increase,in_cis,DownRegulated,In_cis_Increase_DownRegulated
LENG8,0.519112283278719,6.86526679403054,86.5663854409034,2.23757662879563e-20,6.20326231464673e-20,ENSG00000167615,2,3,Decrease,in_cis,UpRegulated,In_cis_Decrease_UpRegulated
PPP1R15A,0.513274388552602,7.21218308264002,85.5248184661271,3.74437921561594e-20,1.03008929723813e-19,ENSG00000087074,2,3,Decrease,in_cis,UpRegulated,In_cis_Decrease_UpRegulated
SETDB1,0.42351544416367,7.18154838271535,85.4390354511194,3.90660614248455e-20,1.07324697227677e-19,ENSG00000143379,3,4,Decrease,in_cis,UpRegulated,In_cis_Decrease_UpRegulated
USP21,-0.46987347520661,6.92502924655952,83.9576951543275,8.12791150961719e-20,2.20995490991841e-19,ENSG00000143258,8,7,Increase,in_cis,DownRegulated,In_cis_Increase_DownRegulated
COQ8A,0.471911405775126,6.99200434910979,83.7651546843324,8.94022948977583e-20,2.42950494233264e-19,ENSG00000163050,3,4,Decrease,in_cis,UpRegulated,In_cis_Decrease_UpRegulated
ASGR1,0.610384401748903,6.64867990151419,133.884524743055,1.6980427711263e-19,4.57600406196889e-19,ENSG00000141505,2,3,Decrease,in_cis,UpRegulated,In_cis_Decrease_UpRegulated
KCNQ2,-0.420408593140716,7.18359613575742,82.2741848106622,1.8698602765338e-19,5.03497266625432e-19,ENSG00000075043,5,3,Increase,in_cis,DownRegulated,In_cis_Increase_DownRegulated
CDYL,0.325064930996744,7.56703306977677,81.9308004080287,2.21636496954161e-19,5.94407638048943e-19,ENSG00000153046,5,6,Decrease,in_cis,UpRegulated,In_cis_Decrease_UpRegulated
NDUFB9,-0.280088193167993,7.93046273456959,81.5708543305463,2.64877652161903e-19,7.09049488831477e-19,ENSG00000147684,2,1,Increase,in_cis,DownRegulated,In_cis_Increase_DownRegulated
DYNC1I2,-0.301031634767936,7.76027604373088,80.8580245999378,3.77023019127701e-19,1.00469374526115e-18,ENSG00000077380,3,2,Increase,in_cis,DownRegulated,In_cis_Increase_DownRegulated
DAXX,-0.30773441352219,7.68524837557838,80.7688118012393,3.940576515989e-19,1.04953024117116e-18,ENSG00000204209,5,4,Increase,in_cis,DownRegulated,In_cis_Increase_DownRegulated
ZZEF1,0.550793292663917,6.73299536372981,91.2457955520741,9.27319597649689e-19,2.44515046602348e-18,ENSG00000074755,2,3,Decrease,in_cis,UpRegulated,In_cis_Decrease_UpRegulated
MARC1,0.575977550372959,6.68025223447583,111.646163124674,1.23811012667942e-18,3.24926991916679e-18,ENSG00000186205,3,4,Decrease,in_cis,UpRegulated,In_cis_Decrease_UpRegulated
THAP5,-0.519199143512577,6.78264057058085,87.3391276728257,1.49971465729563e-18,3.9245271665746e-18,ENSG00000177683,3,2,Increase,in_cis,DownRegulated,In_cis_Increase_DownRegulated
TFG,0.252367646355593,8.02499011995132,77.4899112853232,2.00179795483616e-18,5.2179887973165e-18,ENSG00000114354,3,4,Decrease,in_cis,UpRegulated,In_cis_Decrease_UpRegulated
ZNF264,0.551674384236877,6.71197106094214,95.411585536245,6.81077170090219e-18,1.74184227568574e-17,ENSG00000083844,2,3,Decrease,in_cis,UpRegulated,In_cis_Decrease_UpRegulated
KCTD3,0.420706724710235,7.09405672709031,74.4202698955343,9.18566675857123e-18,2.34205322970128e-17,ENSG00000136636,3,4,Decrease,in_cis,UpRegulated,In_cis_Decrease_UpRegulated
TM9SF1,0.558689387481701,6.68193448372813,101.919804267811,1.0623294699784e-17,2.703792889978e-17,ENSG00000100926,2,3,Decrease,in_cis,UpRegulated,In_cis_Decrease_UpRegulated
ATP6V1A,0.430182550914581,7.02413233729298,73.5912387505183,1.38664551806523e-17,3.51318547544152e-17,ENSG00000114573,3,4,Decrease,in_cis,UpRegulated,In_cis_Decrease_UpRegulated
MINDY1,0.493546402047587,6.79155309296533,73.7335140092186,1.96685263486853e-17,4.96313694306739e-17,ENSG00000143409,3,4,Decrease,in_cis,UpRegulated,In_cis_Decrease_UpRegulated
DEDD,-0.416418377617726,7.02159344302851,72.1136794887939,2.88997285667493e-17,7.24515184183398e-17,ENSG00000158796,8,7,Increase,in_cis,DownRegulated,In_cis_Increase_DownRegulated
PTN,-0.495921947082015,7.09448629242748,70.7127438562152,5.80063450437793e-17,1.44053876194118e-16,ENSG00000105894,3,2,Increase,in_cis,DownRegulated,In_cis_Increase_DownRegulated
MCL1,0.325288027092134,7.87595306620643,70.3192754629218,7.05493619220398e-17,1.74813965957971e-16,ENSG00000143384,3,4,Decrease,in_cis,UpRegulated,In_cis_Decrease_UpRegulated
MRNIP,0.482492239061973,6.80199523138163,73.4768215657149,7.46805738692454e-17,1.8491367167575e-16,ENSG00000161010,2,3,Decrease,in_cis,UpRegulated,In_cis_Decrease_UpRegulated
HMMR,0.537052193922672,6.92221694105564,69.6489374191461,9.84848290563531e-17,2.42478107956415e-16,ENSG00000072571,2,3,Decrease,in_cis,UpRegulated,In_cis_Decrease_UpRegulated
DDIT3,0.529074396089966,7.22433181367142,69.5701736319603,1.02422409111146e-16,2.51802016812578e-16,ENSG00000175197,2,3,Decrease,in_cis,UpRegulated,In_cis_Decrease_UpRegulated
MTR,0.400120612270395,7.15371172155265,69.2624262500752,1.19377862640298e-16,2.9305556541965e-16,ENSG00000116984,3,4,Decrease,in_cis,UpRegulated,In_cis_Decrease_UpRegulated
PTPRO,0.560098465829195,6.64717503962642,102.531546742371,1.31588833127619e-16,3.22558212257367e-16,ENSG00000151490,3,5,Decrease,in_cis,UpRegulated,In_cis_Decrease_UpRegulated
DZIP3,0.465501799037152,6.84699090233639,68.3445099722762,1.88544826547624e-16,4.59254732884756e-16,ENSG00000198919,3,4,Decrease,in_cis,UpRegulated,In_cis_Decrease_UpRegulated
KLF4,-0.514211118195856,6.73877454680808,76.336032709629,2.736364658294e-16,6.63619690999848e-16,ENSG00000136826,5,4,Increase,in_cis,DownRegulated,In_cis_Increase_DownRegulated
HOXD13,-0.47165270593704,6.78129094029366,73.9867896130519,3.47143609537881e-16,8.39048864007122e-16,ENSG00000128714,3,2,Increase,in_cis,DownRegulated,In_cis_Increase_DownRegulated
CNTROB,0.500402016539661,6.73799192981915,77.2762533774715,3.82676150455001e-16,9.23152156170961e-16,ENSG00000170037,2,3,Decrease,in_cis,UpRegulated,In_cis_Decrease_UpRegulated
REXO2,-0.267581292186706,7.83957618380597,66.8725052796941,3.92552883377363e-16,9.46068479203719e-16,ENSG00000076043,5,4,Increase,in_cis,DownRegulated,In_cis_Increase_DownRegulated
CYR61,-0.462928424662405,8.04268400788459,66.6986201102627,4.28089466584583e-16,1.03047543623875e-15,ENSG00000142871,4,3,Increase,in_cis,DownRegulated,In_cis_Increase_DownRegulated
NUDCD1,0.4556987550618,6.81431894462477,66.2840914792263,8.67455527142693e-16,2.06628236083158e-15,ENSG00000120526,2,3,Decrease,in_cis,UpRegulated,In_cis_Decrease_UpRegulated
TSPYL2,0.439195081349906,7.11071058843504,65.1131125193531,9.43737642168371e-16,2.24478894354558e-15,ENSG00000184205,4,5,Decrease,in_cis,UpRegulated,In_cis_Decrease_UpRegulated
CTSA,-0.392633682509168,6.9964957298827,64.0864470386902,1.57506766594554e-15,3.70519434758067e-15,ENSG00000064601,4,3,Increase,in_cis,DownRegulated,In_cis_Increase_DownRegulated
HIST1H2BN,-0.440025680192197,7.15949451087743,64.0452644883743,1.60777240995366e-15,3.78124251970583e-15,ENSG00000233822,5,4,Increase,in_cis,DownRegulated,In_cis_Increase_DownRegulated
MIEN1,-0.334617709512943,7.34139840453893,63.9385310772749,1.6957326499857e-15,3.98157867477335e-15,ENSG00000141741,4,3,Increase,in_cis,DownRegulated,In_cis_Increase_DownRegulated
CDK6,-0.477695106506579,6.76336467167007,69.7424864203513,1.95218529412098e-15,4.5714033464354e-15,ENSG00000105810,3,2,Increase,in_cis,DownRegulated,In_cis_Increase_DownRegulated
GAS1,-0.493222764628982,6.86988968970568,63.3185688660582,2.31072655675995e-15,5.39653620669753e-15,ENSG00000180447,4,3,Increase,in_cis,DownRegulated,In_cis_Increase_DownRegulated
TXNRD3,0.52251937336738,6.65497017461365,96.6284453964079,4.63375228839718e-15,1.06972933063711e-14,ENSG00000197763,2,3,Decrease,in_cis,UpRegulated,In_cis_Decrease_UpRegulated
RPF1,-0.321041358015625,7.33418575597591,60.8747567809496,7.83260932062294e-15,1.79171384664409e-14,ENSG00000117133,4,3,Increase,in_cis,DownRegulated,In_cis_Increase_DownRegulated
SCAF1,0.423220813637086,6.85027707634912,60.7082506359161,8.512400145892e-15,1.94499910416157e-14,ENSG00000126461,2,3,Decrease,in_cis,UpRegulated,In_cis_Decrease_UpRegulated
FUT11,0.518945006930971,6.64433383311528,97.7963610723898,1.06450295504184e-14,2.42510402995794e-14,ENSG00000196968,8,10,Decrease,in_cis,UpRegulated,In_cis_Decrease_UpRegulated
IGSF9,-0.368740595087364,7.13448137139525,59.2675159073576,1.74960666901048e-14,3.96516912360113e-14,ENSG00000085552,8,7,Increase,in_cis,DownRegulated,In_cis_Increase_DownRegulated
HIST1H1B,-0.510818120131112,6.77120962690461,58.9650334482264,2.03545420905968e-14,4.60052085593507e-14,ENSG00000184357,5,4,Increase,in_cis,DownRegulated,In_cis_Increase_DownRegulated
FCGRT,0.461174566938306,6.75206960820635,66.8969156115615,2.04130331209369e-14,4.61270183113424e-14,ENSG00000104870,2,3,Decrease,in_cis,UpRegulated,In_cis_Decrease_UpRegulated
C6orf136,-0.408670157226775,6.8727478248131,58.4386718765218,2.64880486070875e-14,5.95862313172442e-14,ENSG00000204564,5,4,Increase,in_cis,DownRegulated,In_cis_Increase_DownRegulated
CCDC22,0.427558096376007,6.8259347484209,60.834293374753,3.24493045685912e-14,7.27517034048437e-14,ENSG00000101997,4,5,Decrease,in_cis,UpRegulated,In_cis_Decrease_UpRegulated
SH3BGRL2,-0.490164685051446,6.69376624917163,81.5511793739564,3.67177059831107e-14,8.21196487134529e-14,ENSG00000198478,4,3,Increase,in_cis,DownRegulated,In_cis_Increase_DownRegulated
PINLYP,0.495684044198952,6.67197440498207,84.0856657435,5.88204547965178e-14,1.3041892220408e-13,ENSG00000234465,2,3,Decrease,in_cis,UpRegulated,In_cis_Decrease_UpRegulated
MYBL2,-0.397656477375372,7.19565326180215,56.2098789213161,8.08667024894668e-14,1.78276340601367e-13,ENSG00000101057,4,3,Increase,in_cis,DownRegulated,In_cis_Increase_DownRegulated
LTB4R,0.461209347957505,6.7340324105552,66.6046613612268,1.06707074932026e-13,2.33193657763671e-13,ENSG00000213903,2,3,Decrease,in_cis,UpRegulated,In_cis_Decrease_UpRegulated
SPIDR,-0.391341467293728,6.89256432823269,55.5437478635603,1.12916071252806e-13,2.46547756883439e-13,ENSG00000164808,3,2,Increase,in_cis,DownRegulated,In_cis_Increase_DownRegulated
SLC12A5,-0.448376031147741,6.75856997756652,66.7137217940244,1.51998720008239e-13,3.30731545834452e-13,ENSG00000124140,4,3,Increase,in_cis,DownRegulated,In_cis_Increase_DownRegulated
NQO2,0.391422733838229,6.9730237910559,54.0953403026298,2.33450841367051e-13,5.05113713917539e-13,ENSG00000124588,5,6,Decrease,in_cis,UpRegulated,In_cis_Decrease_UpRegulated
RASAL2,0.422157569745949,6.96807339223037,53.8854134493234,2.59379600427986e-13,5.6036940807364e-13,ENSG00000075391,3,4,Decrease,in_cis,UpRegulated,In_cis_Decrease_UpRegulated
COQ3,-0.342881519627225,7.10261301785963,53.3308910267098,3.42598909882949e-13,7.360374438663e-13,ENSG00000132423,4,3,Increase,in_cis,DownRegulated,In_cis_Increase_DownRegulated
CAMKK2,0.398264246948964,6.89560907085405,53.0098257717924,4.0250885245746e-13,8.62899853996943e-13,ENSG00000110931,2,3,Decrease,in_cis,UpRegulated,In_cis_Decrease_UpRegulated
RNF146,-0.437488029041482,6.74224501905327,65.3605518376395,4.45866924379536e-13,9.54219891702194e-13,ENSG00000118518,4,3,Increase,in_cis,DownRegulated,In_cis_Increase_DownRegulated
ARHGEF2,0.382743546882644,6.95239010112056,52.7819625546121,4.51289977550698e-13,9.65620035138867e-13,ENSG00000116584,3,4,Decrease,in_cis,UpRegulated,In_cis_Decrease_UpRegulated
NABP1,-0.465528296648357,6.69249325919054,71.9011067191354,4.61780121890577e-13,9.8764441759287e-13,ENSG00000173559,3,2,Increase,in_cis,DownRegulated,In_cis_Increase_DownRegulated
PI4KB,0.315923351350315,7.26264463398672,52.340719778296,5.63219216476563e-13,1.20152634465434e-12,ENSG00000143393,3,4,Decrease,in_cis,UpRegulated,In_cis_Decrease_UpRegulated
MED20,-0.38819433201751,6.84571201432544,52.9399249250571,1.20307274119276e-12,2.5358043723502e-12,ENSG00000124641,5,4,Increase,in_cis,DownRegulated,In_cis_Increase_DownRegulated
RBPMS,-0.43762574615009,6.73927792922577,56.5902077689583,1.20646838540735e-12,2.54189359739436e-12,ENSG00000157110,3,2,Increase,in_cis,DownRegulated,In_cis_Increase_DownRegulated
USP40,0.442554006659876,6.73362474633331,61.3993893839821,1.41157591922461e-12,2.96407308446641e-12,ENSG00000085982,2,3,Decrease,in_cis,UpRegulated,In_cis_Decrease_UpRegulated
LRP1,0.449615523261891,6.70241131206761,65.7547927990304,1.75660724239177e-12,3.67167509644097e-12,ENSG00000123384,2,3,Decrease,in_cis,UpRegulated,In_cis_Decrease_UpRegulated
TUBB2A,0.300735789520371,7.58203159017612,49.6641312216912,2.16228921008396e-12,4.50368437715847e-12,ENSG00000137267,5,6,Decrease,in_cis,UpRegulated,In_cis_Decrease_UpRegulated
AL391069.2,0.4622534948705,6.66231354927485,74.7668709165898,2.64143284963952e-12,5.48912505808477e-12,ENSG00000232671,3,4,Decrease,in_cis,UpRegulated,In_cis_Decrease_UpRegulated
BLOC1S5,0.312312661532176,7.22147627717482,48.8668275838398,3.22950027626684e-12,6.68625181010839e-12,ENSG00000188428,5,6,Decrease,in_cis,UpRegulated,In_cis_Decrease_UpRegulated
MLLT11,0.268389424851386,7.75796280053738,48.1755184103894,4.57370486582708e-12,9.42839139487222e-12,ENSG00000213190,3,4,Decrease,in_cis,UpRegulated,In_cis_Decrease_UpRegulated
SOCS7,-0.388183855804965,6.81245956961709,50.9062377956771,7.06361468781463e-12,1.44542619136945e-11,ENSG00000274211,4,3,Increase,in_cis,DownRegulated,In_cis_Increase_DownRegulated
TOMM34,-0.320140842444243,7.08806554453967,46.2282424930424,1.21997348248874e-11,2.47222661074723e-11,ENSG00000025772,4,3,Increase,in_cis,DownRegulated,In_cis_Increase_DownRegulated
CHCHD7,-0.297016464971392,7.27152797600255,45.9827022879815,1.38075572269735e-11,2.79240519367517e-11,ENSG00000170791,4,3,Increase,in_cis,DownRegulated,In_cis_Increase_DownRegulated
LINC01287,-0.340081605010622,7.03760209835464,45.2751945394623,1.97284354305013e-11,3.96267052400841e-11,ENSG00000234722,3,2,Increase,in_cis,DownRegulated,In_cis_Increase_DownRegulated
D2HGDH,0.44207272752604,6.67177054138888,65.2237930157907,2.40639863425567e-11,4.82000349320964e-11,ENSG00000180902,2,3,Decrease,in_cis,UpRegulated,In_cis_Decrease_UpRegulated
HIST1H3G,-0.414067364715811,6.74128434507303,49.5666172940657,2.44945013326503e-11,4.90427722750909e-11,ENSG00000273983,5,4,Increase,in_cis,DownRegulated,In_cis_Increase_DownRegulated
FUCA2,-0.316859937587476,7.10581558791629,44.5730977113399,2.81163960545011e-11,5.62159827849361e-11,ENSG00000001036,4,3,Increase,in_cis,DownRegulated,In_cis_Increase_DownRegulated
TNFSF12,0.443770222237006,6.63503977332351,75.6426612124647,5.46127442947387e-11,1.07711748281721e-10,ENSG00000239697,2,3,Decrease,in_cis,UpRegulated,In_cis_Decrease_UpRegulated
ASCC1,0.281346969866236,7.25475291401699,42.0213763015408,1.02057298107629e-10,1.99481954395839e-10,ENSG00000138303,8,9,Decrease,in_cis,UpRegulated,In_cis_Decrease_UpRegulated
BORCS5,0.358316537888051,6.82835070330209,42.0658297803205,1.32188322597126e-10,2.57123970650827e-10,ENSG00000165714,3,5,Decrease,in_cis,UpRegulated,In_cis_Decrease_UpRegulated
NT5M,0.379710087502317,6.78288866579107,45.4939804822197,1.39162181132545e-10,2.70426915224253e-10,ENSG00000205309,2,3,Decrease,in_cis,UpRegulated,In_cis_Decrease_UpRegulated
RIT1,0.351624974363921,6.89458835965527,40.5628871383682,2.13475841663553e-10,4.12361016444056e-10,ENSG00000143622,3,4,Decrease,in_cis,UpRegulated,In_cis_Decrease_UpRegulated
ID1,-0.352510572451565,8.22381618114793,40.288737306702,2.45264758276581e-10,4.73037547056697e-10,ENSG00000125968,4,3,Increase,in_cis,DownRegulated,In_cis_Increase_DownRegulated
SPESP1,-0.333852971580737,6.89891320370372,40.1337165348364,2.65295976619889e-10,5.10885706991814e-10,ENSG00000258484,4,2,Increase,in_cis,DownRegulated,In_cis_Increase_DownRegulated
CEP350,0.25931591387217,7.54573922795876,39.857441329893,3.05144692137694e-10,5.86834712711804e-10,ENSG00000135837,3,4,Decrease,in_cis,UpRegulated,In_cis_Decrease_UpRegulated
UNK,-0.37906096626923,6.76533845771967,47.4419278838214,3.43295908557892e-10,6.58186097947895e-10,ENSG00000132478,4,3,Increase,in_cis,DownRegulated,In_cis_Increase_DownRegulated
KRBA2,0.425233155221981,6.62655197183578,73.1216322791277,3.82707898458604e-10,7.32070227880873e-10,ENSG00000184619,2,3,Decrease,in_cis,UpRegulated,In_cis_Decrease_UpRegulated
UBE2V1,-0.35057714318358,6.81495800357271,41.571070100774,3.93397478554597e-10,7.52087824378481e-10,ENSG00000244687,5,3,Increase,in_cis,DownRegulated,In_cis_Increase_DownRegulated
MAK16,-0.306722536218095,7.06201516681161,39.1065203143302,4.46441241702166e-10,8.50853684799754e-10,ENSG00000198042,3,2,Increase,in_cis,DownRegulated,In_cis_Increase_DownRegulated
ZNF761,0.422635036402921,6.63036307511539,71.8093228524965,4.50660571708529e-10,8.5861707481042e-10,ENSG00000160336,2,3,Decrease,in_cis,UpRegulated,In_cis_Decrease_UpRegulated
MRPL58,-0.341121567494305,6.82133770476626,38.9510402599505,6.28917440587525e-10,1.19032799121197e-09,ENSG00000167862,4,3,Increase,in_cis,DownRegulated,In_cis_Increase_DownRegulated
HCN3,0.418156522361449,6.64103621438745,65.5234823936656,7.04592268036309e-10,1.33079334058891e-09,ENSG00000143630,3,4,Decrease,in_cis,UpRegulated,In_cis_Decrease_UpRegulated
KNTC1,0.354806703276718,6.80201408450398,39.5789474743687,1.02086587702934e-09,1.91804257382685e-09,ENSG00000184445,2,3,Decrease,in_cis,UpRegulated,In_cis_Decrease_UpRegulated
ZNF462,-0.322754034562928,6.98350663004845,37.3456247889218,1.09071126982681e-09,2.04697085113588e-09,ENSG00000148143,5,4,Increase,in_cis,DownRegulated,In_cis_Increase_DownRegulated
MRAP2,-0.400739663061969,6.65552257590967,61.2263615972147,1.15981490848429e-09,2.17259577610585e-09,ENSG00000135324,4,3,Increase,in_cis,DownRegulated,In_cis_Increase_DownRegulated
MZF1,0.36418992813996,6.77255810077229,40.4237421317753,1.3963803450825e-09,2.60358372090925e-09,ENSG00000099326,2,3,Decrease,in_cis,UpRegulated,In_cis_Decrease_UpRegulated
TRIP12,-0.289305717829052,7.10946812937655,36.6187463482152,1.5777086794998e-09,2.93404099748314e-09,ENSG00000153827,3,2,Increase,in_cis,DownRegulated,In_cis_Increase_DownRegulated
MEGF8,0.372883549291113,6.72629519697683,44.202767060293,1.63646028312881e-09,3.04217269235341e-09,ENSG00000105429,2,3,Decrease,in_cis,UpRegulated,In_cis_Decrease_UpRegulated
DNAJC9,0.268659983536552,7.32395541063411,36.3295454936341,1.82743297669108e-09,3.39028015072884e-09,ENSG00000213551,8,10,Decrease,in_cis,UpRegulated,In_cis_Decrease_UpRegulated
AC090152.1,-0.387159423226994,6.66994506685747,53.1160237413886,1.88050184827416e-09,3.48744455521897e-09,ENSG00000167912,4,3,Increase,in_cis,DownRegulated,In_cis_Increase_DownRegulated
PEG3,0.262417128356605,7.57626161508564,35.7634226727182,2.43675251981749e-09,4.49906846362328e-09,ENSG00000198300,2,3,Decrease,in_cis,UpRegulated,In_cis_Decrease_UpRegulated
ZBTB11,0.321483905241712,6.92547644797647,35.4169933445887,2.90614933029905e-09,5.35784568741095e-09,ENSG00000066422,3,4,Decrease,in_cis,UpRegulated,In_cis_Decrease_UpRegulated
BTN3A2,-0.372839265843416,6.71666779842182,45.5473816156679,3.45902669976398e-09,6.35611994115971e-09,ENSG00000186470,5,4,Increase,in_cis,DownRegulated,In_cis_Increase_DownRegulated
UBXN8,-0.372252806779033,6.70785720942842,45.3081570369227,4.41374024955331e-09,8.08232449785879e-09,ENSG00000104691,3,2,Increase,in_cis,DownRegulated,In_cis_Increase_DownRegulated
ZNRF1,-0.270251137390716,7.11941050662356,34.4858633031319,4.66744981340608e-09,8.53444942188869e-09,ENSG00000186187,3,2,Increase,in_cis,DownRegulated,In_cis_Increase_DownRegulated
SENP7,0.34000229880961,6.78649655077326,35.8616077789771,6.10701089958591e-09,1.11059707006608e-08,ENSG00000138468,3,4,Decrease,in_cis,UpRegulated,In_cis_Decrease_UpRegulated
METTL23,-0.274637643112362,7.08912884090931,33.7471459225846,6.79921054675523e-09,1.23245671934228e-08,ENSG00000181038,4,3,Increase,in_cis,DownRegulated,In_cis_Increase_DownRegulated
AL451085.2,0.319396486610547,6.85812913712228,33.4377447811161,7.96020528072775e-09,1.43822689684029e-08,ENSG00000271380,3,4,Decrease,in_cis,UpRegulated,In_cis_Decrease_UpRegulated
IPO9-AS1,0.390794629699158,6.61330380082743,67.6301220178273,8.13723897243061e-09,1.46994812046086e-08,ENSG00000231871,3,4,Decrease,in_cis,UpRegulated,In_cis_Decrease_UpRegulated
SERPINB6,0.279184687939985,7.11331480249463,32.6063912923124,1.21618895029663e-08,2.18322128078835e-08,ENSG00000124570,5,6,Decrease,in_cis,UpRegulated,In_cis_Decrease_UpRegulated
TMCC1-AS1,0.36877957344372,6.68799773059354,45.0426171181769,1.40926519804823e-08,2.52124781241404e-08,ENSG00000271270,2,3,Decrease,in_cis,UpRegulated,In_cis_Decrease_UpRegulated
MIMT1,0.292737449714659,7.02447529446526,32.0944448009418,1.57920203614331e-08,2.81924093036047e-08,ENSG00000268654,2,3,Decrease,in_cis,UpRegulated,In_cis_Decrease_UpRegulated
DHRS4,0.382269315063402,6.6491821653152,53.0879675781216,1.82960169083991e-08,3.2552569186375e-08,ENSG00000157326,2,3,Decrease,in_cis,UpRegulated,In_cis_Decrease_UpRegulated
ASPM,0.36227146117439,7.70641908662441,30.9098435757996,2.89181638100729e-08,5.10474537191381e-08,ENSG00000066279,3,4,Decrease,in_cis,UpRegulated,In_cis_Decrease_UpRegulated
SPIRE1,0.375572288314071,6.62344325272018,57.3329637725947,2.91327056749358e-08,5.14049307134419e-08,ENSG00000134278,1,2,Decrease,in_cis,UpRegulated,In_cis_Decrease_UpRegulated
MAPK7,0.352019630232761,6.70237109314216,40.7484500549031,2.93369760300781e-08,5.17562652558069e-08,ENSG00000166484,2,3,Decrease,in_cis,UpRegulated,In_cis_Decrease_UpRegulated
NFS1,-0.276946225846204,6.9833493693629,30.87760673978,2.93985252758502e-08,5.18466169964151e-08,ENSG00000244005,4,3,Increase,in_cis,DownRegulated,In_cis_Increase_DownRegulated
TNRC6C,-0.28850234523386,6.97263730446447,30.6214509781277,3.35110411595503e-08,5.89336154169619e-08,ENSG00000078687,4,3,Increase,in_cis,DownRegulated,In_cis_Increase_DownRegulated
IPPK,-0.362217015727862,6.67023544436484,46.1243958784733,4.13345288410547e-08,7.2274194468857e-08,ENSG00000127080,4,3,Increase,in_cis,DownRegulated,In_cis_Increase_DownRegulated
PINX1_ENSG00000254093,-0.281922409290827,6.90265608411782,29.4540994021792,6.08896642284638e-08,1.05619986376932e-07,ENSG00000254093,3,2,Increase,in_cis,DownRegulated,In_cis_Increase_DownRegulated
USP54,0.360781619042163,6.62506448422245,53.5854058260671,9.24677890296242e-08,1.58939408486246e-07,ENSG00000166348,8,10,Decrease,in_cis,UpRegulated,In_cis_Decrease_UpRegulated
PLEKHO1,0.257189374309029,7.14261548710911,28.4433551571395,1.02190992121325e-07,1.75321857721145e-07,ENSG00000023902,3,4,Decrease,in_cis,UpRegulated,In_cis_Decrease_UpRegulated
CEBPB,-0.311297787945794,6.89272246481592,28.419160441468,1.03466332893179e-07,1.77479520929606e-07,ENSG00000172216,5,3,Increase,in_cis,DownRegulated,In_cis_Increase_DownRegulated
MCOLN3,-0.328402694723157,6.74576708832928,31.5231393184471,1.1870423853093e-07,2.02992947874692e-07,ENSG00000055732,4,3,Increase,in_cis,DownRegulated,In_cis_Increase_DownRegulated
AC016394.1,0.352989422547142,6.65382794736138,44.9583879595687,1.38797268601874e-07,2.36466801813993e-07,ENSG00000227540,8,10,Decrease,in_cis,UpRegulated,In_cis_Decrease_UpRegulated
DHRS4L2,0.269279514140938,6.97666787252865,27.7297154407309,1.47354369452845e-07,2.50577354020406e-07,ENSG00000187630,2,3,Decrease,in_cis,UpRegulated,In_cis_Decrease_UpRegulated
C11orf71,-0.265679219355515,7.01037846295916,27.6836451498313,1.50879298014449e-07,2.56354275525651e-07,ENSG00000180425,5,4,Increase,in_cis,DownRegulated,In_cis_Increase_DownRegulated
VCL,0.257984918059099,7.19595397873911,27.5091088080605,1.65017702044957e-07,2.79524329666901e-07,ENSG00000035403,8,10,Decrease,in_cis,UpRegulated,In_cis_Decrease_UpRegulated
GALNT12,-0.333312954723665,6.7163115249593,37.3156980315042,1.68453162483571e-07,2.85151101602442e-07,ENSG00000119514,4,3,Increase,in_cis,DownRegulated,In_cis_Increase_DownRegulated
HIST1H4H,-0.32291321471033,6.73991028266264,31.4885169365823,2.19968378595883e-07,3.7041670736027e-07,ENSG00000158406,5,4,Increase,in_cis,DownRegulated,In_cis_Increase_DownRegulated
HOXD8,-0.295093162249952,6.81037421150027,26.7461155255017,2.44174264599272e-07,4.10214399987357e-07,ENSG00000175879,3,2,Increase,in_cis,DownRegulated,In_cis_Increase_DownRegulated
PIEZO2,0.343010691293381,6.66239033174739,38.781686285771,2.85733065727647e-07,4.77952625616119e-07,ENSG00000154864,1,2,Decrease,in_cis,UpRegulated,In_cis_Decrease_UpRegulated
KCNG1,-0.300625425160265,6.78425468481735,27.5340394079978,3.70834529028265e-07,6.18242411056926e-07,ENSG00000026559,5,3,Increase,in_cis,DownRegulated,In_cis_Increase_DownRegulated
DHRS4-AS1,0.303389636576128,6.76807944340986,29.4794524494861,3.87292977040371e-07,6.45359647674147e-07,ENSG00000215256,2,3,Decrease,in_cis,UpRegulated,In_cis_Decrease_UpRegulated
MTRNR2L1,0.342648617351977,6.64363377271322,43.3032911972516,4.35014485134715e-07,7.22360200158324e-07,ENSG00000256618,2,3,Decrease,in_cis,UpRegulated,In_cis_Decrease_UpRegulated
SDE2,0.278513745778165,6.84875869855531,25.4443048800795,4.76960407886918e-07,7.90312761738968e-07,ENSG00000143751,3,4,Decrease,in_cis,UpRegulated,In_cis_Decrease_UpRegulated
SEC24C,0.315991262194702,6.73015853333462,31.9132928314169,5.3131713437386e-07,8.78784175597254e-07,ENSG00000176986,8,10,Decrease,in_cis,UpRegulated,In_cis_Decrease_UpRegulated
CACNA2D1,-0.297409647789787,6.86758963509696,25.0365182731163,5.88422074449216e-07,9.71152931888302e-07,ENSG00000153956,3,2,Increase,in_cis,DownRegulated,In_cis_Increase_DownRegulated
ETNK2,0.257124400080563,6.97949685278657,24.9555013519049,6.13502733909891e-07,1.0113823413273e-06,ENSG00000143845,3,4,Decrease,in_cis,UpRegulated,In_cis_Decrease_UpRegulated
EEF1A2,-0.27654019345569,6.93863601204529,24.9188820111326,6.25188331456086e-07,1.03030790563386e-06,ENSG00000101210,5,3,Increase,in_cis,DownRegulated,In_cis_Increase_DownRegulated
NKAIN2,-0.321288297134552,6.67026078922301,34.5714812971488,8.82985550339761e-07,1.44754804355536e-06,ENSG00000188580,5,3,Increase,in_cis,DownRegulated,In_cis_Increase_DownRegulated
PPP1R37,0.313542311178884,6.70162997209406,31.847506604098,9.52695681803384e-07,1.56004500987977e-06,ENSG00000104866,2,3,Decrease,in_cis,UpRegulated,In_cis_Decrease_UpRegulated
DZIP1L,0.325758587946835,6.61477904524897,47.0123349119,1.26603705224382e-06,2.05936279915082e-06,ENSG00000158163,2,3,Decrease,in_cis,UpRegulated,In_cis_Decrease_UpRegulated
CPT1C,0.328365114320875,6.61479580526478,47.1364298788639,1.34278414496011e-06,2.18207860809601e-06,ENSG00000169169,2,3,Decrease,in_cis,UpRegulated,In_cis_Decrease_UpRegulated
ANKRD13A,0.323416951965067,6.61811536915527,45.6466258476447,1.37738067927491e-06,2.23721229644895e-06,ENSG00000076513,1,2,Decrease,in_cis,UpRegulated,In_cis_Decrease_UpRegulated
RFLNB,0.287341186202349,6.76682324734137,24.9772689198446,1.42400753724016e-06,2.31070153988849e-06,ENSG00000183688,2,3,Decrease,in_cis,UpRegulated,In_cis_Decrease_UpRegulated
PSMB8,-0.290243663525607,6.78929723876297,23.2778877479578,1.4579283787008e-06,2.3631706000533e-06,ENSG00000204264,5,4,Increase,in_cis,DownRegulated,In_cis_Increase_DownRegulated
SLCO5A1,-0.302661985466021,6.6967766643361,29.5069481698564,2.20930577763085e-06,3.54598702079192e-06,ENSG00000137571,4,3,Increase,in_cis,DownRegulated,In_cis_Increase_DownRegulated
ZNF454,0.293125697187523,6.71379090364219,27.9295350493074,2.50895028111285e-06,4.01280060105296e-06,ENSG00000178187,2,3,Decrease,in_cis,UpRegulated,In_cis_Decrease_UpRegulated
INSIG1,-0.269199584787186,6.86915485678162,22.2172837563536,2.52334699684697e-06,4.034540305875e-06,ENSG00000186480,3,2,Increase,in_cis,DownRegulated,In_cis_Increase_DownRegulated
NIPSNAP3A,-0.301969844942546,6.67549945435314,32.1518582650087,2.52795755876022e-06,4.04126803490141e-06,ENSG00000136783,4,3,Increase,in_cis,DownRegulated,In_cis_Increase_DownRegulated
ERO1B,0.310115809219658,6.66877830762458,31.5886727303017,2.55941795363778e-06,4.08895546637705e-06,ENSG00000086619,3,4,Decrease,in_cis,UpRegulated,In_cis_Decrease_UpRegulated
COPG1,0.28366913934001,6.7784205336596,25.1320787459292,2.68709734609349e-06,4.29020491301018e-06,ENSG00000181789,2,3,Decrease,in_cis,UpRegulated,In_cis_Decrease_UpRegulated
NPHP3,0.301380917201015,6.68656417137084,29.8127095076321,3.12872135505803e-06,4.98185961216003e-06,ENSG00000113971,2,3,Decrease,in_cis,UpRegulated,In_cis_Decrease_UpRegulated
NOP9,0.314516902673656,6.62538829605439,41.700342885083,3.15031022464359e-06,5.01381067319942e-06,ENSG00000196943,2,3,Decrease,in_cis,UpRegulated,In_cis_Decrease_UpRegulated
CCNB3,0.299266792962402,6.6725513176062,28.5049130253113,4.23543574799011e-06,6.69093479130607e-06,ENSG00000147082,4,5,Decrease,in_cis,UpRegulated,In_cis_Decrease_UpRegulated
ZNF81,0.298550644684601,6.68937990901156,29.064974561272,4.82163549097666e-06,7.59426513045037e-06,ENSG00000197779,4,5,Decrease,in_cis,UpRegulated,In_cis_Decrease_UpRegulated
MYO1C,0.262910722896326,6.76054975850919,21.667952932241,8.90134074846895e-06,1.37947407675917e-05,ENSG00000197879,2,3,Decrease,in_cis,UpRegulated,In_cis_Decrease_UpRegulated
TMEM176A,-0.264839957029565,6.7599713144336,20.6193198345755,8.97399605708794e-06,1.3903042378129e-05,ENSG00000002933,3,2,Increase,in_cis,DownRegulated,In_cis_Increase_DownRegulated
LINC02550,-0.290557460866231,6.64997883523241,32.571196722779,9.57614315052751e-06,1.48062019154327e-05,ENSG00000271584,5,4,Increase,in_cis,DownRegulated,In_cis_Increase_DownRegulated
ZNF347,0.285428730397345,6.70396127240955,26.3167609262509,1.0083631200452e-05,1.55740566247129e-05,ENSG00000197937,2,3,Decrease,in_cis,UpRegulated,In_cis_Decrease_UpRegulated
MSI1,0.293327034457492,6.64315392535559,32.0849536518532,1.02703973782645e-05,1.58405683160841e-05,ENSG00000135097,1,2,Decrease,in_cis,UpRegulated,In_cis_Decrease_UpRegulated
SELENBP1,0.279809892968952,6.69391764783272,24.5413076625746,1.37644527916181e-05,2.10741270957278e-05,ENSG00000143416,3,4,Decrease,in_cis,UpRegulated,In_cis_Decrease_UpRegulated
TMEM220,0.288356446975932,6.64122627967872,31.0135084160625,1.93012759246198e-05,2.93186527406072e-05,ENSG00000187824,2,3,Decrease,in_cis,UpRegulated,In_cis_Decrease_UpRegulated
TBC1D16,-0.269654683518107,6.72915586771279,23.4491796602726,2.10353724677178e-05,3.18659054761608e-05,ENSG00000167291,4,3,Increase,in_cis,DownRegulated,In_cis_Increase_DownRegulated
NECTIN2,0.269946578125652,6.68552093737184,24.1567630175536,2.8827456835742e-05,4.32131890681308e-05,ENSG00000130202,2,3,Decrease,in_cis,UpRegulated,In_cis_Decrease_UpRegulated
FPGT,-0.276148711755125,6.67280538248504,26.6654258721161,2.988957485086e-05,4.47585230565191e-05,ENSG00000254685,4,3,Increase,in_cis,DownRegulated,In_cis_Increase_DownRegulated
KIF5A,0.278576189379537,6.62692929472924,31.6866508668257,3.32158747641608e-05,4.96210350668293e-05,ENSG00000155980,2,3,Decrease,in_cis,UpRegulated,In_cis_Decrease_UpRegulated
C8orf76,-0.25812037875953,6.71538402219544,22.2906524022587,3.51090567820199e-05,5.23946402936198e-05,ENSG00000189376,2,1,Increase,in_cis,DownRegulated,In_cis_Increase_DownRegulated
NR4A2,-0.26446634280184,6.65922013914969,22.3370634230008,6.67768916702914e-05,9.79492038198879e-05,ENSG00000153234,3,2,Increase,in_cis,DownRegulated,In_cis_Increase_DownRegulated
NLGN2,0.264110438552357,6.63223411080257,28.1448408892952,6.97718566216486e-05,0.00010222269823087,ENSG00000169992,2,3,Decrease,in_cis,UpRegulated,In_cis_Decrease_UpRegulated
FAM117A,-0.250689741998275,6.68250088301922,22.4110484415998,8.4710228325456e-05,0.000123693453760632,ENSG00000121104,4,3,Increase,in_cis,DownRegulated,In_cis_Increase_DownRegulated
EFHD1,0.262412311344236,6.64743107366146,25.279430270182,8.69234957561952e-05,0.00012683295999446,ENSG00000115468,2,3,Decrease,in_cis,UpRegulated,In_cis_Decrease_UpRegulated
C8orf37-AS1,0.260692855024607,6.66029218036937,23.9809793039711,9.26686870872131e-05,0.000135078445088771,ENSG00000253773,2,3,Decrease,in_cis,UpRegulated,In_cis_Decrease_UpRegulated
EXOC8,0.259915865925081,6.63915908181631,25.2700703846876,0.0001214231862911,0.000175109792735175,ENSG00000116903,3,4,Decrease,in_cis,UpRegulated,In_cis_Decrease_UpRegulated
SHROOM4,0.252066260360396,6.65997891499023,19.8691821289887,0.000188152446822629,0.000268105879700531,ENSG00000158352,4,5,Decrease,in_cis,UpRegulated,In_cis_Decrease_UpRegulated
