gene_symbol,logFC,logCPM,F,PValue,FDR,ensembl_gene_id,R,H,classified_gene_dlp,classified_gene,classified_gene_rna,Gene_Type
ATP5MC3,-1.71902077981899,8.84560780876133,1848.22581017782,5.45733459374964e-301,2.99456076569251e-298,ENSG00000154518,3,2,Increase,in_cis,DownRegulated,In_cis_Increase_DownRegulated
TUBB2B,2.07970213093875,9.53653404737588,1549.038187464,1.13428943266468e-262,4.00120597372465e-260,ENSG00000137285,5,6,Decrease,in_cis,UpRegulated,In_cis_Decrease_UpRegulated
KCNMA1,4.37399178818135,8.29120861356858,1258.63260455291,1.28704642536464e-222,2.59431786598501e-220,ENSG00000156113,10,11,Decrease,in_cis,UpRegulated,In_cis_Decrease_UpRegulated
EEF1A1,-0.656306362759015,12.8235315151711,905.471657694523,2.0238921803553e-169,2.06082299642983e-167,ENSG00000156508,4,3,Increase,in_cis,DownRegulated,In_cis_Increase_DownRegulated
TUBA1A,1.48884481966821,9.0561328138968,690.500628974038,3.35869358975317e-134,2.31984731370574e-132,ENSG00000167552,2,3,Decrease,in_cis,UpRegulated,In_cis_Decrease_UpRegulated
ENY2,1.1442018202059,8.13771271006937,654.850857565852,3.99473465958384e-128,2.57882315246468e-126,ENSG00000120533,2,3,Decrease,in_cis,UpRegulated,In_cis_Decrease_UpRegulated
LHFPL6,-1.67582828803885,7.08492151613142,611.55746287096,1.18854349473782e-120,6.74669201007212e-119,ENSG00000183722,3,2,Increase,in_cis,DownRegulated,In_cis_Increase_DownRegulated
RABGGTB,-1.30979092791144,7.40474322084538,550.983279342077,5.16759841109304e-110,2.56484268876211e-108,ENSG00000137955,4,3,Increase,in_cis,DownRegulated,In_cis_Increase_DownRegulated
LINC01287,-1.42180648483197,7.09311712178222,456.166260849882,6.47151606912318e-93,2.43038647204295e-91,ENSG00000234722,3,2,Increase,in_cis,DownRegulated,In_cis_Increase_DownRegulated
HMGA1,-0.678357873025551,9.20653999903347,420.339779758637,2.62770237007824e-86,8.62253033530325e-85,ENSG00000137309,5,4,Increase,in_cis,DownRegulated,In_cis_Increase_DownRegulated
EEF1B2,-0.52443398398548,9.8758450909838,391.300942459945,6.88926443261212e-81,2.05574818129637e-79,ENSG00000114942,3,2,Increase,in_cis,DownRegulated,In_cis_Increase_DownRegulated
MAEL,1.02460415371696,8.26574556366754,378.466944293832,1.78257350257254e-78,5.03042242425971e-77,ENSG00000143194,7,8,Decrease,in_cis,UpRegulated,In_cis_Decrease_UpRegulated
MDH2,-0.521820877635359,9.09233695580108,313.355634804215,4.65710041400932e-66,1.01317578830771e-64,ENSG00000146701,3,2,Increase,in_cis,DownRegulated,In_cis_Increase_DownRegulated
RNASEH2B,-0.842194836421026,7.74675831158361,304.469943509315,2.43217619659942e-64,5.03618538654349e-63,ENSG00000136104,3,2,Increase,in_cis,DownRegulated,In_cis_Increase_DownRegulated
JPT1,-0.799149356830902,8.52791253932809,284.881765375018,1.56078126671016e-60,2.9475786943205e-59,ENSG00000189159,4,3,Increase,in_cis,DownRegulated,In_cis_Increase_DownRegulated
CLNS1A,-0.60228542873119,8.27574947008472,253.598646034383,2.15273506554963e-54,3.54967683513083e-53,ENSG00000074201,3,2,Increase,in_cis,DownRegulated,In_cis_Increase_DownRegulated
RAD21,0.959798356086664,8.06406354223591,249.505941959571,1.38582516024037e-53,2.23291926716055e-52,ENSG00000164754,2,3,Decrease,in_cis,UpRegulated,In_cis_Decrease_UpRegulated
NDUFB5,-0.598243156214499,8.24706733796091,249.301535035209,1.52101285703961e-53,2.4467498353388e-52,ENSG00000136521,3,2,Increase,in_cis,DownRegulated,In_cis_Increase_DownRegulated
KLF10,1.44619295156399,7.07188269475218,240.14461030982,9.91627639184357e-52,1.51380312090014e-50,ENSG00000155090,2,5,Decrease,in_cis,UpRegulated,In_cis_Decrease_UpRegulated
CFL1,-0.366395119099543,10.0807887377883,239.633661090304,1.25248151447829e-51,1.89735581572117e-50,ENSG00000172757,3,2,Increase,in_cis,DownRegulated,In_cis_Increase_DownRegulated
DSP,1.27368366947215,7.23074873795737,224.19431372821,1.48615992046063e-48,2.03026300613964e-47,ENSG00000096696,5,6,Decrease,in_cis,UpRegulated,In_cis_Decrease_UpRegulated
SMC1A,0.62810428334264,8.99241950085965,214.517778430513,1.28362545325803e-46,1.66382790050257e-45,ENSG00000072501,4,5,Decrease,in_cis,UpRegulated,In_cis_Decrease_UpRegulated
KIAA1586,0.930238333503411,7.45749647451473,210.330559498355,8.88499108829917e-46,1.12221300484822e-44,ENSG00000168116,7,8,Decrease,in_cis,UpRegulated,In_cis_Decrease_UpRegulated
PSAT1,-0.806917413495353,7.70218434340128,202.492743621305,3.35123762083484e-44,4.05981612627798e-43,ENSG00000135069,4,3,Increase,in_cis,DownRegulated,In_cis_Increase_DownRegulated
ATIC,-0.666508913723848,7.78918280156539,199.026281034769,1.67516797924704e-43,1.99344989530397e-42,ENSG00000138363,3,2,Increase,in_cis,DownRegulated,In_cis_Increase_DownRegulated
GLO1,-0.435035862293986,8.96189279906459,198.437535501476,2.20216105733776e-43,2.61113382512906e-42,ENSG00000124767,5,4,Increase,in_cis,DownRegulated,In_cis_Increase_DownRegulated
PSMC4,-0.491954587518129,8.56221801855528,198.377086028389,2.2648921197596e-43,2.68229490010379e-42,ENSG00000013275,4,3,Increase,in_cis,DownRegulated,In_cis_Increase_DownRegulated
P4HA1,1.1751056390471,7.13081936718581,192.813273326512,3.01356640621494e-42,3.41733586615212e-41,ENSG00000122884,6,10,Decrease,in_cis,UpRegulated,In_cis_Decrease_UpRegulated
ZNF451,0.88093941453926,7.47274277906715,188.717584896164,2.03301549810107e-41,2.25365814531361e-40,ENSG00000112200,7,8,Decrease,in_cis,UpRegulated,In_cis_Decrease_UpRegulated
MRPL47,-0.567150428772219,8.12348895836309,182.851566964563,3.1475623440433e-40,3.33209788554295e-39,ENSG00000136522,3,2,Increase,in_cis,DownRegulated,In_cis_Increase_DownRegulated
PCOLCE,-0.930631746756934,7.03938400466223,181.235341535829,6.70355059006138e-40,6.98427944915994e-39,ENSG00000106333,3,2,Increase,in_cis,DownRegulated,In_cis_Increase_DownRegulated
EIF3K,-0.362348881320088,9.50581491838912,176.882182635057,5.14899421483906e-39,5.18416063812083e-38,ENSG00000178982,4,3,Increase,in_cis,DownRegulated,In_cis_Increase_DownRegulated
PRPF4B,0.555508360525302,8.41166554077783,167.223547851752,4.80808293381246e-37,4.52711488439139e-36,ENSG00000112739,5,6,Decrease,in_cis,UpRegulated,In_cis_Decrease_UpRegulated
ELOVL6,-0.97102221049106,6.93230559052553,212.575804217742,8.77464002704157e-35,7.57579716320713e-34,ENSG00000170522,3,2,Increase,in_cis,DownRegulated,In_cis_Increase_DownRegulated
ZPR1,-0.660317526384859,7.49588080078048,146.551702455551,8.42971979930621e-33,6.84144145092419e-32,ENSG00000109917,3,2,Increase,in_cis,DownRegulated,In_cis_Increase_DownRegulated
CTSC,-0.657673906029057,7.87393225810084,146.440299307393,8.88761964971784e-33,7.20123209846293e-32,ENSG00000109861,4,3,Increase,in_cis,DownRegulated,In_cis_Increase_DownRegulated
UBE2G2,-0.513016324083338,8.11085791778958,141.343607080107,1.00220427819908e-31,7.76983646449946e-31,ENSG00000184787,4,3,Increase,in_cis,DownRegulated,In_cis_Increase_DownRegulated
EBF1,0.9673945031305,6.96977548678084,143.37495316299,4.16634313882148e-31,3.14609871423086e-30,ENSG00000164330,2,3,Decrease,in_cis,UpRegulated,In_cis_Decrease_UpRegulated
WDR46,-0.499605865113696,7.99992897595874,137.345920848609,6.7279693741312e-31,5.02283851158684e-30,ENSG00000227057,5,4,Increase,in_cis,DownRegulated,In_cis_Increase_DownRegulated
DDIT4,1.28701872407516,7.85018561974411,136.391915581848,1.06031768706125e-30,7.85653247944785e-30,ENSG00000168209,6,9,Decrease,in_cis,UpRegulated,In_cis_Decrease_UpRegulated
ARL4C,1.00648326057619,7.17438477116279,136.094819199576,1.22172823753793e-30,9.02241788217151e-30,ENSG00000188042,2,3,Decrease,in_cis,UpRegulated,In_cis_Decrease_UpRegulated
UBL7,-0.675733715274802,7.37012527839893,134.958818902622,2.10064508646972e-30,1.53917444503423e-29,ENSG00000138629,3,2,Increase,in_cis,DownRegulated,In_cis_Increase_DownRegulated
MRPL45,-0.621699555415832,7.45630957182328,129.916684918141,2.33619291092281e-29,1.65765642106211e-28,ENSG00000278845,4,3,Increase,in_cis,DownRegulated,In_cis_Increase_DownRegulated
TGFB2,0.98150931933851,6.91747461622917,146.237050750803,5.12767148192313e-29,3.5741715756496e-28,ENSG00000092969,3,4,Decrease,in_cis,UpRegulated,In_cis_Decrease_UpRegulated
HIKESHI,-0.498666285315484,7.95988678084375,126.504313925413,1.19633726030157e-28,8.17731703806134e-28,ENSG00000149196,4,3,Increase,in_cis,DownRegulated,In_cis_Increase_DownRegulated
UTP23,0.810547643942281,7.19076177492809,124.254375655354,3.51685557460999e-28,2.36299200751176e-27,ENSG00000147679,2,3,Decrease,in_cis,UpRegulated,In_cis_Decrease_UpRegulated
FAM120C,-0.703403322467843,7.20115586236172,122.20182640179,9.41428398073915e-28,6.23641065578542e-27,ENSG00000184083,4.5,4,Increase,in_cis,DownRegulated,In_cis_Increase_DownRegulated
AC020928.2,-0.738318373244591,7.05556157640856,124.030669186404,1.03774654654725e-27,6.86065772439572e-27,ENSG00000267260,4,3,Increase,in_cis,DownRegulated,In_cis_Increase_DownRegulated
ALCAM,0.930842707969458,6.88403047575075,166.956701560188,4.12598469421956e-26,2.57274942075799e-25,ENSG00000170017,3,4,Decrease,in_cis,UpRegulated,In_cis_Decrease_UpRegulated
KHDRBS2,0.934604942844715,6.89014256288387,167.08192512994,7.70200459913131e-26,4.76347523015779e-25,ENSG00000112232,7,8,Decrease,in_cis,UpRegulated,In_cis_Decrease_UpRegulated
KRT8,0.905534893153631,6.88613593944597,145.13876764609,6.69592090391867e-25,3.98167433883231e-24,ENSG00000170421,2,3,Decrease,in_cis,UpRegulated,In_cis_Decrease_UpRegulated
TUBB2A,0.536323639471835,8.12927338152223,107.477055166235,1.1310006103461e-24,6.63354692897173e-24,ENSG00000137267,5,6,Decrease,in_cis,UpRegulated,In_cis_Decrease_UpRegulated
WDR12,-0.585365904256889,7.39457688320932,105.001489245614,3.74386593933948e-24,2.13376594823174e-23,ENSG00000138442,3,2,Increase,in_cis,DownRegulated,In_cis_Increase_DownRegulated
NOS1AP,0.793439081446157,6.99990387436823,102.384098014975,1.85883800397247e-23,1.01941937619301e-22,ENSG00000198929,7,8,Decrease,in_cis,UpRegulated,In_cis_Decrease_UpRegulated
PSMB3,-0.318747395579542,8.84530039992869,99.0996466174451,6.53410898447412e-23,3.52086167155761e-22,ENSG00000277791,4,3,Increase,in_cis,DownRegulated,In_cis_Increase_DownRegulated
CTSA,-0.626458838533341,7.17105074093672,92.2910513506981,1.78788755323357e-21,9.01887914366087e-21,ENSG00000064601,4,3,Increase,in_cis,DownRegulated,In_cis_Increase_DownRegulated
NFS1,-0.599204354870425,7.21701806223901,91.2737957620586,2.93416267740706e-21,1.4696107892875e-20,ENSG00000244005,4,3,Increase,in_cis,DownRegulated,In_cis_Increase_DownRegulated
EIF4EBP1,-0.420907810332484,8.18390327910969,91.2199794156255,3.01209837717812e-21,1.50788117949256e-20,ENSG00000187840,3,2,Increase,in_cis,DownRegulated,In_cis_Increase_DownRegulated
NMI,-0.733644809526666,6.9240385198534,121.844112530718,6.67474572775244e-21,3.28810292034967e-20,ENSG00000123609,3,2,Increase,in_cis,DownRegulated,In_cis_Increase_DownRegulated
CSNK2B,-0.258498779683788,9.20315837904253,87.1286919016624,2.21468080560609e-20,1.06704401546202e-19,ENSG00000204435,5,4,Increase,in_cis,DownRegulated,In_cis_Increase_DownRegulated
TEX10,-0.565404168865539,7.27656894083643,87.087991827707,2.2591221140571e-20,1.08739518131296e-19,ENSG00000136891,4,3,Increase,in_cis,DownRegulated,In_cis_Increase_DownRegulated
SUMO1,-0.301230419271281,8.68750454748582,86.3143892292707,3.29595403557163e-20,1.57953119890058e-19,ENSG00000116030,3,2,Increase,in_cis,DownRegulated,In_cis_Increase_DownRegulated
MRPS7,-0.433422449059827,7.80061703032324,85.8472068115241,4.14074735004407e-20,1.97099573862098e-19,ENSG00000125445,4,3,Increase,in_cis,DownRegulated,In_cis_Increase_DownRegulated
PSMG1,-0.397406193858991,8.14693290695807,85.3175580483821,5.36359430569295e-20,2.53232413753964e-19,ENSG00000183527,4,3,Increase,in_cis,DownRegulated,In_cis_Increase_DownRegulated
POLR2H,-0.378633113983348,8.17745662555277,84.1377170600416,9.54770933891146e-20,4.43777530072605e-19,ENSG00000163882,3,2,Increase,in_cis,DownRegulated,In_cis_Increase_DownRegulated
MESP2,-0.702749329779117,6.93378173409707,108.75369453494,1.0057946153224e-19,4.67053757195079e-19,ENSG00000188095,4,3,Increase,in_cis,DownRegulated,In_cis_Increase_DownRegulated
ILDR2,0.699840957094331,7.1042475966797,82.367934247573,2.26914820644608e-19,1.03857167910417e-18,ENSG00000143195,7,8,Decrease,in_cis,UpRegulated,In_cis_Decrease_UpRegulated
FOXD3-AS1,0.803593388450314,6.88406123121927,121.453418359037,3.16085855369882e-19,1.43936375910019e-18,ENSG00000230798,1,2,Decrease,in_cis,UpRegulated,In_cis_Decrease_UpRegulated
COL2A1,0.797642253291552,6.87657573626504,125.362124937405,3.91609064174738e-19,1.7742764802082e-18,ENSG00000139219,2,3,Decrease,in_cis,UpRegulated,In_cis_Decrease_UpRegulated
SUCO,0.524018480159544,7.59835936037778,78.66979621343,1.38878157353865e-18,6.04539250852412e-18,ENSG00000094975,7,8,Decrease,in_cis,UpRegulated,In_cis_Decrease_UpRegulated
PPID,-0.452552836568312,7.63320956757207,76.5780041343302,3.87582764728119e-18,1.64864555005152e-17,ENSG00000171497,3,2,Increase,in_cis,DownRegulated,In_cis_Increase_DownRegulated
RAE1,-0.42333132699579,7.72900834330338,75.9461395342785,5.28576241860884e-18,2.23299723732248e-17,ENSG00000101146,4,3,Increase,in_cis,DownRegulated,In_cis_Increase_DownRegulated
MTMR12,0.669082582424086,7.02279675287149,77.6728084136386,5.82856542807445e-18,2.45810165384677e-17,ENSG00000150712,4,5,Decrease,in_cis,UpRegulated,In_cis_Decrease_UpRegulated
MYBL2,-0.603684634959535,7.36228609659394,74.0003290869913,1.37513980965058e-17,5.67820062705635e-17,ENSG00000101057,4,3,Increase,in_cis,DownRegulated,In_cis_Increase_DownRegulated
NMB,-0.535113250421733,7.26730693129204,73.7722553487591,1.53832527850996e-17,6.33348844345264e-17,ENSG00000197696,3,2,Increase,in_cis,DownRegulated,In_cis_Increase_DownRegulated
SPESP1,-0.568344055691932,7.11196449886028,72.6166209915436,2.71589025860432e-17,1.10481252406239e-16,ENSG00000258484,3,2,Increase,in_cis,DownRegulated,In_cis_Increase_DownRegulated
SLC29A2,-0.706329462632175,6.88560648092612,117.837706352723,3.65243734190701e-17,1.47546517897814e-16,ENSG00000174669,3,2,Increase,in_cis,DownRegulated,In_cis_Increase_DownRegulated
SLC17A5,-0.650032217100227,6.96206368743011,90.2834506105854,4.01864251473666e-17,1.61942603500832e-16,ENSG00000119899,4,3,Increase,in_cis,DownRegulated,In_cis_Increase_DownRegulated
HSPA8,-0.291011954676709,9.99970230950113,70.3463535732339,8.30543166982812e-17,3.29581151478073e-16,ENSG00000109971,3,2,Increase,in_cis,DownRegulated,In_cis_Increase_DownRegulated
KALRN,0.7231515640901,6.88658304816328,98.6222894291744,1.49661785394465e-16,5.86125874044857e-16,ENSG00000160145,2,3,Decrease,in_cis,UpRegulated,In_cis_Decrease_UpRegulated
HLA-DPA1,-0.630388607125479,6.96395308274526,79.7632831834001,1.93944670229029e-16,7.57150793617437e-16,ENSG00000231389,5,4,Increase,in_cis,DownRegulated,In_cis_Increase_DownRegulated
VCL,0.583996020960628,7.41017313358765,68.4110289970158,2.15626921160029e-16,8.40136923194323e-16,ENSG00000035403,6,10,Decrease,in_cis,UpRegulated,In_cis_Decrease_UpRegulated
FKBP10,-0.503459640621977,7.32139932743371,68.1268533091515,2.48075240576374e-16,9.63144320429577e-16,ENSG00000141756,4,3,Increase,in_cis,DownRegulated,In_cis_Increase_DownRegulated
MRPL10,-0.474964582772319,7.41065316012239,66.6585401426561,5.12051896706833e-16,1.95498128479837e-15,ENSG00000159111,4,3,Increase,in_cis,DownRegulated,In_cis_Increase_DownRegulated
GAR1,-0.385150775718184,7.82433663239809,65.7423767223721,8.0507168277839e-16,3.04662567463684e-15,ENSG00000109534,3,2,Increase,in_cis,DownRegulated,In_cis_Increase_DownRegulated
DAXX,-0.387922035232561,7.76558477829088,65.6310810378878,8.50580507463623e-16,3.21391877284553e-15,ENSG00000204209,5,4,Increase,in_cis,DownRegulated,In_cis_Increase_DownRegulated
PDGFC,-0.597972599206035,6.99948040385993,65.3377716660823,9.83238972041066e-16,3.70101041419574e-15,ENSG00000145431,3,2,Increase,in_cis,DownRegulated,In_cis_Increase_DownRegulated
RBP1,0.680373998332753,7.03636467361671,65.202238036344,1.05135214491858e-15,3.95287595559985e-15,ENSG00000114115,2,3,Decrease,in_cis,UpRegulated,In_cis_Decrease_UpRegulated
RC3H1,0.601603850668859,7.10043729730525,64.3944965364519,1.56733459971913e-15,5.8307208442282e-15,ENSG00000135870,7,8,Decrease,in_cis,UpRegulated,In_cis_Decrease_UpRegulated
NELFE,-0.258004495660113,8.70155642223369,64.0319156145581,1.8751342921741e-15,6.93217746600675e-15,ENSG00000204356,5,4,Increase,in_cis,DownRegulated,In_cis_Increase_DownRegulated
VARS,-0.393656019779223,7.75195827993582,63.8929095197383,2.00858898759481e-15,7.41084551007617e-15,ENSG00000204394,5,4,Increase,in_cis,DownRegulated,In_cis_Increase_DownRegulated
DCUN1D5,-0.352601771431549,7.97385582689636,63.4377276008809,2.51584009739216e-15,9.22039059070219e-15,ENSG00000137692,4,3,Increase,in_cis,DownRegulated,In_cis_Increase_DownRegulated
SRSF1,-0.350721661561443,8.0221706236787,62.9316727548804,3.23174867691422e-15,1.17872901336343e-14,ENSG00000136450,4,3,Increase,in_cis,DownRegulated,In_cis_Increase_DownRegulated
NABP1,-0.650654414809921,6.88669577020417,97.4595757911221,6.28990170692001e-15,2.25664217796037e-14,ENSG00000173559,3,2,Increase,in_cis,DownRegulated,In_cis_Increase_DownRegulated
ATP1B1,0.400414373226268,8.26832621403965,61.0771717967901,8.09622031743012e-15,2.88791506230615e-14,ENSG00000143153,7,8,Decrease,in_cis,UpRegulated,In_cis_Decrease_UpRegulated
CCDC14,0.509736641691443,7.61297791754362,60.6781324977898,9.86655361854356e-15,3.50672724326573e-14,ENSG00000175455,2,3,Decrease,in_cis,UpRegulated,In_cis_Decrease_UpRegulated
PFDN6,-0.321125116607357,8.22794202923401,60.6533372432728,9.98855742517171e-15,3.54753619879256e-14,ENSG00000204220,5,4,Increase,in_cis,DownRegulated,In_cis_Increase_DownRegulated
EIF3H,0.289470334773803,8.4888199586053,60.1927829190632,1.25503224998588e-14,4.43187469900268e-14,ENSG00000147677,2,3,Decrease,in_cis,UpRegulated,In_cis_Decrease_UpRegulated
METTL23,-0.450118782243706,7.36697777390493,59.9446416292383,1.41934931927876e-14,4.99783002727856e-14,ENSG00000181038,4,3,Increase,in_cis,DownRegulated,In_cis_Increase_DownRegulated
MRPS18B,-0.293170879886906,8.28513428986925,58.3840369168713,3.07856968929957e-14,1.0628113534153e-13,ENSG00000204568,5,4,Increase,in_cis,DownRegulated,In_cis_Increase_DownRegulated
HIST1H3H,-0.64569146418773,6.9058225342402,73.914967019575,4.04109559951012e-14,1.38493758627208e-13,ENSG00000278828,5,4,Increase,in_cis,DownRegulated,In_cis_Increase_DownRegulated
MRPL58,-0.510654918021395,7.07270838122109,57.8322887439198,4.04871129773081e-14,1.38706630203563e-13,ENSG00000167862,4,3,Increase,in_cis,DownRegulated,In_cis_Increase_DownRegulated
BEND7,0.457609520585583,7.58557057796978,56.9141648696953,6.38823873068237e-14,2.15862586188675e-13,ENSG00000165626,4,5,Decrease,in_cis,UpRegulated,In_cis_Decrease_UpRegulated
SYNGR2,-0.565765785417942,6.97929720917622,67.0540926234082,6.91864145748572e-14,2.33386002990391e-13,ENSG00000108639,4,3,Increase,in_cis,DownRegulated,In_cis_Increase_DownRegulated
GDAP1,-0.483628618782932,7.22383989001302,56.7169926111644,7.0458399282931e-14,2.37433507239e-13,ENSG00000104381,4,3,Increase,in_cis,DownRegulated,In_cis_Increase_DownRegulated
CA12,-0.601065955569115,6.92223635902637,76.6353474882198,1.15564648296277e-13,3.85488696799164e-13,ENSG00000074410,3,2,Increase,in_cis,DownRegulated,In_cis_Increase_DownRegulated
HOXD8,-0.539375390767136,7.0141858047016,55.3957672630412,1.35898717631339e-13,4.51335451931653e-13,ENSG00000175879,3,2,Increase,in_cis,DownRegulated,In_cis_Increase_DownRegulated
ALG8,-0.443044498327831,7.33171716385337,55.2405989792751,1.46803685499975e-13,4.86733803854733e-13,ENSG00000159063,4,3,Increase,in_cis,DownRegulated,In_cis_Increase_DownRegulated
TSPYL2,0.568765519154869,7.18713061216288,53.8712701712856,2.90213621487209e-13,9.4852413614466e-13,ENSG00000184205,4,5,Decrease,in_cis,UpRegulated,In_cis_Decrease_UpRegulated
RDH10,-0.571590699801227,7.18753725259177,53.7531325194376,3.07798731684013e-13,1.00400530807232e-12,ENSG00000121039,4,3,Increase,in_cis,DownRegulated,In_cis_Increase_DownRegulated
TMEM45A,0.58113033406582,6.98908352490576,55.4679362642095,3.28014476589858e-13,1.0671274655066e-12,ENSG00000181458,3,4,Decrease,in_cis,UpRegulated,In_cis_Decrease_UpRegulated
IARS,-0.351199886016794,7.84006106151731,52.5391231505281,5.63561135572902e-13,1.8113548116022e-12,ENSG00000196305,4,3,Increase,in_cis,DownRegulated,In_cis_Increase_DownRegulated
C6orf136,-0.49592915777053,7.07001561607064,53.8441402661282,7.9265736910759e-13,2.52388034644606e-12,ENSG00000204564,5,4,Increase,in_cis,DownRegulated,In_cis_Increase_DownRegulated
CXXC1,-0.468743062724192,7.13771786390079,51.7617633630206,8.30348350759622e-13,2.64048636846516e-12,ENSG00000154832,3,2,Increase,in_cis,DownRegulated,In_cis_Increase_DownRegulated
NCOA7,0.564405435392232,6.99835200927024,52.2813052118568,8.45706142055097e-13,2.68586481192225e-12,ENSG00000111912,2,3,Decrease,in_cis,UpRegulated,In_cis_Decrease_UpRegulated
GPR161,0.402582839232495,7.64946645374188,51.7191826951109,8.48170151150754e-13,2.69282435966442e-12,ENSG00000143147,7,8,Decrease,in_cis,UpRegulated,In_cis_Decrease_UpRegulated
DPM1,-0.348086125148439,7.68989620038336,51.0351580458162,1.19310275479989e-12,3.75654316517643e-12,ENSG00000000419,4,3,Increase,in_cis,DownRegulated,In_cis_Increase_DownRegulated
CPE,-0.40205818403973,7.75950486939098,50.369889833678,1.66296195612067e-12,5.19123743381916e-12,ENSG00000109472,3,2,Increase,in_cis,DownRegulated,In_cis_Increase_DownRegulated
PWWP2A,0.507681931144236,7.18610552020281,50.2993599751777,1.72256149173433e-12,5.37049869124368e-12,ENSG00000170234,2,3,Decrease,in_cis,UpRegulated,In_cis_Decrease_UpRegulated
SUMF2,0.508615224390951,7.14334870555545,49.7571400576184,2.25822631103354e-12,6.99639312235831e-12,ENSG00000129103,3,4,Decrease,in_cis,UpRegulated,In_cis_Decrease_UpRegulated
DLX5,-0.578355540825244,6.89728845110301,71.1584697379023,2.931807469455e-12,8.99579446281672e-12,ENSG00000105880,3,2,Increase,in_cis,DownRegulated,In_cis_Increase_DownRegulated
ATOX1,0.393905980277495,7.54133840034231,48.4690806762561,4.29843553603516e-12,1.30512289546324e-11,ENSG00000177556,2,3,Decrease,in_cis,UpRegulated,In_cis_Decrease_UpRegulated
WWC2,-0.479711223535228,7.15173797436197,47.9108210787737,5.68270940631271e-12,1.71070163993144e-11,ENSG00000151718,3,2,Increase,in_cis,DownRegulated,In_cis_Increase_DownRegulated
PPP1R11,-0.324004589526237,7.8239426935558,47.7714968813198,6.09288292036967e-12,1.8320814266228e-11,ENSG00000204619,5,4,Increase,in_cis,DownRegulated,In_cis_Increase_DownRegulated
WDR74,-0.390690876799708,7.42961851756495,46.9799382804095,9.05417293435374e-12,2.69442802267586e-11,ENSG00000133316,3,2,Increase,in_cis,DownRegulated,In_cis_Increase_DownRegulated
EBAG9,0.505486973853251,7.06131545040357,46.6999763717326,1.04164110922476e-11,3.09236225903606e-11,ENSG00000147654,2,3,Decrease,in_cis,UpRegulated,In_cis_Decrease_UpRegulated
MAPRE1,-0.271556419316778,8.21465546231235,46.648677765008,1.06874221791762e-11,3.1709122518391e-11,ENSG00000101367,4,3,Increase,in_cis,DownRegulated,In_cis_Increase_DownRegulated
MPZL1,0.330782564818093,7.85729491251323,45.5182400538403,1.88280775938078e-11,5.5100717746382e-11,ENSG00000197965,7,8,Decrease,in_cis,UpRegulated,In_cis_Decrease_UpRegulated
MED20,-0.468876101550517,7.0263396383538,45.7932253895879,2.17596668259217e-11,6.35294795269371e-11,ENSG00000124641,5,4,Increase,in_cis,DownRegulated,In_cis_Increase_DownRegulated
ERGIC3,-0.290078186138057,8.00037156730297,45.1255949704954,2.29235796196996e-11,6.68485963695815e-11,ENSG00000125991,4,3,Increase,in_cis,DownRegulated,In_cis_Increase_DownRegulated
STARD3,-0.501121316564785,6.9701106660472,53.9994869747221,2.4058530045668e-11,7.01168785072479e-11,ENSG00000131748,4,3,Increase,in_cis,DownRegulated,In_cis_Increase_DownRegulated
BAK1,-0.473918469982229,7.03810354193059,47.1853074274706,2.50171420772894e-11,7.2717572777336e-11,ENSG00000030110,5,4,Increase,in_cis,DownRegulated,In_cis_Increase_DownRegulated
ZFR,0.302519434497614,8.1172289967429,44.5094101062978,3.1223354100892e-11,9.03054373219649e-11,ENSG00000056097,4,5,Decrease,in_cis,UpRegulated,In_cis_Decrease_UpRegulated
CBX5,0.272701270492059,8.35545491337127,43.9024471405157,4.23387174545713e-11,1.21176329266532e-10,ENSG00000094916,2,3,Decrease,in_cis,UpRegulated,In_cis_Decrease_UpRegulated
HOXC12,0.580886769976452,6.8779205313208,66.0599397852323,4.93138177356578e-11,1.40569286515178e-10,ENSG00000123407,2,3,Decrease,in_cis,UpRegulated,In_cis_Decrease_UpRegulated
CPLANE1,0.45708924727508,7.25547243439244,43.2715486591218,5.81146415779959e-11,1.64942044501685e-10,ENSG00000197603,3,4,Decrease,in_cis,UpRegulated,In_cis_Decrease_UpRegulated
KCTD14,-0.519332806925788,6.92231288769062,58.7906773934424,6.43454913328997e-11,1.81946870282007e-10,ENSG00000151364,4,3,Increase,in_cis,DownRegulated,In_cis_Increase_DownRegulated
OPTN,0.533987856393755,7.04979659302242,43.0200526783434,6.59383074451339e-11,1.86290807390042e-10,ENSG00000123240,4,5,Decrease,in_cis,UpRegulated,In_cis_Decrease_UpRegulated
PHLDB2,0.57016091299198,6.86988679013038,65.0412271725566,7.18772153276528e-11,2.02721660705662e-10,ENSG00000144824,3,4,Decrease,in_cis,UpRegulated,In_cis_Decrease_UpRegulated
PPIL1,-0.300938381921287,7.90335265790998,42.6691863067554,7.86472619239526e-11,2.21436432731722e-10,ENSG00000137168,5,4,Increase,in_cis,DownRegulated,In_cis_Increase_DownRegulated
SDHAF3,-0.319089614066421,7.69648120877941,41.4219387163937,1.47225360606571e-10,4.06981496420683e-10,ENSG00000196636,3,2,Increase,in_cis,DownRegulated,In_cis_Increase_DownRegulated
MED24,-0.482231862822174,6.96207702085653,50.1577354668326,1.58315840531366e-10,4.36052860270024e-10,ENSG00000008838,4,3,Increase,in_cis,DownRegulated,In_cis_Increase_DownRegulated
GATB,-0.47010312529573,7.00533792458721,47.3771954425308,1.72553579795367e-10,4.7276330308983e-10,ENSG00000059691,3,2,Increase,in_cis,DownRegulated,In_cis_Increase_DownRegulated
PTPMT1,-0.417373462505087,7.19939608401055,41.0863433152664,1.74302289110989e-10,4.77289633919945e-10,ENSG00000110536,3,2,Increase,in_cis,DownRegulated,In_cis_Increase_DownRegulated
SOX2,-0.50826515430322,7.14772857468134,40.7137674834382,2.10247061030055e-10,5.71439246503537e-10,ENSG00000181449,3,2,Increase,in_cis,DownRegulated,In_cis_Increase_DownRegulated
NEFL,-0.386949592769334,8.86542293249575,39.4360632373121,4.00122403990473e-10,1.07158595016646e-09,ENSG00000277586,3,2,Increase,in_cis,DownRegulated,In_cis_Increase_DownRegulated
TAP2,-0.446690066139518,7.01602011892278,41.6566424447122,4.04553466269012e-10,1.08315928065574e-09,ENSG00000204267,5,4,Increase,in_cis,DownRegulated,In_cis_Increase_DownRegulated
GALNT12,-0.489787785333657,6.93397101797042,50.4284292114085,5.02772732263708e-10,1.33419835480082e-09,ENSG00000119514,4,3,Increase,in_cis,DownRegulated,In_cis_Increase_DownRegulated
OLFML2B,0.53106876937062,7.00353769825463,38.7159783613821,5.75234400977798e-10,1.52076824905185e-09,ENSG00000162745,7,8,Decrease,in_cis,UpRegulated,In_cis_Decrease_UpRegulated
CDYL,0.362624036949796,7.52208356457762,38.6432869267279,5.96713449917306e-10,1.57376201464172e-09,ENSG00000153046,5,6,Decrease,in_cis,UpRegulated,In_cis_Decrease_UpRegulated
TRIP12,-0.414289607613449,7.14048883604294,38.4058415161104,6.726350926944e-10,1.76785971541847e-09,ENSG00000153827,3,2,Increase,in_cis,DownRegulated,In_cis_Increase_DownRegulated
MTX2,-0.300079619345418,7.68807654076826,38.1716041959989,7.57011811171661e-10,1.98223904001657e-09,ENSG00000128654,3,2,Increase,in_cis,DownRegulated,In_cis_Increase_DownRegulated
EXTL2,-0.355007518561116,7.4446850037804,37.7638438327313,9.29983232467951e-10,2.41976933274129e-09,ENSG00000162694,4,3,Increase,in_cis,DownRegulated,In_cis_Increase_DownRegulated
WBP2,-0.404956774771821,7.09944006580317,37.1309244708152,1.28018281903159e-09,3.29366129293436e-09,ENSG00000132471,4,3,Increase,in_cis,DownRegulated,In_cis_Increase_DownRegulated
MYLK,0.527302647315421,6.87991156456944,53.5936075728585,1.37851373325134e-09,3.53743313674292e-09,ENSG00000065534,2,3,Decrease,in_cis,UpRegulated,In_cis_Decrease_UpRegulated
EPHX4,-0.456376970582897,6.94908162439022,44.6983758096693,3.31200331954627e-09,8.29126158810834e-09,ENSG00000172031,4,3,Increase,in_cis,DownRegulated,In_cis_Increase_DownRegulated
ISCA1,-0.273866740458056,7.78913565814013,35.0482448683949,3.66991675627457e-09,9.1650487488556e-09,ENSG00000135070,4,3,Increase,in_cis,DownRegulated,In_cis_Increase_DownRegulated
EGLN1,0.421704386049689,7.37713545377938,34.1744579164799,5.71301897327519e-09,1.40401812388751e-08,ENSG00000135766,3,4,Decrease,in_cis,UpRegulated,In_cis_Decrease_UpRegulated
NQO2,0.404054627804582,7.18186785188798,33.6910498891652,7.29937122560673e-09,1.7788277719052e-08,ENSG00000124588,5,6,Decrease,in_cis,UpRegulated,In_cis_Decrease_UpRegulated
NR4A1,0.478665829670046,7.37720980509895,33.4993473878583,8.04460051539803e-09,1.95368869659666e-08,ENSG00000123358,2,3,Decrease,in_cis,UpRegulated,In_cis_Decrease_UpRegulated
TMEM99,-0.355911068787487,7.28620804167658,33.1893698053548,9.41438188292326e-09,2.27571830292788e-08,ENSG00000167920,4,3,Increase,in_cis,DownRegulated,In_cis_Increase_DownRegulated
CCDC90B,-0.283582282284383,7.73541964742142,33.1550176059741,9.57990222858244e-09,2.3144313648293e-08,ENSG00000137500,4,3,Increase,in_cis,DownRegulated,In_cis_Increase_DownRegulated
KIF1A,0.476847414512464,6.91188804799172,40.5392431749326,1.08179993853916e-08,2.59974160412439e-08,ENSG00000130294,2,3,Decrease,in_cis,UpRegulated,In_cis_Decrease_UpRegulated
TOMM34,-0.345295262367748,7.32676484520242,32.3883910841384,1.41372155837392e-08,3.37686283725736e-08,ENSG00000025772,4,3,Increase,in_cis,DownRegulated,In_cis_Increase_DownRegulated
LINC00467,0.46366725985549,6.94680867042997,38.805253336477,1.41886022668664e-08,3.3883178092321e-08,ENSG00000153363,3,4,Decrease,in_cis,UpRegulated,In_cis_Decrease_UpRegulated
TRIM27,-0.296522892778851,7.57420212977208,32.2406478668669,1.52388483380222e-08,3.62684590444929e-08,ENSG00000204713,5,4,Increase,in_cis,DownRegulated,In_cis_Increase_DownRegulated
TSPYL4,0.407654649921999,7.11511422708258,32.228323211746,1.53345456128447e-08,3.64874264076287e-08,ENSG00000187189,2,3,Decrease,in_cis,UpRegulated,In_cis_Decrease_UpRegulated
RPF1,-0.320329270975819,7.4044687640276,32.0690546932477,1.66267975012371e-08,3.94956418758342e-08,ENSG00000117133,4,3,Increase,in_cis,DownRegulated,In_cis_Increase_DownRegulated
PCGF2,-0.358005416131594,7.25112627384097,31.7557392024029,1.94963148973835e-08,4.60902590333789e-08,ENSG00000277258,4,3,Increase,in_cis,DownRegulated,In_cis_Increase_DownRegulated
SLC30A7,-0.402190257271504,7.04043089837272,32.9974353134509,2.34806257984487e-08,5.53636049203337e-08,ENSG00000162695,4,3,Increase,in_cis,DownRegulated,In_cis_Increase_DownRegulated
ZBTB11,0.417196768768567,7.11632955881825,31.362908839071,2.38058144411607e-08,5.60768016301798e-08,ENSG00000066422,3,4,Decrease,in_cis,UpRegulated,In_cis_Decrease_UpRegulated
ZC3HC1,-0.376154532363318,7.05466061294815,31.2976256051063,2.46093844154388e-08,5.79006407506644e-08,ENSG00000091732,3,2,Increase,in_cis,DownRegulated,In_cis_Increase_DownRegulated
NDRG3,-0.289475870397032,7.54810493529376,30.1603413258321,4.39002050081577e-08,1.01522436166138e-07,ENSG00000101079,4,3,Increase,in_cis,DownRegulated,In_cis_Increase_DownRegulated
SLC39A14,-0.393497368681639,6.99533578382426,31.6275593124511,5.48006107053958e-08,1.25875728357487e-07,ENSG00000104635,3,2,Increase,in_cis,DownRegulated,In_cis_Increase_DownRegulated
EEF1AKMT4,-0.335476663486901,7.31165603095673,29.5409229977745,6.01913597049996e-08,1.37937368864566e-07,ENSG00000284753,3,2,Increase,in_cis,DownRegulated,In_cis_Increase_DownRegulated
INTS14,-0.365632529538631,7.08885596897705,29.4987763514597,6.14985411339963e-08,1.40802292716848e-07,ENSG00000138614,3,2,Increase,in_cis,DownRegulated,In_cis_Increase_DownRegulated
SFT2D2,0.31596589894382,7.48624242465065,28.9507180096636,8.13293749720405e-08,1.84452407944625e-07,ENSG00000213064,7,8,Decrease,in_cis,UpRegulated,In_cis_Decrease_UpRegulated
AGPS,-0.358373020938716,7.08316328248667,28.8642643343971,8.49970051196239e-08,1.92240764727851e-07,ENSG00000018510,3,2,Increase,in_cis,DownRegulated,In_cis_Increase_DownRegulated
USF3,0.446679608070899,6.9531566503505,34.6714431607983,8.71105540878124e-08,1.9689074662214e-07,ENSG00000176542,3,4,Decrease,in_cis,UpRegulated,In_cis_Decrease_UpRegulated
BYSL,-0.287597806288627,7.53254262235426,28.8118040902776,8.73029247824867e-08,1.97275449113846e-07,ENSG00000112578,5,4,Increase,in_cis,DownRegulated,In_cis_Increase_DownRegulated
NUDCD1,0.385288503376933,7.07177165926907,28.2051705425196,1.18993432460586e-07,2.66567959268135e-07,ENSG00000120526,2,3,Decrease,in_cis,UpRegulated,In_cis_Decrease_UpRegulated
RAB38,-0.360991565709135,7.07062882504785,27.6980115515005,1.5418988998797e-07,3.43157625824961e-07,ENSG00000123892,4,3,Increase,in_cis,DownRegulated,In_cis_Increase_DownRegulated
WASHC5,-0.322154613451541,7.26965339115986,27.3437599767892,1.84804156754054e-07,4.07708433383915e-07,ENSG00000164961,2,1,Increase,in_cis,DownRegulated,In_cis_Increase_DownRegulated
ATF3,0.49206396764257,7.15955102600976,26.8557399862662,2.37213559179395e-07,5.19387790737062e-07,ENSG00000162772,3,4,Decrease,in_cis,UpRegulated,In_cis_Decrease_UpRegulated
ZBTB37,0.370875940486038,7.22516272282453,26.7950998973654,2.44691163033363e-07,5.35167098600647e-07,ENSG00000185278,7,8,Decrease,in_cis,UpRegulated,In_cis_Decrease_UpRegulated
STRADB,-0.360917270286218,7.04648791270899,28.1233328379651,2.92211837457113e-07,6.36001833090328e-07,ENSG00000082146,3,2,Increase,in_cis,DownRegulated,In_cis_Increase_DownRegulated
PIANP,0.394345437432493,7.00727021145951,28.1941750695287,3.12782632949455e-07,6.79716941412988e-07,ENSG00000139200,3,5,Decrease,in_cis,UpRegulated,In_cis_Decrease_UpRegulated
AL135925.1,0.336038746235157,7.35826008309964,26.2506921751988,3.23359255184094e-07,7.0116780756384e-07,ENSG00000272447,8,10.5,Decrease,in_cis,UpRegulated,In_cis_Decrease_UpRegulated
IPPK,-0.42246727579127,6.88628692718495,39.7298309557553,3.37063482120722e-07,7.29602457354015e-07,ENSG00000127080,4,3,Increase,in_cis,DownRegulated,In_cis_Increase_DownRegulated
RHOD,-0.318606645073634,7.26407613894819,25.5066661676353,4.73499339383575e-07,1.01031604560198e-06,ENSG00000173156,3,2,Increase,in_cis,DownRegulated,In_cis_Increase_DownRegulated
KDM5C,0.306105911534887,7.45328675471784,25.4741721552425,4.81457416853538e-07,1.02663102466805e-06,ENSG00000126012,4,5,Decrease,in_cis,UpRegulated,In_cis_Decrease_UpRegulated
PSME3,-0.278138150807329,7.50573445998113,25.1572991543045,5.66457122719963e-07,1.20062167405688e-06,ENSG00000131467,4,3,Increase,in_cis,DownRegulated,In_cis_Increase_DownRegulated
FAM96A,-0.277266575042877,7.48602293821575,25.137093498792,5.72362014289034e-07,1.2128769824357e-06,ENSG00000166797,3,2,Increase,in_cis,DownRegulated,In_cis_Increase_DownRegulated
C9orf85,-0.343492298072442,7.06489988512529,25.0987167927581,5.83747800418009e-07,1.23620862451301e-06,ENSG00000155621,4,3,Increase,in_cis,DownRegulated,In_cis_Increase_DownRegulated
MTO1,-0.340194760937432,7.06192427516991,24.8220538530755,6.80284360328603e-07,1.43326975831178e-06,ENSG00000135297,4,3,Increase,in_cis,DownRegulated,In_cis_Increase_DownRegulated
POU2F1,0.297953420977704,7.52032510106989,24.6275449505283,7.43532701174574e-07,1.56285858469914e-06,ENSG00000143190,7,8,Decrease,in_cis,UpRegulated,In_cis_Decrease_UpRegulated
PER2,0.428108433646545,6.84292955606885,44.8787081095824,8.17686030558069e-07,1.71325518112474e-06,ENSG00000132326,2,3,Decrease,in_cis,UpRegulated,In_cis_Decrease_UpRegulated
NIPSNAP3A,-0.408913088597618,6.88219550693678,38.0325790655187,8.81383406120662e-07,1.84008114611156e-06,ENSG00000136783,4,3,Increase,in_cis,DownRegulated,In_cis_Increase_DownRegulated
LAMP1,-0.25777252418428,7.63337573222639,24.2217764479169,9.15926352353944e-07,1.90776140493461e-06,ENSG00000185896,4,2,Increase,in_cis,DownRegulated,In_cis_Increase_DownRegulated
DCTD,-0.305083140051482,7.2786147204284,23.8167408472959,1.12804077852176e-06,2.3343094006829e-06,ENSG00000129187,3,2,Increase,in_cis,DownRegulated,In_cis_Increase_DownRegulated
C9orf40,-0.2949157818596,7.34888056264642,23.7230044698504,1.18377858789607e-06,2.44044690307858e-06,ENSG00000135045,4,3,Increase,in_cis,DownRegulated,In_cis_Increase_DownRegulated
PYGB,-0.374609838978545,6.95779069036762,28.721809276367,1.27697177798228e-06,2.62654107687026e-06,ENSG00000100994,4,3,Increase,in_cis,DownRegulated,In_cis_Increase_DownRegulated
MXD3,0.406147524203676,7.170901235937,23.4840682906084,1.33868489665259e-06,2.74547149589653e-06,ENSG00000213347,2,3,Decrease,in_cis,UpRegulated,In_cis_Decrease_UpRegulated
METTL2A,-0.281828223698836,7.38872796223476,23.4518447227099,1.36107783193144e-06,2.78908003028772e-06,ENSG00000087995,4,3,Increase,in_cis,DownRegulated,In_cis_Increase_DownRegulated
CACNA1C,0.419074419897281,6.87251842037872,36.0815140622027,1.67125839131731e-06,3.39930377492608e-06,ENSG00000151067,3,5,Decrease,in_cis,UpRegulated,In_cis_Decrease_UpRegulated
TYW3,-0.27811927605934,7.45044253076649,23.0058849452338,1.71252791265148e-06,3.47894656381298e-06,ENSG00000162623,4,3,Increase,in_cis,DownRegulated,In_cis_Increase_DownRegulated
FAM181B,-0.378309480904358,6.94119446836928,28.2661929708295,1.77680822413742e-06,3.60878775031981e-06,ENSG00000182103,4,3,Increase,in_cis,DownRegulated,In_cis_Increase_DownRegulated
SPG21,-0.274174307222052,7.48600025316672,22.8493250792346,1.85643000862799e-06,3.76585730031191e-06,ENSG00000090487,3,2,Increase,in_cis,DownRegulated,In_cis_Increase_DownRegulated
MYO1B,-0.331589189265544,7.08794791150833,22.6217792373152,2.08750264008687e-06,4.21382864830125e-06,ENSG00000128641,3,2,Increase,in_cis,DownRegulated,In_cis_Increase_DownRegulated
ALG3,-0.274745753546667,7.46121253851647,22.5516798787181,2.16434900771341e-06,4.36092924299987e-06,ENSG00000214160,3,2,Increase,in_cis,DownRegulated,In_cis_Increase_DownRegulated
ST7-AS1,-0.403534422874093,6.87319832175,36.021609048329,2.34042599644943e-06,4.69940792171804e-06,ENSG00000227199,3,2,Increase,in_cis,DownRegulated,In_cis_Increase_DownRegulated
FAM184A,0.317813986740117,7.26864131930085,22.0727958435406,2.77104932559173e-06,5.53481378945793e-06,ENSG00000111879,2,3,Decrease,in_cis,UpRegulated,In_cis_Decrease_UpRegulated
ZNF678,0.383879160835059,6.96182221792725,26.5913354207983,3.14613142947904e-06,6.25615867303492e-06,ENSG00000181450,3,4,Decrease,in_cis,UpRegulated,In_cis_Decrease_UpRegulated
KAT2A,-0.343708170167199,7.003589641016,23.8443073227321,3.38852274980567e-06,6.71248279178311e-06,ENSG00000108773,4,3,Increase,in_cis,DownRegulated,In_cis_Increase_DownRegulated
SFRP2,-0.380175630109749,7.21929343034331,21.2693076831003,4.19710015660676e-06,8.25627529312984e-06,ENSG00000145423,3,2,Increase,in_cis,DownRegulated,In_cis_Increase_DownRegulated
F12,0.340762318407958,7.07385045336819,21.2538638397816,4.23075694709926e-06,8.32082564048176e-06,ENSG00000131187,2,3,Decrease,in_cis,UpRegulated,In_cis_Decrease_UpRegulated
DNM3,0.392438233487707,6.88763460422459,29.6907961680916,4.28490348051463e-06,8.42564038961637e-06,ENSG00000197959,7,8,Decrease,in_cis,UpRegulated,In_cis_Decrease_UpRegulated
IFIH1,-0.374720319291489,6.8851420304056,31.8467853073357,4.32274233014014e-06,8.49666188951128e-06,ENSG00000115267,3,2,Increase,in_cis,DownRegulated,In_cis_Increase_DownRegulated
ACLY,-0.260237090284871,7.37460465065121,20.7914197362356,5.37453090737774e-06,1.04951051348695e-05,ENSG00000131473,4,3,Increase,in_cis,DownRegulated,In_cis_Increase_DownRegulated
CCNE1,-0.328013788712039,7.17233776858658,20.7677951458786,5.44067177137947e-06,1.06200622699437e-05,ENSG00000105173,4,3,Increase,in_cis,DownRegulated,In_cis_Increase_DownRegulated
TMBIM1,-0.371369497988734,6.89667521973298,30.3096037293858,7.15396372381573e-06,1.38277298826082e-05,ENSG00000135926,3,2,Increase,in_cis,DownRegulated,In_cis_Increase_DownRegulated
SLC4A8,0.400406646701958,6.84302648537427,38.2223328328924,7.2160013183539e-06,1.39394572699749e-05,ENSG00000050438,2,3,Decrease,in_cis,UpRegulated,In_cis_Decrease_UpRegulated
LRRC8D,-0.33729123764964,6.97615503744503,23.4182655421545,7.60686655422352e-06,1.4660101649964e-05,ENSG00000171492,4,3,Increase,in_cis,DownRegulated,In_cis_Increase_DownRegulated
SENP7,0.366726646289787,6.9560751858343,24.1929143583643,8.76479809905576e-06,1.67641190597161e-05,ENSG00000138468,3,4,Decrease,in_cis,UpRegulated,In_cis_Decrease_UpRegulated
CCAR2,-0.307932919145757,7.05047617228071,19.7214616597758,9.3587369622492e-06,1.78482805514839e-05,ENSG00000158941,3,2,Increase,in_cis,DownRegulated,In_cis_Increase_DownRegulated
RBPMS2,-0.311706803421421,7.04145891888539,19.8849787970185,1.03036907850449e-05,1.95785982847034e-05,ENSG00000166831,3,2,Increase,in_cis,DownRegulated,In_cis_Increase_DownRegulated
MND1,-0.301289069290723,7.39658410421686,19.016703261217,1.34966483837129e-05,2.53675349354771e-05,ENSG00000121211,3,2,Increase,in_cis,DownRegulated,In_cis_Increase_DownRegulated
RRN3,-0.304892671092545,7.0361571881084,18.8561505093023,1.46720517631183e-05,2.74982647560378e-05,ENSG00000085721,2.75,2,Increase,in_cis,DownRegulated,In_cis_Increase_DownRegulated
SLC35C2,-0.26673298851075,7.28835484472255,18.5473715166713,1.72298044795786e-05,3.21092035556222e-05,ENSG00000080189,4,3,Increase,in_cis,DownRegulated,In_cis_Increase_DownRegulated
EDEM2,-0.291205419508927,7.06055146345172,18.3675751286211,1.8921023434644e-05,3.51151725787258e-05,ENSG00000088298,4,3,Increase,in_cis,DownRegulated,In_cis_Increase_DownRegulated
U2AF1,0.371435360938478,6.88644953129881,27.1976000256319,2.01893348311494e-05,3.73566991620949e-05,ENSG00000160201,2.89041095890411,3,Decrease,in_cis,UpRegulated,In_cis_Decrease_UpRegulated
NIF3L1,-0.283084900728622,7.13487635452444,17.8584936147539,2.46714266253274e-05,4.52347653199106e-05,ENSG00000196290,3,2,Increase,in_cis,DownRegulated,In_cis_Increase_DownRegulated
CISD3,-0.262182046450062,7.31614382079832,17.8390228608375,2.49232994897958e-05,4.56457313296334e-05,ENSG00000277972,4,3,Increase,in_cis,DownRegulated,In_cis_Increase_DownRegulated
ICE1,0.297402715966176,7.14381770472625,17.6316324956602,2.77720078590531e-05,5.06844274988669e-05,ENSG00000164151,1,2,Decrease,in_cis,UpRegulated,In_cis_Decrease_UpRegulated
ACSS1,-0.337363405359497,6.9276397739902,23.2755886428759,2.97510669593668e-05,5.4146174379522e-05,ENSG00000154930,4,3,Increase,in_cis,DownRegulated,In_cis_Increase_DownRegulated
LASP1,-0.320783119870351,6.95497596756872,21.2916112689627,2.99026231302672e-05,5.44019540721402e-05,ENSG00000002834,4,3,Increase,in_cis,DownRegulated,In_cis_Increase_DownRegulated
ANKS6,-0.269725413483907,7.15219446235753,17.151782555377,3.56836656293203e-05,6.45271998207244e-05,ENSG00000165138,4,3,Increase,in_cis,DownRegulated,In_cis_Increase_DownRegulated
SNRNP48,0.266393468735968,7.38366320673973,17.1095110627461,3.64810328923668e-05,6.58967011481176e-05,ENSG00000168566,5,6,Decrease,in_cis,UpRegulated,In_cis_Decrease_UpRegulated
PPIL3,-0.271774375913362,7.15311816078794,16.8984939968045,4.0737758264314e-05,7.33042154083858e-05,ENSG00000240344,3,2,Increase,in_cis,DownRegulated,In_cis_Increase_DownRegulated
TRAF3IP1,0.283336097273244,7.22442084036711,16.8790771394262,4.11537139713255e-05,7.39852990343615e-05,ENSG00000204104,2,3,Decrease,in_cis,UpRegulated,In_cis_Decrease_UpRegulated
CDKN1B,0.277906118157866,7.32207143260755,16.8256632826332,4.23201465498313e-05,7.60131091967055e-05,ENSG00000111276,3,5,Decrease,in_cis,UpRegulated,In_cis_Decrease_UpRegulated
BCS1L,-0.278176953433545,7.06553588290249,16.7524995071184,4.39720544751023e-05,7.88511223766494e-05,ENSG00000074582,3,2,Increase,in_cis,DownRegulated,In_cis_Increase_DownRegulated
METTL21A,-0.263742897938338,7.21532438167132,16.7302006428726,4.44883094810226e-05,7.97189827184434e-05,ENSG00000144401,3,2,Increase,in_cis,DownRegulated,In_cis_Increase_DownRegulated
OSGEP,0.289162230788937,7.09271215593978,16.6839622807553,4.55783203999523e-05,8.1568594055142e-05,ENSG00000092094,1,2,Decrease,in_cis,UpRegulated,In_cis_Decrease_UpRegulated
SAMD13,-0.341501482997304,6.86518617040285,27.6606371185686,5.18489552268447e-05,9.2372317960957e-05,ENSG00000203943,4,3,Increase,in_cis,DownRegulated,In_cis_Increase_DownRegulated
STRN3,0.289386889771084,7.13122354727423,16.2457240326281,5.73418916458033e-05,0.000101699742105513,ENSG00000196792,2,3,Decrease,in_cis,UpRegulated,In_cis_Decrease_UpRegulated
CFAP300,-0.279965002842556,7.02423801855628,15.8516146763183,7.05132519150218e-05,0.000123881072423456,ENSG00000137691,4,3,Increase,in_cis,DownRegulated,In_cis_Increase_DownRegulated
NEFH,0.295701888148773,7.04825057429611,15.5187128106655,8.39884910347269e-05,0.000146538478351881,ENSG00000100285,1,2,Decrease,in_cis,UpRegulated,In_cis_Decrease_UpRegulated
GK5,0.300451661761335,6.99046523560188,16.6559438812882,9.35048278219607e-05,0.000162396199120363,ENSG00000175066,2,3,Decrease,in_cis,UpRegulated,In_cis_Decrease_UpRegulated
PPP1R1B,-0.332052558557144,6.88654702480524,23.6928859583995,9.75875953133586e-05,0.00016918951709848,ENSG00000131771,4,3,Increase,in_cis,DownRegulated,In_cis_Increase_DownRegulated
INTS9,-0.321131213672239,6.89096155222095,23.0921244054623,9.94180073281682e-05,0.000172332688378434,ENSG00000104299,3,2,Increase,in_cis,DownRegulated,In_cis_Increase_DownRegulated
TLE1,-0.266090942431209,7.14702541206856,14.7830250741501,0.000123706264177394,0.000212680029813773,ENSG00000196781,4,3,Increase,in_cis,DownRegulated,In_cis_Increase_DownRegulated
SLC19A1,-0.276424404201471,7.05468973036585,15.9632747108031,0.000135725806038887,0.000232615614479627,ENSG00000173638,4,3,Increase,in_cis,DownRegulated,In_cis_Increase_DownRegulated
FPGT,-0.316392047291045,6.89607705490989,21.7873474738554,0.000149056852718068,0.000254667796972213,ENSG00000254685,4,3,Increase,in_cis,DownRegulated,In_cis_Increase_DownRegulated
RMDN1,-0.29868844446399,6.94314576728502,18.1251672874613,0.000155455552137515,0.000265233112534503,ENSG00000176623,2,1,Increase,in_cis,DownRegulated,In_cis_Increase_DownRegulated
PXDC1,0.339060150742129,6.86547581860402,23.8485616804032,0.000157043463370849,0.000267803571773804,ENSG00000168994,5,6,Decrease,in_cis,UpRegulated,In_cis_Decrease_UpRegulated
AEN,-0.267339097426323,7.03416442541732,14.1327401968521,0.000174359114207618,0.000295850364375303,ENSG00000181026,4,3,Increase,in_cis,DownRegulated,In_cis_Increase_DownRegulated
GXYLT1,0.252348433039026,7.31204073638832,14.0293690364053,0.000184151570797644,0.000311823258146465,ENSG00000151233,2,3,Decrease,in_cis,UpRegulated,In_cis_Decrease_UpRegulated
ZMIZ1,0.261869744740119,7.16319146572611,13.8636209313007,0.000201023985360216,0.000338767088108319,ENSG00000108175,10,11,Decrease,in_cis,UpRegulated,In_cis_Decrease_UpRegulated
ZNF354C,0.312860217848614,6.92455758512577,18.0791202913646,0.000203179568825462,0.000342049531496351,ENSG00000177932,2,3,Decrease,in_cis,UpRegulated,In_cis_Decrease_UpRegulated
HIST1H2BD,-0.309240090896412,6.91342663569099,17.0919405109399,0.000277870522278449,0.00046204160749903,ENSG00000158373,5,4,Increase,in_cis,DownRegulated,In_cis_Increase_DownRegulated
RIBC1,0.311557303530479,6.91775685132977,18.0853369001329,0.000299511178308744,0.000496187841019032,ENSG00000158423,4,5,Decrease,in_cis,UpRegulated,In_cis_Decrease_UpRegulated
UNK,-0.268713834516965,6.98344147964421,14.7644321041227,0.000312269266878899,0.000516716962466558,ENSG00000132478,4,3,Increase,in_cis,DownRegulated,In_cis_Increase_DownRegulated
MX1,-0.300262212769612,6.87776678657313,19.025026865399,0.000463284311555837,0.00075248464812317,ENSG00000157601,4,3,Increase,in_cis,DownRegulated,In_cis_Increase_DownRegulated
R3HDM2,0.2554361874187,7.08945139070701,12.1996843915037,0.00048649157414678,0.000787588473667882,ENSG00000179912,2,3,Decrease,in_cis,UpRegulated,In_cis_Decrease_UpRegulated
CEBPB,-0.2557869025273,7.14105825642843,12.0703800163108,0.00052123883753346,0.000841496567230792,ENSG00000172216,4,3,Increase,in_cis,DownRegulated,In_cis_Increase_DownRegulated
GDF6,0.297498181292906,6.91211173245377,14.5144197845464,0.00055769008311947,0.000898288478631931,ENSG00000156466,2,3,Decrease,in_cis,UpRegulated,In_cis_Decrease_UpRegulated
DUBR,0.277355197407211,6.95668899892305,13.3574929969237,0.000617167019559295,0.000990536017579974,ENSG00000243701,3,4,Decrease,in_cis,UpRegulated,In_cis_Decrease_UpRegulated
PPP2R3A,0.280109519010808,6.93734387855822,14.1684685446316,0.00068261846769045,0.00109132771210401,ENSG00000073711,2,3,Decrease,in_cis,UpRegulated,In_cis_Decrease_UpRegulated
EARS2,-0.265284604381464,6.89656150079743,15.4088255447572,0.00123829519697671,0.00193676035796341,ENSG00000103356,3,2,Increase,in_cis,DownRegulated,In_cis_Increase_DownRegulated
EMID1,0.275407665828895,6.84048466065522,19.4068151083108,0.00141254372182299,0.00219607970099885,ENSG00000186998,1,2,Decrease,in_cis,UpRegulated,In_cis_Decrease_UpRegulated
DDN-AS1,0.282047439959424,6.85461680402669,18.0942018437792,0.00146514315708946,0.00227320436107016,ENSG00000257913,2,3,Decrease,in_cis,UpRegulated,In_cis_Decrease_UpRegulated
PLOD2,0.257690153043693,7.08151699267828,9.80812126674729,0.00175805173283174,0.00270261120080609,ENSG00000152952,2,3,Decrease,in_cis,UpRegulated,In_cis_Decrease_UpRegulated
RREB1,0.253250426846325,6.93425171454425,11.811310787945,0.00210116388298637,0.00320067792601116,ENSG00000124782,5,6,Decrease,in_cis,UpRegulated,In_cis_Decrease_UpRegulated
TSPAN31,0.255343480748121,6.94714357233002,11.4995332213054,0.00257487452302123,0.0038875016300643,ENSG00000135452,2,3,Decrease,in_cis,UpRegulated,In_cis_Decrease_UpRegulated
AP001999.1,-0.257662729866335,6.90267665773215,13.5665490133709,0.00314677193359351,0.00471490691567099,ENSG00000251226,3,2,Increase,in_cis,DownRegulated,In_cis_Increase_DownRegulated
