gene_symbol,logFC,logCPM,F,PValue,FDR,ensembl_gene_id,G,E,classified_gene_dlp,classified_gene,classified_gene_rna,Gene_Type
HIBADH,-0.904614998653889,7.26048487515021,46.1640257042843,2.3393914378059e-11,1.15192553516255e-09,ENSG00000106049,3,2,Increase,in_cis,DownRegulated,In_cis_Increase_DownRegulated
PTN,-1.4135482996688,8.89259733273609,40.8517678781047,3.01014981232163e-10,1.1465468497911e-08,ENSG00000105894,4,3,Increase,in_cis,DownRegulated,In_cis_Increase_DownRegulated
TMEM176B,-0.981492726292352,7.01981723409955,30.3854846854886,4.9947686818825e-08,1.20507208818141e-06,ENSG00000106565,2,1,Increase,in_cis,DownRegulated,In_cis_Increase_DownRegulated
TMEM213,-0.848114966976837,8.04914235419028,20.7202332842654,6.27385596348238e-06,8.74724061201414e-05,ENSG00000214128,4,3,Increase,in_cis,DownRegulated,In_cis_Increase_DownRegulated
ZBTB33,0.589373162262619,6.70002111089613,19.3517211841077,0.000196638969278602,0.00168110354729013,ENSG00000177485,1,2,Decrease,in_cis,UpRegulated,In_cis_Decrease_UpRegulated
ETS1,0.58777269689036,6.8860829187851,13.0015233870096,0.000333502409508168,0.00259806794387086,ENSG00000134954,3,4,Decrease,in_cis,UpRegulated,In_cis_Decrease_UpRegulated
