gene_symbol,logFC,logCPM,F,PValue,FDR,ensembl_gene_id,H,E,classified_gene_dlp,classified_gene,classified_gene_rna,Gene_Type
SBSN,1.7000398892819,7.4065678430255,84.407636983623,5.04245248431426e-19,8.49795954526321e-17,ENSG00000189001,1,2,Decrease,in_cis,UpRegulated,In_cis_Decrease_UpRegulated
PABPC1,-0.53495986034694,10.6202661151156,71.986301566378,1.40151913329601e-16,1.6049190895641e-14,ENSG00000070756,5,3,Increase,in_cis,DownRegulated,In_cis_Increase_DownRegulated
ARL5B,0.919823551610113,7.43165295346709,40.6919762865913,3.33555249042081e-10,1.13281957583417e-08,ENSG00000165997,2,3,Decrease,in_cis,UpRegulated,In_cis_Decrease_UpRegulated
NFKBID,0.836741649830679,6.80030184334134,31.7484065879119,2.59151204916168e-08,5.7013265081557e-07,ENSG00000167604,1,2,Decrease,in_cis,UpRegulated,In_cis_Decrease_UpRegulated
CTHRC1,-0.860961279681901,7.47171703929447,28.2085111837049,1.48663003261827e-07,2.85560848416051e-06,ENSG00000164932,5,4,Increase,in_cis,DownRegulated,In_cis_Increase_DownRegulated
ETS1,0.829089748985802,6.90195001881406,24.5390943881318,9.24292347566237e-07,1.50378492686004e-05,ENSG00000134954,3,4,Decrease,in_cis,UpRegulated,In_cis_Decrease_UpRegulated
GPR137B,-0.775608761066289,7.0163532876958,21.8977206193211,3.48475632858269e-06,4.84826223160445e-05,ENSG00000077585,5,4,Increase,in_cis,DownRegulated,In_cis_Increase_DownRegulated
NCALD,-0.714319132475703,7.29865343009189,18.4133490415791,2.0419596778048e-05,0.000231750747676651,ENSG00000104490,5,4,Increase,in_cis,DownRegulated,In_cis_Increase_DownRegulated
U2AF1L4,0.692380028831503,6.69468730195897,25.1465534648319,4.04365743145909e-05,0.000417548533847313,ENSG00000161265,1,2,Decrease,in_cis,UpRegulated,In_cis_Decrease_UpRegulated
POLR2I,0.527741768835846,6.94277114167239,14.4372077785038,0.000158182209480019,0.00131308875007019,ENSG00000105258,1,2,Decrease,in_cis,UpRegulated,In_cis_Decrease_UpRegulated
RBPMS,-0.585853674765979,7.20856983387476,14.0518137840531,0.000193293457503685,0.00155680537639577,ENSG00000157110,3,2,Increase,in_cis,DownRegulated,In_cis_Increase_DownRegulated
MAP7D1,0.391133244402439,7.69332445348713,13.0035623254683,0.00033414690306622,0.00244039259050488,ENSG00000116871,2,3,Decrease,in_cis,UpRegulated,In_cis_Decrease_UpRegulated
COX6B1,0.384125532613787,7.45050440928104,12.6034519291153,0.000412147454171449,0.00293330761805529,ENSG00000126267,1,2,Decrease,in_cis,UpRegulated,In_cis_Decrease_UpRegulated
TBCB,0.363742557108802,7.50731190423796,11.1443666345032,0.000889818334214614,0.00550787065918568,ENSG00000105254,1,2,Decrease,in_cis,UpRegulated,In_cis_Decrease_UpRegulated
OAF,0.536599436589256,6.66806723342053,16.3588370112573,0.00100954438661229,0.00609273679812226,ENSG00000184232,1,2,Decrease,in_cis,UpRegulated,In_cis_Decrease_UpRegulated
