gene_symbol,logFC,logCPM,F,PValue,FDR,ensembl_gene_id,E,G,classified_gene_dlp,classified_gene,classified_gene_rna,Gene_Type
S100A8,-5.12033518224375,9.40506136673462,242.210022601944,3.20821474117042e-48,1.12785342366319e-45,ENSG00000143546,7,6,Increase,in_cis,DownRegulated,In_cis_Increase_DownRegulated
S100A9,-2.42215381196076,11.1723605753296,156.182714890232,5.17673307082819e-33,8.24637400892084e-31,ENSG00000163220,7,6,Increase,in_cis,DownRegulated,In_cis_Increase_DownRegulated
S100A7,-4.33813840518192,9.74253811991604,148.612652478333,1.30661925198959e-31,1.80013287486944e-29,ENSG00000143556,7,6,Increase,in_cis,DownRegulated,In_cis_Increase_DownRegulated
PODXL,1.44511427944509,6.62010597020451,127.46192306843,1.24030647695572e-27,1.29029842169016e-25,ENSG00000128567,5,6,Decrease,in_cis,UpRegulated,In_cis_Decrease_UpRegulated
RIPK4,1.34884131821281,6.1425132897575,116.698563573432,1.42136345648395e-25,1.16861293861725e-23,ENSG00000183421,3,4,Decrease,in_cis,UpRegulated,In_cis_Decrease_UpRegulated
HES4,0.665066407316234,9.04440878816189,100.168135507357,2.31014877436707e-22,1.41029741045942e-20,ENSG00000188290,3,4,Decrease,in_cis,UpRegulated,In_cis_Decrease_UpRegulated
NDUFA1,-0.528875700140264,7.89465716118204,67.6512739673348,7.31583821704718e-16,2.41375309458887e-14,ENSG00000125356,3,1,Increase,in_cis,DownRegulated,In_cis_Increase_DownRegulated
BEX2,-1.18042898902984,6.22523966334471,60.7545742940333,1.89384524822899e-14,5.2324531993752e-13,ENSG00000133134,3,1,Increase,in_cis,DownRegulated,In_cis_Increase_DownRegulated
JMJD4,-0.778671291091421,6.94905440586495,50.8292812033367,2.15994027081926e-12,4.64569431666715e-11,ENSG00000081692,5,4,Increase,in_cis,DownRegulated,In_cis_Increase_DownRegulated
ZBTB18,-0.882779159090465,6.42196046588262,46.2484914970583,1.9671922188131e-11,3.69346679020249e-10,ENSG00000179456,6,5,Increase,in_cis,DownRegulated,In_cis_Increase_DownRegulated
NDRG1,-1.31043031917464,6.62790492440706,44.9673677253793,3.65903880257307e-11,6.57917118028791e-10,ENSG00000104419,3,2,Increase,in_cis,DownRegulated,In_cis_Increase_DownRegulated
CRNDE,0.599796911171892,6.8039305105023,44.5345401398736,4.51384216917339e-11,7.98934390880603e-10,ENSG00000245694,1,2,Decrease,in_cis,UpRegulated,In_cis_Decrease_UpRegulated
MDFIC,0.741648684065193,6.32942279707583,42.4244646550306,1.25878995336447e-10,2.02418983825722e-09,ENSG00000135272,5,6,Decrease,in_cis,UpRegulated,In_cis_Decrease_UpRegulated
AKT3,-0.581601000142402,7.26762801363561,40.6701806707579,2.96086894778678e-10,4.47200872928685e-09,ENSG00000117020,6,5,Increase,in_cis,DownRegulated,In_cis_Increase_DownRegulated
IBA57,-0.894535515849426,6.21395725911023,40.185923605557,3.75102390433624e-10,5.56647579398951e-09,ENSG00000181873,5,4,Increase,in_cis,DownRegulated,In_cis_Increase_DownRegulated
BNIPL,-0.997194173405718,6.28784599647572,40.1704140966741,3.77956143035406e-10,5.59254409034248e-09,ENSG00000163141,7,6,Increase,in_cis,DownRegulated,In_cis_Increase_DownRegulated
LYST,-1.00619428931989,6.0292133931141,38.6647758539573,7.89577195125635e-10,1.1011955546246e-08,ENSG00000143669,6,5,Increase,in_cis,DownRegulated,In_cis_Increase_DownRegulated
PTP4A3,-0.986525106197436,5.9851561322008,47.0350658949284,1.68024674323851e-09,2.21319322316753e-08,ENSG00000184489,3,2,Increase,in_cis,DownRegulated,In_cis_Increase_DownRegulated
CD46,-0.509042091635274,8.15056047300589,36.2407400796857,2.59578619530644e-09,3.3246281735112e-08,ENSG00000117335,7,6,Increase,in_cis,DownRegulated,In_cis_Increase_DownRegulated
CCDC71L,0.668048575109704,6.81567721455144,34.6343101649941,5.72859226049877e-09,6.91978650423992e-08,ENSG00000253276,5,6,Decrease,in_cis,UpRegulated,In_cis_Decrease_UpRegulated
TFF1,0.916816971037685,6.25507081525154,33.8610277034524,8.39262106318991e-09,9.82350995857877e-08,ENSG00000160182,3,4,Decrease,in_cis,UpRegulated,In_cis_Decrease_UpRegulated
NCOA2,-0.720734972101864,6.48947697958329,32.6951769973548,1.49419015201259e-08,1.68323409942192e-07,ENSG00000140396,3,2,Increase,in_cis,DownRegulated,In_cis_Increase_DownRegulated
EPHX4,0.894626530138474,5.87603302866019,51.9510543447513,1.56499400904896e-08,1.75138462373811e-07,ENSG00000172031,3,4,Decrease,in_cis,UpRegulated,In_cis_Decrease_UpRegulated
TARBP1,-0.566283412236378,7.07538172203457,32.2702553220581,1.84438082958678e-08,2.03061150730424e-07,ENSG00000059588,6,5,Increase,in_cis,DownRegulated,In_cis_Increase_DownRegulated
DPM3,-0.560794165301549,6.95761609294549,32.1210106847795,1.9860344093183e-08,2.17249150246781e-07,ENSG00000179085,7,6,Increase,in_cis,DownRegulated,In_cis_Increase_DownRegulated
SDHAF3,0.625698531966878,6.44625053284548,31.924639424723,2.18919772732721e-08,2.38194992850597e-07,ENSG00000196636,5,6,Decrease,in_cis,UpRegulated,In_cis_Decrease_UpRegulated
CHI3L2,0.590169933792025,9.03582419785399,31.5191098378966,2.67724569007372e-08,2.86406293917121e-07,ENSG00000064886,2,3,Decrease,in_cis,UpRegulated,In_cis_Decrease_UpRegulated
TCEAL8,-0.665357763160455,6.42614720986175,31.499640954256,2.70324942500807e-08,2.88582490973374e-07,ENSG00000180964,3,1,Increase,in_cis,DownRegulated,In_cis_Increase_DownRegulated
RPP40,0.568839637020899,6.68188423382674,31.1890875675432,3.15406127081518e-08,3.32635317880903e-07,ENSG00000124787,3,4,Decrease,in_cis,UpRegulated,In_cis_Decrease_UpRegulated
CAV1,0.780806859378488,6.43409070150054,27.959080689713,1.57812065290616e-07,1.43395187668256e-06,ENSG00000105974,5,6,Decrease,in_cis,UpRegulated,In_cis_Decrease_UpRegulated
FBXO32,-0.905157906434132,6.10148458028338,27.2076160347284,2.2989723799062e-07,2.01704160181959e-06,ENSG00000156804,3,2,Increase,in_cis,DownRegulated,In_cis_Increase_DownRegulated
TCEAL9,-0.582775583229222,6.67502283633508,27.1806782999112,2.33021562247184e-07,2.04269546613073e-06,ENSG00000185222,3,1,Increase,in_cis,DownRegulated,In_cis_Increase_DownRegulated
ZBTB7B,-0.687420607845124,6.28764292175926,27.0585931427776,2.47724858245303e-07,2.15859395710331e-06,ENSG00000160685,7,6,Increase,in_cis,DownRegulated,In_cis_Increase_DownRegulated
LINC00467,-0.678530543590975,6.3415828907191,26.2537677885593,3.70970764202754e-07,3.12824395454679e-06,ENSG00000153363,7,6,Increase,in_cis,DownRegulated,In_cis_Increase_DownRegulated
LAMB1,0.755923212227517,5.98552238362112,24.8128844220768,7.658639979417e-07,6.08098400234863e-06,ENSG00000091136,5,6,Decrease,in_cis,UpRegulated,In_cis_Decrease_UpRegulated
SEPT6,-0.783282475935223,5.9792794460591,28.0662147496183,1.22601014951348e-06,9.34867522597571e-06,ENSG00000125354,3,1,Increase,in_cis,DownRegulated,In_cis_Increase_DownRegulated
EPHX1,-0.604199220006977,6.38069172255067,23.6290301498266,1.39206243865573e-06,1.04584204584341e-05,ENSG00000143819,5,4,Increase,in_cis,DownRegulated,In_cis_Increase_DownRegulated
RHEB,0.310466754887458,8.55674286241706,23.3195106629585,1.62794379656125e-06,1.20045838607018e-05,ENSG00000106615,5,6,Decrease,in_cis,UpRegulated,In_cis_Decrease_UpRegulated
SNX10,0.606312224322247,6.28045508186571,22.5957109678854,2.34872177308502e-06,1.67801110557826e-05,ENSG00000086300,5,6,Decrease,in_cis,UpRegulated,In_cis_Decrease_UpRegulated
COX7B,-0.347765320763439,7.81738283354024,22.3897004394291,2.60735059898316e-06,1.84596801087731e-05,ENSG00000131174,3,1,Increase,in_cis,DownRegulated,In_cis_Increase_DownRegulated
GMNN,0.46062853489636,7.72173055825559,22.2728702493035,2.76655638777345e-06,1.94651776213598e-05,ENSG00000112312,3,4,Decrease,in_cis,UpRegulated,In_cis_Decrease_UpRegulated
MINCR,-0.70054201226021,6.12132290374199,22.1293269243613,2.97561462709127e-06,2.08497533492753e-05,ENSG00000253716,3,2,Increase,in_cis,DownRegulated,In_cis_Increase_DownRegulated
TRIB2,-0.762485767202936,6.02398729999319,22.1854167656956,3.21784408705861e-06,2.24084156199197e-05,ENSG00000071575,6,5,Increase,in_cis,DownRegulated,In_cis_Increase_DownRegulated
PDE4B,0.638787845253737,6.2689557198174,21.5548770388579,3.98397244162786e-06,2.73144579975763e-05,ENSG00000184588,3,4,Decrease,in_cis,UpRegulated,In_cis_Decrease_UpRegulated
CTSS,-0.793107650800828,5.97338971710849,24.0483286040033,4.00734863934532e-06,2.74562630229339e-05,ENSG00000163131,7,6,Increase,in_cis,DownRegulated,In_cis_Increase_DownRegulated
GRHL1,-0.395746797870589,7.89404442780235,21.3152748418265,4.50030357013457e-06,3.03643910638795e-05,ENSG00000134317,6,5,Increase,in_cis,DownRegulated,In_cis_Increase_DownRegulated
CAPZA2,0.317691611255236,7.54216079346024,20.9677095448966,5.37133245452949e-06,3.58381769462881e-05,ENSG00000198898,5,6,Decrease,in_cis,UpRegulated,In_cis_Decrease_UpRegulated
ACBD3,-0.363901866734854,7.83493887969946,20.9204945744438,5.50207577507926e-06,3.65907779040659e-05,ENSG00000182827,5,4,Increase,in_cis,DownRegulated,In_cis_Increase_DownRegulated
HIST1H1A,0.768075324180609,6.33582111006679,20.9036008715043,5.54962994223077e-06,3.68349461334914e-05,ENSG00000124610,3,4,Decrease,in_cis,UpRegulated,In_cis_Decrease_UpRegulated
SGCE,0.587019655783202,6.35692508645089,20.8376539052115,5.73925538931735e-06,3.80193038947956e-05,ENSG00000127990,5,6,Decrease,in_cis,UpRegulated,In_cis_Decrease_UpRegulated
LYN,-0.636255186814993,6.35878351098677,20.6037698677412,6.46589625878386e-06,4.22562899732701e-05,ENSG00000254087,3,2,Increase,in_cis,DownRegulated,In_cis_Increase_DownRegulated
MALSU1,0.314418975835633,7.57845073927216,19.8306404629541,9.59486414148936e-06,6.01967014907594e-05,ENSG00000156928,5,6,Decrease,in_cis,UpRegulated,In_cis_Decrease_UpRegulated
PIN4,-0.442036834537902,6.63825672929079,19.536343805593,1.11531688544185e-05,6.89548553491794e-05,ENSG00000102309,3,1,Increase,in_cis,DownRegulated,In_cis_Increase_DownRegulated
CLSPN,0.638505154154114,6.4215722252752,19.4424949818309,1.17018377959409e-05,7.20847349423671e-05,ENSG00000092853,3,4,Decrease,in_cis,UpRegulated,In_cis_Decrease_UpRegulated
CAPN2,-0.532366757803658,6.93023876367199,18.3692396470586,2.02875486558386e-05,0.000117919930756143,ENSG00000162909,5,4,Increase,in_cis,DownRegulated,In_cis_Increase_DownRegulated
PABPC4,0.309418994252982,7.5101621783237,17.5850385691476,3.03677656851296e-05,0.000170203062759701,ENSG00000090621,3,4,Decrease,in_cis,UpRegulated,In_cis_Decrease_UpRegulated
ASNS,0.525155262122064,6.84411930412564,17.5123524586155,3.15264989469494e-05,0.00017621307936631,ENSG00000070669,5,6,Decrease,in_cis,UpRegulated,In_cis_Decrease_UpRegulated
VPS35,0.308937258944887,7.32415112541726,17.0746837728761,3.95088936309913e-05,0.00021539741741602,ENSG00000069329,1,2,Decrease,in_cis,UpRegulated,In_cis_Decrease_UpRegulated
SDCCAG8,-0.487503921704006,6.44566028675315,16.7179676112503,4.75014216484463e-05,0.000253123878670092,ENSG00000054282,6,5,Increase,in_cis,DownRegulated,In_cis_Increase_DownRegulated
PSTPIP2,-0.644829047504603,5.99710030786469,17.8772024145283,4.9777892633469e-05,0.000264177832065704,ENSG00000152229,3,2,Increase,in_cis,DownRegulated,In_cis_Increase_DownRegulated
ACOT13,0.388492940492204,6.74994748200612,16.4754965358457,5.38465198897421e-05,0.000283849674392927,ENSG00000112304,3,4,Decrease,in_cis,UpRegulated,In_cis_Decrease_UpRegulated
MAGEA4,-0.78015561967346,6.03071023684404,16.4381456379978,5.48971942693465e-05,0.00028864202969365,ENSG00000147381,3,1,Increase,in_cis,DownRegulated,In_cis_Increase_DownRegulated
ZFP57,0.468343362582158,6.40048825741148,16.4026012816723,5.59162348932349e-05,0.000293394757970422,ENSG00000204644,3,4,Decrease,in_cis,UpRegulated,In_cis_Decrease_UpRegulated
COX20,-0.266709641117393,8.04531519405656,16.3137282099946,5.8548416331008e-05,0.000305632926008513,ENSG00000203667,6,5,Increase,in_cis,DownRegulated,In_cis_Increase_DownRegulated
KLRG2,0.567144023855642,5.97183815356707,19.7330047708276,7.14278321709985e-05,0.000363558037435511,ENSG00000188883,5,6,Decrease,in_cis,UpRegulated,In_cis_Decrease_UpRegulated
SLC6A8,-0.569254445427011,6.06615054671809,15.5045944934231,8.90711600631561e-05,0.000441888309899697,ENSG00000130821,3,1,Increase,in_cis,DownRegulated,In_cis_Increase_DownRegulated
SH2B2,0.524506967983606,6.20289131451296,15.3619374269984,9.59246414877285e-05,0.000472212322533748,ENSG00000160999,5,6,Decrease,in_cis,UpRegulated,In_cis_Decrease_UpRegulated
GMDS,0.407490298148473,6.56639832427419,15.2972381724322,9.92058791511404e-05,0.00048671989314046,ENSG00000112699,3,4,Decrease,in_cis,UpRegulated,In_cis_Decrease_UpRegulated
OGT,-0.571295631144904,6.30863778575402,15.1639754279612,0.000106325542470976,0.000517208458945076,ENSG00000147162,3,1,Increase,in_cis,DownRegulated,In_cis_Increase_DownRegulated
NCDN,0.595324282014284,5.88422001220448,22.1060204298252,0.000118677877174389,0.000571256354009864,ENSG00000020129,3,4,Decrease,in_cis,UpRegulated,In_cis_Decrease_UpRegulated
C1orf198,-0.431921628796447,6.67960785672875,14.8724891350284,0.000123748332820458,0.000591474098970729,ENSG00000119280,6,5,Increase,in_cis,DownRegulated,In_cis_Increase_DownRegulated
SOSTDC1,0.576411565180963,6.69416435353603,14.7868305125416,0.000129396526532848,0.000615297382463797,ENSG00000171243,5,6,Decrease,in_cis,UpRegulated,In_cis_Decrease_UpRegulated
ORC6,0.547257191066388,6.24046889476938,14.5792629362283,0.000144186408974396,0.000677098313907862,ENSG00000091651,1,2,Decrease,in_cis,UpRegulated,In_cis_Decrease_UpRegulated
CCSAP,-0.493806624293679,6.45212573778121,14.1512045497935,0.000180302523632687,0.000826150215027077,ENSG00000154429,6,5,Increase,in_cis,DownRegulated,In_cis_Increase_DownRegulated
NVL,-0.507831334889071,6.24261131237044,14.0703393810077,0.000188089148722011,0.000857205574975817,ENSG00000143748,5,4,Increase,in_cis,DownRegulated,In_cis_Increase_DownRegulated
TRIM24,0.349068512703372,7.09265378725168,13.9566673078958,0.000199612459633663,0.000903261884582863,ENSG00000122779,5,6,Decrease,in_cis,UpRegulated,In_cis_Decrease_UpRegulated
OBSCN,-0.546450810401682,6.1285591213784,13.7383076283244,0.000223787654630279,0.000997165707585531,ENSG00000154358,5,4,Increase,in_cis,DownRegulated,In_cis_Increase_DownRegulated
RAX,-0.472189378541647,7.01901408610124,13.477807916963,0.000256530689511375,0.00112438967307329,ENSG00000134438,3,2,Increase,in_cis,DownRegulated,In_cis_Increase_DownRegulated
C1orf35,-0.36721895305176,6.89465785900307,13.4044656250751,0.000266594083076147,0.00115804289602101,ENSG00000143793,5,4,Increase,in_cis,DownRegulated,In_cis_Increase_DownRegulated
DNAJA2,0.397022218393358,6.45307396483196,13.3309540814184,0.000277081044694176,0.00119798187050768,ENSG00000069345,1,2,Decrease,in_cis,UpRegulated,In_cis_Decrease_UpRegulated
ARMC10,0.273477717016572,7.25620335503804,13.2192376535126,0.000293821995199549,0.00126233259210257,ENSG00000170632,5,6,Decrease,in_cis,UpRegulated,In_cis_Decrease_UpRegulated
PSEN2,-0.487334236314552,6.12290733486105,12.3888191541457,0.000454951073791397,0.00185084844265894,ENSG00000143801,5,4,Increase,in_cis,DownRegulated,In_cis_Increase_DownRegulated
RBM12B,-0.601524873486752,5.97218285345347,14.8721099030921,0.000481430128152854,0.00194129362028827,ENSG00000183808,3,2,Increase,in_cis,DownRegulated,In_cis_Increase_DownRegulated
TRIM11,-0.425453370204955,6.47646285739393,11.6010907643715,0.000690168022833636,0.00265920748026792,ENSG00000154370,5,4,Increase,in_cis,DownRegulated,In_cis_Increase_DownRegulated
VASH2,-0.499902857224284,6.03737196683873,11.9377765519104,0.000728175177981009,0.00279298191855395,ENSG00000143494,5,4,Increase,in_cis,DownRegulated,In_cis_Increase_DownRegulated
ZMAT1,-0.608758388170795,5.94355531608301,13.6945034924202,0.000810842247376644,0.0030621364531221,ENSG00000166432,3,1,Increase,in_cis,DownRegulated,In_cis_Increase_DownRegulated
S100A6,-0.279088351447056,11.8382923273717,10.8224129985719,0.00104420824501141,0.00381703229038772,ENSG00000197956,7,6,Increase,in_cis,DownRegulated,In_cis_Increase_DownRegulated
ATP6V0E2,0.349806431995318,6.61177595038832,10.6620575315623,0.00113747900372958,0.00410935451559996,ENSG00000171130,5,6,Decrease,in_cis,UpRegulated,In_cis_Decrease_UpRegulated
SERPINB6,0.255300127802557,7.17804234499668,10.640698940899,0.00115052415282195,0.00414913114185348,ENSG00000124570,3,4,Decrease,in_cis,UpRegulated,In_cis_Decrease_UpRegulated
XIAP,-0.435099202026205,6.24390685757864,10.6388552512193,0.00115165730774573,0.00415174902845393,ENSG00000101966,3,1,Increase,in_cis,DownRegulated,In_cis_Increase_DownRegulated
PLOD3,0.355793047558052,6.53035247499596,10.5911779255769,0.00118135671804622,0.00424530551303531,ENSG00000106397,5,6,Decrease,in_cis,UpRegulated,In_cis_Decrease_UpRegulated
OPN3,-0.38162748064764,6.41995798726757,10.1513359560808,0.00149480046328445,0.0052190036723236,ENSG00000054277,6,5,Increase,in_cis,DownRegulated,In_cis_Increase_DownRegulated
CNST,-0.436580408382611,6.14385642881945,10.1272440648757,0.00151422840563972,0.00528140903027605,ENSG00000162852,6,5,Increase,in_cis,DownRegulated,In_cis_Increase_DownRegulated
DUSP9,-0.534579828322021,5.89394013967066,14.8330354943656,0.00170682401320159,0.00588072687211563,ENSG00000130829,3,1,Increase,in_cis,DownRegulated,In_cis_Increase_DownRegulated
PHTF1,0.47118054925424,5.99966461986395,12.9005380992236,0.00194953087225499,0.00659657060824416,ENSG00000116793,2,3,Decrease,in_cis,UpRegulated,In_cis_Decrease_UpRegulated
L1CAM,-0.483940212946479,6.03718911284595,9.62826383644911,0.00197967596977852,0.00668525886448891,ENSG00000198910,3,1,Increase,in_cis,DownRegulated,In_cis_Increase_DownRegulated
U2AF1,-0.528703485338953,5.96159438930261,12.6794238957123,0.00200331565542567,0.00674498121105174,ENSG00000160201,3.0958904109589,3.06849315068493,Increase,in_cis,DownRegulated,In_cis_Increase_DownRegulated
EXOC8,-0.433158445937826,6.12733037391534,9.01506768676526,0.00275634268228734,0.00887023789328263,ENSG00000116903,6,5,Increase,in_cis,DownRegulated,In_cis_Increase_DownRegulated
KHDC4,-0.368913519353324,6.93335926968489,8.96464206138099,0.00283262887771903,0.00907277769662127,ENSG00000132680,7,6,Increase,in_cis,DownRegulated,In_cis_Increase_DownRegulated
DISC1,-0.522739084064012,5.89938258141763,12.964303361217,0.00284290379809652,0.00910282795904334,ENSG00000162946,6,5,Increase,in_cis,DownRegulated,In_cis_Increase_DownRegulated
SERPINB2,-0.587610205035086,6.3232219835994,8.92051929064445,0.00290114123445549,0.00927473655856812,ENSG00000197632,3,2,Increase,in_cis,DownRegulated,In_cis_Increase_DownRegulated
BRD7,0.259679078124436,6.99803287051702,8.90444284298157,0.00292652139369929,0.00933830535485581,ENSG00000166164,1,2,Decrease,in_cis,UpRegulated,In_cis_Decrease_UpRegulated
BMP6,0.340479865902542,6.87942197534907,8.83091541345232,0.00304551287564621,0.00965754394003519,ENSG00000153162,3,4,Decrease,in_cis,UpRegulated,In_cis_Decrease_UpRegulated
TSPAN13,0.250958748372469,7.30189458274747,8.79492397191294,0.00310554304225633,0.00979913689749407,ENSG00000106537,5,6,Decrease,in_cis,UpRegulated,In_cis_Decrease_UpRegulated
