gene_symbol,logFC,logCPM,F,PValue,FDR,ensembl_gene_id,H,E,classified_gene_dlp,classified_gene,classified_gene_rna,Gene_Type
FXYD3,0.780176408177004,9.3068307494403,60.9771523605444,3.04233616550952e-14,1.00767562441378e-12,ENSG00000089356,1,3,Decrease,in_cis,UpRegulated,In_cis_Decrease_UpRegulated
COX6B1,0.486681864439653,8.59909562106637,50.2410845603105,4.29298536930107e-12,1.05283706761875e-10,ENSG00000126267,1,2,Decrease,in_cis,UpRegulated,In_cis_Decrease_UpRegulated
KCNK1,-0.823351751705127,7.31273213739239,45.9833623291964,3.14989320777765e-11,6.79650034447407e-10,ENSG00000135750,5,4,Increase,in_cis,DownRegulated,In_cis_Increase_DownRegulated
APLP1,0.911715019677812,6.63543743349886,40.8479815680129,3.57140834372023e-10,6.47615379661268e-09,ENSG00000105290,1,2,Decrease,in_cis,UpRegulated,In_cis_Decrease_UpRegulated
POLR2I,0.653776248599529,7.35748774039092,40.3257361773063,4.5788693305788e-10,8.10649528821999e-09,ENSG00000105258,1,2,Decrease,in_cis,UpRegulated,In_cis_Decrease_UpRegulated
ZNF670,-0.966465517277389,6.44711857682907,38.8114142693001,9.42787118089626e-10,1.57294742973466e-08,ENSG00000277462,5,4,Increase,in_cis,DownRegulated,In_cis_Increase_DownRegulated
NCALD,-0.99681906610249,6.96346718584101,33.7920748408937,1.05225504639125e-08,1.44419591688193e-07,ENSG00000104490,5,4,Increase,in_cis,DownRegulated,In_cis_Increase_DownRegulated
FDX1,0.677788209478492,6.63605112307185,27.8582325079441,1.89702200095427e-07,2.00920811760661e-06,ENSG00000137714,1,2,Decrease,in_cis,UpRegulated,In_cis_Decrease_UpRegulated
ZNF669,-0.810739232368571,6.61592672507922,26.5833614808673,3.5531274340876e-07,3.47416904666343e-06,ENSG00000188295,5,4,Increase,in_cis,DownRegulated,In_cis_Increase_DownRegulated
TBCB,0.475639085058319,7.50718694580981,25.7116631429905,5.46453850045397e-07,5.12536024870165e-06,ENSG00000105254,1,2,Decrease,in_cis,UpRegulated,In_cis_Decrease_UpRegulated
ARID4B,-0.437047823445673,8.09377832723967,24.2820552979288,1.10976292775962e-06,9.65235662749068e-06,ENSG00000054267,5,4,Increase,in_cis,DownRegulated,In_cis_Increase_DownRegulated
ZNF146,0.570956134738679,6.68235152518356,18.0098271794651,2.58856306663008e-05,0.000160240979903942,ENSG00000167635,1,2,Decrease,in_cis,UpRegulated,In_cis_Decrease_UpRegulated
ZNF695,-0.552696455432594,6.47848397069565,14.1654856462414,0.000185839366193077,0.0009041160709751,ENSG00000197472,5,4,Increase,in_cis,DownRegulated,In_cis_Increase_DownRegulated
COA6,-0.326085020186566,7.60539088624457,11.435738469023,0.0007728587304006,0.00310805553946048,ENSG00000168275,5,4,Increase,in_cis,DownRegulated,In_cis_Increase_DownRegulated
STAM,0.429454926057388,6.60154502592771,10.8463013961107,0.0010550523452494,0.00406269834875959,ENSG00000136738,2,3,Decrease,in_cis,UpRegulated,In_cis_Decrease_UpRegulated
AF117829.1,-0.522062512285643,6.28886262804574,11.7461762918059,0.00119257916988903,0.00450909462043972,ENSG00000251136,2,1,Increase,in_cis,DownRegulated,In_cis_Increase_DownRegulated
