gene_symbol,logFC,logCPM,F,PValue,FDR,ensembl_gene_id,A,G,classified_gene_dlp,classified_gene,classified_gene_rna,Gene_Type
TACC1,2.38997895551794,6.39790579979587,318.341714256329,3.90403337201039e-61,2.80755771352862e-58,ENSG00000147526,6,7,Decrease,in_cis,UpRegulated,In_cis_Decrease_UpRegulated
TM2D2,0.90879253171687,6.95845339868797,99.3172178156508,2.96907693600364e-22,2.04744291723867e-20,ENSG00000169490,6,7,Decrease,in_cis,UpRegulated,In_cis_Decrease_UpRegulated
AKR1B1,1.24836011222485,6.1514741025252,92.549028899,6.50566519043486e-21,4.01834583664406e-19,ENSG00000085662,5,6,Decrease,in_cis,UpRegulated,In_cis_Decrease_UpRegulated
ISG15,1.31080594939785,6.67431072437668,80.0877450129168,2.0356953523515e-18,9.9977467353536e-17,ENSG00000187608,3,4,Decrease,in_cis,UpRegulated,In_cis_Decrease_UpRegulated
TMEM45A,1.33633238543872,6.45424002470512,70.9332932346467,1.46305398548498e-16,6.08678823382759e-15,ENSG00000181458,3,5,Decrease,in_cis,UpRegulated,In_cis_Decrease_UpRegulated
LAPTM4A,0.534193948673528,8.41266824337063,64.8520274180063,2.57068616728896e-15,9.14546584178983e-14,ENSG00000068697,5,6,Decrease,in_cis,UpRegulated,In_cis_Decrease_UpRegulated
ACTR3B,0.6383363789096,7.35165856024876,61.0114517598802,1.58895958568047e-14,5.06254592045284e-13,ENSG00000133627,5,6,Decrease,in_cis,UpRegulated,In_cis_Decrease_UpRegulated
MX1,1.13073245030097,6.18502306544132,59.9350109136222,2.65177393770162e-14,8.31715264946415e-13,ENSG00000157601,3,4,Decrease,in_cis,UpRegulated,In_cis_Decrease_UpRegulated
TSPAN15,0.588542030315184,7.12879886973376,47.9032545647907,8.54478188484537e-12,1.9507678915334e-10,ENSG00000099282,4,5,Decrease,in_cis,UpRegulated,In_cis_Decrease_UpRegulated
NDUFA1,-0.434567935681197,7.92764335948372,47.6820084285062,9.51085293555328e-12,2.14217600347093e-10,ENSG00000125356,2,1,Increase,in_cis,DownRegulated,In_cis_Increase_DownRegulated
SDC1,0.54754306753003,8.40260130236353,46.4699299429073,1.71133624189973e-11,3.70531898568741e-10,ENSG00000115884,5,6,Decrease,in_cis,UpRegulated,In_cis_Decrease_UpRegulated
SAT1,-0.781257610277498,10.9343621451785,45.7870356274713,2.38380828684567e-11,5.06332950041396e-10,ENSG00000130066,2,1,Increase,in_cis,DownRegulated,In_cis_Increase_DownRegulated
MNX1-AS1,0.978408412299433,5.96664144497457,70.5885652071527,1.13383296986287e-10,2.19950488257792e-09,ENSG00000243479,5,6,Decrease,in_cis,UpRegulated,In_cis_Decrease_UpRegulated
ROPN1,0.757632708201274,6.4939889741196,39.79710182494,4.42864449191974e-10,7.78142979836788e-09,ENSG00000065371,3,5,Decrease,in_cis,UpRegulated,In_cis_Decrease_UpRegulated
KLRG2,0.82190657934101,6.07341462594218,44.9601579863795,6.09478988229933e-10,1.04003973788118e-08,ENSG00000188883,5,6,Decrease,in_cis,UpRegulated,In_cis_Decrease_UpRegulated
BLVRA,0.765885559509129,6.28850487244489,37.9995683915283,1.07020396130935e-09,1.75485561603625e-08,ENSG00000106605,3,4,Decrease,in_cis,UpRegulated,In_cis_Decrease_UpRegulated
TNFRSF18,0.680231930982867,6.45423158036568,32.1630576649322,1.91412162735829e-08,2.55927975355156e-07,ENSG00000186891,3,4,Decrease,in_cis,UpRegulated,In_cis_Decrease_UpRegulated
ATP6V0E2,0.569058077935568,6.70134684937934,29.4901484137589,7.24719262402937e-08,8.64511082212413e-07,ENSG00000171130,5,6,Decrease,in_cis,UpRegulated,In_cis_Decrease_UpRegulated
ARF5,0.341259239694464,7.84243190640112,28.9705484162261,9.3958042454442e-08,1.0999646179434e-06,ENSG00000004059,5,6,Decrease,in_cis,UpRegulated,In_cis_Decrease_UpRegulated
UBE3C,0.357072316594725,7.81363092016111,26.0416469452115,4.08270385860807e-07,4.13112185411719e-06,ENSG00000009335,5,6,Decrease,in_cis,UpRegulated,In_cis_Decrease_UpRegulated
SDHAF3,0.547717214502542,6.49766716747037,24.6947874943337,8.04973819636849e-07,7.7185489677179e-06,ENSG00000196636,4,6,Decrease,in_cis,UpRegulated,In_cis_Decrease_UpRegulated
L1CAM,-0.789449430110528,6.10112256557446,26.0029423849598,9.05372559015729e-07,8.55895861424447e-06,ENSG00000198910,2,1,Increase,in_cis,DownRegulated,In_cis_Increase_DownRegulated
TUBB,0.38877596286175,9.38543814578339,24.3173693801016,9.74033737047076e-07,9.1139141864219e-06,ENSG00000196230,3,4,Decrease,in_cis,UpRegulated,In_cis_Decrease_UpRegulated
CALD1,0.416456820749426,8.50752358769358,23.603083556372,1.39790915092114e-06,1.25662047602447e-05,ENSG00000122786,5,6,Decrease,in_cis,UpRegulated,In_cis_Decrease_UpRegulated
SMS,-0.410178194807344,7.43316813960356,21.9625855428608,3.21335972851391e-06,2.65181194644902e-05,ENSG00000102172,2,1,Increase,in_cis,DownRegulated,In_cis_Increase_DownRegulated
TFF1,0.723074115347044,6.29717600476361,20.7959338308073,5.82150558173262e-06,4.55053712708727e-05,ENSG00000160182,3,4,Decrease,in_cis,UpRegulated,In_cis_Decrease_UpRegulated
TSPAN33,0.510588877992709,6.3891912096192,20.4964052506973,6.78324006905426e-06,5.22122790636378e-05,ENSG00000158457,5,6,Decrease,in_cis,UpRegulated,In_cis_Decrease_UpRegulated
CLSPN,0.636607836897746,6.48316610427384,20.3983881801032,7.13147658959469e-06,5.45590473434949e-05,ENSG00000092853,3,4,Decrease,in_cis,UpRegulated,In_cis_Decrease_UpRegulated
ROPN1B,0.586398547321101,6.45741467745618,20.3462103463022,7.32413378010743e-06,5.58631658319103e-05,ENSG00000114547,3,5,Decrease,in_cis,UpRegulated,In_cis_Decrease_UpRegulated
EFNB2,-0.540582831350884,6.70927772783892,19.1054677180097,1.38229776545778e-05,9.99064888918086e-05,ENSG00000125266,6,4,Increase,in_cis,DownRegulated,In_cis_Increase_DownRegulated
ADGRF4,0.589764148784717,5.99961585982779,20.9371737635768,1.62700505289537e-05,0.000115682816896543,ENSG00000153294,3,4,Decrease,in_cis,UpRegulated,In_cis_Decrease_UpRegulated
GBP1,0.670125259798185,6.07621688016844,18.7810163979089,1.63274289341194e-05,0.000116008859921464,ENSG00000117228,3,4,Decrease,in_cis,UpRegulated,In_cis_Decrease_UpRegulated
NET1,0.402843210190628,7.09885170191196,18.6500209788482,1.7463746598648e-05,0.000123040588352126,ENSG00000173848,4,5,Decrease,in_cis,UpRegulated,In_cis_Decrease_UpRegulated
CAV1,0.647189760070388,6.48445725950713,17.9343926071887,2.52346697867258e-05,0.000168700302398908,ENSG00000105974,5,6,Decrease,in_cis,UpRegulated,In_cis_Decrease_UpRegulated
CALML5,0.387010511438053,9.30964941719783,17.1030232527521,3.8746154413157e-05,0.000248944660262709,ENSG00000178372,4,5,Decrease,in_cis,UpRegulated,In_cis_Decrease_UpRegulated
VWA1,0.391164180357828,7.09560670712032,16.6198270622388,4.97433877876121e-05,0.000312229693419999,ENSG00000179403,3,4,Decrease,in_cis,UpRegulated,In_cis_Decrease_UpRegulated
ACOT7,0.445658561295325,6.38705039819312,15.5923191792471,8.47562588146942e-05,0.000502954282089889,ENSG00000097021,3,4,Decrease,in_cis,UpRegulated,In_cis_Decrease_UpRegulated
FAM107B,0.514490021080083,6.81236518858204,14.995031754885,0.000115656329208397,0.000661606774130761,ENSG00000065809,2,3,Decrease,in_cis,UpRegulated,In_cis_Decrease_UpRegulated
BEX2,-0.510948142410315,6.32350267149143,14.8951273205537,0.000121838539932339,0.000692251930044461,ENSG00000133134,2,1,Increase,in_cis,DownRegulated,In_cis_Increase_DownRegulated
NRM,0.604819558103434,5.96849016354145,25.3005715449389,0.000168133376094936,0.000917986350609443,ENSG00000137404,3,4,Decrease,in_cis,UpRegulated,In_cis_Decrease_UpRegulated
DDAH1,0.459932591408335,6.31191571046197,15.9004857631998,0.000188078135325093,0.00101586409144476,ENSG00000153904,3,4,Decrease,in_cis,UpRegulated,In_cis_Decrease_UpRegulated
KLF6,0.366536186726231,10.0159517876935,13.0098957524046,0.000327037380616871,0.00163486213905197,ENSG00000067082,4,5,Decrease,in_cis,UpRegulated,In_cis_Decrease_UpRegulated
MYCN,0.498848736373968,6.03968003614675,14.6640851899695,0.00035203904112961,0.00174294461360332,ENSG00000134323,5,6,Decrease,in_cis,UpRegulated,In_cis_Decrease_UpRegulated
PLEKHO1,0.468008793204332,6.11399836915214,12.7782965523115,0.000369460148556992,0.00182071697291816,ENSG00000023902,4.5,5,Decrease,in_cis,UpRegulated,In_cis_Decrease_UpRegulated
EXOSC7,0.381951882697365,6.50818095110387,12.773238535709,0.000370446257676849,0.00182468342577814,ENSG00000075914,4,5,Decrease,in_cis,UpRegulated,In_cis_Decrease_UpRegulated
CDCA3,0.562734427969173,6.35252172080468,12.743528257239,0.000376292508731593,0.00184715406041427,ENSG00000111665,3,4,Decrease,in_cis,UpRegulated,In_cis_Decrease_UpRegulated
EPHX4,0.560170834807703,5.94824426598901,22.5859545224476,0.000520220389235265,0.00243948713498866,ENSG00000172031,3,4,Decrease,in_cis,UpRegulated,In_cis_Decrease_UpRegulated
SVBP,0.38919044017425,6.46933219238985,11.8833577245727,0.00059282040580649,0.00271914161533473,ENSG00000177868,3,4,Decrease,in_cis,UpRegulated,In_cis_Decrease_UpRegulated
PDK4,0.518126019859746,6.2538142518334,11.8789017148228,0.00059422158220179,0.00272184844841111,ENSG00000004799,4,6,Decrease,in_cis,UpRegulated,In_cis_Decrease_UpRegulated
PUDP,-0.538297524287358,6.11886830872777,11.8590556174032,0.000600502929754649,0.00274629661785263,ENSG00000130021,2,1,Increase,in_cis,DownRegulated,In_cis_Increase_DownRegulated
MSL3,-0.425071467026907,6.46303521046547,11.4591967632833,0.000742418165598673,0.00329425565943034,ENSG00000005302,2,1,Increase,in_cis,DownRegulated,In_cis_Increase_DownRegulated
LSM2,0.265512474592014,7.42197619247286,11.4281164971918,0.000754779330181216,0.00334174067557805,ENSG00000204392,3,4,Decrease,in_cis,UpRegulated,In_cis_Decrease_UpRegulated
UBE2H,0.278704078812312,7.73379926687038,11.310265299509,0.000803574749348136,0.00353446508363348,ENSG00000186591,5,6,Decrease,in_cis,UpRegulated,In_cis_Decrease_UpRegulated
TCAF1,0.331013557946642,6.86914554371092,11.2787061667073,0.000817175715042425,0.00358958337654762,ENSG00000198420,5,6,Decrease,in_cis,UpRegulated,In_cis_Decrease_UpRegulated
MAGI3,0.438841384702202,6.23161397103635,11.1406892770426,0.000879450512229788,0.00383430618277745,ENSG00000081026,2,3,Decrease,in_cis,UpRegulated,In_cis_Decrease_UpRegulated
CDKN2C,0.502260907830467,5.98375877455933,16.2212429178113,0.000910509485509018,0.00393941104430803,ENSG00000123080,3,4,Decrease,in_cis,UpRegulated,In_cis_Decrease_UpRegulated
TSPAN2,0.478140305254121,5.96482548401835,13.5861360350118,0.00116173842194408,0.00486943481770734,ENSG00000134198,2,3,Decrease,in_cis,UpRegulated,In_cis_Decrease_UpRegulated
AGPAT3,0.38498422251735,6.2708121352063,10.4325786892871,0.00128335686775537,0.00529976905027117,ENSG00000160216,3,4,Decrease,in_cis,UpRegulated,In_cis_Decrease_UpRegulated
GADD45A,0.493636611499495,6.44704457673998,9.40033423394066,0.0022347587035009,0.00857779284286964,ENSG00000116717,3,4,Decrease,in_cis,UpRegulated,In_cis_Decrease_UpRegulated
