gene_symbol,logFC,logCPM,F,PValue,FDR,ensembl_gene_id,B,G,classified_gene_dlp,classified_gene,classified_gene_rna,Gene_Type
PTN,1.67836329150491,10.7483417227726,32.9838031195019,1.93044143868254e-08,1.16624789171536e-06,ENSG00000105894,3,4,Decrease,in_cis,UpRegulated,In_cis_Decrease_UpRegulated
ENY2,-0.459364282288522,9.17709033218766,29.6687670681248,9.32513474828473e-08,4.513702271233e-06,ENSG00000120533,5,4,Increase,in_cis,DownRegulated,In_cis_Increase_DownRegulated
HPN,1.06911761853355,6.47561204315809,27.6193460813408,2.49133383544031e-07,1.00667704382767e-05,ENSG00000105707,2,3,Decrease,in_cis,UpRegulated,In_cis_Decrease_UpRegulated
SLC25A5,-0.563163912622545,8.83581931210078,25.2848547424803,7.69930886096598e-07,2.57766444574424e-05,ENSG00000005022,2,1,Increase,in_cis,DownRegulated,In_cis_Increase_DownRegulated
MAL2,-0.798075560704085,7.22302907338369,23.8919811014612,1.5166983658664e-06,4.51358198879131e-05,ENSG00000147676,4,3,Increase,in_cis,DownRegulated,In_cis_Increase_DownRegulated
CT83,-0.872089973612771,6.43846295846172,22.1611881409635,3.54057931450151e-06,8.86247812835501e-05,ENSG00000204019,2,1,Increase,in_cis,DownRegulated,In_cis_Increase_DownRegulated
KMT2B,0.797956265623969,6.55602732404482,20.5341768095404,7.90002363897461e-06,0.000176324138719892,ENSG00000272333,2,3,Decrease,in_cis,UpRegulated,In_cis_Decrease_UpRegulated
DMKN,0.621339926106495,7.61081546665005,17.6806837862318,3.27500815756525e-05,0.000553993485179722,ENSG00000161249,2,3,Decrease,in_cis,UpRegulated,In_cis_Decrease_UpRegulated
ZNF706,-0.361577705542651,8.87615238548009,16.7846397317964,5.13982721997522e-05,0.00076196516074725,ENSG00000120963,5,4,Increase,in_cis,DownRegulated,In_cis_Increase_DownRegulated
ZC3HAV1,0.689722545586144,6.58001774695408,15.7620442680684,8.61952457325004e-05,0.00116989662071054,ENSG00000105939,3,4,Decrease,in_cis,UpRegulated,In_cis_Decrease_UpRegulated
ATP6V1C1,-0.513882763813496,7.19804763442591,13.6916169109348,0.000247868507637516,0.00275466591821223,ENSG00000155097,5,4,Increase,in_cis,DownRegulated,In_cis_Increase_DownRegulated
TCAF1,0.656055937135096,6.58991585279489,13.6492785738799,0.000253317087047801,0.00280745213024701,ENSG00000198420,1,2,Decrease,in_cis,UpRegulated,In_cis_Decrease_UpRegulated
ARHGEF35,0.642781175928214,6.81982925542785,13.5059402021764,0.000272680680735116,0.00299724934296396,ENSG00000213214,1,2,Decrease,in_cis,UpRegulated,In_cis_Decrease_UpRegulated
NFKBIZ,0.724023247912248,7.24190517237446,13.276216722616,0.000306893546027713,0.00331882858994977,ENSG00000144802,1,2,Decrease,in_cis,UpRegulated,In_cis_Decrease_UpRegulated
FXYD3,0.432892140853606,9.65412008095387,11.4559377981665,0.000788395843511991,0.00700747854271996,ENSG00000089356,2,3,Decrease,in_cis,UpRegulated,In_cis_Decrease_UpRegulated
EDN1,0.858065796651783,6.71474115165179,10.8252751744898,0.00109666453204935,0.00911240901242659,ENSG00000078401,1,2,Decrease,in_cis,UpRegulated,In_cis_Decrease_UpRegulated
FMC1,0.437324640451577,7.19114275951267,10.6234378691598,0.00121929370762742,0.0098760332064378,ENSG00000164898,3,4,Decrease,in_cis,UpRegulated,In_cis_Decrease_UpRegulated
