gene_symbol,logFC,logCPM,F,PValue,FDR,ensembl_gene_id,R,H,classified_gene_dlp,classified_gene,classified_gene_rna,Gene_Type
ATP5F1E,-1.20002718290437,9.54177638035817,1950.32887382072,0,0,ENSG00000124172,4,3,Increase,in_cis,DownRegulated,In_cis_Increase_DownRegulated
ATP5MC3,-1.84375587152344,8.6729313891073,1606.94871648917,3.06427709606662e-282,5.76530967803702e-280,ENSG00000154518,3,2,Increase,in_cis,DownRegulated,In_cis_Increase_DownRegulated
SNHG8,-1.56140268820955,8.54531158989753,1455.1260643041,2.49254480903858e-260,3.81528341871651e-258,ENSG00000269893,3,2,Increase,in_cis,DownRegulated,In_cis_Increase_DownRegulated
KCNMA1,4.19049271631878,8.93391700894784,1436.55243486114,1.34279928645862e-257,1.92489212000123e-255,ENSG00000156113,10,11,Decrease,in_cis,UpRegulated,In_cis_Decrease_UpRegulated
COX6B1,-1.12973055620956,8.8360005489775,1169.46007972836,5.21520996027957e-217,5.60697156562914e-215,ENSG00000126267,4,3,Increase,in_cis,DownRegulated,In_cis_Increase_DownRegulated
NDUFB3,-1.46687058233525,8.09650269331363,1100.36633824574,4.35828046791525e-206,4.47268533019802e-204,ENSG00000119013,3,2,Increase,in_cis,DownRegulated,In_cis_Increase_DownRegulated
SEM1,-1.14436435189508,8.72913031804729,1087.51764926279,4.90450883000205e-204,4.81441513519006e-202,ENSG00000127922,3,2,Increase,in_cis,DownRegulated,In_cis_Increase_DownRegulated
NDUFB2,-1.31554570014209,8.3712104644468,1079.87695823049,8.19358815378426e-203,7.78908364387639e-201,ENSG00000090266,3,2,Increase,in_cis,DownRegulated,In_cis_Increase_DownRegulated
COX7A2,-1.06687441167714,8.94542544391857,1063.54143681912,3.43258303070896e-200,3.19584096395181e-198,ENSG00000112695,4,3,Increase,in_cis,DownRegulated,In_cis_Increase_DownRegulated
COX8A,-1.15274199820921,8.49473542139858,942.26969237263,2.17291932350329e-180,1.70640299222245e-178,ENSG00000176340,3,2,Increase,in_cis,DownRegulated,In_cis_Increase_DownRegulated
PDGFC,-1.84534213499187,7.55701693926042,887.687094433193,2.80851082238291e-171,2.0290928989552e-169,ENSG00000145431,3,2,Increase,in_cis,DownRegulated,In_cis_Increase_DownRegulated
ZFAS1,-1.21185481393626,8.4925149364768,832.153047705324,7.09106191017741e-162,4.70877794932442e-160,ENSG00000177410,4,3,Increase,in_cis,DownRegulated,In_cis_Increase_DownRegulated
HSPE1,-0.956596960208141,9.34305202816992,826.935549069986,5.50863317943821e-161,3.63127490828515e-159,ENSG00000115541,3,2,Increase,in_cis,DownRegulated,In_cis_Increase_DownRegulated
ATP5MF,-1.06884388972409,8.38794533452312,725.033151573661,2.38496658475535e-143,1.38958924044681e-141,ENSG00000241468,3,2,Increase,in_cis,DownRegulated,In_cis_Increase_DownRegulated
GNG5,-0.867495558811479,8.94202835462754,697.854064178613,1.45514877012704e-138,8.26506197674042e-137,ENSG00000174021,4,3,Increase,in_cis,DownRegulated,In_cis_Increase_DownRegulated
MAEL,1.32538469201957,8.51711216316933,643.679878101596,6.41566644361299e-129,3.29203884387891e-127,ENSG00000143194,7,8,Decrease,in_cis,UpRegulated,In_cis_Decrease_UpRegulated
ATP5MG,-0.78983680090815,9.01016696082728,640.553335195088,2.33461809512596e-128,1.18449078747655e-126,ENSG00000167283,3,2,Increase,in_cis,DownRegulated,In_cis_Increase_DownRegulated
TUBB2B,1.16203125440292,9.55675789247706,596.337572260857,2.25754008288407e-120,1.02968911558212e-118,ENSG00000137285,5,6,Decrease,in_cis,UpRegulated,In_cis_Decrease_UpRegulated
PFDN6,-1.04908413064336,8.2043779843969,587.628244570261,8.67252412112948e-119,3.85820518906011e-117,ENSG00000204220,5,4,Increase,in_cis,DownRegulated,In_cis_Increase_DownRegulated
TRMT112,-0.751647127137488,9.17067869084379,583.56476121385,4.77249486146108e-118,2.10245858994415e-116,ENSG00000173113,3,2,Increase,in_cis,DownRegulated,In_cis_Increase_DownRegulated
NDUFC2,-0.875809550086087,8.65554325047868,580.348556793889,1.84297709596501e-117,8.04054403558455e-116,ENSG00000151366,4,3,Increase,in_cis,DownRegulated,In_cis_Increase_DownRegulated
TIMM10,-1.15378643555647,7.8358704032819,529.563700801277,3.99625397765845e-108,1.59691016248821e-106,ENSG00000134809,3,2,Increase,in_cis,DownRegulated,In_cis_Increase_DownRegulated
NDUFAF8,-0.934469068202804,8.29970748883407,519.568330387162,2.85137327426073e-106,1.10994620861417e-104,ENSG00000224877,4,3,Increase,in_cis,DownRegulated,In_cis_Increase_DownRegulated
STAT1,-1.57141469120966,7.5778644368833,517.575307298273,6.68720844683561e-106,2.58086237108429e-104,ENSG00000115415,3,2,Increase,in_cis,DownRegulated,In_cis_Increase_DownRegulated
ROMO1,-0.957361696305426,8.23142841817419,506.500191686847,7.69527226140916e-104,2.85991785155498e-102,ENSG00000125995,4,3,Increase,in_cis,DownRegulated,In_cis_Increase_DownRegulated
ATXN7L3B,-1.35855065383939,7.55829543988567,479.545828642342,8.505158013169e-99,2.96564023231387e-97,ENSG00000253719,3,2,Increase,in_cis,DownRegulated,In_cis_Increase_DownRegulated
DSP,1.61182506828453,7.56176944237086,423.736134992495,3.15254625182565e-88,9.78372687293383e-87,ENSG00000096696,5,6,Decrease,in_cis,UpRegulated,In_cis_Decrease_UpRegulated
SDC2,1.34356930427395,8.36641096422675,421.009005183551,1.04607043284381e-87,3.2132864214328e-86,ENSG00000169439,8,11,Decrease,in_cis,UpRegulated,In_cis_Decrease_UpRegulated
FAU,-0.507435577909532,9.68981838121721,379.002629654216,1.24909041453568e-79,3.34733992097084e-78,ENSG00000149806,3,2,Increase,in_cis,DownRegulated,In_cis_Increase_DownRegulated
HOXD8,-1.25079332692795,7.46144669303421,391.690870665104,3.49703667062271e-77,8.9720847080664e-76,ENSG00000175879,3,2,Increase,in_cis,DownRegulated,In_cis_Increase_DownRegulated
ARL4C,1.5232604201838,7.61960952793557,341.02681571086,3.06798724861284e-72,6.94410848176004e-71,ENSG00000188042,2,3,Decrease,in_cis,UpRegulated,In_cis_Decrease_UpRegulated
IGFBP5,-1.14552775922319,8.54165968327879,314.939584044487,4.10533872438512e-67,8.23895867109379e-66,ENSG00000115461,3,2,Increase,in_cis,DownRegulated,In_cis_Increase_DownRegulated
RAD21,1.00061796888331,8.27057168565752,307.684747203261,1.11266373547696e-65,2.12441145773625e-64,ENSG00000164754,2,3,Decrease,in_cis,UpRegulated,In_cis_Decrease_UpRegulated
NDUFC1,-0.731291411894202,8.25465140704885,291.932791723623,1.47543409137982e-62,2.64377882524825e-61,ENSG00000109390,3,2,Increase,in_cis,DownRegulated,In_cis_Increase_DownRegulated
EIF3H,0.684017679579142,8.7514831206804,290.785483929434,2.49433145196227e-62,4.40827932341904e-61,ENSG00000147677,2,3,Decrease,in_cis,UpRegulated,In_cis_Decrease_UpRegulated
NR4A1,1.17779951561758,8.07816316587584,283.616380658306,6.66369255442381e-61,1.12485621418694e-59,ENSG00000123358,2,3,Decrease,in_cis,UpRegulated,In_cis_Decrease_UpRegulated
MPC2,0.499548237734682,9.39296840017227,277.009765392183,1.38478051716136e-59,2.26147429484344e-58,ENSG00000143158,7,8,Decrease,in_cis,UpRegulated,In_cis_Decrease_UpRegulated
HMGA1,-0.533825991812664,9.25722188480664,264.494786808389,4.41569127886361e-57,6.72480740968251e-56,ENSG00000137309,5,4,Increase,in_cis,DownRegulated,In_cis_Increase_DownRegulated
EIF2S2,-0.582548528708608,8.7366079616954,261.944083969794,1.43379283184175e-56,2.16894188682795e-55,ENSG00000125977,4,3,Increase,in_cis,DownRegulated,In_cis_Increase_DownRegulated
KNOP1,-0.776997242814511,8.03974352275811,258.851650773971,5.98637092288569e-56,8.87732607628582e-55,ENSG00000103550,3,2,Increase,in_cis,DownRegulated,In_cis_Increase_DownRegulated
ALG8,-0.889123187531804,7.67745931716042,248.009345793112,9.08146178906137e-54,1.27154544832579e-52,ENSG00000159063,4,3,Increase,in_cis,DownRegulated,In_cis_Increase_DownRegulated
MXD3,1.28944010386185,7.55628768347185,239.197578873048,5.448736579145e-52,7.31167014060304e-51,ENSG00000213347,2,3,Decrease,in_cis,UpRegulated,In_cis_Decrease_UpRegulated
ATP1B1,0.77054358630653,8.55639416086707,235.427094521012,3.15278674364742e-51,4.12649522925795e-50,ENSG00000143153,7,8,Decrease,in_cis,UpRegulated,In_cis_Decrease_UpRegulated
PODXL2,0.903644234138879,7.89473334609066,229.456158274632,5.10431900156448e-50,6.5108905230408e-49,ENSG00000114631,2,3,Decrease,in_cis,UpRegulated,In_cis_Decrease_UpRegulated
EBF1,1.14025654951166,7.45985294967079,224.618662359396,4.89057749845866e-49,6.02548504619101e-48,ENSG00000164330,2,3,Decrease,in_cis,UpRegulated,In_cis_Decrease_UpRegulated
UQCC2,-0.704026294972058,8.02769920882734,221.830948014733,1.80148848022641e-48,2.20152130783825e-47,ENSG00000137288,5,4,Increase,in_cis,DownRegulated,In_cis_Increase_DownRegulated
PFDN4,-0.619105319903472,8.33751379030314,220.564074179129,3.25944628458053e-48,3.9248079194729e-47,ENSG00000101132,4,3,Increase,in_cis,DownRegulated,In_cis_Increase_DownRegulated
ATIC,-0.686676538035815,8.04072516975734,204.11686910403,7.34640403975866e-45,8.05162316541996e-44,ENSG00000138363,3,2,Increase,in_cis,DownRegulated,In_cis_Increase_DownRegulated
PSMB9,-1.0523172889685,7.6791322869427,203.973136332489,7.86061981011188e-45,8.59434110231481e-44,ENSG00000240065,5,4,Increase,in_cis,DownRegulated,In_cis_Increase_DownRegulated
ELOC,-0.504188933606987,8.74479058370479,203.861736188324,8.28381279269428e-45,9.03515861483358e-44,ENSG00000154582,4,3,Increase,in_cis,DownRegulated,In_cis_Increase_DownRegulated
PWWP2A,0.989295612121896,7.60039023223838,197.041669330025,2.06095002896386e-43,2.15921574380193e-42,ENSG00000170234,2,3,Decrease,in_cis,UpRegulated,In_cis_Decrease_UpRegulated
CSNK2B,-0.434427958642439,9.11299416413896,196.49048564757,2.6731005644524e-43,2.79407074045944e-42,ENSG00000204435,5,4,Increase,in_cis,DownRegulated,In_cis_Increase_DownRegulated
NRN1,0.967660195688746,7.98344919858455,192.086736555889,2.13883459738162e-42,2.19000172890628e-41,ENSG00000124785,5,6,Decrease,in_cis,UpRegulated,In_cis_Decrease_UpRegulated
KRT10,-0.477890651840893,8.85292190460468,188.724372437319,1.04873299989908e-41,1.05234530245429e-40,ENSG00000186395,4,3,Increase,in_cis,DownRegulated,In_cis_Increase_DownRegulated
POMP,-0.432604589843996,8.97302927104062,187.275136468481,2.08218351946595e-41,2.06412726282074e-40,ENSG00000132963,3,2,Increase,in_cis,DownRegulated,In_cis_Increase_DownRegulated
MYO1B,-0.88346216526092,7.48845336743816,206.070225897768,5.04665234376174e-41,4.94856865543021e-40,ENSG00000128641,3,2,Increase,in_cis,DownRegulated,In_cis_Increase_DownRegulated
ZSCAN16-AS1,-0.73495657736554,7.81382813831288,182.897820598993,1.65598379316911e-40,1.58928689012861e-39,ENSG00000269293,5,4,Increase,in_cis,DownRegulated,In_cis_Increase_DownRegulated
TEX10,-0.777843500280504,7.61380911411255,182.798394968036,1.7359064067059e-40,1.66422194893429e-39,ENSG00000136891,4,3,Increase,in_cis,DownRegulated,In_cis_Increase_DownRegulated
HOXC12,1.09342750612528,7.38256074678478,254.572762914938,1.91156302155155e-40,1.83068140483903e-39,ENSG00000123407,2,3,Decrease,in_cis,UpRegulated,In_cis_Decrease_UpRegulated
KIAA1586,0.841115822781792,7.78657372152619,179.806964835026,7.17366313648526e-40,6.75551113509889e-39,ENSG00000168116,7,8,Decrease,in_cis,UpRegulated,In_cis_Decrease_UpRegulated
JPT1,-0.573297900577572,8.63261529700182,171.153066690017,4.38478387889061e-38,3.92847055657352e-37,ENSG00000189159,4,3,Increase,in_cis,DownRegulated,In_cis_Increase_DownRegulated
RDH10,-0.935421437233952,7.64422220972596,168.579015099386,1.49373883105936e-37,1.31353022232688e-36,ENSG00000121039,4,3,Increase,in_cis,DownRegulated,In_cis_Increase_DownRegulated
CREG1,0.811164478999943,7.80887882813586,168.153804471333,1.82917832588202e-37,1.59145563208483e-36,ENSG00000143162,7,8,Decrease,in_cis,UpRegulated,In_cis_Decrease_UpRegulated
ATP5PD,-0.568521289919341,8.19386995108876,163.965850479978,1.34738501575752e-36,1.13192875137732e-35,ENSG00000167863,4,3,Increase,in_cis,DownRegulated,In_cis_Increase_DownRegulated
F12,0.977067256997726,7.4538443179567,188.309858657263,1.61807801381181e-36,1.35555311157091e-35,ENSG00000131187,2,3,Decrease,in_cis,UpRegulated,In_cis_Decrease_UpRegulated
HIST1H4C,-0.864734844131152,9.25969132318465,162.9860054378,2.15069909604349e-36,1.78850441751759e-35,ENSG00000197061,5,4,Increase,in_cis,DownRegulated,In_cis_Increase_DownRegulated
TAF11,-0.62487908065955,7.92316273492095,160.822923277055,6.0416905702638e-36,4.95122572958733e-35,ENSG00000064995,5,4,Increase,in_cis,DownRegulated,In_cis_Increase_DownRegulated
TMEM45A,0.966159269972379,7.43400281259429,179.951354526503,3.10385785721679e-35,2.48721741868011e-34,ENSG00000181458,3,4,Decrease,in_cis,UpRegulated,In_cis_Decrease_UpRegulated
POLR3D,-0.711222058223921,7.66835125180082,155.303276501857,8.4599556606399e-35,6.67848422825515e-34,ENSG00000168495,3,2,Increase,in_cis,DownRegulated,In_cis_Increase_DownRegulated
SEC61B,-0.387326104329415,9.07088505808666,154.23549367829,1.41046438336758e-34,1.10860781951198e-33,ENSG00000106803,4,3,Increase,in_cis,DownRegulated,In_cis_Increase_DownRegulated
RABGGTB,-0.70187086530925,7.69996491064094,150.217017469238,9.67312728531101e-34,7.44740089630382e-33,ENSG00000137955,4,3,Increase,in_cis,DownRegulated,In_cis_Increase_DownRegulated
SERPINH1,-0.801155544137194,7.46006481821163,163.773552748075,3.75651428736046e-33,2.82473609734824e-32,ENSG00000149257,3,2,Increase,in_cis,DownRegulated,In_cis_Increase_DownRegulated
MAK16,-0.755973032742317,7.50530515302512,154.289282148543,2.44060594275046e-32,1.77179359075397e-31,ENSG00000198042,3,2,Increase,in_cis,DownRegulated,In_cis_Increase_DownRegulated
PSMD14,-0.507180247906681,8.33110312908613,142.876020254428,3.28297939855733e-32,2.36999096309922e-31,ENSG00000115233,3,2,Increase,in_cis,DownRegulated,In_cis_Increase_DownRegulated
PSENEN,-0.672354700490145,7.72177103111304,141.211679366857,7.30923265170041e-32,5.21815652786612e-31,ENSG00000205155,4,3,Increase,in_cis,DownRegulated,In_cis_Increase_DownRegulated
HOXC13,0.945652451353363,7.37966727716395,187.640627273117,5.91661060849472e-31,4.06643153769527e-30,ENSG00000123364,2,3,Decrease,in_cis,UpRegulated,In_cis_Decrease_UpRegulated
NUF2,0.978796631752318,8.65009721038639,133.589613340839,2.87391222228048e-30,1.93978335421637e-29,ENSG00000143228,7,8,Decrease,in_cis,UpRegulated,In_cis_Decrease_UpRegulated
FMC1,-0.761464958452825,7.46067405403198,158.031893650084,4.29163539612661e-30,2.8645793985528e-29,ENSG00000164898,3,2,Increase,in_cis,DownRegulated,In_cis_Increase_DownRegulated
NECTIN3,0.829398284189533,7.47830737964671,134.470322901452,5.01970780279693e-29,3.23114619864997e-28,ENSG00000177707,3,4,Decrease,in_cis,UpRegulated,In_cis_Decrease_UpRegulated
CCDC14,0.756079317531254,7.89268014106902,127.660125118535,5.03601372363832e-29,3.23933332893003e-28,ENSG00000175455,2,3,Decrease,in_cis,UpRegulated,In_cis_Decrease_UpRegulated
FOXP4-AS1,-0.824335728394805,7.37535188954602,192.576742485679,8.85523796063524e-29,5.62784335133686e-28,ENSG00000234753,5,4,Increase,in_cis,DownRegulated,In_cis_Increase_DownRegulated
ATF3,0.950670797694985,7.7799432843415,124.909024019479,1.90557181930737e-28,1.19674680807823e-27,ENSG00000162772,3,4,Decrease,in_cis,UpRegulated,In_cis_Decrease_UpRegulated
PRDX6,0.271221324064651,10.2666265243242,123.393829584596,3.96814318326877e-28,2.45959513301992e-27,ENSG00000117592,7,8,Decrease,in_cis,UpRegulated,In_cis_Decrease_UpRegulated
LINC01287,-0.73590356875575,7.48071348359412,135.044401441353,4.02455848196324e-28,2.49285237658505e-27,ENSG00000234722,3,2,Increase,in_cis,DownRegulated,In_cis_Increase_DownRegulated
KLF10,0.882560510524966,7.51934131259649,121.256619554623,1.11747438761387e-27,6.82346936750567e-27,ENSG00000155090,2,5,Decrease,in_cis,UpRegulated,In_cis_Decrease_UpRegulated
CWC22,-0.627788760760902,7.67965612347587,120.684785458298,1.47437778959185e-27,8.94832380228761e-27,ENSG00000163510,3,2,Increase,in_cis,DownRegulated,In_cis_Increase_DownRegulated
PSMB3,-0.380113474869028,8.91844346811489,119.129077912051,3.13486877629234e-27,1.87738726251301e-26,ENSG00000277791,4,3,Increase,in_cis,DownRegulated,In_cis_Increase_DownRegulated
TUBB2A,0.579762088753828,8.20298970752627,116.916564645792,9.17239957317572e-27,5.41411376113398e-26,ENSG00000137267,5,6,Decrease,in_cis,UpRegulated,In_cis_Decrease_UpRegulated
SRP9,0.341651013077752,9.21416697757344,115.447816726801,1.87166030209935e-26,1.09121783010066e-25,ENSG00000143742,3,4,Decrease,in_cis,UpRegulated,In_cis_Decrease_UpRegulated
EWSR1,0.479353776765931,8.29715216802949,114.187383775519,3.45287692647885e-26,1.99251958613613e-25,ENSG00000182944,1,2,Decrease,in_cis,UpRegulated,In_cis_Decrease_UpRegulated
CDKN1B,0.712087299394075,7.69044589470209,113.638872722674,4.50774255388076e-26,2.5847252701014e-25,ENSG00000111276,3,5,Decrease,in_cis,UpRegulated,In_cis_Decrease_UpRegulated
TAP1,-0.727354437472493,7.6808242546458,112.754878339053,6.92791237130779e-26,3.94738022872433e-25,ENSG00000168394,5,4,Increase,in_cis,DownRegulated,In_cis_Increase_DownRegulated
RBP1,0.802726763679795,7.43423058023012,118.206919492917,2.11927142255655e-25,1.18508608155469e-24,ENSG00000114115,2,3,Decrease,in_cis,UpRegulated,In_cis_Decrease_UpRegulated
SOBP,0.803292546312648,7.42269111178029,126.439171133561,5.73079304861811e-25,3.16349584486981e-24,ENSG00000112320,2,3,Decrease,in_cis,UpRegulated,In_cis_Decrease_UpRegulated
LSM8,-0.574532225899484,7.79534626291077,108.284513331619,6.10181159669781e-25,3.3662468252766e-24,ENSG00000128534,3,2,Increase,in_cis,DownRegulated,In_cis_Increase_DownRegulated
CLTB,0.622738879539152,7.81361036362089,108.264752726974,6.1608286608689e-25,3.39673038072692e-24,ENSG00000175416,2,3,Decrease,in_cis,UpRegulated,In_cis_Decrease_UpRegulated
NFKBIZ,0.804543071212953,7.39614113229597,124.437071204762,3.67161574256352e-24,1.9631948946768e-23,ENSG00000144802,3,4,Decrease,in_cis,UpRegulated,In_cis_Decrease_UpRegulated
POU2F1,0.619556045570966,7.81229894953791,102.881475274886,8.50566747560238e-24,4.46596994024216e-23,ENSG00000143190,7,8,Decrease,in_cis,UpRegulated,In_cis_Decrease_UpRegulated
SYNGR2,-0.703808125314183,7.39668495190759,130.292158873807,1.90819320157217e-23,9.81931213868848e-23,ENSG00000108639,4,3,Increase,in_cis,DownRegulated,In_cis_Increase_DownRegulated
ILDR2,0.748795665423919,7.47241230314904,108.755528722148,2.04566898057432e-23,1.05147618460824e-22,ENSG00000143195,7,8,Decrease,in_cis,UpRegulated,In_cis_Decrease_UpRegulated
PCGF2,-0.581459344561979,7.62256073754668,97.3500699286192,1.2699050516775e-22,6.29446351355625e-22,ENSG00000277258,4,3,Increase,in_cis,DownRegulated,In_cis_Increase_DownRegulated
HSPD1,-0.302986470907142,9.96187058568017,95.5220857411932,3.10717225599851e-22,1.51190046572858e-21,ENSG00000144381,3,2,Increase,in_cis,DownRegulated,In_cis_Increase_DownRegulated
AL135925.1,0.639803857748183,7.72506034980718,93.2968968862614,9.24282705796767e-22,4.40020933898292e-21,ENSG00000272447,8,10.5,Decrease,in_cis,UpRegulated,In_cis_Decrease_UpRegulated
DNAJC19,-0.434722634887258,8.14513685252338,93.0834224876188,1.02623812956306e-21,4.8727426646078e-21,ENSG00000205981,3,2,Increase,in_cis,DownRegulated,In_cis_Increase_DownRegulated
SEC62,-0.449786253513091,8.12275181873122,92.3301793933178,1.48466336288629e-21,7.00888386316052e-21,ENSG00000008952,3,2,Increase,in_cis,DownRegulated,In_cis_Increase_DownRegulated
DNAJC21,0.440204197763062,8.41051447111139,92.0636757263568,1.69193704706172e-21,7.95827264167415e-21,ENSG00000168724,4,5,Decrease,in_cis,UpRegulated,In_cis_Decrease_UpRegulated
SUCO,0.57685475926877,7.91715117742923,92.0396897512216,1.71195646701012e-21,8.04824510857284e-21,ENSG00000094975,7,8,Decrease,in_cis,UpRegulated,In_cis_Decrease_UpRegulated
NPHP3,0.769729317096531,7.35817274388959,136.173872074396,4.8480164333677e-21,2.22924828970182e-20,ENSG00000113971,2,3,Decrease,in_cis,UpRegulated,In_cis_Decrease_UpRegulated
WDR75,-0.578530275752522,7.55301744978113,88.619837613762,9.17058493908517e-21,4.15552195609022e-20,ENSG00000115368,3,2,Increase,in_cis,DownRegulated,In_cis_Increase_DownRegulated
UBL7,-0.533604674251035,7.68414280198403,87.4287783876072,1.64632571526983e-20,7.37498389613185e-20,ENSG00000138629,3,2,Increase,in_cis,DownRegulated,In_cis_Increase_DownRegulated
POLR2J,-0.426025578600491,8.13180666598628,86.8085290775043,2.23307068359486e-20,9.95894387335566e-20,ENSG00000005075,3,2,Increase,in_cis,DownRegulated,In_cis_Increase_DownRegulated
WDR12,-0.541735930887224,7.68992801241117,86.0495058265404,3.24309131950533e-20,1.43289421264445e-19,ENSG00000138442,3,2,Increase,in_cis,DownRegulated,In_cis_Increase_DownRegulated
ZC3H15,-0.390120138848663,8.39512044833489,85.2977899001989,4.69364415072439e-20,2.05768448180544e-19,ENSG00000065548,3,2,Increase,in_cis,DownRegulated,In_cis_Increase_DownRegulated
TRIP12,-0.603007643444253,7.46167089805324,95.4090372482897,5.16109776191445e-20,2.25823032402371e-19,ENSG00000153827,3,2,Increase,in_cis,DownRegulated,In_cis_Increase_DownRegulated
TSPYL2,0.655880763797603,7.63455479531117,83.5085167523201,1.13209169708737e-19,4.88015280018904e-19,ENSG00000184205,4,5,Decrease,in_cis,UpRegulated,In_cis_Decrease_UpRegulated
DHX8,-0.596793027492009,7.46687322907318,91.929066926932,1.96835770320924e-19,8.40881665926329e-19,ENSG00000067596,4,3,Increase,in_cis,DownRegulated,In_cis_Increase_DownRegulated
EGLN1,0.603650725953168,7.72781317716269,82.2361698275017,2.11823843638794e-19,9.03201667564659e-19,ENSG00000135766,3,4,Decrease,in_cis,UpRegulated,In_cis_Decrease_UpRegulated
SMYD3,0.535811410678079,7.82608426494809,81.7019290207216,2.75594490118806e-19,1.16685130814015e-18,ENSG00000185420,3,4,Decrease,in_cis,UpRegulated,In_cis_Decrease_UpRegulated
SNRNP48,0.546048478337128,7.82664252798201,81.150356090033,3.61662870061816e-19,1.51844601558729e-18,ENSG00000168566,5,6,Decrease,in_cis,UpRegulated,In_cis_Decrease_UpRegulated
DNM3,0.707714646639601,7.38631087319237,98.9901972688637,9.8117855978922e-19,4.03691278972959e-18,ENSG00000197959,7,8,Decrease,in_cis,UpRegulated,In_cis_Decrease_UpRegulated
HLTF,0.534583854959753,7.82784072446477,78.5022124054288,1.33479703509075e-18,5.45454842710616e-18,ENSG00000071794,2,3,Decrease,in_cis,UpRegulated,In_cis_Decrease_UpRegulated
FAIM,0.712385783011643,7.36352715339625,119.36495577977,1.90139917791433e-18,7.70024034786742e-18,ENSG00000158234,2,3,Decrease,in_cis,UpRegulated,In_cis_Decrease_UpRegulated
ZNF451,0.534134262660148,7.81967969289676,77.1385611251648,2.61652121537174e-18,1.05443119571719e-17,ENSG00000112200,7,8,Decrease,in_cis,UpRegulated,In_cis_Decrease_UpRegulated
CISD3,-0.543685939657637,7.59739554522825,77.042231270519,2.74397727685896e-18,1.10333298251618e-17,ENSG00000277972,4,3,Increase,in_cis,DownRegulated,In_cis_Increase_DownRegulated
BOD1,0.381475966468406,8.3770748459092,76.982853925211,2.82561780596727e-18,1.13514921733498e-17,ENSG00000145919,2,3,Decrease,in_cis,UpRegulated,In_cis_Decrease_UpRegulated
HIST1H1D,-0.663326401064576,7.52867486002015,76.4260783960286,3.71985796333335e-18,1.48909739658083e-17,ENSG00000124575,5,4,Increase,in_cis,DownRegulated,In_cis_Increase_DownRegulated
OPTN,0.653999792186883,7.45865155813015,78.9424577537445,4.10302402910794e-18,1.63740212138196e-17,ENSG00000123240,4,5,Decrease,in_cis,UpRegulated,In_cis_Decrease_UpRegulated
UTP23,0.593099593265912,7.55221921268662,74.2842371667672,1.07199552634922e-17,4.18194021531741e-17,ENSG00000147679,2,3,Decrease,in_cis,UpRegulated,In_cis_Decrease_UpRegulated
HLA-DPA1,-0.61781205004328,7.43637763903957,85.5326576164386,2.20190989435884e-17,8.49079771817024e-17,ENSG00000231389,5,4,Increase,in_cis,DownRegulated,In_cis_Increase_DownRegulated
DUSP1,0.571970802002458,8.09823424942676,72.673965657728,2.37737029723827e-17,9.14786159112009e-17,ENSG00000120129,2,3,Decrease,in_cis,UpRegulated,In_cis_Decrease_UpRegulated
KLHL23,-0.444088904425384,7.92003300490912,72.0070942099821,3.30696357238865e-17,1.26440254116181e-16,ENSG00000213160,3,2,Increase,in_cis,DownRegulated,In_cis_Increase_DownRegulated
DDIT4,0.752379487293849,8.14997383193616,69.8864824790139,9.45235296445446e-17,3.54649769929324e-16,ENSG00000168209,6,9,Decrease,in_cis,UpRegulated,In_cis_Decrease_UpRegulated
CHCHD6,0.530753593063497,7.65893191268117,68.9171562281953,1.52824135849045e-16,5.65869114740766e-16,ENSG00000159685,2,3,Decrease,in_cis,UpRegulated,In_cis_Decrease_UpRegulated
MIEN1,-0.453292786252579,7.86235778309787,67.3560144145756,3.31479389906391e-16,1.2036953639906e-15,ENSG00000141741,4,3,Increase,in_cis,DownRegulated,In_cis_Increase_DownRegulated
STXBP6,0.570149114063069,7.52814403829614,66.9002045361465,4.15612455994191e-16,1.50015830938591e-15,ENSG00000168952,2,3,Decrease,in_cis,UpRegulated,In_cis_Decrease_UpRegulated
PLOD2,0.627232756244416,7.43356736409713,70.4715479308894,4.20105386112471e-16,1.51576977306501e-15,ENSG00000152952,2,3,Decrease,in_cis,UpRegulated,In_cis_Decrease_UpRegulated
U2AF1,0.653871042977125,7.36170826826022,98.0560357737312,4.59414462692327e-16,1.65297689744e-15,ENSG00000160201,2.89041095890411,3,Decrease,in_cis,UpRegulated,In_cis_Decrease_UpRegulated
EBAG9,0.595383427385121,7.46491977669331,72.6884987943055,5.31106684173652e-16,1.9048548311248e-15,ENSG00000147654,2,3,Decrease,in_cis,UpRegulated,In_cis_Decrease_UpRegulated
NKX2-5,0.651084760154468,7.3731003045373,97.0610932706759,5.77410868510113e-16,2.06764375635005e-15,ENSG00000183072,2,3,Decrease,in_cis,UpRegulated,In_cis_Decrease_UpRegulated
LHFPL6,-0.55353735361125,7.41848927837237,68.7308915291003,7.95635721044352e-16,2.81779850853002e-15,ENSG00000183722,3,2,Increase,in_cis,DownRegulated,In_cis_Increase_DownRegulated
ZNF385B,-0.588846777860194,7.4192585872068,79.9554000735176,7.96726866415877e-16,2.82055677405009e-15,ENSG00000144331,3,2,Increase,in_cis,DownRegulated,In_cis_Increase_DownRegulated
NOS1AP,0.607768248833552,7.41493682809798,76.3671607950558,1.00146847236061e-15,3.52190879045508e-15,ENSG00000198929,7,8,Decrease,in_cis,UpRegulated,In_cis_Decrease_UpRegulated
ZPR1,-0.430213156333458,7.84245871577883,65.116553634451,1.00766203052761e-15,3.53955495826325e-15,ENSG00000109917,3,2,Increase,in_cis,DownRegulated,In_cis_Increase_DownRegulated
PDCD5,-0.270372464592311,8.94456891345921,64.7413914299106,1.21412104707116e-15,4.24017269086732e-15,ENSG00000105185,4,3,Increase,in_cis,DownRegulated,In_cis_Increase_DownRegulated
PPP3CB,0.56487508513559,7.4962912974086,67.4919745617659,1.91295070062227e-15,6.61656751333579e-15,ENSG00000107758,6,10,Decrease,in_cis,UpRegulated,In_cis_Decrease_UpRegulated
TTC5,0.577066148363298,7.48308086229845,69.1005023637652,3.38213049008258e-15,1.15697047181575e-14,ENSG00000136319,1,2,Decrease,in_cis,UpRegulated,In_cis_Decrease_UpRegulated
TOMM34,-0.47256821148072,7.6300362858863,62.165429736246,4.37036288887439e-15,1.48882486795265e-14,ENSG00000025772,4,3,Increase,in_cis,DownRegulated,In_cis_Increase_DownRegulated
NUDCD2,0.393174378931447,8.15665852150268,60.3267719906089,1.09157034632627e-14,3.63226669037307e-14,ENSG00000170584,2,3,Decrease,in_cis,UpRegulated,In_cis_Decrease_UpRegulated
MARCH9,0.516040562367875,7.59869915383829,59.6238689202968,1.5493044315074e-14,5.11582022703594e-14,ENSG00000139266,2,3,Decrease,in_cis,UpRegulated,In_cis_Decrease_UpRegulated
LSAMP,0.575722384857922,7.45695069316788,64.3172770222638,1.82076046859149e-14,5.98590745971959e-14,ENSG00000185565,3,4,Decrease,in_cis,UpRegulated,In_cis_Decrease_UpRegulated
OLFML2B,0.59066080739855,7.40494981037993,61.5766428170263,3.01796021252511e-14,9.8005029411414e-14,ENSG00000162745,7,8,Decrease,in_cis,UpRegulated,In_cis_Decrease_UpRegulated
CLK4,0.614088791264817,7.37401125258041,82.5577142105698,3.63846517205562e-14,1.17774118167865e-13,ENSG00000113240,2,3,Decrease,in_cis,UpRegulated,In_cis_Decrease_UpRegulated
BEND7,0.447108168795573,7.88464551797489,57.3584957648218,4.79421170496833e-14,1.54080163372132e-13,ENSG00000165626,4,5,Decrease,in_cis,UpRegulated,In_cis_Decrease_UpRegulated
KALRN,0.604105177090185,7.33510855969344,94.8639911180024,5.68937449423607e-14,1.82201209423567e-13,ENSG00000160145,2,3,Decrease,in_cis,UpRegulated,In_cis_Decrease_UpRegulated
SLC25A36,0.440690860431183,7.85567243924103,56.7025434907964,6.65107937358769e-14,2.12022230225452e-13,ENSG00000114120,2,3,Decrease,in_cis,UpRegulated,In_cis_Decrease_UpRegulated
DHRS1,0.609416277553229,7.34699951015518,93.5922441642026,6.85427736494033e-14,2.18191677415496e-13,ENSG00000157379,2,3,Decrease,in_cis,UpRegulated,In_cis_Decrease_UpRegulated
FAM89A,0.522534156734763,7.49825137786661,56.0701865082373,9.1202512845677e-14,2.8758725332029e-13,ENSG00000182118,3,4,Decrease,in_cis,UpRegulated,In_cis_Decrease_UpRegulated
P4HA1,0.551197753337949,7.4774607021239,55.1657322377697,1.43289313200367e-13,4.4637660831753e-13,ENSG00000122884,6,10,Decrease,in_cis,UpRegulated,In_cis_Decrease_UpRegulated
ZRANB2,-0.312927035567385,8.37504251260183,53.6114542469726,3.11638092101091e-13,9.50490918529196e-13,ENSG00000132485,4,3,Increase,in_cis,DownRegulated,In_cis_Increase_DownRegulated
CPLANE1,0.482964373901365,7.63722315593011,53.318320029558,3.60851162932293e-13,1.09762440297795e-12,ENSG00000197603,3,4,Decrease,in_cis,UpRegulated,In_cis_Decrease_UpRegulated
HNRNPH1,0.387052020629777,8.11017160119537,52.0602854708768,6.77250117804905e-13,2.02793296216714e-12,ENSG00000169045,2,3,Decrease,in_cis,UpRegulated,In_cis_Decrease_UpRegulated
CDC42BPA,0.474819347613504,7.64417514107421,51.1599390069684,1.06308952700049e-12,3.15088989771624e-12,ENSG00000143776,3,4,Decrease,in_cis,UpRegulated,In_cis_Decrease_UpRegulated
PPP1R11,-0.344614073545974,8.10274793319932,51.0739175470505,1.10990358520595e-12,3.28210192468726e-12,ENSG00000204619,5,4,Increase,in_cis,DownRegulated,In_cis_Increase_DownRegulated
NSD1,0.425588950046609,7.80398185595309,50.8834096872154,1.22106086748327e-12,3.60137187924278e-12,ENSG00000165671,2,3,Decrease,in_cis,UpRegulated,In_cis_Decrease_UpRegulated
CEP97,0.521182715322121,7.451555294624,55.1447690152009,1.87749567363514e-12,5.47309988011587e-12,ENSG00000182504,3,4,Decrease,in_cis,UpRegulated,In_cis_Decrease_UpRegulated
CTSA,-0.449559396368746,7.50856100744594,51.0757621286107,4.58874586813535e-12,1.30440553777559e-11,ENSG00000064601,4,3,Increase,in_cis,DownRegulated,In_cis_Increase_DownRegulated
NOP58,-0.275510326091221,8.52930291532388,48.1840816437462,4.72782858925561e-12,1.34140810523303e-11,ENSG00000055044,3,2,Increase,in_cis,DownRegulated,In_cis_Increase_DownRegulated
PRR7,0.47430449523327,7.54587903516408,47.7630029054962,5.84084013842693e-12,1.64685068030389e-11,ENSG00000131188,2,3,Decrease,in_cis,UpRegulated,In_cis_Decrease_UpRegulated
XRN1,0.501301932996252,7.47241241031262,53.0007371672502,6.58040270342309e-12,1.85075106865817e-11,ENSG00000114127,2,3,Decrease,in_cis,UpRegulated,In_cis_Decrease_UpRegulated
CTSC,-0.352681142611676,8.13918113294352,46.9023198007645,8.99972485343288e-12,2.51008385272861e-11,ENSG00000109861,4,3,Increase,in_cis,DownRegulated,In_cis_Increase_DownRegulated
RND3,-0.493673166755187,7.37806739832863,55.054780922322,1.29144528288987e-11,3.56777067903898e-11,ENSG00000115963,3,2,Increase,in_cis,DownRegulated,In_cis_Increase_DownRegulated
CSTB,-0.319287893037387,8.13702921591189,46.1128636349701,1.33828964358077e-11,3.6915374988326e-11,ENSG00000160213,4,3,Increase,in_cis,DownRegulated,In_cis_Increase_DownRegulated
OSGEP,0.463414265022201,7.52123174655886,47.5529788550252,1.42599784296732e-11,3.92388376594695e-11,ENSG00000092094,1,2,Decrease,in_cis,UpRegulated,In_cis_Decrease_UpRegulated
NEFH,0.522888481763965,7.42721074376475,57.6794359607626,1.77848454169386e-11,4.87302606069092e-11,ENSG00000100285,1,2,Decrease,in_cis,UpRegulated,In_cis_Decrease_UpRegulated
TMED9,0.313519624569612,8.19756837650612,45.4855770601118,1.83461843346211e-11,5.02226101018379e-11,ENSG00000184840,2,3,Decrease,in_cis,UpRegulated,In_cis_Decrease_UpRegulated
ZBTB11,0.456005759847755,7.52994764701105,44.0084951073389,3.8582682369117e-11,1.03702441808183e-10,ENSG00000066422,3,4,Decrease,in_cis,UpRegulated,In_cis_Decrease_UpRegulated
FAM120C,-0.402807706669634,7.62977802542816,43.6400796959891,4.6448902113659e-11,1.24050770415415e-10,ENSG00000184083,4.5,4,Increase,in_cis,DownRegulated,In_cis_Increase_DownRegulated
GUK1,0.254987076741359,8.71252605754681,43.1663405620023,5.89699424312582e-11,1.56358646534555e-10,ENSG00000143774,3,4,Decrease,in_cis,UpRegulated,In_cis_Decrease_UpRegulated
ZFR,0.300891227365514,8.30205161500685,42.6075615533235,7.81526989140106e-11,2.05532039572635e-10,ENSG00000056097,4,5,Decrease,in_cis,UpRegulated,In_cis_Decrease_UpRegulated
SELENOT,0.406908687535195,7.67018072847756,42.4233629904223,8.5758300541139e-11,2.25009649095591e-10,ENSG00000198843,2,3,Decrease,in_cis,UpRegulated,In_cis_Decrease_UpRegulated
TINF2,0.448861731536739,7.50848764956786,42.0640281521278,1.31423575086459e-10,3.41255407304719e-10,ENSG00000092330,2,3,Decrease,in_cis,UpRegulated,In_cis_Decrease_UpRegulated
C8orf59,-0.32737732923317,7.97850524478986,40.7582873884672,1.98675295969342e-10,5.09726306221343e-10,ENSG00000176731,2,1,Increase,in_cis,DownRegulated,In_cis_Increase_DownRegulated
MED20,-0.444756638669278,7.42084279355882,50.9265976404147,2.18929607336166e-10,5.59624478871472e-10,ENSG00000124641,5,4,Increase,in_cis,DownRegulated,In_cis_Increase_DownRegulated
HECTD1,0.369663120107663,7.7925685914943,40.0981680570255,2.77293577521089e-10,7.06214974222492e-10,ENSG00000092148,2,3,Decrease,in_cis,UpRegulated,In_cis_Decrease_UpRegulated
ZNF354C,0.520527666408719,7.3590012178348,62.9887702681524,2.79706421566199e-10,7.12159203034774e-10,ENSG00000177932,2,3,Decrease,in_cis,UpRegulated,In_cis_Decrease_UpRegulated
UBE2G2,-0.279839275680898,8.34087853916711,39.8788570224845,3.09787472129269e-10,7.86088974655642e-10,ENSG00000184787,4,3,Increase,in_cis,DownRegulated,In_cis_Increase_DownRegulated
ANXA7,0.412973059325721,7.61190193278517,39.8346889334284,3.16779384604997e-10,8.03379562585715e-10,ENSG00000138279,6,10,Decrease,in_cis,UpRegulated,In_cis_Decrease_UpRegulated
SMAP1,-0.290631589961367,8.12629538222798,39.0934794803103,4.60764248876297e-10,1.1561994808563e-09,ENSG00000112305,4,3,Increase,in_cis,DownRegulated,In_cis_Increase_DownRegulated
COQ8A,0.411588180984659,7.57928746283956,38.3111143056442,6.84470707013096e-10,1.69540728333386e-09,ENSG00000163050,3,4,Decrease,in_cis,UpRegulated,In_cis_Decrease_UpRegulated
NMI,-0.478059043379934,7.35380266132927,62.8829885107634,7.52918154358047e-10,1.85984788074604e-09,ENSG00000123609,3,2,Increase,in_cis,DownRegulated,In_cis_Increase_DownRegulated
VAMP4,0.380471701215474,7.70196757496747,37.9237874312344,8.32706716728605e-10,2.05077020964713e-09,ENSG00000117533,7,8,Decrease,in_cis,UpRegulated,In_cis_Decrease_UpRegulated
PABPN1,0.386407319479956,7.71863350618124,37.8507659967962,8.64064523206826e-10,2.12567875485722e-09,ENSG00000100836,2,3,Decrease,in_cis,UpRegulated,In_cis_Decrease_UpRegulated
MRPS10,-0.260278267040214,8.34281532096058,37.427622970662,1.0705281437301e-09,2.61790946819023e-09,ENSG00000048544,5,4,Increase,in_cis,DownRegulated,In_cis_Increase_DownRegulated
DAXX,-0.295835288357192,8.01985542846175,37.3421204497498,1.11790583810463e-09,2.73081082605435e-09,ENSG00000204209,5,4,Increase,in_cis,DownRegulated,In_cis_Increase_DownRegulated
UAP1,0.303496511059527,8.10111362058083,37.1916105496903,1.2064661616424e-09,2.93761011210367e-09,ENSG00000117143,7,8,Decrease,in_cis,UpRegulated,In_cis_Decrease_UpRegulated
NQO2,0.391572512545845,7.62278234525122,36.7677932255228,1.49545925531481e-09,3.61109426062782e-09,ENSG00000124588,5,6,Decrease,in_cis,UpRegulated,In_cis_Decrease_UpRegulated
SENP7,0.465919279985895,7.40073737080728,46.8885993251895,1.71086212769965e-09,4.11691869844272e-09,ENSG00000138468,3,4,Decrease,in_cis,UpRegulated,In_cis_Decrease_UpRegulated
MMADHC,-0.302738403869931,8.00965813963347,36.327450531417,1.86943976805715e-09,4.48774868296759e-09,ENSG00000168288,3,2,Increase,in_cis,DownRegulated,In_cis_Increase_DownRegulated
HOXD9,-0.484741213327271,7.35578904225771,59.9378637248607,1.93903879940181e-09,4.64864863217356e-09,ENSG00000128709,3,2,Increase,in_cis,DownRegulated,In_cis_Increase_DownRegulated
BPHL,0.374358783934218,7.70083644298889,36.198195205836,1.99606071987193e-09,4.77774300587421e-09,ENSG00000137274,5,6,Decrease,in_cis,UpRegulated,In_cis_Decrease_UpRegulated
SPEF2,0.407955007150903,7.53594635778828,35.7754530806837,2.47336488733686e-09,5.87505478630699e-09,ENSG00000152582,4,5,Decrease,in_cis,UpRegulated,In_cis_Decrease_UpRegulated
COL2A1,0.48539804193514,7.32553542368854,63.8557872449054,2.48255892216913e-09,5.89534305182997e-09,ENSG00000139219,2,3,Decrease,in_cis,UpRegulated,In_cis_Decrease_UpRegulated
PHYH,0.358275624186458,7.78152390886564,35.0748107738526,3.52941055115025e-09,8.29406887521152e-09,ENSG00000107537,4,5,Decrease,in_cis,UpRegulated,In_cis_Decrease_UpRegulated
DNAJC9,0.348837897057866,7.86607341101202,35.0740659823045,3.53074524734591e-09,8.29504691175363e-09,ENSG00000213551,6,10,Decrease,in_cis,UpRegulated,In_cis_Decrease_UpRegulated
FKBP2,-0.338990211143201,7.73764290166738,34.5983458921216,4.49546031668679e-09,1.05041402639064e-08,ENSG00000173486,3,2,Increase,in_cis,DownRegulated,In_cis_Increase_DownRegulated
PYGB,-0.426455838723861,7.36953905369552,48.840890859239,9.58537282004937e-09,2.19208665327591e-08,ENSG00000100994,4,3,Increase,in_cis,DownRegulated,In_cis_Increase_DownRegulated
SSSCA1,-0.327580154704044,7.74521099991833,33.0320628315646,9.96683673287133e-09,2.27586605649965e-08,ENSG00000173465,3,2,Increase,in_cis,DownRegulated,In_cis_Increase_DownRegulated
ISCA1,-0.264561069520687,8.12991554079153,32.871073554988,1.08176377326576e-08,2.464532955692e-08,ENSG00000135070,4,3,Increase,in_cis,DownRegulated,In_cis_Increase_DownRegulated
ENY2,0.266615153662863,8.22684215546393,32.523469055472,1.29112304177571e-08,2.92968145484334e-08,ENSG00000120533,2,3,Decrease,in_cis,UpRegulated,In_cis_Decrease_UpRegulated
SHOX2,-0.414461266029288,7.41039185139548,41.2249815276198,1.37683605664649e-08,3.11868734075106e-08,ENSG00000168779,3,2,Increase,in_cis,DownRegulated,In_cis_Increase_DownRegulated
UBE2L6,-0.391984054734311,7.47707461367266,32.208108843287,1.51601014734205e-08,3.42448415223764e-08,ENSG00000156587,3,2,Increase,in_cis,DownRegulated,In_cis_Increase_DownRegulated
GXYLT1,0.371840430422365,7.63948008953806,32.0759369563311,1.62157269413712e-08,3.65288675498936e-08,ENSG00000151233,2,3,Decrease,in_cis,UpRegulated,In_cis_Decrease_UpRegulated
ESRP1,0.468899755130165,7.33464144583413,57.5148843986271,1.71997639260733e-08,3.86780547849521e-08,ENSG00000104413,2,3,Decrease,in_cis,UpRegulated,In_cis_Decrease_UpRegulated
HMMR,0.449702333325424,7.468866400799,31.936008498105,1.74137101688752e-08,3.9120203118187e-08,ENSG00000072571,2,3,Decrease,in_cis,UpRegulated,In_cis_Decrease_UpRegulated
SRPRA,-0.346106955812476,7.56260602339428,31.6099893014807,2.05604674513199e-08,4.58586272049568e-08,ENSG00000182934,3,2,Increase,in_cis,DownRegulated,In_cis_Increase_DownRegulated
DNAJC15,0.425919145962914,7.41748682077103,31.4549061099919,2.22515222353128e-08,4.95203295483267e-08,ENSG00000120675,1,2,Decrease,in_cis,UpRegulated,In_cis_Decrease_UpRegulated
PPID,-0.303646790005313,7.84447983675343,31.1911848381918,2.54535069676601e-08,5.63822961552462e-08,ENSG00000171497,3,2,Increase,in_cis,DownRegulated,In_cis_Increase_DownRegulated
SERPINE2,-0.391470896758931,7.49393036667566,34.8250680120068,3.03334083197271e-08,6.66361008356738e-08,ENSG00000135919,3,2,Increase,in_cis,DownRegulated,In_cis_Increase_DownRegulated
CHN1,-0.379460312690621,7.48931619963854,35.19155320044,3.37519464882601e-08,7.3840559286695e-08,ENSG00000128656,3,2,Increase,in_cis,DownRegulated,In_cis_Increase_DownRegulated
ARL5A,-0.354091774548015,7.5200195089296,31.7493691579796,3.39009996511661e-08,7.41486868127102e-08,ENSG00000162980,3,2,Increase,in_cis,DownRegulated,In_cis_Increase_DownRegulated
OXR1,0.400807205682128,7.45553516992724,34.3191649813249,4.11095875496279e-08,8.93527521445703e-08,ENSG00000164830,2,5,Decrease,in_cis,UpRegulated,In_cis_Decrease_UpRegulated
TLE4,-0.37250024193163,7.5737888042915,29.6226309371175,5.66789323069599e-08,1.22251597244842e-07,ENSG00000106829,4,3,Increase,in_cis,DownRegulated,In_cis_Increase_DownRegulated
ADK,0.389159605259407,7.4726394785203,33.6690968339895,5.81783977710008e-08,1.2521666117014e-07,ENSG00000156110,6,10,Decrease,in_cis,UpRegulated,In_cis_Decrease_UpRegulated
PCOLCE2,0.441946636918026,7.33010708347212,51.6600578158555,7.35735731343977e-08,1.57376347460148e-07,ENSG00000163710,2,3,Decrease,in_cis,UpRegulated,In_cis_Decrease_UpRegulated
SNX4,0.322555717072465,7.75348179357997,29.0979499441818,7.41098035604099e-08,1.58485824284646e-07,ENSG00000114520,2,3,Decrease,in_cis,UpRegulated,In_cis_Decrease_UpRegulated
DNAH14,0.327983457316748,7.74523504744425,28.9103329116946,8.15713165150637e-08,1.73784043276136e-07,ENSG00000185842,3,4,Decrease,in_cis,UpRegulated,In_cis_Decrease_UpRegulated
UIMC1,0.39574693136344,7.47438811296986,34.6171321620755,8.21169301409669e-08,1.74781521589223e-07,ENSG00000087206,2,3,Decrease,in_cis,UpRegulated,In_cis_Decrease_UpRegulated
RETREG2,-0.355751520855859,7.49025489642529,31.5946675853292,9.23957969945042e-08,1.95966754968851e-07,ENSG00000144567,3,2,Increase,in_cis,DownRegulated,In_cis_Increase_DownRegulated
TUBA1A,0.269676230981442,9.43019992462906,28.5691798505036,9.71226191880009e-08,2.05654014979329e-07,ENSG00000167552,2,3,Decrease,in_cis,UpRegulated,In_cis_Decrease_UpRegulated
PATJ,0.426172458711574,7.3234947608837,49.1422934630787,1.04610414602492e-07,2.20939348520839e-07,ENSG00000132849,1,2,Decrease,in_cis,UpRegulated,In_cis_Decrease_UpRegulated
LASP1,-0.400531871958621,7.38586095732625,40.5162325238855,1.14276049539193e-07,2.40621824058861e-07,ENSG00000002834,4,3,Increase,in_cis,DownRegulated,In_cis_Increase_DownRegulated
AQP5,0.427015637715796,7.37984461380929,39.9735529132288,1.19696649448217e-07,2.51742068273602e-07,ENSG00000161798,2,3,Decrease,in_cis,UpRegulated,In_cis_Decrease_UpRegulated
MBNL1,-0.366343338133433,7.41619565017542,34.262039504906,1.3676108737557e-07,2.8663016479201e-07,ENSG00000152601,3,2,Increase,in_cis,DownRegulated,In_cis_Increase_DownRegulated
NMB,-0.330309029888242,7.57813889914811,27.7970081216828,1.44205394760494e-07,3.01812032463968e-07,ENSG00000197696,3,2,Increase,in_cis,DownRegulated,In_cis_Increase_DownRegulated
RHBDD3,0.420813413911007,7.35707428865599,43.3232453878946,1.56316809648757e-07,3.26027045713147e-07,ENSG00000100263,1,2,Decrease,in_cis,UpRegulated,In_cis_Decrease_UpRegulated
BLOC1S5,0.308110664262135,7.78797398944601,26.9650983563085,2.20869739722885e-07,4.56447281335784e-07,ENSG00000188428,5,6,Decrease,in_cis,UpRegulated,In_cis_Decrease_UpRegulated
PAK1,-0.322797692068951,7.60638617100709,26.5684497675725,2.70705692145205e-07,5.55497183768087e-07,ENSG00000149269,3,2,Increase,in_cis,DownRegulated,In_cis_Increase_DownRegulated
ELOVL2,0.35656498861228,7.48200684583274,28.2473873665013,3.04455438465547e-07,6.21645278042586e-07,ENSG00000197977,5,6,Decrease,in_cis,UpRegulated,In_cis_Decrease_UpRegulated
ZNF300,0.412700423772004,7.35274767986004,40.1975582385669,3.74226703513784e-07,7.60153252234139e-07,ENSG00000145908,2,3,Decrease,in_cis,UpRegulated,In_cis_Decrease_UpRegulated
RGS14,0.413655820835595,7.36275969952399,40.1851639736793,3.85118027487184e-07,7.81397642380759e-07,ENSG00000169220,2,3,Decrease,in_cis,UpRegulated,In_cis_Decrease_UpRegulated
AGPS,-0.336084969706814,7.48631188679101,28.4790878276774,3.98451360596094e-07,8.07724856912082e-07,ENSG00000018510,3,2,Increase,in_cis,DownRegulated,In_cis_Increase_DownRegulated
GDAP1,-0.30754023797811,7.62885304287651,25.4711213031117,4.7558957830105e-07,9.60002119275097e-07,ENSG00000104381,4,3,Increase,in_cis,DownRegulated,In_cis_Increase_DownRegulated
HLA-E,-0.370923317233842,7.71851006670696,25.2287118107762,5.38709405117882e-07,1.08233251115008e-06,ENSG00000204592,5,4,Increase,in_cis,DownRegulated,In_cis_Increase_DownRegulated
GK5,0.386274688278713,7.39991694817716,33.4574093946534,5.93655319857751e-07,1.18928597906729e-06,ENSG00000175066,2,3,Decrease,in_cis,UpRegulated,In_cis_Decrease_UpRegulated
ZNF354B,0.404905140946374,7.31958030489996,46.6517468012073,6.05501863530593e-07,1.21274946319467e-06,ENSG00000178338,2,3,Decrease,in_cis,UpRegulated,In_cis_Decrease_UpRegulated
MAN1A1,0.406286808983289,7.33571211227416,41.7304665310426,6.51274126747756e-07,1.30067594839871e-06,ENSG00000111885,2,3,Decrease,in_cis,UpRegulated,In_cis_Decrease_UpRegulated
PPP2R5A,0.384772199419467,7.43895505191585,31.075204243775,6.63999137065849e-07,1.32550314032752e-06,ENSG00000066027,3,4,Decrease,in_cis,UpRegulated,In_cis_Decrease_UpRegulated
ALCAM,0.392027810511475,7.34711920309338,38.1550316602284,7.34934573492457e-07,1.46000750840528e-06,ENSG00000170017,3,4,Decrease,in_cis,UpRegulated,In_cis_Decrease_UpRegulated
MX1,-0.372983855672144,7.33706656562808,37.030062644754,8.75891308492786e-07,1.73089155514187e-06,ENSG00000157601,4,3,Increase,in_cis,DownRegulated,In_cis_Increase_DownRegulated
OBSCN,0.391841163240839,7.34834106594211,38.6188172785144,9.12131559219665e-07,1.79975095287586e-06,ENSG00000154358,3,4,Decrease,in_cis,UpRegulated,In_cis_Decrease_UpRegulated
HOXC11,0.385952485938784,7.38968879586817,32.7396803189709,1.05153819393461e-06,2.06534176368497e-06,ENSG00000123388,2,3,Decrease,in_cis,UpRegulated,In_cis_Decrease_UpRegulated
AMOTL2,0.380556746405425,7.35421229530968,34.964183702767,1.07189685434259e-06,2.10395576865201e-06,ENSG00000114019,2,3,Decrease,in_cis,UpRegulated,In_cis_Decrease_UpRegulated
FAM184A,0.317589647212197,7.63951445111493,23.6106721870012,1.23931821707889e-06,2.42099996072669e-06,ENSG00000111879,2,3,Decrease,in_cis,UpRegulated,In_cis_Decrease_UpRegulated
EFTUD2,-0.257223064928931,7.83640897799124,23.6081366039814,1.24093963621958e-06,2.4233647058646e-06,ENSG00000108883,4,3,Increase,in_cis,DownRegulated,In_cis_Increase_DownRegulated
STARD3,-0.358110904275873,7.39849112690775,31.9813302171918,1.29461141932575e-06,2.52410097753256e-06,ENSG00000131748,4,3,Increase,in_cis,DownRegulated,In_cis_Increase_DownRegulated
RANBP17,0.344005465598342,7.47596778891514,25.5528981422921,1.56202047882814e-06,3.02457267244788e-06,ENSG00000204764,2,3,Decrease,in_cis,UpRegulated,In_cis_Decrease_UpRegulated
SPA17,-0.295822474974433,7.65904618377784,23.0463714128464,1.65813161046625e-06,3.20517692083064e-06,ENSG00000064199,3,2,Increase,in_cis,DownRegulated,In_cis_Increase_DownRegulated
ZNF678,0.388200804476454,7.36836573174479,34.4679138360712,1.82272999030248e-06,3.51207052323912e-06,ENSG00000181450,3,4,Decrease,in_cis,UpRegulated,In_cis_Decrease_UpRegulated
PSME3,-0.261596844398682,7.80935129145556,22.6016518517975,2.08620573546868e-06,4.00351126158471e-06,ENSG00000131467,4,3,Increase,in_cis,DownRegulated,In_cis_Increase_DownRegulated
HSPB1,-0.283444335318056,8.19457680908013,22.5495854305352,2.14308694587882e-06,4.10830358909607e-06,ENSG00000106211,3,2,Increase,in_cis,DownRegulated,In_cis_Increase_DownRegulated
ABCB10,0.377124873611817,7.31283035170459,43.9670213261897,3.34428249586022e-06,6.29343930404536e-06,ENSG00000135776,3,4,Decrease,in_cis,UpRegulated,In_cis_Decrease_UpRegulated
CD200,0.34307197307085,7.41038282804856,25.4890595977709,3.53969712670051e-06,6.650094601879e-06,ENSG00000091972,3,4,Decrease,in_cis,UpRegulated,In_cis_Decrease_UpRegulated
TM9SF1,0.376162078938511,7.31104665828636,44.0779592454792,3.62894384113326e-06,6.81067993127066e-06,ENSG00000100926,2,3,Decrease,in_cis,UpRegulated,In_cis_Decrease_UpRegulated
RPP21,-0.329212806715003,7.41404505105108,27.4080671384845,3.64656631149131e-06,6.84233126097611e-06,ENSG00000241370,5,4,Increase,in_cis,DownRegulated,In_cis_Increase_DownRegulated
LBR,0.26621956324752,8.06411449046262,21.2823804683329,4.12813181907066e-06,7.70271868967503e-06,ENSG00000143815,3,4,Decrease,in_cis,UpRegulated,In_cis_Decrease_UpRegulated
SUMF2,0.307960630061768,7.54852073039527,21.1089289285984,4.51630285230663e-06,8.39924445205544e-06,ENSG00000129103,3,4,Decrease,in_cis,UpRegulated,In_cis_Decrease_UpRegulated
TAP2,-0.324516516077161,7.43648130947342,24.9316716621509,4.51856118334177e-06,8.40171423651628e-06,ENSG00000204267,5,4,Increase,in_cis,DownRegulated,In_cis_Increase_DownRegulated
NUDT16,0.358064499059666,7.39702096807631,28.6601380235296,5.64181676410752e-06,1.04130895558257e-05,ENSG00000198585,2,3,Decrease,in_cis,UpRegulated,In_cis_Decrease_UpRegulated
FAM50B,0.297846677818703,7.65215207003151,21.1240927890485,6.40699834110111e-06,1.17892424650538e-05,ENSG00000145945,5,6,Decrease,in_cis,UpRegulated,In_cis_Decrease_UpRegulated
TENT4A,0.369971887516997,7.32567550194341,37.5432204066651,7.30152049765797e-06,1.33319918346844e-05,ENSG00000112941,1,2,Decrease,in_cis,UpRegulated,In_cis_Decrease_UpRegulated
MX2,-0.279534134661315,7.54082153127822,20.047906676064,7.83173957469834e-06,1.42568917756704e-05,ENSG00000183486,4,3,Increase,in_cis,DownRegulated,In_cis_Increase_DownRegulated
GMDS,0.276575062088145,7.72498798963659,19.8037118459322,8.89128089490249e-06,1.61045242201894e-05,ENSG00000112699,5,6,Decrease,in_cis,UpRegulated,In_cis_Decrease_UpRegulated
UBFD1,-0.263728666559383,7.6889190956299,19.6743104613128,9.50995963410208e-06,1.71940831742895e-05,ENSG00000103353,3,2,Increase,in_cis,DownRegulated,In_cis_Increase_DownRegulated
ARMC8,0.314984216092085,7.47298800758797,22.3112184493771,1.23106240507487e-05,2.20721155057201e-05,ENSG00000114098,2,3,Decrease,in_cis,UpRegulated,In_cis_Decrease_UpRegulated
RICTOR,0.302981352338297,7.44806277756443,19.75389897166,2.02638583564775e-05,3.56036779800289e-05,ENSG00000164327,3,4,Decrease,in_cis,UpRegulated,In_cis_Decrease_UpRegulated
GAS1,-0.308324028500608,7.52412935792971,18.1194165180684,2.13779639243334e-05,3.74736786103755e-05,ENSG00000180447,4,3,Increase,in_cis,DownRegulated,In_cis_Increase_DownRegulated
STRN3,0.298425851148812,7.48392864637504,19.5119768916048,2.69886413527345e-05,4.69532691305231e-05,ENSG00000196792,2,3,Decrease,in_cis,UpRegulated,In_cis_Decrease_UpRegulated
ATP6V1A,0.281841524618137,7.52585168931623,17.5788369505274,2.83540170234617e-05,4.92243613492661e-05,ENSG00000114573,3,4,Decrease,in_cis,UpRegulated,In_cis_Decrease_UpRegulated
NUDCD1,0.288028656371471,7.47184864982112,18.8022931905302,3.05080528257688e-05,5.27913824620651e-05,ENSG00000120526,2,3,Decrease,in_cis,UpRegulated,In_cis_Decrease_UpRegulated
VASH2,0.317858496633579,7.38839328715488,22.8850734049521,3.36143881383625e-05,5.79556203279022e-05,ENSG00000143494,3,4,Decrease,in_cis,UpRegulated,In_cis_Decrease_UpRegulated
KCTD14,-0.314086950770746,7.37056655949719,25.1349410683264,4.46941108285227e-05,7.63010425127389e-05,ENSG00000151364,4,3,Increase,in_cis,DownRegulated,In_cis_Increase_DownRegulated
VCL,0.257791248839631,7.80305505857072,16.365159896156,5.35419361827347e-05,9.08562994487555e-05,ENSG00000035403,6,10,Decrease,in_cis,UpRegulated,In_cis_Decrease_UpRegulated
C8orf37-AS1,0.325796597435493,7.3182125941336,30.7035138912111,6.80886010443245e-05,0.000114550699707767,ENSG00000253773,2,3,Decrease,in_cis,UpRegulated,In_cis_Decrease_UpRegulated
WASF1,0.268272259617945,7.6490768506872,15.9051783100988,6.81720593182405e-05,0.000114669746266163,ENSG00000112290,2,3,Decrease,in_cis,UpRegulated,In_cis_Decrease_UpRegulated
RC3H1,0.275886523282943,7.50773002481686,16.4678762917273,7.02766936555104e-05,0.000117968182231025,ENSG00000135870,7,8,Decrease,in_cis,UpRegulated,In_cis_Decrease_UpRegulated
CCNE2,0.318742634880589,7.3564672847922,22.6109084041356,7.68411629755979e-05,0.000128676533067425,ENSG00000175305,2,3,Decrease,in_cis,UpRegulated,In_cis_Decrease_UpRegulated
AAMDC,-0.259877201007428,7.59691517179549,16.6472327065527,9.57556212897042e-05,0.000159404426887985,ENSG00000087884,3,2,Increase,in_cis,DownRegulated,In_cis_Increase_DownRegulated
RCBTB2,0.311246565058055,7.31544608682719,30.1823812785349,9.92867465534343e-05,0.000165069699581014,ENSG00000136161,1,2,Decrease,in_cis,UpRegulated,In_cis_Decrease_UpRegulated
EAF2,0.309843786300442,7.34662414523253,24.0195820018738,0.000120834867956755,0.000199171325518791,ENSG00000145088,2,3,Decrease,in_cis,UpRegulated,In_cis_Decrease_UpRegulated
MRNIP,0.293771357391815,7.41782972122639,19.332494528655,0.000127404263007386,0.000209655229449654,ENSG00000161010,2,3,Decrease,in_cis,UpRegulated,In_cis_Decrease_UpRegulated
FASTKD1,-0.294829473875873,7.34257845167375,24.4275564929967,0.000127999974404969,0.000210597152277514,ENSG00000138399,3,2,Increase,in_cis,DownRegulated,In_cis_Increase_DownRegulated
ZNF454,0.305650604906535,7.35025793444673,23.2541423551433,0.000143881890743473,0.00023578249960158,ENSG00000178187,2,3,Decrease,in_cis,UpRegulated,In_cis_Decrease_UpRegulated
CAMK2G,0.257476817008059,7.50920992221086,15.1552047527471,0.000146278717903966,0.000239319402425855,ENSG00000148660,6,10,Decrease,in_cis,UpRegulated,In_cis_Decrease_UpRegulated
LTB4R,0.308935474581199,7.31292293160012,29.723607762399,0.000149942079583317,0.00024513521374311,ENSG00000213903,2,3,Decrease,in_cis,UpRegulated,In_cis_Decrease_UpRegulated
CCSAP,0.308460586445214,7.36117289871064,21.9379640483423,0.000182255656126399,0.000295981088019693,ENSG00000154429,3,4,Decrease,in_cis,UpRegulated,In_cis_Decrease_UpRegulated
G0S2,0.277337619116363,7.49544529788248,14.4676692224768,0.000193821464574989,0.000313860793720051,ENSG00000123689,3,4,Decrease,in_cis,UpRegulated,In_cis_Decrease_UpRegulated
GRK6,0.252563409427399,7.47728964924535,14.8301137848123,0.000204347582023749,0.000330313766467958,ENSG00000198055,2,3,Decrease,in_cis,UpRegulated,In_cis_Decrease_UpRegulated
ZFP91,-0.262331108453126,7.43118693529871,16.6316367256037,0.000234193842537702,0.000376737547552188,ENSG00000186660,3,2,Increase,in_cis,DownRegulated,In_cis_Increase_DownRegulated
PIP4P1,0.262360238082183,7.45195021929871,15.3707495819637,0.000254923922441401,0.000408774492821074,ENSG00000165782,1,2,Decrease,in_cis,UpRegulated,In_cis_Decrease_UpRegulated
CEP70,0.276211655497349,7.51567170432758,15.6273024167371,0.000262551752771547,0.000420408666538979,ENSG00000114107,2,3,Decrease,in_cis,UpRegulated,In_cis_Decrease_UpRegulated
HACD2,0.263767320366345,7.4557335602767,15.220918636872,0.000285977009428916,0.000456219461606172,ENSG00000206527,2,3,Decrease,in_cis,UpRegulated,In_cis_Decrease_UpRegulated
LGALS3BP,-0.250055782885605,7.56111064930376,13.15904488593,0.00029085975014794,0.00046376313622635,ENSG00000108679,4,3,Increase,in_cis,DownRegulated,In_cis_Increase_DownRegulated
DHRS4L2,0.257142437165555,7.46969766130197,14.4817053788959,0.000336233287462104,0.000533284653858493,ENSG00000187630,2,3,Decrease,in_cis,UpRegulated,In_cis_Decrease_UpRegulated
TRIM14,-0.271171318471187,7.33311870007214,22.2332119747713,0.000351674837999001,0.000556700343903414,ENSG00000106785,4,3,Increase,in_cis,DownRegulated,In_cis_Increase_DownRegulated
GMPPA,-0.272263374493757,7.37034451727579,19.1867956974949,0.000452735116985608,0.000709835215537678,ENSG00000144591,3,2,Increase,in_cis,DownRegulated,In_cis_Increase_DownRegulated
SCRN3,-0.251828038509411,7.37061707261331,16.6777315553176,0.000549022399435886,0.000856342191589894,ENSG00000144306,3,2,Increase,in_cis,DownRegulated,In_cis_Increase_DownRegulated
PPP1R3E,0.274772715637289,7.31436342648371,22.7879252191835,0.000591941150976489,0.000920582148177833,ENSG00000235194,2,3,Decrease,in_cis,UpRegulated,In_cis_Decrease_UpRegulated
DDN-AS1,0.271517944014858,7.31654621243733,21.7301324883659,0.000722491777138848,0.00111288133026453,ENSG00000257913,2,3,Decrease,in_cis,UpRegulated,In_cis_Decrease_UpRegulated
NEK2,0.28644400266229,7.69591482776927,11.3029886945472,0.000783433821926268,0.00120224143514293,ENSG00000117650,3,4,Decrease,in_cis,UpRegulated,In_cis_Decrease_UpRegulated
DDIT3,0.256239754562787,7.6918071839017,11.1779453150928,0.000837822275586563,0.00128200151996311,ENSG00000175197,2,3,Decrease,in_cis,UpRegulated,In_cis_Decrease_UpRegulated
RAB23,0.251180918555716,7.41370397043588,14.1835837721166,0.00090187647759949,0.00137280405683482,ENSG00000112210,7,8,Decrease,in_cis,UpRegulated,In_cis_Decrease_UpRegulated
PTPN14,0.267136417346147,7.36577064046369,15.7650526695965,0.000971226604420462,0.0014731520766747,ENSG00000152104,3,4,Decrease,in_cis,UpRegulated,In_cis_Decrease_UpRegulated
