gene_symbol,logFC,logCPM,F,PValue,FDR,ensembl_gene_id,G,E,classified_gene_dlp,classified_gene,classified_gene_rna,Gene_Type
ALG13,0.822485586358628,6.537918494971,44.4091203303751,4.0967525835193e-11,8.69792910848955e-10,ENSG00000101901,1,2,Decrease,in_cis,UpRegulated,In_cis_Decrease_UpRegulated
PSMD10,0.666424040376004,6.702325635784,36.0480170161783,2.56657762969653e-09,3.9646220789495e-08,ENSG00000101843,1,2,Decrease,in_cis,UpRegulated,In_cis_Decrease_UpRegulated
C1GALT1C1,0.685107130721717,6.70567180259575,35.1419460123879,4.03066713192618e-09,6.04488005893052e-08,ENSG00000171155,1,2,Decrease,in_cis,UpRegulated,In_cis_Decrease_UpRegulated
TES,-0.486430210041817,7.47064060488308,32.1461198562553,1.80093106927032e-08,2.44840262012646e-07,ENSG00000135269,4,3,Increase,in_cis,DownRegulated,In_cis_Increase_DownRegulated
PNPLA8,-0.464655381822517,7.52909142398855,31.5182287221608,2.46694864026791e-08,3.26633488235472e-07,ENSG00000135241,4,3,Increase,in_cis,DownRegulated,In_cis_Increase_DownRegulated
SLC25A5,0.319255035203198,9.04749882311028,24.5315877255542,8.3857373098219e-07,8.18947537278351e-06,ENSG00000005022,1,2,Decrease,in_cis,UpRegulated,In_cis_Decrease_UpRegulated
U2AF1L4,-0.594912372616891,6.36038012198871,28.7718590561152,3.16084322937232e-06,2.73987121294242e-05,ENSG00000161265,3,2,Increase,in_cis,DownRegulated,In_cis_Increase_DownRegulated
FDX1,0.474754222577037,6.71952841682076,19.735824626686,9.73578685634136e-06,7.42430771426221e-05,ENSG00000137714,1,2,Decrease,in_cis,UpRegulated,In_cis_Decrease_UpRegulated
PCNX2,0.568845769567355,6.4991961300927,17.1309168087043,3.73949488872916e-05,0.000244538610803666,ENSG00000135749,4,5,Decrease,in_cis,UpRegulated,In_cis_Decrease_UpRegulated
NFKBID,-0.484752374277115,6.63807358620786,16.3383208438901,5.64502271163766e-05,0.000355172153508325,ENSG00000167604,3,2,Increase,in_cis,DownRegulated,In_cis_Increase_DownRegulated
DNAJB9,-0.334470724181632,7.50197277137307,16.0599295856909,6.52546238454129e-05,0.000401910108144367,ENSG00000128590,4,3,Increase,in_cis,DownRegulated,In_cis_Increase_DownRegulated
CPA4,-0.526231066985177,7.05769564920676,15.4028168264037,9.19305729363108e-05,0.000545639650574569,ENSG00000128510,4,3,Increase,in_cis,DownRegulated,In_cis_Increase_DownRegulated
TTF2,0.440430188053988,6.72579847465604,14.7113305796009,0.000131986630175235,0.000756372846765215,ENSG00000116830,1,2,Decrease,in_cis,UpRegulated,In_cis_Decrease_UpRegulated
TMSB15A,0.585443028448141,6.35529845706362,21.5464126141175,0.000141081702157483,0.000802766544920885,ENSG00000158164,1,2,Decrease,in_cis,UpRegulated,In_cis_Decrease_UpRegulated
TMEM164,0.470118874910381,6.37981869440115,16.413467626162,0.000550762931823452,0.00263725976147355,ENSG00000157600,1,2,Decrease,in_cis,UpRegulated,In_cis_Decrease_UpRegulated
STAM,0.332956810178417,6.69550254307451,10.142666650546,0.00148707522125786,0.00617309132545415,ENSG00000136738,2,3,Decrease,in_cis,UpRegulated,In_cis_Decrease_UpRegulated
