gene_symbol,logFC,logCPM,F,PValue,FDR,ensembl_gene_id,R,H,classified_gene_dlp,classified_gene,classified_gene_rna,Gene_Type
ATP5F1E,-1.11646293103048,10.2779734342275,1232.70746305726,5.34859390683154e-205,3.35624267653679e-202,ENSG00000124172,4,3,Increase,in_cis,DownRegulated,In_cis_Increase_DownRegulated
EEF1A1,-0.814917899669596,12.8510890327259,883.248315140759,1.49014631827263e-157,5.75425732132971e-155,ENSG00000156508,4,3,Increase,in_cis,DownRegulated,In_cis_Increase_DownRegulated
KCNMA1,2.99971552460082,6.55529400646198,792.862030123839,2.97167295199948e-144,8.52445612516423e-142,ENSG00000156113,10,11,Decrease,in_cis,UpRegulated,In_cis_Decrease_UpRegulated
TUBB2B,1.9014634988598,8.07444877673933,701.072181762601,2.97369149601925e-130,6.49040491739855e-128,ENSG00000137285,5,6,Decrease,in_cis,UpRegulated,In_cis_Decrease_UpRegulated
TUBA1A,1.84573170801184,7.95460500344682,552.801904631958,1.73525095425703e-106,2.76538406043501e-104,ENSG00000167552,2,3,Decrease,in_cis,UpRegulated,In_cis_Decrease_UpRegulated
COL2A1,2.42794178415211,6.44587530896414,588.678955384377,7.27422500941193e-97,9.86935393168862e-95,ENSG00000139219,2,3,Decrease,in_cis,UpRegulated,In_cis_Decrease_UpRegulated
EIF2S2,-1.08485931577831,9.12763973101266,491.818285576839,2.91083466930087e-96,3.84536579997114e-94,ENSG00000125977,4,3,Increase,in_cis,DownRegulated,In_cis_Increase_DownRegulated
DNAJC21,1.24534971957368,7.85216145797987,468.42008683649,2.89424927168647e-92,3.63228283596652e-90,ENSG00000168724,4,5,Decrease,in_cis,UpRegulated,In_cis_Decrease_UpRegulated
MIF,1.31244561045015,7.55293792302362,460.92440936727,5.63823273629957e-91,6.82022369547563e-89,ENSG00000240972,1,2,Decrease,in_cis,UpRegulated,In_cis_Decrease_UpRegulated
DSP,2.31044020154823,6.62381555131427,453.674176450514,1.00628971186532e-89,1.13518524799188e-87,ENSG00000096696,5,6,Decrease,in_cis,UpRegulated,In_cis_Decrease_UpRegulated
NMT1,-1.7541411478519,7.635645801963,352.409972869647,8.54941029048374e-72,6.86688634531654e-70,ENSG00000136448,4,3,Increase,in_cis,DownRegulated,In_cis_Increase_DownRegulated
SNHG8,-1.03789778370331,9.55181170016263,343.017249069698,4.35562437846791e-70,3.32283194204915e-68,ENSG00000269893,3,2,Increase,in_cis,DownRegulated,In_cis_Increase_DownRegulated
ZFAS1,-1.06132808829237,8.76130778793335,309.323733908113,6.72207529921299e-64,4.41108732052931e-62,ENSG00000177410,4,3,Increase,in_cis,DownRegulated,In_cis_Increase_DownRegulated
MGST3,0.628544605414485,9.15454938204012,278.8964749042,3.20149456169069e-58,1.84729916088359e-56,ENSG00000143198,7,8,Decrease,in_cis,UpRegulated,In_cis_Decrease_UpRegulated
ROMO1,-0.835879867960027,8.71569605503504,267.769998232695,4.01202830427154e-56,2.20113465436537e-54,ENSG00000125995,4,3,Increase,in_cis,DownRegulated,In_cis_Increase_DownRegulated
MAEL,1.42008648407378,7.61505461442209,254.861172813838,1.12816734497455e-53,5.57970450420911e-52,ENSG00000143194,7,8,Decrease,in_cis,UpRegulated,In_cis_Decrease_UpRegulated
RBP1,1.81094266597479,6.52762596263861,244.619276593165,1.01620853117994e-51,4.79001579955241e-50,ENSG00000114115,2,3,Decrease,in_cis,UpRegulated,In_cis_Decrease_UpRegulated
SUCO,1.23243724828273,7.21031466390588,232.807282683619,1.87983851120384e-49,8.46348818497153e-48,ENSG00000094975,7,8,Decrease,in_cis,UpRegulated,In_cis_Decrease_UpRegulated
MPZL1,0.967332850099918,7.55454937695626,210.407123330763,4.09389236394092e-45,1.55691967174117e-43,ENSG00000197965,7,8,Decrease,in_cis,UpRegulated,In_cis_Decrease_UpRegulated
PRDX6,0.480960692825826,9.78549017045824,202.95426412434,1.16650400918898e-43,4.1827500900919e-42,ENSG00000117592,7,8,Decrease,in_cis,UpRegulated,In_cis_Decrease_UpRegulated
OPTN,1.6166361709354,6.48963718544147,204.475774764069,3.01384979157206e-41,9.98648577801436e-40,ENSG00000123240,4,5,Decrease,in_cis,UpRegulated,In_cis_Decrease_UpRegulated
NDUFB3,-1.04649914868733,7.79370639066505,189.953618316182,4.15400068109398e-41,1.36741530616995e-39,ENSG00000119013,3,2,Increase,in_cis,DownRegulated,In_cis_Increase_DownRegulated
ARL4C,1.56925597588471,6.60556523837488,172.727129158277,1.06477076547641e-37,2.96952735705088e-36,ENSG00000188042,2,3,Decrease,in_cis,UpRegulated,In_cis_Decrease_UpRegulated
RAD21,1.05448820490497,7.43557680385749,156.435792831186,1.90951688896433e-34,4.60854556855814e-33,ENSG00000164754,2,3,Decrease,in_cis,UpRegulated,In_cis_Decrease_UpRegulated
AQP5,1.48402994405558,6.50034436224457,165.881054773815,5.76301185607052e-34,1.36142680082231e-32,ENSG00000161798,2,3,Decrease,in_cis,UpRegulated,In_cis_Decrease_UpRegulated
CD63,0.675427640993008,8.22133552217547,153.309138019103,8.10535147775285e-34,1.8969167560988e-32,ENSG00000135404,2,3,Decrease,in_cis,UpRegulated,In_cis_Decrease_UpRegulated
COX6B1,-0.443008019710674,9.54531996652794,147.507210502337,1.19337529808639e-32,2.67443928410433e-31,ENSG00000126267,4,3,Increase,in_cis,DownRegulated,In_cis_Increase_DownRegulated
MDH2,-0.599267388529375,8.87631052780474,146.545886809792,1.86499131990035e-32,4.17027012289522e-31,ENSG00000146701,3,2,Increase,in_cis,DownRegulated,In_cis_Increase_DownRegulated
EBF1,1.49876821167469,6.4488010807728,160.115378565787,6.97980833015685e-32,1.52673803125871e-30,ENSG00000164330,2,3,Decrease,in_cis,UpRegulated,In_cis_Decrease_UpRegulated
NIPBL,0.759220232032778,7.81252110073605,136.555789236682,1.958985266429e-30,4.04695721706731e-29,ENSG00000164190,4,5,Decrease,in_cis,UpRegulated,In_cis_Decrease_UpRegulated
SVIL,1.39028544053521,6.54720061084582,132.187662518305,1.51195218760628e-29,2.93617020571897e-28,ENSG00000197321,1,2,Decrease,in_cis,UpRegulated,In_cis_Decrease_UpRegulated
PODXL2,0.934033456044266,7.15303354922633,129.59220671447,5.10448092637929e-29,9.5792501870744e-28,ENSG00000114631,2,3,Decrease,in_cis,UpRegulated,In_cis_Decrease_UpRegulated
SPEF2,1.22758717321558,6.7061441985381,129.283581260243,5.89982037138848e-29,1.10100737042268e-27,ENSG00000152582,4,5,Decrease,in_cis,UpRegulated,In_cis_Decrease_UpRegulated
PFDN4,-0.658396033762961,8.24925099861056,122.229172858993,1.62710672641683e-27,2.83613741896267e-26,ENSG00000101132,4,3,Increase,in_cis,DownRegulated,In_cis_Increase_DownRegulated
ATP5PD,-0.744398775671171,8.04153802931354,120.492630403208,3.68945926849466e-27,6.27833407723499e-26,ENSG00000167863,4,3,Increase,in_cis,DownRegulated,In_cis_Increase_DownRegulated
CSNK2B,-0.439025823411264,9.13427616461016,118.679630204093,8.68078133404886e-27,1.44057924948513e-25,ENSG00000204435,5,4,Increase,in_cis,DownRegulated,In_cis_Increase_DownRegulated
ATP5MC3,-0.733279003503494,9.10463677669921,118.619716086928,8.92988459975746e-27,1.47947263005883e-25,ENSG00000154518,3,2,Increase,in_cis,DownRegulated,In_cis_Increase_DownRegulated
BEND7,0.9264067730721,7.203653461294,117.328665821933,1.64330755444414e-26,2.68710225514969e-25,ENSG00000165626,4,5,Decrease,in_cis,UpRegulated,In_cis_Decrease_UpRegulated
FYN,1.2312037971265,6.58889117429995,117.079486358397,1.84869168813882e-26,3.00337614060093e-25,ENSG00000010810,2,3,Decrease,in_cis,UpRegulated,In_cis_Decrease_UpRegulated
CPLANE1,1.11006520466177,6.81731116293316,115.913013384677,3.20917084176117e-26,5.15521204020514e-25,ENSG00000197603,3,4,Decrease,in_cis,UpRegulated,In_cis_Decrease_UpRegulated
DGCR6L,0.97312116224949,6.91494824897613,109.168698129836,7.84582059534339e-25,1.14328067891506e-23,ENSG00000128185,1,2,Decrease,in_cis,UpRegulated,In_cis_Decrease_UpRegulated
SDF2L1,0.982939949901365,7.08374892525611,108.482321261299,1.08703622927165e-24,1.56808099739761e-23,ENSG00000128228,1,2,Decrease,in_cis,UpRegulated,In_cis_Decrease_UpRegulated
GDF6,1.32644095489578,6.44448496500697,114.641870181486,2.03672980635795e-23,2.71925096487152e-22,ENSG00000156466,2,3,Decrease,in_cis,UpRegulated,In_cis_Decrease_UpRegulated
TUBB2A,0.813680256954048,7.42569316074789,95.8533515699178,4.49358267887632e-22,5.45532891123559e-21,ENSG00000137267,5,6,Decrease,in_cis,UpRegulated,In_cis_Decrease_UpRegulated
KIAA1586,0.976219916552507,6.8537479287961,95.6373667681472,4.98334615354286e-22,6.01355713720797e-21,ENSG00000168116,7,8,Decrease,in_cis,UpRegulated,In_cis_Decrease_UpRegulated
CFL1,-0.301152415476924,10.0443871387922,94.913754130447,7.04838711263873e-22,8.43454190833049e-21,ENSG00000172757,3,2,Increase,in_cis,DownRegulated,In_cis_Increase_DownRegulated
F12,1.11073421439738,6.57410723666964,92.3826086618389,2.37314237453329e-21,2.77373101749875e-20,ENSG00000131187,2,3,Decrease,in_cis,UpRegulated,In_cis_Decrease_UpRegulated
ILDR2,1.09906390415923,6.63633612244208,91.9775322046945,2.88257951777702e-21,3.35354558035705e-20,ENSG00000143195,7,8,Decrease,in_cis,UpRegulated,In_cis_Decrease_UpRegulated
SCAF11,0.62014331347026,7.73421737043329,89.1411632678518,1.12664404908617e-20,1.25404725641077e-19,ENSG00000139218,2,3,Decrease,in_cis,UpRegulated,In_cis_Decrease_UpRegulated
PSMD14,-0.588521250450008,8.20466767911272,88.467743701214,1.55777691931676e-20,1.72058088778221e-19,ENSG00000115233,3,2,Increase,in_cis,DownRegulated,In_cis_Increase_DownRegulated
PFDN6,-0.556733956218586,8.37921445698834,88.0125103337204,1.93939814921474e-20,2.1350391905829e-19,ENSG00000204220,5,4,Increase,in_cis,DownRegulated,In_cis_Increase_DownRegulated
ENY2,0.635032785135511,7.65042536096834,85.7319871329858,5.81863665276513e-20,6.22141767771692e-19,ENSG00000120533,2,3,Decrease,in_cis,UpRegulated,In_cis_Decrease_UpRegulated
UBL7,-1.02648017899083,7.16021834209219,84.9617728903761,8.43603103768255e-20,8.87817102917534e-19,ENSG00000138629,3,2,Increase,in_cis,DownRegulated,In_cis_Increase_DownRegulated
TMA16,-0.836650816125767,7.51340161862621,84.5627645168055,1.02268317654156e-19,1.06733254599556e-18,ENSG00000198498,3,2,Increase,in_cis,DownRegulated,In_cis_Increase_DownRegulated
GPR161,0.750225241099511,7.27882204278972,83.4409973185866,1.75752842858128e-19,1.81538944680618e-18,ENSG00000143147,7,8,Decrease,in_cis,UpRegulated,In_cis_Decrease_UpRegulated
PSMC4,-0.540955169496324,8.35069579444445,81.6130865309056,4.25089659253255e-19,4.26790017890268e-18,ENSG00000013275,4,3,Increase,in_cis,DownRegulated,In_cis_Increase_DownRegulated
FAM213A,0.604559872834562,7.63428394137766,80.7837361859509,6.3485438150501e-19,6.29835769793508e-18,ENSG00000122378,8,10.5,Decrease,in_cis,UpRegulated,In_cis_Decrease_UpRegulated
GOLGB1,0.769486542550596,7.4547456367359,80.7723575813264,6.38358626216995e-19,6.3268712805712e-18,ENSG00000173230,2,3,Decrease,in_cis,UpRegulated,In_cis_Decrease_UpRegulated
SMC1A,0.508879527426938,8.56979842873784,80.6316569442314,6.83324601142037e-19,6.75253838136422e-18,ENSG00000072501,4,5,Decrease,in_cis,UpRegulated,In_cis_Decrease_UpRegulated
POLR1D,-0.585011683635106,8.04476882169658,80.2041640485294,8.40357991842605e-19,8.28801005707245e-18,ENSG00000186184,3,2,Increase,in_cis,DownRegulated,In_cis_Increase_DownRegulated
DNM3,1.19624987402042,6.41070800570012,97.8509334142411,3.20526537583668e-18,3.01318954807118e-17,ENSG00000197959,7,8,Decrease,in_cis,UpRegulated,In_cis_Decrease_UpRegulated
PLAC9,1.09174451695155,6.49503751497527,82.3629317975987,7.2118360953554e-18,6.61854062133165e-17,ENSG00000189129,8,10.5,Decrease,in_cis,UpRegulated,In_cis_Decrease_UpRegulated
UAP1,0.632067144031406,7.42842443322535,75.1666057792095,9.66325859409144e-18,8.78796343158316e-17,ENSG00000117143,7,8,Decrease,in_cis,UpRegulated,In_cis_Decrease_UpRegulated
SDC2,0.777497086126319,7.44122531231581,73.1072533560484,2.62912861438317e-17,2.28937131729462e-16,ENSG00000169439,8,11,Decrease,in_cis,UpRegulated,In_cis_Decrease_UpRegulated
FAM184A,0.853578338976865,6.9092035231582,72.0061405723887,4.49262009203626e-17,3.83227746168598e-16,ENSG00000111879,2,3,Decrease,in_cis,UpRegulated,In_cis_Decrease_UpRegulated
SMARCB1,0.753087934995421,6.98706945654831,69.2218278931158,1.74469172186062e-16,1.43110334048044e-15,ENSG00000099956,1,2,Decrease,in_cis,UpRegulated,In_cis_Decrease_UpRegulated
KRT8,1.18239987317531,6.40003806435475,95.3280778594537,1.95545372483905e-16,1.60006156457898e-15,ENSG00000170421,2,3,Decrease,in_cis,UpRegulated,In_cis_Decrease_UpRegulated
HOXC12,1.21397897547875,6.36328616105751,119.032104940271,3.50633162985829e-16,2.82759594889777e-15,ENSG00000123407,2,3,Decrease,in_cis,UpRegulated,In_cis_Decrease_UpRegulated
RAMP1,0.982445935238414,6.59512066848887,67.3227511383599,4.40860996093945e-16,3.53533897826135e-15,ENSG00000132329,2,3,Decrease,in_cis,UpRegulated,In_cis_Decrease_UpRegulated
KRT18,0.58157443493381,7.54061675900668,65.6963574986287,9.76196960218922e-16,7.60948562158228e-15,ENSG00000111057,2,3,Decrease,in_cis,UpRegulated,In_cis_Decrease_UpRegulated
YPEL1,1.07454707820042,6.45808464234104,79.8317551368335,1.56312167360431e-15,1.19799554221277e-14,ENSG00000100027,1,2,Decrease,in_cis,UpRegulated,In_cis_Decrease_UpRegulated
DDIT4,1.0258664194763,6.99331263029331,64.7144530392624,1.57824597478514e-15,1.20866434682248e-14,ENSG00000168209,6,9,Decrease,in_cis,UpRegulated,In_cis_Decrease_UpRegulated
KIF1A,1.18558795962023,6.36856900787576,104.849478146526,1.6246103563965e-15,1.24038691849588e-14,ENSG00000130294,2,3,Decrease,in_cis,UpRegulated,In_cis_Decrease_UpRegulated
MPC2,0.35506436940525,8.6819018197999,64.2829869487207,1.94941133494932e-15,1.4715856994655e-14,ENSG00000143158,7,8,Decrease,in_cis,UpRegulated,In_cis_Decrease_UpRegulated
PRRC2C,0.270740231528067,10.0787841474853,62.8175377436788,3.99654483967902e-15,2.941738283752e-14,ENSG00000117523,7,8,Decrease,in_cis,UpRegulated,In_cis_Decrease_UpRegulated
ARHGAP9,1.14772536709364,6.38462815972289,96.0317068021414,4.66280463532e-15,3.41462863155454e-14,ENSG00000123329,2,3,Decrease,in_cis,UpRegulated,In_cis_Decrease_UpRegulated
PXDC1,1.15595370740395,6.36375329014392,104.783598576782,5.69859776394891e-15,4.14894282451393e-14,ENSG00000168994,5,6,Decrease,in_cis,UpRegulated,In_cis_Decrease_UpRegulated
ZFR,0.532321413576199,7.6944111665552,61.1309562103376,9.14023998080862e-15,6.5129886023647e-14,ENSG00000056097,4,5,Decrease,in_cis,UpRegulated,In_cis_Decrease_UpRegulated
AL135925.1,0.793557312441408,6.90378403254906,60.755210761357,1.09916764526462e-14,7.79353330399493e-14,ENSG00000272447,8,10.5,Decrease,in_cis,UpRegulated,In_cis_Decrease_UpRegulated
ELOC,-0.378958280363633,8.64149880690127,59.4174581868411,2.12060687943993e-14,1.46833745307427e-13,ENSG00000154582,4,3,Increase,in_cis,DownRegulated,In_cis_Increase_DownRegulated
MAN1A1,1.0531430657437,6.43508920898703,71.9905496422741,4.11295087916063e-14,2.77513621147666e-13,ENSG00000111885,2,3,Decrease,in_cis,UpRegulated,In_cis_Decrease_UpRegulated
DLG5,0.591125196366774,7.34038704536629,56.4144783585523,9.29511644399085e-14,6.09157761734126e-13,ENSG00000151208,10,11,Decrease,in_cis,UpRegulated,In_cis_Decrease_UpRegulated
FAM96A,-0.701286657910936,7.30294604443087,55.9650749789832,1.15994980113892e-13,7.52805171521315e-13,ENSG00000166797,3,2,Increase,in_cis,DownRegulated,In_cis_Increase_DownRegulated
EEF1B2,-0.260113103833052,9.74685572147283,53.426962525936,4.05841433535108e-13,2.51211343569203e-12,ENSG00000114942,3,2,Increase,in_cis,DownRegulated,In_cis_Increase_DownRegulated
FAM229B,0.681379474707058,7.03222943784953,53.043958723598,4.90385834044055e-13,3.00945829694518e-12,ENSG00000203778,2,3,Decrease,in_cis,UpRegulated,In_cis_Decrease_UpRegulated
TAF11,-0.532913770404209,7.76388109861425,53.0165590019948,4.9707069741325e-13,3.04861930484364e-12,ENSG00000064995,5,4,Increase,in_cis,DownRegulated,In_cis_Increase_DownRegulated
SEM1,-0.32423007433877,8.8549694049799,52.0351670561949,8.07473402812642e-13,4.85160560397302e-12,ENSG00000127922,3,2,Increase,in_cis,DownRegulated,In_cis_Increase_DownRegulated
TEX10,-0.736808832769843,7.16466869050093,51.9306811720267,8.50301047732661e-13,5.10282278495871e-12,ENSG00000136891,4,3,Increase,in_cis,DownRegulated,In_cis_Increase_DownRegulated
CYR61,-1.0830053813808,8.05285148348572,50.7519987594066,1.52373659982084e-12,8.9411545658686e-12,ENSG00000142871,4,3,Increase,in_cis,DownRegulated,In_cis_Increase_DownRegulated
NOP58,-0.443476158525824,8.15820984607362,48.2260038033287,5.33026990806293e-12,3.02008520750293e-11,ENSG00000055044,3,2,Increase,in_cis,DownRegulated,In_cis_Increase_DownRegulated
DDN-AS1,0.980313786218739,6.42199370777035,63.3089459848287,6.33974973294316e-12,3.56788606046801e-11,ENSG00000257913,2,3,Decrease,in_cis,UpRegulated,In_cis_Decrease_UpRegulated
ALCAM,0.981082056157849,6.40225324980452,61.913952394516,1.08355913469027e-11,5.96432769314162e-11,ENSG00000170017,3,4,Decrease,in_cis,UpRegulated,In_cis_Decrease_UpRegulated
SUCLA2,0.778437133567432,6.67554676397868,46.5352441827592,1.23449122300353e-11,6.76544316536869e-11,ENSG00000136143,1,2,Decrease,in_cis,UpRegulated,In_cis_Decrease_UpRegulated
HNRNPL,-0.622745623319208,7.37088022283332,45.639985199159,1.92690247340092e-11,1.04404213885295e-10,ENSG00000104824,4,3,Increase,in_cis,DownRegulated,In_cis_Increase_DownRegulated
RABGGTB,-0.722711269558494,7.11283760307641,45.3943755318631,2.17740945185728e-11,1.17533284390576e-10,ENSG00000137955,4,3,Increase,in_cis,DownRegulated,In_cis_Increase_DownRegulated
APP,0.533137345602091,7.32973264577533,45.2865282794759,2.29748030223853e-11,1.2354955669242e-10,ENSG00000142192,2,3,Decrease,in_cis,UpRegulated,In_cis_Decrease_UpRegulated
ATP5MF,-0.32057997801355,8.78148297698459,45.1980435031105,2.40093315662243e-11,1.28836819307799e-10,ENSG00000241468,3,2,Increase,in_cis,DownRegulated,In_cis_Increase_DownRegulated
AC020928.2,-0.887676469010435,6.76611926201741,43.8256689227637,5.00612130514231e-11,2.61234188688299e-10,ENSG00000267260,4,3,Increase,in_cis,DownRegulated,In_cis_Increase_DownRegulated
NELFE,-0.301736348527384,8.80324772090911,43.103040726706,6.81976451531538e-11,3.52576909030723e-10,ENSG00000204356,5,4,Increase,in_cis,DownRegulated,In_cis_Increase_DownRegulated
DPM1,-0.602617657514597,7.37081723143667,42.4350659881126,9.51776191448259e-11,4.84330104518019e-10,ENSG00000000419,4,3,Increase,in_cis,DownRegulated,In_cis_Increase_DownRegulated
POMP,-0.299598677521594,8.7629042204139,42.236433985863,1.05099965610554e-10,5.31856680811474e-10,ENSG00000132963,3,2,Increase,in_cis,DownRegulated,In_cis_Increase_DownRegulated
HES6,0.675588025241078,7.0767010980556,42.1583981793162,1.09276030901371e-10,5.52154680548448e-10,ENSG00000144485,2,3,Decrease,in_cis,UpRegulated,In_cis_Decrease_UpRegulated
TRMT112,-0.25901629489247,9.25725745708576,41.7325373855773,1.35175843340447e-10,6.73531249200043e-10,ENSG00000173113,3,2,Increase,in_cis,DownRegulated,In_cis_Increase_DownRegulated
NQO2,0.741937424021678,6.73043614179976,41.2268772472374,1.74035348013901e-10,8.57788362326741e-10,ENSG00000124588,5,6,Decrease,in_cis,UpRegulated,In_cis_Decrease_UpRegulated
SDHA,0.634101449477374,6.90615434340155,41.0393783396643,1.91136547015424e-10,9.39770289928924e-10,ENSG00000073578,1,2,Decrease,in_cis,UpRegulated,In_cis_Decrease_UpRegulated
DNAJC15,0.961370558954013,6.35660197740903,64.452540627319,2.56369088208538e-10,1.24105383105773e-09,ENSG00000120675,1,2,Decrease,in_cis,UpRegulated,In_cis_Decrease_UpRegulated
IRX2,0.808493849520148,6.56175734563016,40.1898520852122,2.92335607272744e-10,1.40567504646473e-09,ENSG00000170561,1,2,Decrease,in_cis,UpRegulated,In_cis_Decrease_UpRegulated
DDX23,0.604126561980841,7.00102515837761,39.5180117905669,4.09208917189219e-10,1.94437175985791e-09,ENSG00000174243,2,3,Decrease,in_cis,UpRegulated,In_cis_Decrease_UpRegulated
PBX1,0.408424645351171,7.9875200358379,39.4246546453672,4.2879567040198e-10,2.03166990601033e-09,ENSG00000185630,7,8,Decrease,in_cis,UpRegulated,In_cis_Decrease_UpRegulated
SUMF2,0.711055682290075,6.72173171792087,38.9452015651474,5.45212706748916e-10,2.56030663038312e-09,ENSG00000129103,3,4,Decrease,in_cis,UpRegulated,In_cis_Decrease_UpRegulated
PRAME,0.39566173277556,7.86635846007564,38.7031363104162,6.15537204301238e-10,2.87709196051417e-09,ENSG00000185686,1,2,Decrease,in_cis,UpRegulated,In_cis_Decrease_UpRegulated
FAIM,0.908468566758518,6.40141403502692,52.8061754548052,6.6934755862139e-10,3.11699883513857e-09,ENSG00000158234,2,3,Decrease,in_cis,UpRegulated,In_cis_Decrease_UpRegulated
TMEM45A,0.858173622981746,6.43403428925537,47.9416027400993,6.77928402044475e-10,3.15549427748101e-09,ENSG00000181458,3,4,Decrease,in_cis,UpRegulated,In_cis_Decrease_UpRegulated
GUK1,0.34162252091299,8.06107843267566,38.3563381253805,7.32427466741709e-10,3.39656894507472e-09,ENSG00000143774,3,4,Decrease,in_cis,UpRegulated,In_cis_Decrease_UpRegulated
ZMIZ1,0.665572672172165,6.79802374234362,37.9022483914071,9.19776257792283e-10,4.20900347686168e-09,ENSG00000108175,10,11,Decrease,in_cis,UpRegulated,In_cis_Decrease_UpRegulated
DDX27,-0.415418154583349,7.99738366778125,37.7914896475865,9.72338640489042e-10,4.43135721766227e-09,ENSG00000124228,4,3,Increase,in_cis,DownRegulated,In_cis_Increase_DownRegulated
SERPINB6,0.62258710956534,6.90187208732682,36.8234732245627,1.58085682003185e-09,7.01051345985857e-09,ENSG00000124570,5,6,Decrease,in_cis,UpRegulated,In_cis_Decrease_UpRegulated
UBE2V1,-0.921113363954371,6.61870065877365,38.4259133588037,1.64881416117064e-09,7.29898332370072e-09,ENSG00000244687,4,3,Increase,in_cis,DownRegulated,In_cis_Increase_DownRegulated
MRPL45,-0.637751605462101,7.10898354444108,36.6825643759987,1.69682888833545e-09,7.49214744178006e-09,ENSG00000278845,4,3,Increase,in_cis,DownRegulated,In_cis_Increase_DownRegulated
RICTOR,0.717349481055025,6.62065310917904,36.42162083287,1.93458750976138e-09,8.48547776234349e-09,ENSG00000164327,3,4,Decrease,in_cis,UpRegulated,In_cis_Decrease_UpRegulated
NADK2,0.659920629272947,6.74423254425847,36.4169154904548,1.93916818106968e-09,8.50185525674219e-09,ENSG00000152620,4,5,Decrease,in_cis,UpRegulated,In_cis_Decrease_UpRegulated
ZBTB37,0.645717650385731,6.86146197747101,35.3561346048322,3.30612136527642e-09,1.40769544136452e-08,ENSG00000185278,7,8,Decrease,in_cis,UpRegulated,In_cis_Decrease_UpRegulated
SNHG18,0.861217201535158,6.4138705127625,48.1476546771321,3.75308671366053e-09,1.58723633551608e-08,ENSG00000250786,1,2,Decrease,in_cis,UpRegulated,In_cis_Decrease_UpRegulated
RAI14,0.492849577691855,7.4127540632306,34.4466691715827,5.22658287322674e-09,2.17738141274674e-08,ENSG00000039560,4,5,Decrease,in_cis,UpRegulated,In_cis_Decrease_UpRegulated
GSPT2,0.464422653274447,7.42044889543443,33.8167232734685,7.17998890113892e-09,2.94593741591478e-08,ENSG00000189369,4,5,Decrease,in_cis,UpRegulated,In_cis_Decrease_UpRegulated
ALDH9A1,0.389848786120636,7.69453725750229,33.4190252064154,8.77497468489337e-09,3.55818844250119e-08,ENSG00000143149,7,8,Decrease,in_cis,UpRegulated,In_cis_Decrease_UpRegulated
TIMM10,-0.451702430631857,7.56485961404808,33.3365648459911,9.14778470506013e-09,3.69890287711654e-08,ENSG00000134809,3,2,Increase,in_cis,DownRegulated,In_cis_Increase_DownRegulated
HIST1H2BN,-0.841708297013927,7.05424806272291,33.2043562463175,9.7789412422614e-09,3.936670812843e-08,ENSG00000233822,5,4,Increase,in_cis,DownRegulated,In_cis_Increase_DownRegulated
AL451165.2,-0.798880648519633,6.75150205405091,32.9958137432843,1.08644623180101e-08,4.34925046542351e-08,ENSG00000272288,5,4,Increase,in_cis,DownRegulated,In_cis_Increase_DownRegulated
HIST1H2BG,-0.941046375592914,6.98451841683715,32.4409158126298,1.43785713910047e-08,5.67456197978331e-08,ENSG00000273802,5,4,Increase,in_cis,DownRegulated,In_cis_Increase_DownRegulated
SMPD2,0.813674276015379,6.43338274717035,44.5107171414853,1.58133598760816e-08,6.21150755695848e-08,ENSG00000135587,2,3,Decrease,in_cis,UpRegulated,In_cis_Decrease_UpRegulated
ATIC,-0.471689490973392,7.52227411343772,32.0386150144097,1.76202552892546e-08,6.8818669103192e-08,ENSG00000138363,3,2,Increase,in_cis,DownRegulated,In_cis_Increase_DownRegulated
TMEM106C,0.32344100602641,8.11046994186431,31.1733470653509,2.72954751138653e-08,1.04081492648389e-07,ENSG00000134291,2,3,Decrease,in_cis,UpRegulated,In_cis_Decrease_UpRegulated
NELL2,0.605892223505397,7.00360862614704,31.111152098413,2.81684215460931e-08,1.07304128815593e-07,ENSG00000184613,2,3,Decrease,in_cis,UpRegulated,In_cis_Decrease_UpRegulated
NOS1AP,0.767663131466959,6.47224280147594,35.8609948284854,2.98435769401816e-08,1.13496027454327e-07,ENSG00000198929,7,8,Decrease,in_cis,UpRegulated,In_cis_Decrease_UpRegulated
FKBP11,0.537622733921941,6.98966389545115,30.9292127769022,3.08861653712864e-08,1.17283320850119e-07,ENSG00000134285,2,3,Decrease,in_cis,UpRegulated,In_cis_Decrease_UpRegulated
FMNL3,0.828645025565712,6.38119251723337,48.8997960852944,4.0009869874447e-08,1.49943670600764e-07,ENSG00000161791,2,3,Decrease,in_cis,UpRegulated,In_cis_Decrease_UpRegulated
ALG8,-0.600729275480873,7.04120473417476,30.07488498379,4.76148019009646e-08,1.77122123410776e-07,ENSG00000159063,4,3,Increase,in_cis,DownRegulated,In_cis_Increase_DownRegulated
DAXX,-0.434740371939224,7.64088942258267,29.8616857604498,5.3050554476323e-08,1.96324204549312e-07,ENSG00000204209,5,4,Increase,in_cis,DownRegulated,In_cis_Increase_DownRegulated
OSTM1,0.687458884851779,6.54995394813251,31.085460689164,5.31515056206194e-08,1.964805288774e-07,ENSG00000081087,2,3,Decrease,in_cis,UpRegulated,In_cis_Decrease_UpRegulated
REV3L,0.577062401916487,6.90187972141237,29.7733758466733,5.54805627362225e-08,2.04788547746939e-07,ENSG00000009413,2,3,Decrease,in_cis,UpRegulated,In_cis_Decrease_UpRegulated
GAR1,-0.4023051063961,7.74359108274387,29.1066377965107,7.78181225233703e-08,2.80637194732269e-07,ENSG00000109534,3,2,Increase,in_cis,DownRegulated,In_cis_Increase_DownRegulated
TSPYL2,0.625688295792075,6.85984961458423,28.7457520472554,9.34714956176343e-08,3.3396932953774e-07,ENSG00000184205,4,5,Decrease,in_cis,UpRegulated,In_cis_Decrease_UpRegulated
OSGEP,0.638325270210504,6.64814608331464,28.4205324005883,1.10268218203447e-07,3.90371266136323e-07,ENSG00000092094,1,2,Decrease,in_cis,UpRegulated,In_cis_Decrease_UpRegulated
MYL6,0.28523009771115,8.81626741898126,28.1840311283913,1.24355918365675e-07,4.37314683149343e-07,ENSG00000092841,2,3,Decrease,in_cis,UpRegulated,In_cis_Decrease_UpRegulated
FRG1,-0.450764962748072,7.54021746863342,27.9287136090518,1.41598829962496e-07,4.95004266303433e-07,ENSG00000109536,3,2,Increase,in_cis,DownRegulated,In_cis_Increase_DownRegulated
PPP3CB,0.675061306317801,6.55764109200147,28.9957854563533,1.55045641070891e-07,5.39756670024876e-07,ENSG00000107758,6,10,Decrease,in_cis,UpRegulated,In_cis_Decrease_UpRegulated
AIMP1,-0.436183040130306,7.53956952156996,27.5622318202466,1.70627126602974e-07,5.91538795267216e-07,ENSG00000164022,3,2,Increase,in_cis,DownRegulated,In_cis_Increase_DownRegulated
RAE1,-0.455983797667662,7.36990746659081,27.3420119485112,1.90870253726363e-07,6.58650776122246e-07,ENSG00000101146,4,3,Increase,in_cis,DownRegulated,In_cis_Increase_DownRegulated
PLOD2,0.659132521304499,6.56939641600598,27.2856623311206,1.96426449066379e-07,6.7654255527494e-07,ENSG00000152952,2,3,Decrease,in_cis,UpRegulated,In_cis_Decrease_UpRegulated
MOCS3,-0.774834049799351,6.62148930448949,28.2255708526453,2.05438421593082e-07,7.05886979053573e-07,ENSG00000124217,4,3,Increase,in_cis,DownRegulated,In_cis_Increase_DownRegulated
SMARCC2,0.539333390401668,6.93038535076865,27.0512586471873,2.21335579797996e-07,7.58174418687098e-07,ENSG00000139613,2,3,Decrease,in_cis,UpRegulated,In_cis_Decrease_UpRegulated
FAM89A,0.627645178126962,6.60161094571838,26.3499879582248,3.16447792975392e-07,1.06365444977333e-06,ENSG00000182118,3,4,Decrease,in_cis,UpRegulated,In_cis_Decrease_UpRegulated
SDHAF4,-0.750892766008229,6.65003382181445,26.097257131129,3.59998095515105e-07,1.20318937382545e-06,ENSG00000154079,4,3,Increase,in_cis,DownRegulated,In_cis_Increase_DownRegulated
ZNF451,0.447460286336175,7.16747623259337,25.780167325965,4.23247804809029e-07,1.40151977581882e-06,ENSG00000112200,7,8,Decrease,in_cis,UpRegulated,In_cis_Decrease_UpRegulated
LINC01287,-0.62347860570442,6.89359779005764,25.7318907864904,4.33810981677125e-07,1.43460548617864e-06,ENSG00000234722,3,2,Increase,in_cis,DownRegulated,In_cis_Increase_DownRegulated
U2AF1,0.77920441669991,6.39142305742127,40.0921041055907,4.69713604210296e-07,1.54823525484943e-06,ENSG00000160201,2.89041095890411,3,Decrease,in_cis,UpRegulated,In_cis_Decrease_UpRegulated
PLEKHG4B,0.714277456249486,6.45148856732624,31.7890200053442,4.73925751754195e-07,1.56109401168377e-06,ENSG00000153404,1,2,Decrease,in_cis,UpRegulated,In_cis_Decrease_UpRegulated
ZSCAN16-AS1,-0.364867646549125,7.87869035925007,25.3992869141861,5.14144155676667e-07,1.68858597415562e-06,ENSG00000269293,5,4,Increase,in_cis,DownRegulated,In_cis_Increase_DownRegulated
SPIRE1,0.789663562660899,6.34784130975596,46.9741379435629,5.29381934048123e-07,1.73522514457824e-06,ENSG00000134278,1,2,Decrease,in_cis,UpRegulated,In_cis_Decrease_UpRegulated
PHLDB2,0.780424706484676,6.3707231001939,39.0832953866103,5.45026201680742e-07,1.78359291553933e-06,ENSG00000144824,3,4,Decrease,in_cis,UpRegulated,In_cis_Decrease_UpRegulated
DNAJC9,0.469402560996475,7.12422427473474,25.1569007560103,5.8194828160952e-07,1.90194034744778e-06,ENSG00000213551,6,10,Decrease,in_cis,UpRegulated,In_cis_Decrease_UpRegulated
HLTF,0.451355053938835,7.15122137664358,25.0237882124213,6.22931430447936e-07,2.02796094737266e-06,ENSG00000071794,2,3,Decrease,in_cis,UpRegulated,In_cis_Decrease_UpRegulated
HIST1H4C,-0.625589507283655,10.1174256840858,24.9605933435991,6.43390200033858e-07,2.08846996713221e-06,ENSG00000197061,5,4,Increase,in_cis,DownRegulated,In_cis_Increase_DownRegulated
UBE2G2,-0.306554821083001,8.18886007558915,24.8936998714902,6.65781721800123e-07,2.15766574786095e-06,ENSG00000184787,4,3,Increase,in_cis,DownRegulated,In_cis_Increase_DownRegulated
WDR12,-0.530756281333623,7.13515913883152,24.8671215568756,6.74894042975464e-07,2.18296913385105e-06,ENSG00000138442,3,2,Increase,in_cis,DownRegulated,In_cis_Increase_DownRegulated
MARCH9,0.553927624449503,6.80039330864739,24.1633016035691,9.67572084332326e-07,3.09179622110011e-06,ENSG00000139266,2,3,Decrease,in_cis,UpRegulated,In_cis_Decrease_UpRegulated
ZBTB24,0.599511517403457,6.6108027181253,23.9314572260904,1.08959815385923e-06,3.46079261776232e-06,ENSG00000112365,2,3,Decrease,in_cis,UpRegulated,In_cis_Decrease_UpRegulated
JPT1,-0.330328010447994,8.46628556091127,23.9242101400206,1.09365199795399e-06,3.47256991127705e-06,ENSG00000189159,4,3,Increase,in_cis,DownRegulated,In_cis_Increase_DownRegulated
GDNF,0.758379056125583,6.3532391075977,42.2076790981369,1.333230427713e-06,4.17909256766736e-06,ENSG00000168621,3,4,Decrease,in_cis,UpRegulated,In_cis_Decrease_UpRegulated
CERS5,0.65484168423016,6.4852592787804,27.0757360285986,1.51400135447372e-06,4.71774475447428e-06,ENSG00000139624,2,3,Decrease,in_cis,UpRegulated,In_cis_Decrease_UpRegulated
TSPAN14,0.65272730019267,6.49991014374537,26.7871664365107,1.7899418815845e-06,5.52412015421073e-06,ENSG00000108219,8,10.5,Decrease,in_cis,UpRegulated,In_cis_Decrease_UpRegulated
DNAJB12,0.373907701445159,7.3209117905828,22.9475990979146,1.80483830132619e-06,5.56357892088271e-06,ENSG00000148719,6,9,Decrease,in_cis,UpRegulated,In_cis_Decrease_UpRegulated
IGFBP6,0.75848375148849,6.33756850032511,45.7906883315263,2.03011277160386e-06,6.1952378684432e-06,ENSG00000167779,2,3,Decrease,in_cis,UpRegulated,In_cis_Decrease_UpRegulated
MGAT4B,0.468685689476506,6.99014092257534,22.5744530141847,2.18616402120204e-06,6.63114404014154e-06,ENSG00000161013,2,3,Decrease,in_cis,UpRegulated,In_cis_Decrease_UpRegulated
PWWP2A,0.548098391225516,6.73689438111876,22.5293893871562,2.23738373782153e-06,6.778314039749e-06,ENSG00000170234,2,3,Decrease,in_cis,UpRegulated,In_cis_Decrease_UpRegulated
XBP1,0.553726683986246,6.78397798312635,22.3353137495847,2.47210870312319e-06,7.43907893347462e-06,ENSG00000100219,1,2,Decrease,in_cis,UpRegulated,In_cis_Decrease_UpRegulated
LRP1,0.698800432858396,6.42616232560723,29.8756655725359,2.5931790992775e-06,7.77411709666948e-06,ENSG00000123384,2,3,Decrease,in_cis,UpRegulated,In_cis_Decrease_UpRegulated
MTIF3,-0.59396801505729,6.85204407293427,22.1363842191656,2.73840502766259e-06,8.17045660556682e-06,ENSG00000122033,3,2,Increase,in_cis,DownRegulated,In_cis_Increase_DownRegulated
P4HA1,0.63642316253964,6.5049519071919,24.7228953608259,2.90549181007586e-06,8.6407398617185e-06,ENSG00000122884,6,10,Decrease,in_cis,UpRegulated,In_cis_Decrease_UpRegulated
COPB2,0.39312835439601,7.26773723952568,21.7001802872864,3.42761566468286e-06,1.00829948061576e-05,ENSG00000184432,2,3,Decrease,in_cis,UpRegulated,In_cis_Decrease_UpRegulated
LRRC75B,0.73815927848206,6.33347491512105,45.3045032124867,3.47986024286139e-06,1.0227692282883e-05,ENSG00000178026,1,2,Decrease,in_cis,UpRegulated,In_cis_Decrease_UpRegulated
TGFB2,0.738443179523984,6.35637097758897,35.0838899697606,3.68318285853429e-06,1.07716737255125e-05,ENSG00000092969,3,4,Decrease,in_cis,UpRegulated,In_cis_Decrease_UpRegulated
C6orf136,-0.634206933431202,6.70386540121079,21.5183925088931,3.7640187938556e-06,1.09888771998576e-05,ENSG00000204564,5,4,Increase,in_cis,DownRegulated,In_cis_Increase_DownRegulated
POLR3A,0.374715738600003,7.35223317284704,21.488881722835,3.82167681005763e-06,1.11474826185295e-05,ENSG00000148606,10,11,Decrease,in_cis,UpRegulated,In_cis_Decrease_UpRegulated
CABIN1,0.641601001783673,6.47575477242437,25.9648416855215,4.19741354795782e-06,1.21657143895092e-05,ENSG00000099991,1,2,Decrease,in_cis,UpRegulated,In_cis_Decrease_UpRegulated
ITM2B,0.348407708953652,7.44037005167675,21.2481412447914,4.32643059049991e-06,1.25215806078464e-05,ENSG00000136156,1,2,Decrease,in_cis,UpRegulated,In_cis_Decrease_UpRegulated
SOBP,0.609096890024503,6.57380032058891,21.2357709936965,4.35410536440625e-06,1.25944159777121e-05,ENSG00000112320,2,3,Decrease,in_cis,UpRegulated,In_cis_Decrease_UpRegulated
FOXF2,0.731809118021018,6.3425145291412,40.0642353574212,5.15002240485787e-06,1.47479249699866e-05,ENSG00000137273,5,6,Decrease,in_cis,UpRegulated,In_cis_Decrease_UpRegulated
ZBTB20,0.594684753035629,6.61254918291866,20.8827417523787,5.22351036099672e-06,1.49413230838767e-05,ENSG00000181722,3,4,Decrease,in_cis,UpRegulated,In_cis_Decrease_UpRegulated
XRN1,0.561335940675026,6.64678684807876,20.6844651570303,5.78625779305508e-06,1.64665612931613e-05,ENSG00000114127,2,3,Decrease,in_cis,UpRegulated,In_cis_Decrease_UpRegulated
IRX1,0.718096107612403,6.35859369681036,36.0451184307284,6.42031657354929e-06,1.81628589830968e-05,ENSG00000170549,1,2,Decrease,in_cis,UpRegulated,In_cis_Decrease_UpRegulated
FOXO1,0.707722675205742,6.35923271505823,34.6425675022412,6.42031738356678e-06,1.81628589830968e-05,ENSG00000150907,1,2,Decrease,in_cis,UpRegulated,In_cis_Decrease_UpRegulated
KIF21A,0.478011751048497,6.91898726926068,20.3791962197748,6.7741321388281e-06,1.91045749083804e-05,ENSG00000139116,2,3,Decrease,in_cis,UpRegulated,In_cis_Decrease_UpRegulated
AKAP11,0.626595008690876,6.48874022421366,23.9922453539912,7.51753089115759e-06,2.1070912938923e-05,ENSG00000023516,1,2,Decrease,in_cis,UpRegulated,In_cis_Decrease_UpRegulated
DGCR8,0.666358834782881,6.43607699865061,26.0940026328286,7.94102676826791e-06,2.22083311290835e-05,ENSG00000128191,1,2,Decrease,in_cis,UpRegulated,In_cis_Decrease_UpRegulated
SLC38A1,0.385569879978944,7.29955924293792,20.0688438322311,7.95250023631453e-06,2.22342251107207e-05,ENSG00000111371,2,3,Decrease,in_cis,UpRegulated,In_cis_Decrease_UpRegulated
COL1A2,-0.687456407112201,6.87975503541829,20.0059560754214,8.21530855555208e-06,2.29370683809074e-05,ENSG00000164692,3,2,Increase,in_cis,DownRegulated,In_cis_Increase_DownRegulated
DCAF6,0.363309803897109,7.33384703850264,19.9168336093876,8.60277370252052e-06,2.39589037373942e-05,ENSG00000143164,7,8,Decrease,in_cis,UpRegulated,In_cis_Decrease_UpRegulated
PPP1R3E,0.675851588488664,6.39411785205571,29.123716489304,8.80932725818878e-06,2.44933939828899e-05,ENSG00000235194,2,3,Decrease,in_cis,UpRegulated,In_cis_Decrease_UpRegulated
NUDCD1,0.556380912609738,6.54017531678466,19.703260115056,9.60772693506306e-06,2.65077159736282e-05,ENSG00000120526,2,3,Decrease,in_cis,UpRegulated,In_cis_Decrease_UpRegulated
TLE4,-0.686588775141915,6.8566147896726,19.6678970503945,9.78516270084927e-06,2.69676183136225e-05,ENSG00000106829,4,3,Increase,in_cis,DownRegulated,In_cis_Increase_DownRegulated
WASF1,0.491485147553442,6.8217597442816,19.5644166837904,1.03235306668716e-05,2.83531480276313e-05,ENSG00000112290,2,3,Decrease,in_cis,UpRegulated,In_cis_Decrease_UpRegulated
POU2F1,0.389520227783135,7.25771685647192,19.506931415031,1.06353677423351e-05,2.91700380416668e-05,ENSG00000143190,7,8,Decrease,in_cis,UpRegulated,In_cis_Decrease_UpRegulated
USP1,0.377402589513134,7.55168242239368,19.4871254470509,1.07449870589431e-05,2.94511793807776e-05,ENSG00000162607,1,2,Decrease,in_cis,UpRegulated,In_cis_Decrease_UpRegulated
RHBDD3,0.640525295189138,6.42968701467018,25.4217233893581,1.19423225113427e-05,3.2581771199424e-05,ENSG00000100263,1,2,Decrease,in_cis,UpRegulated,In_cis_Decrease_UpRegulated
GRASP,0.668080289482196,6.40686499086644,27.4809324622332,1.36488581021647e-05,3.69664244256092e-05,ENSG00000161835,2,3,Decrease,in_cis,UpRegulated,In_cis_Decrease_UpRegulated
VCL,0.474922984747822,6.98719813059746,19.0173144045223,1.37060959165532e-05,3.71114355453599e-05,ENSG00000035403,6,10,Decrease,in_cis,UpRegulated,In_cis_Decrease_UpRegulated
NCOA7,0.535556365220677,6.62000104189738,18.939687221683,1.42689879492524e-05,3.84902307927174e-05,ENSG00000111912,2,3,Decrease,in_cis,UpRegulated,In_cis_Decrease_UpRegulated
TSC22D1,0.453883162264824,7.0197681337876,18.9218916234553,1.4401269025787e-05,3.87949399031129e-05,ENSG00000102804,1,2,Decrease,in_cis,UpRegulated,In_cis_Decrease_UpRegulated
CTSA,-0.524645762343133,6.85718288067646,18.9183221850589,1.44279500389704e-05,3.88563890534504e-05,ENSG00000064601,4,3,Increase,in_cis,DownRegulated,In_cis_Increase_DownRegulated
NUP85,-0.619643951741267,6.65950911940589,18.7479972550634,1.57605949901127e-05,4.2207621685978e-05,ENSG00000125450,4,3,Increase,in_cis,DownRegulated,In_cis_Increase_DownRegulated
PEG10,-0.59127154222959,8.14296742258292,18.7391847825307,1.58328188058827e-05,4.23671377428204e-05,ENSG00000242265,3,2,Increase,in_cis,DownRegulated,In_cis_Increase_DownRegulated
GOLPH3,0.42200586373132,6.98720018783737,18.2908413789261,1.99823238160923e-05,5.27260265738677e-05,ENSG00000113384,4,5,Decrease,in_cis,UpRegulated,In_cis_Decrease_UpRegulated
SPESP1,-0.579521019080791,6.72635622645638,18.1071132157422,2.19841429352976e-05,5.77412013530817e-05,ENSG00000258484,3,2,Increase,in_cis,DownRegulated,In_cis_Increase_DownRegulated
ICE1,0.483825443733421,6.79616196253261,18.0725540103177,2.23826427379858e-05,5.86740817465737e-05,ENSG00000164151,1,2,Decrease,in_cis,UpRegulated,In_cis_Decrease_UpRegulated
WNT5B,0.629382401409172,6.41529575099625,24.7766337190957,2.29687251674597e-05,6.01162671223397e-05,ENSG00000111186,3,4,Decrease,in_cis,UpRegulated,In_cis_Decrease_UpRegulated
MARC1,0.648358310681519,6.38795967396644,27.4486544866659,2.51868133352243e-05,6.53763200324849e-05,ENSG00000186205,3,4,Decrease,in_cis,UpRegulated,In_cis_Decrease_UpRegulated
NKX2-5,0.598456392227836,6.46679152857139,21.7106480828738,2.59773311346384e-05,6.72890620721801e-05,ENSG00000183072,2,3,Decrease,in_cis,UpRegulated,In_cis_Decrease_UpRegulated
CLNS1A,-0.253001506595883,8.07157563909223,17.7306369194105,2.67389334909015e-05,6.91904361465597e-05,ENSG00000074201,3,2,Increase,in_cis,DownRegulated,In_cis_Increase_DownRegulated
RNF217,0.583018856176851,6.48019285510036,20.8023186371765,2.91614497439919e-05,7.51298320322501e-05,ENSG00000146373,2,3,Decrease,in_cis,UpRegulated,In_cis_Decrease_UpRegulated
EIF3H,0.257877401819043,8.00611516915186,17.3835149809168,3.20358439795641e-05,8.21767689204965e-05,ENSG00000147677,2,3,Decrease,in_cis,UpRegulated,In_cis_Decrease_UpRegulated
HEG1,0.627554910062164,6.4031840375269,24.1792171927701,3.43771422363878e-05,8.7823551898184e-05,ENSG00000173706,2,3,Decrease,in_cis,UpRegulated,In_cis_Decrease_UpRegulated
TRIP12,-0.474618578351136,6.97357302289665,17.2253737585041,3.47875721681211e-05,8.88268628097496e-05,ENSG00000153827,3,2,Increase,in_cis,DownRegulated,In_cis_Increase_DownRegulated
CREG1,0.418065261249107,6.94105418996148,17.0997541376448,3.7142004369614e-05,9.4554167118285e-05,ENSG00000143162,7,8,Decrease,in_cis,UpRegulated,In_cis_Decrease_UpRegulated
KDM5C,0.367539200091477,7.17085388646491,17.0996723099015,3.71435891548323e-05,9.4554167118285e-05,ENSG00000126012,4,5,Decrease,in_cis,UpRegulated,In_cis_Decrease_UpRegulated
FAM78B,0.601675813637544,6.44601957323943,21.8255877454941,3.92279846931597e-05,9.95573726793031e-05,ENSG00000188859,7,8,Decrease,in_cis,UpRegulated,In_cis_Decrease_UpRegulated
PATJ,0.640742156654452,6.38427001323211,26.2933090031999,4.19976998906166e-05,0.000106077209283469,ENSG00000132849,1,2,Decrease,in_cis,UpRegulated,In_cis_Decrease_UpRegulated
SPIDR,-0.534593305316384,6.72738012615671,16.6700757403405,4.7569309569503e-05,0.000119160645727997,ENSG00000164808,3,2,Increase,in_cis,DownRegulated,In_cis_Increase_DownRegulated
NFS1,-0.494991300395632,6.82068659706633,16.5672990124455,4.90397674315048e-05,0.000122691070274684,ENSG00000244005,4,3,Increase,in_cis,DownRegulated,In_cis_Increase_DownRegulated
CACNA1C,0.640857885948923,6.37022387315817,27.1889243374756,4.97571759908998e-05,0.000124423922029548,ENSG00000151067,3,5,Decrease,in_cis,UpRegulated,In_cis_Decrease_UpRegulated
MBNL1,-0.542708998090927,6.76523640305134,16.3637215173963,5.45440895371639e-05,0.000135516619389539,ENSG00000152601,3,2,Increase,in_cis,DownRegulated,In_cis_Increase_DownRegulated
ADCY6,0.645436762807678,6.36486472955095,27.7227275069037,5.68441749364063e-05,0.000140813105443257,ENSG00000174233,2,3,Decrease,in_cis,UpRegulated,In_cis_Decrease_UpRegulated
ZCCHC24,0.505170436191157,6.6001080696393,16.2172502892882,5.95575476702251e-05,0.000147099084528674,ENSG00000165424,10,11,Decrease,in_cis,UpRegulated,In_cis_Decrease_UpRegulated
KLHL20,0.402768119043858,6.93244042488734,16.1887707369724,5.97691039717193e-05,0.000147585293624216,ENSG00000076321,7,8,Decrease,in_cis,UpRegulated,In_cis_Decrease_UpRegulated
HECTD1,0.36713158206076,7.16528669927977,16.0182711310066,6.53459570582813e-05,0.000160487624477775,ENSG00000092148,2,3,Decrease,in_cis,UpRegulated,In_cis_Decrease_UpRegulated
SP1,0.566006329394299,6.47883982335313,18.8102683078462,6.71850102359992e-05,0.000164722222898518,ENSG00000185591,2,3,Decrease,in_cis,UpRegulated,In_cis_Decrease_UpRegulated
TSPAN9,0.613041816338095,6.37373324002707,24.9916994143667,6.76618603213183e-05,0.000165729590343745,ENSG00000011105,3,5,Decrease,in_cis,UpRegulated,In_cis_Decrease_UpRegulated
NEFH,0.520118124835603,6.5918046699344,15.8614091321375,7.09386488263781e-05,0.000173248366386971,ENSG00000100285,1,2,Decrease,in_cis,UpRegulated,In_cis_Decrease_UpRegulated
CHCHD10,0.446186460526518,7.14732139793452,15.7792631288,7.40572876570289e-05,0.000180338386630262,ENSG00000250479,1,2,Decrease,in_cis,UpRegulated,In_cis_Decrease_UpRegulated
PTRH2,-0.399513165574691,7.18190305154092,15.7059763422854,7.69559771566895e-05,0.000187034134750221,ENSG00000141378,4,3,Increase,in_cis,DownRegulated,In_cis_Increase_DownRegulated
MAK16,-0.471977741615386,6.92107378121209,15.6449408039037,7.9457137359921e-05,0.000192367894645191,ENSG00000198042,3,2,Increase,in_cis,DownRegulated,In_cis_Increase_DownRegulated
HDAC7,0.537896373638016,6.52121629400051,17.362131587441,8.54892901494857e-05,0.000206126914769653,ENSG00000061273,2,3,Decrease,in_cis,UpRegulated,In_cis_Decrease_UpRegulated
LMBR1L,0.528513563394835,6.50308022851766,17.2627795349357,9.37834566193913e-05,0.000225044432232,ENSG00000139636,2,3,Decrease,in_cis,UpRegulated,In_cis_Decrease_UpRegulated
SFT2D2,0.345950066654017,7.20210243123619,15.2924656962364,9.55899703181555e-05,0.000229105586534801,ENSG00000213064,7,8,Decrease,in_cis,UpRegulated,In_cis_Decrease_UpRegulated
DIP2B,0.534140410878999,6.50538188037146,16.8532365611327,9.94515830263423e-05,0.000237566950650601,ENSG00000066084,2,3,Decrease,in_cis,UpRegulated,In_cis_Decrease_UpRegulated
CD164,0.282968022188755,7.44889520993508,15.0285757266208,0.000109796168436194,0.000260788628128552,ENSG00000135535,2,3,Decrease,in_cis,UpRegulated,In_cis_Decrease_UpRegulated
GRK6,0.467038949415723,6.65258386367538,14.9911783674137,0.000111974717772398,0.000265711691428712,ENSG00000198055,2,3,Decrease,in_cis,UpRegulated,In_cis_Decrease_UpRegulated
CREBRF,0.525601979099856,6.58599770712612,14.894881660566,0.000117787023434107,0.000278582265083258,ENSG00000164463,2,3,Decrease,in_cis,UpRegulated,In_cis_Decrease_UpRegulated
LPGAT1,0.375969984465307,7.05271916500349,14.8816945299531,0.000118606301371511,0.00028032186105696,ENSG00000123684,3,4,Decrease,in_cis,UpRegulated,In_cis_Decrease_UpRegulated
VWA8,0.61604086942993,6.36161949495654,25.5042585138805,0.00012821151168496,0.000301039190205098,ENSG00000102763,1,2,Decrease,in_cis,UpRegulated,In_cis_Decrease_UpRegulated
WDR75,-0.451403917745855,6.91086612257402,14.5439349068142,0.00014166601803844,0.000330696773100661,ENSG00000115368,3,2,Increase,in_cis,DownRegulated,In_cis_Increase_DownRegulated
SLC16A10,0.463090207790834,6.67215182084618,14.5328346269182,0.000142496194743488,0.000332325620261235,ENSG00000112394,2,3,Decrease,in_cis,UpRegulated,In_cis_Decrease_UpRegulated
FIG4,0.576286183713074,6.42684066435667,19.5825960530543,0.00014476221512786,0.000337378858685953,ENSG00000112367,2,3,Decrease,in_cis,UpRegulated,In_cis_Decrease_UpRegulated
KCTD3,0.408547938348485,6.8342454937538,14.4560542460884,0.000148374369304326,0.000345392689036734,ENSG00000136636,3,4,Decrease,in_cis,UpRegulated,In_cis_Decrease_UpRegulated
NPHP3,0.565645004966252,6.4205105259482,19.580168040355,0.000149963762286458,0.000348849901148293,ENSG00000113971,2,3,Decrease,in_cis,UpRegulated,In_cis_Decrease_UpRegulated
HMG20A,-0.539807802527108,6.62026678228875,14.4116186890437,0.000151887329777141,0.000353160905734713,ENSG00000140382,3,2,Increase,in_cis,DownRegulated,In_cis_Increase_DownRegulated
ELF1,0.600670337483937,6.38057928711273,22.6931808364088,0.000152029372479791,0.000353327564793546,ENSG00000120690,1,2,Decrease,in_cis,UpRegulated,In_cis_Decrease_UpRegulated
DDIT3,0.530839742279363,6.94869475233841,14.2295286680887,0.000167180900358582,0.000386305233509818,ENSG00000175197,2,3,Decrease,in_cis,UpRegulated,In_cis_Decrease_UpRegulated
CDC42BPA,0.41366287066495,6.82472778762463,14.2159605912884,0.000168380796113131,0.000388898825161223,ENSG00000143776,3,4,Decrease,in_cis,UpRegulated,In_cis_Decrease_UpRegulated
MASTL,0.530759030390089,6.46051943357254,16.142948362948,0.000170649251446851,0.000393594873541554,ENSG00000120539,1,2,Decrease,in_cis,UpRegulated,In_cis_Decrease_UpRegulated
CLTB,0.360629391804158,7.00485637793525,13.9916268804434,0.000189527378094548,0.000433254753203383,ENSG00000175416,2,3,Decrease,in_cis,UpRegulated,In_cis_Decrease_UpRegulated
HIST1H2BF,-0.624168100658307,6.49918326354431,14.1910860910476,0.000197993150746481,0.00045157910801787,ENSG00000277224,5,4,Increase,in_cis,DownRegulated,In_cis_Increase_DownRegulated
CACNB3,0.565520338384519,6.41900792495566,18.8516773904841,0.000203726584442297,0.000463182723686744,ENSG00000167535,2,3,Decrease,in_cis,UpRegulated,In_cis_Decrease_UpRegulated
VASH2,0.532339307463229,6.47639486039707,16.4915083726162,0.00021053051647713,0.000477570353689649,ENSG00000143494,3,4,Decrease,in_cis,UpRegulated,In_cis_Decrease_UpRegulated
NAA16,0.476097835253496,6.58822061782967,13.8657364531688,0.000249833737609481,0.000561398998567411,ENSG00000172766,1,2,Decrease,in_cis,UpRegulated,In_cis_Decrease_UpRegulated
PPIL1,-0.311468095558907,7.41387257310574,13.4310607336952,0.000254850673480735,0.000572288249104581,ENSG00000137168,5,4,Increase,in_cis,DownRegulated,In_cis_Increase_DownRegulated
ENO2,0.449229795651904,6.69592785195271,13.3525557608302,0.00026565889858676,0.00059469684321317,ENSG00000111674,3,5,Decrease,in_cis,UpRegulated,In_cis_Decrease_UpRegulated
ZEB1,0.448364871713617,6.68320387696273,13.2891478156555,0.000274725482073913,0.000613079315408332,ENSG00000148516,1,2,Decrease,in_cis,UpRegulated,In_cis_Decrease_UpRegulated
ASIC1,0.475359466018558,6.55773320629678,14.1563021868417,0.000275443505927384,0.000614545066557986,ENSG00000110881,2,3,Decrease,in_cis,UpRegulated,In_cis_Decrease_UpRegulated
FAM162B,0.494610601001297,6.52480461589331,14.8285762678462,0.000277867056691863,0.000619676865656665,ENSG00000183807,2,3,Decrease,in_cis,UpRegulated,In_cis_Decrease_UpRegulated
HIST1H2AE,-0.584359577474555,6.55162048817935,13.2032544214592,0.000287507375089851,0.000639754886059863,ENSG00000277075,5,4,Increase,in_cis,DownRegulated,In_cis_Increase_DownRegulated
MAPK1,0.415317070974689,6.7355280684388,13.1414060143504,0.000297081296099116,0.000659742581914426,ENSG00000100030,1,2,Decrease,in_cis,UpRegulated,In_cis_Decrease_UpRegulated
PSME3,-0.318605286243911,7.32412959319992,13.0413826360913,0.00031325047375091,0.000692129127741888,ENSG00000131467,4,3,Increase,in_cis,DownRegulated,In_cis_Increase_DownRegulated
CEP57L1,0.419898139936983,6.76454205775565,13.0389952550437,0.000313647071321728,0.000692582964264309,ENSG00000183137,2,3,Decrease,in_cis,UpRegulated,In_cis_Decrease_UpRegulated
TSPYL1,0.419019318034119,6.68376949595265,12.543126853998,0.00040805476158737,0.000881671291799578,ENSG00000189241,2,3,Decrease,in_cis,UpRegulated,In_cis_Decrease_UpRegulated
RAB18,0.393444634677458,6.78310577636997,12.4744249015281,0.000423228160094036,0.000913023362128087,ENSG00000099246,1,2,Decrease,in_cis,UpRegulated,In_cis_Decrease_UpRegulated
SLC12A5,-0.538972387862557,6.56702744794801,14.0520494704491,0.000450456851351419,0.000965745630486493,ENSG00000124140,4,3,Increase,in_cis,DownRegulated,In_cis_Increase_DownRegulated
PARP14,0.441271839672508,6.62865045428601,12.2181487594727,0.00048503540798782,0.00103438963109084,ENSG00000173193,2,3,Decrease,in_cis,UpRegulated,In_cis_Decrease_UpRegulated
HIKESHI,-0.272364678787738,7.53578951438805,12.1794532119285,0.000495129896326288,0.00105431689482841,ENSG00000149196,4,3,Increase,in_cis,DownRegulated,In_cis_Increase_DownRegulated
FUT11,0.549560342627703,6.35389488665213,20.9557444716342,0.000522171317028083,0.00110673422481781,ENSG00000196968,6,10,Decrease,in_cis,UpRegulated,In_cis_Decrease_UpRegulated
CPQ,0.324222248294216,7.17593080659575,11.9800316056098,0.000550620404059058,0.00116383765405325,ENSG00000104324,8,11,Decrease,in_cis,UpRegulated,In_cis_Decrease_UpRegulated
ARHGEF26,-0.449812543333131,7.03528610223084,11.9725378723106,0.000552823974597526,0.00116751213819082,ENSG00000114790,3,2,Increase,in_cis,DownRegulated,In_cis_Increase_DownRegulated
EGLN1,0.382828806634789,6.84481562021568,11.941874141928,0.000561934046199054,0.00118475804784513,ENSG00000135766,3,4,Decrease,in_cis,UpRegulated,In_cis_Decrease_UpRegulated
HPS4,0.457746419632609,6.56668960813538,12.8277444652827,0.000614082764067469,0.00128552772127552,ENSG00000100099,1,2,Decrease,in_cis,UpRegulated,In_cis_Decrease_UpRegulated
AC068888.1,0.56198093501143,6.34277549242552,23.298276919287,0.000646271333990985,0.00134785296910459,ENSG00000257337,2,3,Decrease,in_cis,UpRegulated,In_cis_Decrease_UpRegulated
TUBGCP5,0.464596694748898,6.50818543297742,12.6537291357326,0.000683993713717327,0.00141856989996322,ENSG00000275835,1,2,Decrease,in_cis,UpRegulated,In_cis_Decrease_UpRegulated
PABPN1,0.320935418767256,7.04678300852913,11.368244427895,0.000763328659938408,0.00156756386700381,ENSG00000100836,2,3,Decrease,in_cis,UpRegulated,In_cis_Decrease_UpRegulated
RCBTB2,0.529539302629117,6.38333613984473,17.792699990792,0.00081985301429141,0.00167269340855228,ENSG00000136161,1,2,Decrease,in_cis,UpRegulated,In_cis_Decrease_UpRegulated
HIST1H4H,-0.5332823839855,6.5292399165733,11.593554408513,0.000821970981931371,0.00167667384367959,ENSG00000158406,5,4,Increase,in_cis,DownRegulated,In_cis_Increase_DownRegulated
SERPINB9,0.529727685875129,6.39369363084832,16.8963376022958,0.00083410250984422,0.00170038359367228,ENSG00000170542,5,6,Decrease,in_cis,UpRegulated,In_cis_Decrease_UpRegulated
CEP85L,0.478642097266629,6.47135546499102,13.5469477510612,0.000953153779751945,0.00192820148069908,ENSG00000111860,2,3,Decrease,in_cis,UpRegulated,In_cis_Decrease_UpRegulated
SLC48A1,0.440639282657754,6.51623710503702,11.5723978643254,0.00102226978733301,0.00205972078362903,ENSG00000211584,2,3,Decrease,in_cis,UpRegulated,In_cis_Decrease_UpRegulated
PSENEN,-0.27496174368359,7.36992919794176,10.8032127553108,0.00103324640361364,0.00208141932028109,ENSG00000205155,4,3,Increase,in_cis,DownRegulated,In_cis_Increase_DownRegulated
SLC35F1,0.451833087544422,6.50474913698277,12.3305054336143,0.00105482079268569,0.00212317577356942,ENSG00000196376,2,3,Decrease,in_cis,UpRegulated,In_cis_Decrease_UpRegulated
EBAG9,0.434200246472767,6.53653950540959,10.7189803038278,0.0010810548459442,0.00217075813065596,ENSG00000147654,2,3,Decrease,in_cis,UpRegulated,In_cis_Decrease_UpRegulated
ANXA11,0.381148667333268,6.67942615721547,10.6809662856882,0.00110335843439693,0.00221377271809456,ENSG00000122359,8,10.5,Decrease,in_cis,UpRegulated,In_cis_Decrease_UpRegulated
CALCOCO1,0.470868039472359,6.47440386066638,12.7125201069021,0.00111901702291058,0.00224294887403118,ENSG00000012822,2,3,Decrease,in_cis,UpRegulated,In_cis_Decrease_UpRegulated
KHNYN,0.499727817941684,6.39961593126768,16.046924011172,0.00112331387097764,0.00225021373994722,ENSG00000100441,2,3,Decrease,in_cis,UpRegulated,In_cis_Decrease_UpRegulated
GATB,-0.470361882096301,6.61794335141003,11.4897773059252,0.00123979447417904,0.00246974930967412,ENSG00000059691,3,2,Increase,in_cis,DownRegulated,In_cis_Increase_DownRegulated
MXD3,0.449663439866834,6.61415965214745,10.3592272898728,0.00131181722719746,0.00260443839451503,ENSG00000213347,2,3,Decrease,in_cis,UpRegulated,In_cis_Decrease_UpRegulated
OS9,0.307815248007944,7.07655933102477,10.3040165636466,0.0013514108841134,0.00267511145041375,ENSG00000135506,2,3,Decrease,in_cis,UpRegulated,In_cis_Decrease_UpRegulated
ACBD5,0.431508114302836,6.5369045140303,10.7834686547063,0.00137204216778491,0.00271488044236509,ENSG00000107897,1,2,Decrease,in_cis,UpRegulated,In_cis_Decrease_UpRegulated
GUCD1,0.436241882039407,6.5020420837686,11.2816106767704,0.00146691417250975,0.00288724138247362,ENSG00000138867,1,2,Decrease,in_cis,UpRegulated,In_cis_Decrease_UpRegulated
RPF1,-0.297121411002509,7.25302462026915,10.11966665602,0.00149260629785344,0.00293320947943795,ENSG00000117133,4,3,Increase,in_cis,DownRegulated,In_cis_Increase_DownRegulated
ARF3,0.319003071784708,6.96424953582031,10.0634768813352,0.00153854927325835,0.00301699896553005,ENSG00000134287,2,3,Decrease,in_cis,UpRegulated,In_cis_Decrease_UpRegulated
UBXN8,-0.514919579954832,6.49358801546207,11.7663036374225,0.00157811896380147,0.00308615395336322,ENSG00000104691,3,2,Increase,in_cis,DownRegulated,In_cis_Increase_DownRegulated
ANKRD26,0.354786215872737,6.87185609565423,9.96459024000344,0.00162291415962029,0.00316635409300188,ENSG00000107890,1,2,Decrease,in_cis,UpRegulated,In_cis_Decrease_UpRegulated
GPC1,0.48772738123726,6.38968118216316,14.8681329012134,0.00163437739434096,0.00318691660225539,ENSG00000063660,2,3,Decrease,in_cis,UpRegulated,In_cis_Decrease_UpRegulated
LMBRD2,0.501541386094959,6.39003562412315,15.3865269708277,0.00163437771185452,0.00318691660225539,ENSG00000164187,4,5,Decrease,in_cis,UpRegulated,In_cis_Decrease_UpRegulated
SLC22A23,0.47383981443777,6.44750058640176,12.8354237910702,0.00168932074142839,0.00328824743000019,ENSG00000137266,5,6,Decrease,in_cis,UpRegulated,In_cis_Decrease_UpRegulated
ARHGAP12,0.422391929444499,6.51381589674406,10.7600033459818,0.00170869527932059,0.00332402646858724,ENSG00000165322,1,2,Decrease,in_cis,UpRegulated,In_cis_Decrease_UpRegulated
PCOLCE2,0.483823234423537,6.41698409160294,13.8436604808359,0.00187379189994864,0.00361230235704385,ENSG00000163710,2,3,Decrease,in_cis,UpRegulated,In_cis_Decrease_UpRegulated
DAP,0.347289089298212,6.80077084308932,9.69178561321611,0.00188081559605071,0.00362375524550932,ENSG00000112977,1,2,Decrease,in_cis,UpRegulated,In_cis_Decrease_UpRegulated
ZNF641,0.468705148590972,6.41191384095535,13.3665163444126,0.0018871782956516,0.00363531659407943,ENSG00000167528,2,3,Decrease,in_cis,UpRegulated,In_cis_Decrease_UpRegulated
LIMA1,0.318096428820004,7.09239732443122,9.62634055130348,0.00194864260832582,0.00374652849245332,ENSG00000050405,2,3,Decrease,in_cis,UpRegulated,In_cis_Decrease_UpRegulated
SESN1,0.487305763492966,6.40758802243446,14.1850934915863,0.00195062279663423,0.00374961762937157,ENSG00000080546,2,3,Decrease,in_cis,UpRegulated,In_cis_Decrease_UpRegulated
ITGB5,0.482599075569509,6.39674334423415,14.6271595778882,0.00201305942645402,0.00385855605986987,ENSG00000082781,2,3,Decrease,in_cis,UpRegulated,In_cis_Decrease_UpRegulated
RAB36,0.508586470278881,6.33405027601898,20.033681122362,0.00201915378783703,0.00386802213888262,ENSG00000100228,1,2,Decrease,in_cis,UpRegulated,In_cis_Decrease_UpRegulated
SDE2,0.384920651108792,6.59853753851754,9.39376331928234,0.00221042899601783,0.00421834387379186,ENSG00000143751,3,4,Decrease,in_cis,UpRegulated,In_cis_Decrease_UpRegulated
LIFR,0.451596031161185,6.46981904147268,11.5482511838981,0.0022412070894159,0.00427060044718501,ENSG00000113594,3,4,Decrease,in_cis,UpRegulated,In_cis_Decrease_UpRegulated
GPR173,0.427018380936705,6.51111003768069,10.4059071630568,0.00257506714021594,0.00486703239833766,ENSG00000184194,4,5,Decrease,in_cis,UpRegulated,In_cis_Decrease_UpRegulated
USP54,0.497349440484834,6.34545200339824,17.8363801125912,0.00262332633393244,0.00495451399410866,ENSG00000166348,6,10,Decrease,in_cis,UpRegulated,In_cis_Decrease_UpRegulated
KLF10,0.464401273635758,6.43218722224377,10.9218767580775,0.00271129265817735,0.0051033705077054,ENSG00000155090,2,5,Decrease,in_cis,UpRegulated,In_cis_Decrease_UpRegulated
OTULIN,0.403665422370609,6.54560303168365,9.54266655694197,0.00273162713772173,0.00513683020466869,ENSG00000154124,1,2,Decrease,in_cis,UpRegulated,In_cis_Decrease_UpRegulated
RAD1,0.250487501602176,7.32003220475106,8.977623329842,0.0027713832101767,0.00520476757017847,ENSG00000113456,4,5,Decrease,in_cis,UpRegulated,In_cis_Decrease_UpRegulated
TBC1D32,0.436215569394066,6.47559568827257,10.3937463768806,0.0028914135114673,0.00540491373210421,ENSG00000146350,2,3,Decrease,in_cis,UpRegulated,In_cis_Decrease_UpRegulated
DCBLD1,0.466162505394672,6.36908919248502,14.7829789637785,0.00294467429461032,0.00549413033764856,ENSG00000164465,2,3,Decrease,in_cis,UpRegulated,In_cis_Decrease_UpRegulated
RETREG1,0.473351749683433,6.39304744701839,13.5118835110414,0.00295064252624996,0.00550026939538611,ENSG00000154153,1,2,Decrease,in_cis,UpRegulated,In_cis_Decrease_UpRegulated
PIANP,0.403534800675088,6.51560903892009,9.37524293195421,0.00321169029959985,0.00595423730148812,ENSG00000139200,3,5,Decrease,in_cis,UpRegulated,In_cis_Decrease_UpRegulated
SERP2,0.487281857820028,6.35052168703638,16.3413257797155,0.00329839988789258,0.00610094599750213,ENSG00000151778,1,2,Decrease,in_cis,UpRegulated,In_cis_Decrease_UpRegulated
AP3M1,0.271459598180812,7.06599181494858,8.58375523304982,0.00343556365248022,0.00633830559921011,ENSG00000185009,6,10,Decrease,in_cis,UpRegulated,In_cis_Decrease_UpRegulated
SMAGP,0.407334077020169,6.50829220406592,9.96597034955262,0.00351987281033301,0.00648312658516665,ENSG00000170545,2,3,Decrease,in_cis,UpRegulated,In_cis_Decrease_UpRegulated
GXYLT1,0.310797742720724,6.95222521019106,8.51946320934465,0.00355844944726124,0.00655177561901758,ENSG00000151233,2,3,Decrease,in_cis,UpRegulated,In_cis_Decrease_UpRegulated
G0S2,0.35568145461386,6.67109068199722,8.43551905399597,0.00372566167063953,0.00684082720797748,ENSG00000123689,3,4,Decrease,in_cis,UpRegulated,In_cis_Decrease_UpRegulated
NCOA5,-0.441061945013783,6.56434289753396,9.55235331134649,0.00375938247773286,0.00689391782218044,ENSG00000124160,4,3,Increase,in_cis,DownRegulated,In_cis_Increase_DownRegulated
RREB1,0.398975389359213,6.52788437985077,8.8058234743264,0.00410320208993338,0.00748068803031254,ENSG00000124782,5,6,Decrease,in_cis,UpRegulated,In_cis_Decrease_UpRegulated
RFC3,-0.3531207822569,6.94606765953011,8.12551257779255,0.00441568155689202,0.00800387124592812,ENSG00000133119,3,2,Increase,in_cis,DownRegulated,In_cis_Increase_DownRegulated
HIC2,0.389994640863018,6.53767657121851,8.89453418568215,0.00455940695540471,0.00823910112171766,ENSG00000169635,1,2,Decrease,in_cis,UpRegulated,In_cis_Decrease_UpRegulated
MCM9,0.459067008311602,6.36539375658255,13.8958943686933,0.0047027368926645,0.00848283837627589,ENSG00000111877,2,3,Decrease,in_cis,UpRegulated,In_cis_Decrease_UpRegulated
UNK,-0.424998821274743,6.57006137643812,8.94543422713367,0.00512964864387558,0.00918852317297249,ENSG00000132478,4,3,Increase,in_cis,DownRegulated,In_cis_Increase_DownRegulated
ZNF462,-0.367644378007632,6.83430278115077,7.83428223718962,0.00518253365007363,0.00927663359720792,ENSG00000148143,6,4,Increase,in_cis,DownRegulated,In_cis_Increase_DownRegulated
LSAMP,0.358138458395037,6.64764101208009,7.72771917640985,0.00549597458996938,0.00979229545400047,ENSG00000185565,3,4,Decrease,in_cis,UpRegulated,In_cis_Decrease_UpRegulated
