gene_symbol,logFC,logCPM,F,PValue,FDR,ensembl_gene_id,D,G,classified_gene_dlp,classified_gene,classified_gene_rna,Gene_Type
PIGR,2.2444366460972,8.02730606164254,243.25107800782,2.49695445331076e-48,4.97942657079233e-45,ENSG00000162896,5,6,Decrease,in_cis,UpRegulated,In_cis_Decrease_UpRegulated
ITPR2,-1.4091706855764,6.77547611419367,98.3412055014595,5.44247664951524e-22,8.09954248840544e-20,ENSG00000123104,5,4,Increase,in_cis,DownRegulated,In_cis_Increase_DownRegulated
NPR1,0.878626922815846,6.32438295895441,52.323043053537,1.06456760377848e-12,4.78144305282667e-11,ENSG00000169418,5,6,Decrease,in_cis,UpRegulated,In_cis_Decrease_UpRegulated
STAG3,0.693651105696486,6.33704365031491,37.3047087117853,1.54643922300281e-09,3.9335575236125e-08,ENSG00000066923,5,6,Decrease,in_cis,UpRegulated,In_cis_Decrease_UpRegulated
DPM3,0.488491648589311,7.24653488096688,37.2863905971043,1.56040670001056e-09,3.95898605745683e-08,ENSG00000179085,5,6,Decrease,in_cis,UpRegulated,In_cis_Decrease_UpRegulated
IFITM3,0.773624475629259,7.02963422836922,36.419461181345,2.38886402286248e-09,5.82380517651878e-08,ENSG00000142089,3,4,Decrease,in_cis,UpRegulated,In_cis_Decrease_UpRegulated
SH2B2,0.671948906693841,6.37040876965059,34.9601253339408,4.89993815479e-09,1.13095563290304e-07,ENSG00000160999,5,6,Decrease,in_cis,UpRegulated,In_cis_Decrease_UpRegulated
ALDH1A3,0.617783072526412,7.76577820466377,34.5932596487258,5.87161492772302e-09,1.33361896228534e-07,ENSG00000184254,3,4,Decrease,in_cis,UpRegulated,In_cis_Decrease_UpRegulated
C8orf33,0.545869515445141,6.70960890127704,33.2874916954065,1.11902819178895e-08,2.40989850978998e-07,ENSG00000182307,4,5,Decrease,in_cis,UpRegulated,In_cis_Decrease_UpRegulated
FAM133B,0.388372691173125,7.56171970226631,31.0169447666303,3.44804377245811e-08,6.61162393368843e-07,ENSG00000234545,5,6,Decrease,in_cis,UpRegulated,In_cis_Decrease_UpRegulated
GAL3ST4,0.679690385135294,6.10999308213602,36.3480640846135,8.83815375343331e-08,1.59647157745441e-06,ENSG00000197093,5,6,Decrease,in_cis,UpRegulated,In_cis_Decrease_UpRegulated
SRRT,0.525496564282256,6.69023980837573,27.0628605230433,2.47880050631474e-07,4.04519146456045e-06,ENSG00000087087,5,6,Decrease,in_cis,UpRegulated,In_cis_Decrease_UpRegulated
LYN,-0.688061729220946,6.49491202026228,26.803983556875,2.82222905596535e-07,4.56825420731015e-06,ENSG00000254087,3,2,Increase,in_cis,DownRegulated,In_cis_Increase_DownRegulated
PDXDC1,0.418456878992679,7.0308428598889,24.1128550571958,1.09262602622684e-06,1.48832979610763e-05,ENSG00000179889,2,3,Decrease,in_cis,UpRegulated,In_cis_Decrease_UpRegulated
YWHAQ,-0.276054819783445,9.50552585746844,22.2927008274738,2.7441164594568e-06,3.38633480411432e-05,ENSG00000134308,6,5,Increase,in_cis,DownRegulated,In_cis_Increase_DownRegulated
KHDC4,0.547694045185078,6.60313823474163,20.7669337599863,5.95984576582375e-06,6.79149967211756e-05,ENSG00000132680,5,6,Decrease,in_cis,UpRegulated,In_cis_Decrease_UpRegulated
MRPS21,0.281950164635828,8.1605116479947,19.9482205645529,9.04937639401354e-06,9.74420432232278e-05,ENSG00000266472,4,5,Decrease,in_cis,UpRegulated,In_cis_Decrease_UpRegulated
NDE1,0.506702827289326,6.29825060181906,18.6648230014558,1.74550948270484e-05,0.000174044750520499,ENSG00000072864,2,3,Decrease,in_cis,UpRegulated,In_cis_Decrease_UpRegulated
LRRFIP2,0.325682004675783,8.31686270808157,18.0348171180969,2.4123182945336e-05,0.000231070388494492,ENSG00000093167,4,5,Decrease,in_cis,UpRegulated,In_cis_Decrease_UpRegulated
ACHE,0.589867918906954,6.14992669475322,20.2879068342432,3.25547249589612e-05,0.000297255643375277,ENSG00000087085,5,6,Decrease,in_cis,UpRegulated,In_cis_Decrease_UpRegulated
NKTR,0.376629981218993,8.32518769428996,17.1695324948901,3.76659258869901e-05,0.000336831342618097,ENSG00000114857,4,5,Decrease,in_cis,UpRegulated,In_cis_Decrease_UpRegulated
PLOD3,0.397359439601176,6.69968282551485,16.7488777456623,4.68010521486456e-05,0.00040613863444225,ENSG00000106397,5,6,Decrease,in_cis,UpRegulated,In_cis_Decrease_UpRegulated
RBM28,0.339725527189624,7.20041626625358,16.6870311470067,4.8320814621878e-05,0.000417510262213818,ENSG00000106344,5,6,Decrease,in_cis,UpRegulated,In_cis_Decrease_UpRegulated
EPHB6,0.48239453591924,6.33021975265377,16.4495722982788,5.46327424140138e-05,0.000465194769094903,ENSG00000106123,5,6,Decrease,in_cis,UpRegulated,In_cis_Decrease_UpRegulated
GOLGA4,0.279296755025544,9.48369095811234,16.3798009698344,5.66407679919969e-05,0.000478614489532374,ENSG00000144674,4,5,Decrease,in_cis,UpRegulated,In_cis_Decrease_UpRegulated
DERA,-0.353644326834161,7.05341736385744,15.87886057684,7.34197328256279e-05,0.000606518770508978,ENSG00000023697,5,4,Increase,in_cis,DownRegulated,In_cis_Increase_DownRegulated
PLEKHO1,0.485858715389321,6.17694531897277,15.3644224595792,9.58922298324024e-05,0.000771081793273294,ENSG00000023902,4,5,Decrease,in_cis,UpRegulated,In_cis_Decrease_UpRegulated
ID2,-0.397504112845321,7.60150173288696,15.3252271606964,9.78655897981283e-05,0.00078065423670171,ENSG00000115738,6,5,Increase,in_cis,DownRegulated,In_cis_Increase_DownRegulated
ANO10,0.405551753803497,6.49969884037383,15.1505199135204,0.000107171999689733,0.000842753950241586,ENSG00000160746,4,5,Decrease,in_cis,UpRegulated,In_cis_Decrease_UpRegulated
RBM11,-0.567277995156714,6.09967862888817,19.1865640849807,0.000136247894503016,0.00102685393506393,ENSG00000185272,4,3,Increase,in_cis,DownRegulated,In_cis_Increase_DownRegulated
DNAJB9,0.4432328074125,6.68866837619187,14.4234592301313,0.000156532047764555,0.00115186793229548,ENSG00000128590,5,6,Decrease,in_cis,UpRegulated,In_cis_Decrease_UpRegulated
SH3YL1,-0.264309514317158,8.25204490331845,14.3525783500598,0.000162432466299939,0.00118827154913917,ENSG00000035115,6,5,Increase,in_cis,DownRegulated,In_cis_Increase_DownRegulated
FAM110C,-0.518512627870363,6.14571995322765,15.3443629629275,0.000181379153393637,0.00130203854462775,ENSG00000184731,6,5,Increase,in_cis,DownRegulated,In_cis_Increase_DownRegulated
ARHGEF35,0.38602448567237,7.04278514267218,12.4548956062835,0.00043964595911792,0.00277449991035746,ENSG00000213214,5,6,Decrease,in_cis,UpRegulated,In_cis_Decrease_UpRegulated
HIST2H2AC,0.470942824952902,6.14327320361761,12.6826001301217,0.000451025460489638,0.00283912554705946,ENSG00000184260,4,5,Decrease,in_cis,UpRegulated,In_cis_Decrease_UpRegulated
PXDN,-0.285428355177525,8.14435265928583,12.3839119990687,0.000456422488528441,0.00286045797178949,ENSG00000130508,6,5,Increase,in_cis,DownRegulated,In_cis_Increase_DownRegulated
NCAPG2,0.441696732263433,6.31232850834044,12.1846892836647,0.00050704972821543,0.00312858467824013,ENSG00000146918,5,6,Decrease,in_cis,UpRegulated,In_cis_Decrease_UpRegulated
KMT5B,0.349798861470393,6.7299967127684,11.9739688818686,0.000566801898823389,0.00344398643093724,ENSG00000110066,2,3,Decrease,in_cis,UpRegulated,In_cis_Decrease_UpRegulated
GPC2,0.486605965371167,6.05967859585804,17.0205187877065,0.00112818636419861,0.00613701394395985,ENSG00000213420,5,6,Decrease,in_cis,UpRegulated,In_cis_Decrease_UpRegulated
MROH6,0.382271235103582,6.28551201223868,10.5996617941673,0.0011765804502554,0.00636339541289905,ENSG00000204839,4,5,Decrease,in_cis,UpRegulated,In_cis_Decrease_UpRegulated
SYNM,0.435534659981683,6.22085796746971,10.4643068886782,0.00126482134213789,0.00678678329283338,ENSG00000182253,3,4,Decrease,in_cis,UpRegulated,In_cis_Decrease_UpRegulated
WDR60,0.325380836675494,6.82598248787854,9.86354027301205,0.00174514408521222,0.00877943071324472,ENSG00000126870,5,6,Decrease,in_cis,UpRegulated,In_cis_Decrease_UpRegulated
ITGB2,-0.453639630347709,6.0926998691367,13.1631826766878,0.00187474295275281,0.00933719379715198,ENSG00000160255,4,3,Increase,in_cis,DownRegulated,In_cis_Increase_DownRegulated
