gene_symbol,logFC,logCPM,F,PValue,FDR,ensembl_gene_id
MUCL1,8.00847597794498,10.6264015002098,65.9255653408148,2.68763895753723e-09,2.34093353201492e-06,ENSG00000172551
CEBPD,2.40984496006776,9.43120119686888,25.7160998558653,1.58539282368968e-05,0.00690438574716856,ENSG00000221869
PPP1R15A,2.2362683630941,8.83824893925807,21.0004357409064,6.55907004917404e-05,0.0190431667094353,ENSG00000087074
REL,1.69052177288346,8.62755807226364,15.1687562360907,0.000466034798813272,0.10147907744159,ENSG00000162924
KLF2,2.47690532519467,8.82600600255807,13.8893712020418,0.000743356053776821,0.129492624567922,ENSG00000127528
IER2,1.42086277186059,10.2420988490649,13.2998897541363,0.000926522334233215,0.134500158852855,ENSG00000160888
MAFF,1.78521093191436,8.58468472197189,11.8267687784635,0.00163122541727874,0.202971048349969,ENSG00000185022
IRF1,1.961601290513,8.60825208190364,11.4228300698551,0.0019125796527917,0.208232109697696,ENSG00000125347
RHOB,1.96851924209643,9.54520885779731,9.99557117915785,0.00340663322438794,0.312560087457808,ENSG00000143878
PSMB1,-1.05776782542571,8.94419041667306,9.86989424398003,0.00358851994785083,0.312560087457808,ENSG00000008018
CD99,1.27114825583481,8.74289873264279,8.56414115104479,0.00623700171955376,0.452983740116184,ENSG00000002586
LMNA,1.06125377396906,9.8359789641667,8.47035973363579,0.00649549657963794,0.452983740116184,ENSG00000160789
PTTG1IP,1.28085054152175,8.73508247905396,8.3781484878686,0.00676095134501767,0.452983740116184,ENSG00000183255
ITGB8,1.24753190704293,8.52504512092008,6.95606472465346,0.0127502811499577,0.793249634400939,ENSG00000105855
JPT1,-1.50927214876921,8.79482689905463,6.66209861894354,0.014598115781295,0.79722473879738,ENSG00000189159
HIST1H4C,-4.49224966854953,8.95355541890275,6.48326610865177,0.0158630054516851,0.79722473879738,ENSG00000197061
FOSB,1.21765853566622,9.00031008010638,6.35970566300803,0.016806262165676,0.79722473879738,ENSG00000125740
TNFRSF12A,-1.92809000956061,8.87303910528785,6.22846689155261,0.0178753166912965,0.79722473879738,ENSG00000006327
BPIFB1,-8.45213567719007,11.1019720308636,6.1637084861071,0.0194877348504622,0.79722473879738,ENSG00000125999
LMO4,1.28868639427832,9.16467863157848,5.95268270343936,0.0203709331386453,0.79722473879738,ENSG00000143013
EGR1,1.37648032757447,9.29768073821898,5.8959059957022,0.0209304166414634,0.79722473879738,ENSG00000120738
RCAN1,1.44123764654647,10.0128990266407,5.88867185344703,0.0210028968150506,0.79722473879738,ENSG00000159200
TSTD1,0.860799958455273,9.19004671651903,5.82912686052785,0.0216099872191343,0.79722473879738,ENSG00000215845
BRD2,0.846801479847253,8.51799186471678,5.73254131661546,0.0226358039709722,0.79722473879738,ENSG00000204256
ATF3,1.25906455952957,9.62338501154795,5.40001513162522,0.0265950249451027,0.79722473879738,ENSG00000162772
SDC1,1.63420177864641,8.66831942350056,5.30184035696134,0.0279042770758983,0.79722473879738,ENSG00000115884
CENPX,-1.54357122874823,8.81497557806551,5.27234733801049,0.0283112505462498,0.79722473879738,ENSG00000169689
VPS35,-1.28935031937959,8.43671148896283,5.1906814332863,0.0294724702119916,0.79722473879738,ENSG00000069329
RALA,-1.26203614150385,8.82924204931418,5.05727499371709,0.0314832789033202,0.79722473879738,ENSG00000006451
TTC3,0.993276600869089,8.5291013515359,5.04886212888643,0.031615035127815,0.79722473879738,ENSG00000182670
JUNB,1.1222565054836,10.3402283222727,4.94732869573409,0.0332538155021748,0.79722473879738,ENSG00000171223
TMEM45A,1.3394831687586,9.72918021786184,4.8379708363558,0.0351239415449103,0.79722473879738,ENSG00000181458
S100A4,-2.88409552826391,10.0545663344993,4.77274089554791,0.0362943013741993,0.79722473879738,ENSG00000196154
MGST3,0.996604457764215,9.34786558352831,4.72871446158636,0.0371084549539618,0.79722473879738,ENSG00000143198
SSBP1,-0.651483359370618,9.7216387543648,4.71734421810756,0.0373219697605049,0.79722473879738,ENSG00000106028
KRT23,1.67403571294336,8.5254328796312,4.619110688505,0.0392240175470749,0.79722473879738,ENSG00000108244
TUBA1C,-1.146788280819,9.21006314245463,4.48300708934679,0.0420382465850536,0.79722473879738,ENSG00000167553
DNAJB6,0.993265904127234,8.77115310700617,4.48238135125595,0.0420516889640891,0.79722473879738,ENSG00000105993
MMP7,-2.94821163722942,10.7567676979698,4.47460344575498,0.0422191740612922,0.79722473879738,ENSG00000137673
ACTB,0.662230813865902,12.9069317518457,4.4712464877651,0.0422916883731316,0.79722473879738,ENSG00000075624
ARF1,0.813042491838339,9.91104507430034,4.40521849591869,0.0437463061704135,0.79722473879738,ENSG00000143761
GSTP1,-0.836378594177036,10.798930161655,4.3160778757544,0.0457985742790213,0.79722473879738,ENSG00000084207
SLC25A37,0.951286375089154,9.32587120957223,4.31574888460282,0.0458063431398952,0.79722473879738,ENSG00000147454
SERPINB3,-5.48352120713853,8.55316816995859,4.30324398646759,0.0476109808151885,0.79722473879738,ENSG00000057149
KRT6A,-4.83568859355024,8.13119712591589,4.30278065226776,0.047622111987435,0.79722473879738,ENSG00000205420
TPM4,0.817406593657667,9.07922257237419,4.22139572204292,0.0480958265365578,0.79722473879738,ENSG00000167460
PLP2,-1.23186906986418,8.36272525968465,4.19082343156711,0.0488646331252374,0.79722473879738,ENSG00000102007
SERPINB4,-3.79595387197519,8.85850999756218,4.17493456221135,0.0492695654015647,0.79722473879738,ENSG00000206073
SYNCRIP,-1.19830887318296,8.45125026443231,4.15910391135686,0.0496767175490753,0.79722473879738,ENSG00000135316
RNF19A,1.13344772169907,9.01887310674742,4.05792104520175,0.0523689494806177,0.79722473879738,ENSG00000034677
IFI27,-3.60875331416407,9.93061466314513,4.05417814335713,0.0524715998077941,0.79722473879738,ENSG00000165949
TES,0.993175812618433,8.45752151199923,4.01947352201557,0.0534341048763848,0.79722473879738,ENSG00000135269
NDUFA1,0.794930391478447,8.77221426002973,3.97203329554162,0.0547817245464091,0.79722473879738,ENSG00000125356
MRPS34,-0.926277536048421,8.42185828705528,3.95977314124978,0.0551361122950761,0.79722473879738,ENSG00000074071
SQLE,-1.86593357258363,8.87944315968736,3.95857666063606,0.0551708337239154,0.79722473879738,ENSG00000104549
RHEB,-1.20942829717523,9.16233287773542,3.93956741462657,0.0557257518725315,0.79722473879738,ENSG00000106615
MT1X,-2.09080762756988,8.91499996575271,3.93056499714112,0.055990715817961,0.79722473879738,ENSG00000187193
CALR,-0.872247749535273,10.4110566232603,3.90056536173777,0.0568838573708302,0.79722473879738,ENSG00000179218
TAX1BP1,0.844647247960806,9.0887109822407,3.88657397174634,0.0573058219080159,0.79722473879738,ENSG00000106052
SUMO2,0.586384637522137,9.78124401021042,3.86666619212098,0.0579122416691003,0.79722473879738,ENSG00000188612
SEC61B,0.629447051993099,9.58436399857948,3.86027083989989,0.0581085683214141,0.79722473879738,ENSG00000106803
ELOB,0.635233042758631,9.24130011908229,3.81788561378546,0.0594286323498132,0.79722473879738,ENSG00000103363
CCT3,0.949963580284829,8.70495430064863,3.75490828877955,0.0614522485268285,0.79722473879738,ENSG00000163468
TUBA1B,-1.16353513573884,9.49420300824459,3.68402418220473,0.0638225086562576,0.79722473879738,ENSG00000123416
SARAF,0.677400855162628,9.20509356973153,3.66728569909662,0.0643970230438301,0.79722473879738,ENSG00000133872
RHCG,-2.61176055916329,8.61240892769327,3.60889264146718,0.0664470220935297,0.79722473879738,ENSG00000140519
DNAJA1,0.833037911362967,8.65051952108067,3.594302770915,0.0669705674723278,0.79722473879738,ENSG00000086061
S100A14,-1.10681627961769,9.05014610173042,3.55438174883084,0.0684268830156375,0.79722473879738,ENSG00000189334
CCNL1,0.879525107026484,9.30365448921333,3.53689047360213,0.0690761216580485,0.79722473879738,ENSG00000163660
H2AFZ,-1.30287506562863,9.95132528415555,3.51752166234626,0.0698031249702137,0.79722473879738,ENSG00000164032
RAN,-1.07323411891231,8.79304814970357,3.5054621138273,0.0702601123626793,0.79722473879738,ENSG00000132341
UCHL3,0.727823780145961,8.48520211060958,3.76540485517956,0.0706119105719762,0.79722473879738,ENSG00000118939
XRCC6,0.77876357469793,8.91357973858503,3.47562808907107,0.0714051512259272,0.79722473879738,ENSG00000196419
ATP6AP2,-1.03148090944135,8.57050347670711,3.46987888518136,0.0716282073725945,0.79722473879738,ENSG00000182220
LRRCC1,-1.91433305579178,8.6705550441322,3.44802210578819,0.0724833749114039,0.79722473879738,ENSG00000133739
CTSC,-1.7672472674026,8.62393890448249,3.44627061871076,0.0725523985281641,0.79722473879738,ENSG00000109861
SNRPD1,-1.33047392173594,8.65304505172277,3.43208118498411,0.0731143157193951,0.79722473879738,ENSG00000167088
C19orf53,-0.795709792436801,8.87548224496316,3.42409073194149,0.0734328988841087,0.79722473879738,ENSG00000104979
FXYD3,1.07563506110889,10.1799264672009,3.4192810497666,0.0736254156422377,0.79722473879738,ENSG00000089356
SFN,-1.62383672562774,8.7410372274468,3.38723050289757,0.0749228921676311,0.79722473879738,ENSG00000175793
CD46,0.812689058871775,8.78305422916618,3.38492543737601,0.0750171934589157,0.79722473879738,ENSG00000117335
OGFRL1,0.911637330459597,8.71976713009333,3.38401557727701,0.0750544530211081,0.79722473879738,ENSG00000119900
MBOAT2,0.984184548970658,8.91174836811921,3.33400730803201,0.077134746193121,0.799018183382135,ENSG00000143797
BHLHE40,0.933784002641948,8.97678892063328,3.32044900094468,0.0777098967956305,0.799018183382135,ENSG00000134107
SCGB2A2,-3.45636650713583,10.325956096051,3.31422902044354,0.0779753680682911,0.799018183382135,ENSG00000110484
SQSTM1,0.812142988912062,10.1688344067607,3.249276547805,0.0808095473268397,0.80951727957864,ENSG00000161011
SELENOS,-0.790666512283688,8.61338749398923,3.24817093078562,0.0808587868235841,0.80951727957864,ENSG00000131871
CD9,-1.01169049721704,9.86990970501236,3.20291672388473,0.0829036089076673,0.816408940913827,ENSG00000010278
HSPH1,0.864099786390266,8.66406816053237,3.19164859952036,0.0834218091174864,0.816408940913827,ENSG00000120694
CFLAR,0.934988500567562,8.5290899528555,3.06524680013338,0.0894932498435983,0.857399726905711,ENSG00000003402
ARID4B,0.776767245599833,9.04283093089647,3.05650678898428,0.0899312381459319,0.857399726905711,ENSG00000054267
MTCH1,-0.889200767310372,8.66493751618995,3.04159587975607,0.0906840991917915,0.857399726905711,ENSG00000137409
NDUFB2,-0.564670298006648,10.3305988666826,3.01287994903706,0.0921542468306226,0.857399726905711,ENSG00000090266
FXYD5,-1.32680120042009,8.4492844616991,3.00558097819097,0.0925322322952202,0.857399726905711,ENSG00000089327
TMED9,-0.994963430093623,8.77889420586517,2.9661805466115,0.0946033359986529,0.867363217419229,ENSG00000184840
RND3,1.17040223868391,9.62747318789964,2.94584530006501,0.0956928837497382,0.868213559854396,ENSG00000115963
HSP90AA1,0.539717095193191,11.3777783159261,2.91896913165299,0.0971548947380372,0.872390858936396,ENSG00000080824
MDH2,-0.814636179451599,8.88867052738943,2.89721577576275,0.0983569017008588,0.874172054912735,ENSG00000146701
ZFAND5,0.81844933145031,9.02089509502234,2.85671584076882,0.100640276718661,0.881735707294162,ENSG00000107372
NDUFS6,-0.61847645568491,8.91308384671776,2.81482117728592,0.103066258594638,0.881735707294162,ENSG00000145494
PHB,-1.09112890093371,8.38648730901563,2.79054554889118,0.104502570721663,0.881735707294162,ENSG00000167085
LDLR,-1.2462126668673,8.33001755986189,2.76863540732865,0.105818635804854,0.881735707294162,ENSG00000130164
NDUFB7,0.604658588715091,9.01736190494377,2.75505816825682,0.106643703736566,0.881735707294162,ENSG00000099795
CASP14,1.59349836428144,8.50080715267935,2.75028566681354,0.10693547173802,0.881735707294162,ENSG00000105141
MYL12B,-0.559630846575096,10.079617094842,2.73896428037685,0.107631277396858,0.881735707294162,ENSG00000118680
H3F3A,0.628362071896192,12.0724286457041,2.72838144553676,0.108286393746548,0.881735707294162,ENSG00000163041
PRRC2C,0.72966795088483,8.86678541042208,2.72785901179272,0.108318852675632,0.881735707294162,ENSG00000117523
EEF1D,-0.619804594619724,9.50698552147092,2.6584512096855,0.112732307318856,0.900842817964831,ENSG00000104529
IFRD1,0.923199778234735,9.19864793610584,2.64798560790418,0.113415575284256,0.900842817964831,ENSG00000006652
UBC,0.611184522821144,11.3532282186879,2.64260221307958,0.113768897791196,0.900842817964831,ENSG00000150991
EIF4A3,1.04368520307923,8.85125726844341,2.5981728441795,0.116733819964648,0.905144699627396,ENSG00000141543
SNHG8,-0.987244559233325,8.84858066858975,2.59298376571836,0.117085881872443,0.905144699627396,ENSG00000269893
H2AFJ,0.834163224364967,9.43595560054821,2.58793215836442,0.117429794555563,0.905144699627396,ENSG00000246705
NFKBIA,1.10499184538289,10.4045426875618,2.55259416510697,0.119868493456104,0.913548735941516,ENSG00000100906
FKBP2,0.734777560343591,8.70641628440659,2.54190292666875,0.120617800956687,0.913548735941516,ENSG00000173486
NAMPT,0.754073099954173,9.32666719570659,2.50252669081525,0.123424664568628,0.918127504833154,ENSG00000105835
PHLDA2,-1.15503336006392,9.19894276349221,2.4526872806662,0.127086617880837,0.918127504833154,ENSG00000181649
EFNA1,1.01686860160029,8.70276834546139,2.4511580431112,0.127200956916316,0.918127504833154,ENSG00000169242
PRDX6,0.663606205857589,8.78724672908398,2.4354321975809,0.128383717306952,0.918127504833154,ENSG00000117592
SSR4,-0.736487483709735,8.98302950982555,2.43144888590401,0.128685332650715,0.918127504833154,ENSG00000180879
CRYAB,1.49748389467991,9.8943905905016,2.43060551319726,0.128749298238467,0.918127504833154,ENSG00000109846
ANKRD11,0.770458645831545,8.52331560444183,2.40943709472772,0.130366993922105,0.918127504833154,ENSG00000167522
CBR1,-0.890141739379851,8.54051091002351,2.39461087446696,0.131514107429193,0.918127504833154,ENSG00000159228
TPI1,-0.530908367560339,10.1471301853185,2.3758319523462,0.132983961298411,0.918127504833154,ENSG00000111669
GGCT,-1.02558167875635,8.50337615282963,2.36986437179351,0.133455055387928,0.918127504833154,ENSG00000006625
NQO1,0.985521697228479,8.87257191025448,2.35903514983936,0.134314917846096,0.918127504833154,ENSG00000181019
C9orf16,0.706620942595939,9.36576751179527,2.33256270471939,0.136444247944674,0.918127504833154,ENSG00000171159
EIF5B,0.656250013079018,8.64730321582937,2.33023099721456,0.13663368251704,0.918127504833154,ENSG00000158417
ACBD3,0.667702382641395,8.84425653690622,2.32410064033881,0.137133198216831,0.918127504833154,ENSG00000182827
KCNQ1OT1,-1.49195338896766,8.88263272819537,2.29855956604768,0.139237457545286,0.918127504833154,ENSG00000269821
ZNF706,-0.589828946758515,9.26123825043033,2.29823617656186,0.139264341893195,0.918127504833154,ENSG00000120963
NENF,0.679647924471416,8.79541491122322,2.24975440614113,0.143364467043132,0.918127504833154,ENSG00000117691
SMS,-0.819366573713805,8.35775807510247,2.24138076971481,0.144086882801883,0.918127504833154,ENSG00000102172
CTNNA1,0.756027268867405,8.47125592019451,2.21818506840452,0.146110471103172,0.918127504833154,ENSG00000044115
RPS27,0.507307053161546,10.7669037519218,2.21090864921603,0.146752134086547,0.918127504833154,ENSG00000177954
C8orf59,-0.713533963772514,8.88580358505742,2.19007535653252,0.148607711250286,0.918127504833154,ENSG00000176731
FN1,1.47253502308785,9.46605051912648,2.16517781495408,0.150861647466546,0.918127504833154,ENSG00000115414
SELENOP,1.24262712085303,9.64869308339016,2.15628849237252,0.151676131467909,0.918127504833154,ENSG00000250722
ZG16B,1.24239234769192,8.36068476574811,2.14624397703285,0.152602712176117,0.918127504833154,ENSG00000162078
SOX4,0.964840934943088,10.9180525843739,2.14580364556867,0.152643484268668,0.918127504833154,ENSG00000124766
JUND,0.717790896500418,10.1838844297409,2.14032305965927,0.153152032137134,0.918127504833154,ENSG00000130522
RAB5IF,-1.0524129627887,8.70781405367469,2.12974544018454,0.15413920806245,0.918127504833154,ENSG00000101084
AREG,1.25644272927351,8.7701481470914,2.12711129973329,0.154386212330423,0.918127504833154,ENSG00000109321
GNAS,0.636509119896759,11.0016649883794,2.11744636949709,0.155296513683011,0.918127504833154,ENSG00000087460
IER3,0.957963878897266,10.5316739594973,2.08162708419874,0.158726051084066,0.918127504833154,ENSG00000137331
HNRNPDL,-0.805596654632369,8.48189297597486,2.0783325812821,0.15904596836052,0.918127504833154,ENSG00000152795
LGALS1,1.01949202504082,10.2746884999973,2.0659606569439,0.160254209711125,0.918127504833154,ENSG00000100097
PTPRF,0.665859623656184,8.93254105468306,2.04180213721684,0.162645090080237,0.918127504833154,ENSG00000142949
DSC2,0.672158525974501,9.44764933368681,2.03722968338401,0.163102366121652,0.918127504833154,ENSG00000134755
MCL1,0.632073553208047,9.46668452512256,2.03247093905257,0.163579896821945,0.918127504833154,ENSG00000143384
SFPQ,0.907017132577336,8.43692206255193,2.03148244814505,0.163679298427536,0.918127504833154,ENSG00000116560
HNRNPU,0.551893496931901,9.60068026108038,2.02421134495008,0.164412685525447,0.918127504833154,ENSG00000153187
YBX1,-0.622015326412521,11.0518830480121,2.00530164747189,0.166338371129234,0.918127504833154,ENSG00000065978
TUBB4B,-0.63561230795277,9.44526388747146,1.99824934174215,0.167063420514282,0.918127504833154,ENSG00000188229
KRT6B,-1.38422966000959,9.86643165216159,1.98568110915743,0.168364929189011,0.918127504833154,ENSG00000185479
SELENOW,0.738516345414436,8.80474498391379,1.98412500011398,0.168526912936064,0.918127504833154,ENSG00000178980
DDIT4,-1.34701188564449,8.76385724559066,1.97326119457887,0.169662982848713,0.918127504833154,ENSG00000168209
POLR2J3_ENSG00000285437,0.596461014944645,8.35244003083696,1.96593822051765,0.170433936726412,0.918127504833154,ENSG00000285437
CUTA,-0.47301781535175,9.18075638571961,1.96538706219758,0.170492131212783,0.918127504833154,ENSG00000112514
EPRS,0.662201386620916,9.11448152185263,1.96536053285145,0.170494932933725,0.918127504833154,ENSG00000136628
PDIA3,-0.766848136955033,9.09983647803853,1.96457754656431,0.170577647620825,0.918127504833154,ENSG00000167004
SEM1,-0.579691032639684,9.75077333076183,1.96280202748975,0.170765391254846,0.918127504833154,ENSG00000127922
ENO1,-0.552180067561105,10.2712451624302,1.94989786608951,0.172137327654509,0.919825842865503,ENSG00000074800
KRT17,-1.81442718794126,9.18738376493924,1.93645071591768,0.173581049821224,0.921884721916376,ENSG00000128422
SPCS1,0.585599115841842,8.53034880005339,1.92207171528177,0.175140893991914,0.924531628284589,ENSG00000114902
DYNLRB1,-0.573275503075733,8.94244117336996,1.90421146120799,0.177101857544753,0.926068465291794,ENSG00000125971
LAMP2,0.690825237083389,8.95773574981816,1.90008667140044,0.177558477271791,0.926068465291794,ENSG00000005893
SRPK1,0.729754227783593,8.51961269815525,1.86655659431663,0.181323289274574,0.940074910465204,ENSG00000096063
IRF2BP2,0.674413242480856,9.68025658075743,1.84225129475804,0.184112506959663,0.943746757738376,ENSG00000168264
CD24,0.645675807246435,11.4799073336156,1.84150846910932,0.184198563508064,0.943746757738376,ENSG00000272398
KRT8,0.759132363910205,8.85195863959763,1.81777407968443,0.186973945372829,0.946381350165183,ENSG00000170421
DMKN,1.05849510208975,8.51188160582343,1.78695771777749,0.190653318303839,0.946381350165183,ENSG00000161249
RPS9,-0.423708028654296,10.4758751819314,1.77294856800268,0.192354947399089,0.946381350165183,ENSG00000170889
FBXO32,0.893885024277837,10.475228472472,1.77173559105217,0.192503147501933,0.946381350165183,ENSG00000156804
ATP6V0E1,-0.634596719819954,9.9569817982977,1.76306878040272,0.193566092460679,0.946381350165183,ENSG00000113732
IQGAP1,0.586993657977681,9.03999033353312,1.76227403290356,0.193663921047874,0.946381350165183,ENSG00000140575
MT2A,-1.30294118075802,10.0845508685525,1.74814305310458,0.19541343482953,0.946381350165183,ENSG00000125148
IDI1,-1.13666944312576,9.10402807919864,1.73449338303973,0.197121648607092,0.946381350165183,ENSG00000067064
PPCS,0.642890384193718,8.37881683442163,1.73079266259024,0.197587912052968,0.946381350165183,ENSG00000127125
TM4SF1,0.783024734748878,10.694537855816,1.72399093643834,0.198448389721358,0.946381350165183,ENSG00000169908
EI24,0.602421037171252,8.68562663556166,1.71541035509904,0.199540436158128,0.946381350165183,ENSG00000149547
ATP5F1D,-0.733034565365148,8.40695091276774,1.70796269913542,0.200494245613358,0.946381350165183,ENSG00000099624
GOLGB1,0.610931418519381,8.63197963856118,1.7077268096203,0.200524546446431,0.946381350165183,ENSG00000173230
EIF4A2,0.667170981955477,8.57621956287758,1.70583073211078,0.200768307490336,0.946381350165183,ENSG00000156976
HILPDA,-1.28811589749493,8.90092967163133,1.70394603564961,0.201010964156784,0.946381350165183,ENSG00000135245
SOX9,0.696064454437219,9.14340112209064,1.68769205632645,0.203118627667611,0.947293560477693,ENSG00000125398
N4BP2L2,0.569719120104545,8.59523445855126,1.68569151416541,0.203379903340217,0.947293560477693,ENSG00000244754
B3GALNT2,-1.00375909350864,8.91052032789737,1.66671610429248,0.205878716693055,0.951990027939396,ENSG00000162885
TAF7,0.599481219497853,8.51260657122859,1.65759593041069,0.207093110294186,0.951990027939396,ENSG00000178913
SBSN,-1.34573825853458,8.49290832350869,1.64320308994773,0.209027524845328,0.951990027939396,ENSG00000189001
SNX3,-0.59351381976987,9.07281291656585,1.63738926199751,0.209815201840588,0.951990027939396,ENSG00000112335
FAM162A,-1.16348478559143,8.3881085803223,1.63167347276988,0.210593157680112,0.951990027939396,ENSG00000114023
APRT,0.520333614961729,8.90079713094813,1.60944617965564,0.213652401799388,0.951990027939396,ENSG00000198931
POMP,-0.505587027601278,9.59557031649194,1.60412665826649,0.21439265980742,0.951990027939396,ENSG00000132963
ATP5PF,0.410876946565002,9.30928399512127,1.59640114629662,0.215473378531854,0.951990027939396,ENSG00000154723
GIPC1,-0.660769030345303,8.62536100972013,1.59247333509907,0.216025418250344,0.951990027939396,ENSG00000123159
PNRC1,0.672426103699728,9.96828531156332,1.59243405194112,0.216030948176749,0.951990027939396,ENSG00000146278
PTMS,0.709237222609828,8.76128783732104,1.58351696809196,0.217290755179122,0.951990027939396,ENSG00000159335
RPL31,0.551303823175612,8.98975277860197,1.58201366386475,0.217504036234144,0.951990027939396,ENSG00000071082
ATP1B1,0.923209725789832,8.88901462762989,1.56637976986814,0.219737526000678,0.956956925732952,ENSG00000143153
CD82,0.571484486481698,8.85460657650532,1.54499775704402,0.222838433249696,0.959638932566502,ENSG00000085117
CD63,-0.49661581000464,9.98140643923804,1.54135981620974,0.223371417419872,0.959638932566502,ENSG00000135404
RHOA,-0.703293239002623,8.74442832191802,1.53940360002008,0.223658671998852,0.959638932566502,ENSG00000067560
DYNLL1,-0.481630917231557,10.1962235245109,1.51535397756687,0.227228008203418,0.97017448600577,ENSG00000088986
GDI2,-0.481962971727906,8.97113394932951,1.60885907857252,0.230391840369991,0.977159156549073,ENSG00000057608
PPIB,-0.532403166515285,8.94690918366222,1.48703856744876,0.231521982411869,0.977159156549073,ENSG00000166794
HSPE1,0.455814471159065,9.53491821329309,1.48243564446844,0.232229558445072,0.977159156549073,ENSG00000115541
TAGLN2,-0.494303860859902,10.2754081251233,1.46237522823087,0.235345122502875,0.981414645861115,ENSG00000158710
CLTB,-0.691493133354577,8.82931577869311,1.46142215051032,0.235494444299625,0.981414645861115,ENSG00000175416
PDE4B,0.751883054347542,8.79480631536337,1.41264577849634,0.243298103784984,0.985244186330579,ENSG00000184588
S100P,1.04809220625879,9.85402400321514,1.40912248552651,0.243874327273129,0.985244186330579,ENSG00000163993
SH3YL1,0.523471669564435,8.62950009157581,1.39350329701914,0.246449677107539,0.985244186330579,ENSG00000035115
GUK1,0.403579650171413,10.0092088105204,1.39070093774943,0.246915376696519,0.985244186330579,ENSG00000143774
IGFBP5,1.24547774845869,8.77800700736989,1.38695489086831,0.247539642322684,0.985244186330579,ENSG00000115461
LDHA,0.466331782236331,10.9988955503498,1.38125544289747,0.248493278602524,0.985244186330579,ENSG00000134333
RPL35,-0.35314616203484,11.0309075322487,1.37344940182509,0.249806969139738,0.985244186330579,ENSG00000136942
MRPL33,-0.673914368618878,8.61170762951256,1.36964496727439,0.250450419752382,0.985244186330579,ENSG00000243147
DEFB1,-1.34949271033801,11.7623826053701,1.36907971536071,0.25054620139319,0.985244186330579,ENSG00000164825
TRPS1,0.744713547620865,8.94550745880408,1.33942540172292,0.255637160785517,0.985244186330579,ENSG00000104447
LSM4,-0.598021643306569,8.41667911626041,1.32751709155423,0.257718642290874,0.985244186330579,ENSG00000130520
RB1CC1,0.422068468233576,8.43984732115159,1.32449803336073,0.258249789622429,0.985244186330579,ENSG00000023287
HMGB1,-0.571028584171231,10.1085087346855,1.32284983151939,0.258540351158015,0.985244186330579,ENSG00000189403
SDF4,-0.77324900719226,8.3308465070719,1.32198348392391,0.258693247326557,0.985244186330579,ENSG00000078808
GNB2,-0.608746088940109,9.0412084429424,1.31720533208811,0.259538595668824,0.985244186330579,ENSG00000172354
MYL6,0.44481268868434,10.2811928844016,1.29020733783418,0.264382208704357,0.985244186330579,ENSG00000092841
GSN,-0.698929860417954,8.51333828280917,1.2876592858884,0.264845321012041,0.985244186330579,ENSG00000148180
CLIC1,-0.362062880958748,9.69775443948638,1.2756576972635,0.26704072708262,0.985244186330579,ENSG00000213719
DNPH1,0.493148299220538,8.6101183258152,1.27449897278685,0.267253927562824,0.985244186330579,ENSG00000112667
RPL10A,0.378409653804127,10.6763624184198,1.27061644819685,0.267969897940795,0.985244186330579,ENSG00000198755
SPINT2,-0.560288047603733,9.17025524407734,1.26844178286065,0.268372006026698,0.985244186330579,ENSG00000167642
ACSL3,0.590179833863973,8.93044228705549,1.2607168800607,0.269806699338045,0.985244186330579,ENSG00000123983
AP2S1,-0.451098953385661,9.08696751653464,1.26034517600696,0.269875982962284,0.985244186330579,ENSG00000042753
UQCRQ,0.458905793661166,9.26089992327553,2.0627516756316,0.270089149400166,0.985244186330579,ENSG00000164405
GTPBP4,-0.705641643075978,8.35911924944581,1.25919006824033,0.270091435623087,0.985244186330579,ENSG00000107937
TKT,-0.661121470155961,8.87340046177061,1.25635231604477,0.270621683006231,0.985244186330579,ENSG00000163931
H2AFV,-0.905893214264997,8.53475323056942,1.25474695260203,0.270922249047146,0.985244186330579,ENSG00000105968
RPL37A,0.381489494746566,12.049789989632,1.24479996232973,0.272794251160997,0.985244186330579,ENSG00000197756
RDH10,0.800208194552969,9.38799096339902,1.23173689168712,0.275278240707546,0.985244186330579,ENSG00000121039
MRPL36,0.535325236802978,8.51193291801061,1.22498199382137,0.276574231924143,0.985244186330579,ENSG00000171421
CD55,0.642533225483474,8.60130983874678,1.22186015062089,0.277175867453891,0.985244186330579,ENSG00000196352
LAPTM4A,0.375124001380352,9.75718427781131,1.21198970741039,0.27908932281172,0.985244186330579,ENSG00000068697
FDPS,-0.86073546827915,8.33530834591907,1.21185888554602,0.279114798915135,0.985244186330579,ENSG00000160752
RPLP1,-0.375757023618558,11.5103114291225,1.21121363664578,0.279240498318357,0.985244186330579,ENSG00000137818
NDUFV2,0.591272016759408,8.83546989351183,1.21018468811526,0.279441098038121,0.985244186330579,ENSG00000178127
RAB10,-0.507586802500948,8.97779917110491,1.20742340205759,0.279980356935889,0.985244186330579,ENSG00000084733
ATOX1,-0.476109100446292,9.04734351503757,1.20659829625335,0.280141757387548,0.985244186330579,ENSG00000177556
LSM3,-0.615622489488916,8.96597304312175,1.20222392682206,0.280999466894,0.985244186330579,ENSG00000170860
UQCRFS1,-0.608063114651323,8.57151645815282,1.19846580568753,0.281739084808274,0.985244186330579,ENSG00000169021
FDFT1,-0.739463332356369,8.98276261628175,1.19551979041462,0.282320655273792,0.985244186330579,ENSG00000079459
ZFP36L2,0.730966644800273,8.87102878330233,1.19043927662752,0.28332728793605,0.985244186330579,ENSG00000152518
VAPA,0.534429786503794,8.79750052003398,1.18744750696602,0.283922262650947,0.985244186330579,ENSG00000101558
HES1,0.807966173528353,8.86531601674531,1.17318884243015,0.286780492467674,0.987750256581973,ENSG00000114315
ERO1A,0.718579325271887,8.46358004540514,1.17253465571333,0.28691253147559,0.987750256581973,ENSG00000197930
LY6E,0.610560879665556,10.2554653997553,1.15024979820712,0.291458575736649,0.995471172515869,ENSG00000160932
CALM1,0.53738501621194,9.99149513640525,1.14575883325019,0.292386182913123,0.995471172515869,ENSG00000198668
NDUFC2,0.379877440290626,8.99818912723833,1.12024753522602,0.297730246567455,0.995471172515869,ENSG00000151366
ATP5MG,-0.45149023744071,8.9138166990773,1.11705216488231,0.298408698164427,0.995471172515869,ENSG00000167283
POLR2J,0.508468025098575,8.42156682955017,1.40688115882399,0.300115755521481,0.995471172515869,ENSG00000005075
GABARAPL2,0.433490228096058,8.80241262425432,1.08736724840504,0.304810873982201,0.995471172515869,ENSG00000034713
CITED4,0.668334495487096,9.98565749571227,1.07948843996547,0.306540816905314,0.995471172515869,ENSG00000179862
HES4,-0.641493656882888,9.0026084579553,1.07612104528676,0.30728419890906,0.995471172515869,ENSG00000188290
TUBA4A,-0.586898740346176,9.28366046815808,1.07219449044988,0.308154072057306,0.995471172515869,ENSG00000127824
PRDX1,0.310413308501594,10.7099647875281,1.05249077310486,0.312569410169656,0.995471172515869,ENSG00000117450
MT-ND2,-0.522524260756583,12.4748646338205,1.05106753069577,0.312891624481788,0.995471172515869,ENSG00000198763
EIF3M,0.44190153561225,8.5115980390468,1.04534617933237,0.31419143094637,0.995471172515869,ENSG00000149100
ADSS,0.496286393247955,8.49906484225188,1.03160951017696,0.317342082282305,0.995471172515869,ENSG00000035687
SERP1,-0.459515945689111,8.76593686155711,1.0301258621601,0.317684923384745,0.995471172515869,ENSG00000120742
COX20,0.370741079678584,8.89848403975712,1.02664704319934,0.318490776141007,0.995471172515869,ENSG00000203667
SRSF3,0.47472860185173,8.60591893729277,1.02136942306464,0.319718607819851,0.995471172515869,ENSG00000112081
CRABP2,0.688587697356331,10.145163767759,1.01609113191552,0.320953023780017,0.995471172515869,ENSG00000143320
MGP,1.29316268372349,9.82181840382552,1.01533713861707,0.321129885322651,0.995471172515869,ENSG00000111341
HNRNPD,-0.631027967552076,8.39707019720009,0.997346005045221,0.32538960311149,0.995471172515869,ENSG00000138668
RHOC,-0.499888745746649,9.01740622685202,0.996781379513229,0.325524530414818,0.995471172515869,ENSG00000155366
TPM3,0.430379172687702,8.55000900967429,0.990961489385105,0.326919756773532,0.995471172515869,ENSG00000143549
TMSB4X,-0.795937051371725,10.9831819434274,0.990022285370968,0.327145680888475,0.995471172515869,ENSG00000205542
HSPA5,0.51157307771141,10.097103835358,0.988101164519594,0.327608468610491,0.995471172515869,ENSG00000044574
PSMD7,-0.437593115314388,9.023248294779,0.984776024433671,0.328411594786135,0.995471172515869,ENSG00000103035
H3F3B,0.334639999664453,11.0759186622616,0.980270435173445,0.329504141248807,0.995471172515869,ENSG00000132475
MT-ND3,-0.58828292232018,13.042040828138,0.971040747357249,0.331757822779515,0.995471172515869,ENSG00000198840
TAPBP,-0.538842575540719,8.62858920672089,0.965189296798417,0.333197586510705,0.995471172515869,ENSG00000231925
SRP14,0.346879243866016,9.59544899550578,1.08985400258554,0.337834147133384,0.995471172515869,ENSG00000140319
SRRM2,0.352131280085481,9.05971615244453,0.942658173539555,0.338822505287691,0.995471172515869,ENSG00000167978
RPN2,0.367079524093372,9.04876267554305,0.936032437469573,0.340501575929263,0.995471172515869,ENSG00000118705
RPL4,-0.402635291916158,9.4445745472443,0.929375597750326,0.342200166036483,0.995471172515869,ENSG00000174444
VIM,0.832262789033016,9.61621103560852,0.926702719647922,0.342885500204678,0.995471172515869,ENSG00000026025
ATP5F1A,-0.57016941803861,8.65449681276059,0.925481228010583,0.343199329444211,0.995471172515869,ENSG00000152234
DDX17,0.391423102170881,8.8126649111571,0.923214891239983,0.343782662108664,0.995471172515869,ENSG00000100201
NAA20,0.50229213514366,8.74117564290776,0.919834279748775,0.344655364459125,0.995471172515869,ENSG00000173418
POLR2K,-0.37742336350858,8.82297791124177,0.916524598563867,0.345512747436623,0.995471172515869,ENSG00000147669
HNRNPK,0.321784965945623,9.21178422693507,0.913290917415213,0.346353316163054,0.995471172515869,ENSG00000165119
HTATIP2,-0.457325036086962,8.61370490093125,0.896252285871034,0.350829889925647,0.995471172515869,ENSG00000109854
RAB25,0.419157326964661,8.89987744347236,0.88868152863149,0.352844989857865,0.995471172515869,ENSG00000132698
YWHAB,-0.35005671851399,9.51181187311379,0.862304200368034,0.359994522718901,0.995471172515869,ENSG00000166913
CLDN4,0.487099799690311,10.1974644159958,0.856885148947827,0.36148867110955,0.995471172515869,ENSG00000189143
PI3,1.00857076859931,10.0167923938423,0.855586788932125,0.361847962860117,0.995471172515869,ENSG00000124102
RPL34,-0.325642398251136,11.7179680912171,0.853798306738284,0.362343715658131,0.995471172515869,ENSG00000109475
CD44,0.429149851933218,9.95597099197819,0.852177336953525,0.362793869341678,0.995471172515869,ENSG00000026508
RPS24,-0.34460843400199,10.8325814636681,0.849591490421666,0.363513622697087,0.995471172515869,ENSG00000138326
PSMD4,-0.466780995937294,8.68635710478969,0.846610818875917,0.364345795911946,0.995471172515869,ENSG00000159352
PARP1,0.616756884539361,8.85125813503279,0.845677124716835,0.364607031675831,0.995471172515869,ENSG00000143799
UBL5,-0.336573596283035,9.43922593825297,0.839291397702711,0.366400853882264,0.995471172515869,ENSG00000198258
RARRES3,-1.00032610712696,9.81819188954726,0.830081749023795,0.369010216120145,0.995471172515869,ENSG00000133321
IAH1,0.416189306145549,8.63023906014443,0.829465106792313,0.369185877318113,0.995471172515869,ENSG00000134330
IDH2,0.438141657578001,9.31798975943227,0.825999191880753,0.370175435399187,0.995471172515869,ENSG00000182054
S100A6,-0.693292343349985,13.1848855156118,0.825629631400956,0.370281173325252,0.995471172515869,ENSG00000197956
P4HB,-0.458268446281629,9.21648597032649,0.824064293973942,0.370729525257111,0.995471172515869,ENSG00000185624
LAPTM4B,-0.502741051550787,9.00987707597068,0.817227429023258,0.372696938643331,0.995471172515869,ENSG00000104341
TMEM205,0.447124823338445,8.6348858137169,0.811202636192459,0.374443134117385,0.995471172515869,ENSG00000105518
OCIAD2,-0.581495017217242,8.70852838362771,0.805704707360899,0.376046932744757,0.995471172515869,ENSG00000145247
RPL32,-0.317369224225878,12.2773028894353,0.795807442987722,0.378959173564082,0.995471172515869,ENSG00000144713
TYMP,-0.509313518245549,9.69212468132335,0.792548676599004,0.379925203119243,0.995471172515869,ENSG00000025708
RBM17,-0.515466366700124,8.61145733377871,0.788848275510759,0.381026488630849,0.995471172515869,ENSG00000134453
TUFM,0.481668102960903,8.44881973464912,0.787286889180474,0.381492567832823,0.995471172515869,ENSG00000178952
PSMB5,0.412623166309845,8.79102515561641,0.779846710612171,0.383724917083006,0.995471172515869,ENSG00000100804
ASAH1,0.495062682520203,8.653274043777,0.779732455645427,0.383759346262073,0.995471172515869,ENSG00000104763
EZR,0.530270144492343,8.94881786016952,0.777218501767374,0.384518033256474,0.995471172515869,ENSG00000092820
RPS10,-0.288454582188991,9.94422367011198,0.76880192684873,0.38707407503874,0.995471172515869,ENSG00000124614
EBNA1BP2,-0.431334480696646,8.68578251259096,0.767925972623033,0.387341521137297,0.995471172515869,ENSG00000117395
EIF6,-0.348267948414161,8.46457448652384,0.76460417037332,0.388358195782163,0.995471172515869,ENSG00000242372
CALML5,0.670663540236976,11.3526008050051,0.757861091449134,0.390434061563417,0.995471172515869,ENSG00000178372
PSMA4,-0.544336145492993,8.29444705740619,0.757148411776849,0.390654412553998,0.995471172515869,ENSG00000041357
MT-ATP6,-0.539741999083381,14.1359254484526,0.755756039301106,0.391085443337465,0.995471172515869,ENSG00000198899
ARPC5,0.427836131432595,8.56553035869978,0.754146636672249,0.391584531409569,0.995471172515869,ENSG00000162704
KRT5,-0.881986351732378,8.64294252874448,0.74499740171409,0.394439690273971,0.995471172515869,ENSG00000186081
HMGA1,0.488260998848427,8.54205815872602,0.730210270286037,0.399119728118598,0.995471172515869,ENSG00000137309
PPDPF,0.373397236815297,9.07386606555293,0.728145995826403,0.399779605140153,0.995471172515869,ENSG00000125534
NARS,0.37700312727126,8.62660854443646,0.728118279976304,0.399788475971234,0.995471172515869,ENSG00000134440
RPS25,-0.402537417215783,9.61453550484663,0.725028258944899,0.400779318520504,0.995471172515869,ENSG00000118181
TPR,0.457191037915407,8.44776196412598,0.722629012401151,0.401551182392045,0.995471172515869,ENSG00000047410
CHI3L1,0.679810627861075,10.1617366113467,0.716579861044904,0.403507131808068,0.995471172515869,ENSG00000133048
SELENOH,-0.332853806403331,8.62026262678306,0.715785858089218,0.403764922963435,0.995471172515869,ENSG00000211450
TSC22D1,0.494208448427321,9.46509943385474,0.710630562154353,0.405444716741923,0.995471172515869,ENSG00000102804
PMEPA1,-0.614135465591705,8.4073629406685,0.706818875658022,0.406693452380333,0.995471172515869,ENSG00000124225
RRBP1,0.474900108712612,8.75883508335155,0.690481115060676,0.412111886005907,0.995471172515869,ENSG00000125844
PCSK1N,-0.54208025823044,8.80350810916152,0.690182449514735,0.412211950054769,0.995471172515869,ENSG00000102109
PKM,-0.32310052165012,9.47045803550418,0.689659163123587,0.412387359021516,0.995471172515869,ENSG00000067225
AHNAK,0.485647649296745,8.61989612137905,0.685389055552287,0.413822957595367,0.995471172515869,ENSG00000124942
KRTCAP3,-0.434401304730063,8.46415723127771,0.682407370421665,0.414829886127179,0.995471172515869,ENSG00000157992
NHP2,-0.500093198233117,8.86768243329302,0.680366509992716,0.415521238334719,0.995471172515869,ENSG00000145912
MRPL51,-0.346494731940462,9.22073222588723,0.823765728828441,0.416163916915853,0.995471172515869,ENSG00000111639
RPS7,0.280600759985332,12.4627069375527,0.678007275385557,0.416322624563092,0.995471172515869,ENSG00000171863
HSP90B1,0.401684818960387,9.64963767975692,0.675598407853906,0.417143297270037,0.995471172515869,ENSG00000166598
RBM39,0.39863030775776,8.87686330518229,0.811426316110073,0.417725591665766,0.995471172515869,ENSG00000131051
PFN1,-0.302969809806844,9.03008477054338,0.666514222639007,0.420260453680267,0.995471172515869,ENSG00000108518
RPL39,-0.25563392648383,11.6746834193252,0.66094660051487,0.422188557375845,0.995471172515869,ENSG00000198918
BCAP31,-0.403611727389672,9.3213970982129,0.660174651799163,0.42245695735289,0.995471172515869,ENSG00000185825
PDCD6,0.335589289519985,9.17240273726228,0.658766574470255,0.422947208205477,0.995471172515869,ENSG00000249915
KRT19,-0.501503019189145,12.1289633995515,0.658462439288602,0.423053213687074,0.995471172515869,ENSG00000171345
PLA2G16,0.520223305765749,8.75069822270069,0.63810357348832,0.430243346597625,0.995471172515869,ENSG00000176485
KLF4,0.531328928895407,8.86851157271924,0.6351765909114,0.431292583870087,0.995471172515869,ENSG00000136826
GCSH,-0.454195617810695,8.44825509585296,0.631133534151825,0.432748448320861,0.995471172515869,ENSG00000140905
NDUFA8,-0.433038070865403,8.46449614287036,0.629775762158107,0.433239083009021,0.995471172515869,ENSG00000119421
ZFAS1,-0.383216160634965,9.51730767996497,0.629535340323069,0.43332605033103,0.995471172515869,ENSG00000177410
ATP6V0B,-0.487410487235754,10.0113275824663,0.623571059920183,0.435492237573241,0.995471172515869,ENSG00000117410
BRK1,0.25509573084688,9.62636791471183,0.6152467219445,0.438543987609574,0.995471172515869,ENSG00000254999
TMEM59,0.422256008680643,9.57458129103727,0.613440617846284,0.439210539776403,0.995471172515869,ENSG00000116209
PSMD11,0.313664908836446,8.60041684074005,0.611850868126813,0.439798562493002,0.995471172515869,ENSG00000108671
OPTN,-0.496328694365438,8.79133774306918,0.607119714053676,0.441555883351698,0.995471172515869,ENSG00000123240
C11orf58,0.341974743590283,8.95108077803479,0.603091125126324,0.443060982568234,0.995471172515869,ENSG00000110696
SNRPE,0.309358094015956,8.94259799061437,0.602934896125262,0.443119513430616,0.995471172515869,ENSG00000182004
COX6A1,-0.310164714762317,9.01736728638063,0.601744205938048,0.443566004504947,0.995471172515869,ENSG00000111775
KTN1,-0.516907957199228,8.60418242611275,0.601439257601315,0.443680469927422,0.995471172515869,ENSG00000126777
FTL,0.430891476958068,10.6892228878352,0.595839312444245,0.445790802394239,0.995471172515869,ENSG00000087086
GABRP,0.533650988965252,9.02058863698626,0.581333499551443,0.451332047665299,0.995471172515869,ENSG00000094755
HNRNPAB,0.430420882224819,8.92640512304299,0.580077203618556,0.451817118317732,0.995471172515869,ENSG00000197451
IGFBP3,0.791183675352944,9.79373394262444,0.579710509167464,0.451958860600782,0.995471172515869,ENSG00000146674
SLC25A3,-0.378553879279194,9.02164188901072,0.577699670416625,0.452737398250702,0.995471172515869,ENSG00000075415
NDRG1,0.49164739774891,9.79986031622374,0.572536584506275,0.454746269900213,0.995471172515869,ENSG00000104419
SLIRP,-0.31876695429518,8.74208742451966,0.572515407957138,0.454754538795366,0.995471172515869,ENSG00000119705
EIF4EBP1,-0.57969237224472,8.64661774538251,0.572336525020363,0.45482439760157,0.995471172515869,ENSG00000187840
LDHB,0.53270800428583,8.50709199822074,0.570920277466127,0.455378091517439,0.995471172515869,ENSG00000111716
FOS,0.5784359864477,9.86882254140364,0.568913570549654,0.456164489299043,0.995471172515869,ENSG00000170345
COX7B,-0.305906439956643,9.18356640632056,0.567970668286841,0.456534753666611,0.995471172515869,ENSG00000131174
RPS16,-0.298643249894626,10.1528663827118,0.566952835199239,0.45693498614758,0.995471172515869,ENSG00000105193
CEBPB,0.377005790305594,10.5460105457312,0.563730703707135,0.458205732327691,0.995471172515869,ENSG00000172216
RPL35A,-0.265540336321168,11.8420226453658,0.558762433832241,0.460176345793035,0.995471172515869,ENSG00000182899
SLPI,-0.63158107502364,10.6512019294102,0.556873940497041,0.46092899973703,0.995471172515869,ENSG00000124107
ILF2,0.459149423743902,8.61406394393492,0.554326107693647,0.461947601415567,0.995471172515869,ENSG00000143621
EIF1,-0.237814047895829,11.3393052489736,0.54959431255692,0.463849068546599,0.995471172515869,ENSG00000173812
SSU72,-0.286162377326743,9.21240537120077,0.549119564877188,0.46404054875534,0.995471172515869,ENSG00000160075
RTN4,0.294862103810246,9.45799116045331,0.546720267696659,0.465010233491115,0.995471172515869,ENSG00000115310
PFDN5,0.280805577131979,8.76057295170935,0.54224240013593,0.466828856945091,0.995471172515869,ENSG00000123349
RPLP0,-0.340640788099614,9.98694840818626,0.528873399705898,0.472328502447948,0.995471172515869,ENSG00000089157
KRT18,-0.467674929448391,8.7926302523418,0.526591919559797,0.473277707762585,0.995471172515869,ENSG00000111057
CYCS,-0.391351900699179,9.17233749719027,0.522685143848998,0.474910463285308,0.995471172515869,ENSG00000172115
UGP2,-0.404716139897083,8.5508320417728,0.518840085595297,0.476526568687372,0.995471172515869,ENSG00000169764
TPT1,0.215638342627643,12.1595909653293,0.515782634512969,0.477818175157287,0.995471172515869,ENSG00000133112
ST13,0.233684873991741,9.33630062441374,0.514140629323712,0.478514242210316,0.995471172515869,ENSG00000100380
ATP1B3,-0.415059119491955,8.79155858543688,0.512100834923351,0.479381296695955,0.995471172515869,ENSG00000069849
CTSB,0.370038498784226,8.39868209942057,0.510919940997315,0.479884459023942,0.995471172515869,ENSG00000164733
KLF6,0.581182176539207,10.2466751111742,0.508411615361687,0.480956157328772,0.995471172515869,ENSG00000067082
PSMA5,-0.356856993736173,8.6883907046568,0.505794479201893,0.482078626600358,0.995471172515869,ENSG00000143106
EIF1AX,-0.348231491662849,9.04777834912509,0.503901288470973,0.482893344384189,0.995471172515869,ENSG00000173674
SAA1,0.684659350463608,9.8365164996211,0.503227359974406,0.483183921990959,0.995471172515869,ENSG00000173432
SUMO3,0.27172360621127,8.69270725718375,0.498032071115542,0.485433889119838,0.995471172515869,ENSG00000184900
ARPC1B,-0.350502716961143,9.29919422560764,0.497463716163747,0.485681103087421,0.995471172515869,ENSG00000130429
HNRNPC,0.302229421966862,9.15037492177833,0.496795867594133,0.48597186496594,0.995471172515869,ENSG00000092199
MARCKSL1,0.341144856643041,9.11226995785902,0.495882045842805,0.486370193179381,0.995471172515869,ENSG00000175130
ARPC2,0.209835078972164,10.0694712321019,0.495133146722261,0.486697044472039,0.995471172515869,ENSG00000163466
RPS27A,-0.246008348385133,11.6341027785612,0.494272819047045,0.487072986692429,0.995471172515869,ENSG00000143947
HEBP2,0.334901364780762,8.65351459530462,0.492199710672151,0.487980906891685,0.995471172515869,ENSG00000051620
MDK,0.467273100602994,9.67871659247273,0.485268617404209,0.491037340143251,0.995471172515869,ENSG00000110492
COMMD6,-0.301812000374297,9.13099091382206,0.478148235216091,0.494211367269088,0.995471172515869,ENSG00000188243
RPS12,-0.245144976322227,11.425864891125,0.47726700611491,0.494606629806747,0.995471172515869,ENSG00000112306
CIB1,-0.369204026328528,9.09651115951593,0.476712325300749,0.494855701814202,0.995471172515869,ENSG00000185043
RPL36,-0.264446487225515,11.1104700893641,0.473607494917507,0.496253867766144,0.995471172515869,ENSG00000130255
MTDH,-0.272696572851223,9.67663582080124,0.463136184319388,0.501019854929795,0.995471172515869,ENSG00000147649
GTF2I,0.35981874235816,8.61830685245687,0.46306585467064,0.501052132553451,0.995471172515869,ENSG00000263001
ACTG1,0.244397881770121,11.8693087945723,0.462605585336413,0.501263461093711,0.995471172515869,ENSG00000184009
MRPL55,0.376473392307753,8.48591255008863,0.661502455935686,0.506660587986828,0.995471172515869,ENSG00000162910
HERPUD1,0.391567843496036,8.67581190880004,0.448505120820069,0.507813553542981,0.995471172515869,ENSG00000051108
RPL15,-0.241054215013216,11.0038770584868,0.447328248501255,0.508367010652076,0.995471172515869,ENSG00000174748
CCT5,-0.396766355083879,8.74552914570531,0.442722859158664,0.510543053380132,0.995471172515869,ENSG00000150753
ISG15,-0.650179767678904,10.7839260374122,0.442074019398116,0.510850948231054,0.995471172515869,ENSG00000187608
RPL29,-0.248593083255301,10.5216654928556,0.440447370190979,0.511624286562657,0.995471172515869,ENSG00000162244
ATF4,0.388413965430258,8.45022792379678,0.438544588462088,0.512531531665512,0.995471172515869,ENSG00000128272
HNRNPR,-0.398384855132601,8.4560706681855,0.434805333013738,0.514322728129371,0.995471172515869,ENSG00000125944
UBE2I,-0.295119640048544,8.71494179418468,0.430389122987207,0.51645256548998,0.995471172515869,ENSG00000103275
TUBB,-0.407802759095523,9.83381970655579,0.428132556291692,0.517546929532681,0.995471172515869,ENSG00000196230
CDKN2A,0.384359359652009,8.73558692472096,0.425001752334104,0.519072148139565,0.995471172515869,ENSG00000147889
TMEM208,-0.30082417732457,8.54192913486492,0.422120984100584,0.52048268395388,0.995471172515869,ENSG00000168701
NUPR1,-0.512875643186854,10.183666970045,0.421813764166283,0.52063351659399,0.995471172515869,ENSG00000176046
EIF3G,-0.338134840553827,8.56888656522574,0.42097705745861,0.521044704364083,0.995471172515869,ENSG00000130811
CAPG,-0.370391414151498,8.55473261438327,0.720414001872095,0.522798783429682,0.995471172515869,ENSG00000042493
HLA-E,0.36262067947078,9.34466407508635,0.416440641582644,0.523284273345653,0.995471172515869,ENSG00000204592
THRAP3,-0.396450286609559,8.63765480132054,0.414052403772938,0.524470304046333,0.995471172515869,ENSG00000054118
MIEN1,-0.338542896417776,8.59104590543843,0.413754680494595,0.524618498121987,0.995471172515869,ENSG00000141741
RSL1D1,-0.409548969848736,8.50886627325942,0.413104027266484,0.524942629748666,0.995471172515869,ENSG00000171490
ENAH,0.358194573681444,8.89918587306926,0.411833033045236,0.525576839856482,0.995471172515869,ENSG00000154380
NDUFB10,0.243630868330513,9.27895959857358,0.404201116548957,0.529414528113194,0.995471172515869,ENSG00000140990
RBM3,-0.366482743259339,8.48551765918346,0.402302146876563,0.530377365406433,0.995471172515869,ENSG00000102317
RPS2,-0.272818965203473,12.9234756108797,0.39938241313552,0.531864029156386,0.995471172515869,ENSG00000140988
PSMB4,-0.373039008115788,8.41478553363089,0.389939968741421,0.536724796081194,0.995471172515869,ENSG00000159377
NDUFA6,-0.314157299571147,8.70395358048449,0.389111164465469,0.537155364643047,0.995471172515869,ENSG00000184983
EIF3A,-0.368394813453626,8.56477386528023,0.38890116936186,0.537264559972754,0.995471172515869,ENSG00000107581
RPS23,-0.247741112551335,10.7419559407377,0.388736929444579,0.537349991757647,0.995471172515869,ENSG00000186468
PYCARD,0.457078515218214,8.93343481594676,0.388324513078971,0.53756462724931,0.995471172515869,ENSG00000103490
RPL23,0.240267989879381,10.0236657934978,0.381456728656323,0.541162429413848,0.995471172515869,ENSG00000125691
S100A11,0.276171987018096,12.1000881054621,0.379206122865216,0.54235123627499,0.995471172515869,ENSG00000163191
CNIH4,0.299786568224579,8.91982007176937,0.377737089467492,0.543129844838878,0.995471172515869,ENSG00000143771
TAF1D,0.307443843461998,8.8044132238077,0.54550788219054,0.544716726868351,0.995471172515869,ENSG00000166012
RPL23A,-0.295237671419818,10.0362693630212,0.367658615638297,0.548528814874541,0.995471172515869,ENSG00000198242
SUMO1,0.2648983562921,8.82754660017592,0.36407297471094,0.550474181595795,0.995471172515869,ENSG00000116030
IL32,-0.526455302313162,8.56662614404016,0.361110876780573,0.552091182237369,0.995471172515869,ENSG00000008517
EMC3,0.298259284314644,8.54706562783325,0.357946743084711,0.553828527714608,0.995471172515869,ENSG00000125037
DCAF13,-0.273407054243143,8.44292694122867,0.349420268846458,0.558562911092263,0.995471172515869,ENSG00000164934
MKRN1,0.255370117765167,8.40610121746055,0.348343923256232,0.559181496675523,0.995471172515869,ENSG00000133606
OAZ1,0.201953067597789,9.29791245245441,0.348048825138139,0.559331719293338,0.995471172515869,ENSG00000104904
SET,0.263203793959926,9.37017192665804,0.346531184339985,0.56018487907471,0.995471172515869,ENSG00000119335
MZT2A,-0.3443028535215,8.4047810573928,0.345732877408807,0.560634672165277,0.995471172515869,ENSG00000173272
PON2,-0.32840151779539,9.24631334745293,0.342923792344047,0.562223010008087,0.995471172515869,ENSG00000105854
SPCS2,-0.279696250106331,8.84490040118184,0.637243695954794,0.563856580813644,0.995471172515869,ENSG00000118363
RACK1,-0.230025804150208,10.9185868228505,0.337349482689194,0.565401060808765,0.995471172515869,ENSG00000204628
TMEM165,0.276505976432049,8.73590169902887,0.335436959787802,0.566499572728602,0.995471172515869,ENSG00000134851
POLR1D,-0.266623513797506,8.51311836237457,0.332407161369957,0.568248458086659,0.995471172515869,ENSG00000186184
RPL22L1,-0.344485754778317,8.87004925866106,0.327336576162221,0.571199366777177,0.995471172515869,ENSG00000163584
TBCA,-0.257294064847162,8.51002743831654,0.326513240804424,0.571681394770353,0.995471172515869,ENSG00000171530
PRELID1,-0.249471857150159,9.58736267755975,0.325306347661066,0.57238944607444,0.995471172515869,ENSG00000169230
BZW1,0.2938084775137,8.68429855852212,0.320672973824802,0.575124073569496,0.995471172515869,ENSG00000082153
PDAP1,-0.261811445619033,8.57182067013681,0.320458265633706,0.575251429483074,0.995471172515869,ENSG00000106244
RPL27,-0.202317160483278,10.7038440179645,0.318763906324462,0.576258443795095,0.995471172515869,ENSG00000131469
RPLP2,0.237768630751248,9.74101028650837,0.315975701355275,0.577923315032978,0.995471172515869,ENSG00000177600
RPL28,0.1829977529498,10.3921777679417,0.31504890708734,0.578478866881394,0.995471172515869,ENSG00000108107
PLPP2,-0.305923099487247,8.90855437643792,0.312426786489738,0.580056525674099,0.995471172515869,ENSG00000141934
BTF3,0.243258694469347,9.14959606544778,0.309478734329349,0.581840751065914,0.995471172515869,ENSG00000145741
RPS8,0.196122442803013,11.6963490977047,0.30730862185715,0.5831613108493,0.995471172515869,ENSG00000142937
PPP1R14B,0.208587795015623,9.89910210409786,0.304939423755599,0.584610031794967,0.995471172515869,ENSG00000173457
MYL12A,0.181582012366193,9.8015813408385,0.304606579455636,0.58481415086791,0.995471172515869,ENSG00000101608
UBE2H,-0.35018313620378,8.58828630504972,0.303845729616865,0.585281297000055,0.995471172515869,ENSG00000186591
NME4,0.238121198442535,8.92518246854956,0.299390389160958,0.588032270063668,0.995471172515869,ENSG00000103202
CLTA,-0.243815091940728,8.83104105867604,0.299078013796083,0.588226148897321,0.995471172515869,ENSG00000122705
PSMC2,0.39001518655622,8.4281135929429,0.574805017054284,0.589608900776596,0.995471172515869,ENSG00000161057
S100A7,-0.879164194608183,12.3532770855435,0.295784428293322,0.590278430224924,0.995471172515869,ENSG00000143556
EIF5,-0.340603424482291,8.58303016121234,0.294641267652044,0.590994229394971,0.995471172515869,ENSG00000100664
ATP5MC2,-0.273120628031972,8.56021864792812,0.291638062382411,0.592883354557263,0.995471172515869,ENSG00000135390
COX5A,-0.240427901137054,8.63387818607332,0.291385598895395,0.593042737895756,0.995471172515869,ENSG00000178741
PDXK,0.323471932519677,8.55136189444627,0.29000871769364,0.593913560378411,0.995471172515869,ENSG00000160209
RARRES1,0.558490768569044,10.6286874781919,0.288595510369645,0.594810148943864,0.995471172515869,ENSG00000118849
NDUFAB1,-0.240311889531759,8.90348507684436,0.288264839864534,0.595020348277052,0.995471172515869,ENSG00000004779
MRPS15,-0.246108254398669,8.74857324539003,0.285186916760673,0.59698443484105,0.995471172515869,ENSG00000116898
TOP1,0.222162842975216,8.56778349099003,0.283576530168676,0.598017515978862,0.995471172515869,ENSG00000198900
GPX4,0.270418211359663,9.22388849561787,0.283530193036346,0.598047297726832,0.995471172515869,ENSG00000167468
BACE2,0.320977296017966,8.49153602746742,0.282170749690658,0.598922437592495,0.995471172515869,ENSG00000182240
PRPF40A,-0.272892102380622,8.88105950510464,0.281196630377118,0.599551197556825,0.995471172515869,ENSG00000196504
SLC3A2,0.265676664737435,9.42780564599393,0.280295305228807,0.60013422151086,0.995471172515869,ENSG00000168003
EIF5A,-0.234828284706847,8.54092695357641,0.275168706313691,0.603473498830341,0.995471172515869,ENSG00000132507
SYPL1,0.195795224174776,8.63064425401162,0.272901667916721,0.604962887163324,0.995471172515869,ENSG00000008282
TXNL4A,-0.295600261991342,8.71917973325044,0.272579582701163,0.6051751306632,0.995471172515869,ENSG00000141759
BTG1,0.3145142473481,9.20754345498722,0.271318002694703,0.606008017268428,0.995471172515869,ENSG00000133639
ARPC5L,-0.23767904487341,8.66572216626065,0.290983935457716,0.606508921244695,0.995471172515869,ENSG00000136950
PNISR,0.217719778901872,9.07573556062913,0.268006478581343,0.608206091107088,0.995471172515869,ENSG00000132424
HLA-C,-0.283752618648322,11.901869582522,0.267621507648321,0.608462742518426,0.995471172515869,ENSG00000204525
REEP5,0.246264638892499,8.57232026240858,0.267043667494842,0.608848417128788,0.995471172515869,ENSG00000129625
MTPN,-0.209423183935814,9.06740950422438,0.26616208139331,0.609437849162723,0.995471172515869,ENSG00000105887
ANXA1,0.410487168663689,10.5787760649421,0.266060788871695,0.609505653265574,0.995471172515869,ENSG00000135046
MARCKS,0.30352895332105,8.4061530644165,0.260962864198358,0.612939548985471,0.995471172515869,ENSG00000277443
RPS15,-0.232780354755312,11.0720817500047,0.260893122212108,0.612986820052348,0.995471172515869,ENSG00000115268
RPL27A,-0.22992760255172,9.200888404373,0.259028781351528,0.614253445748626,0.995471172515869,ENSG00000166441
MT-ND1,-0.243122575796862,13.647863443267,0.256742094029968,0.615814909187059,0.995471172515869,ENSG00000198888
HSPD1,0.2352430417027,9.75140304174007,0.256669792502311,0.615864423260249,0.995471172515869,ENSG00000144381
TRAPPC3,-0.264824931839769,8.79157500059518,0.254997927173857,0.617011825834078,0.995471172515869,ENSG00000054116
PDZK1IP1,0.351151065723249,10.113220485864,0.252399506801129,0.618804573222629,0.995471172515869,ENSG00000162366
RCN1,-0.290236780485851,8.46934761737504,0.251984668953495,0.619091859238395,0.995471172515869,ENSG00000049449
PYURF,0.201763829393234,8.78152600954027,0.251105614648842,0.619701611544559,0.995471172515869,ENSG00000145337
CENPF,-0.584077223298338,9.12124493096584,0.250493908065109,0.620126711240651,0.995471172515869,ENSG00000117724
HLA-B,-0.252447953407565,12.7212453772412,0.247874027711721,0.621954783109369,0.995471172515869,ENSG00000234745
FTH1,0.209245531421751,14.7801535649092,0.246488939081484,0.62292615395929,0.995471172515869,ENSG00000167996
PSMC1,-0.264542475722226,8.48906805325506,0.2464064773016,0.622984092600663,0.995471172515869,ENSG00000100764
COX6C,-0.160793897351402,10.5982245170269,0.246293091991782,0.623063778311419,0.995471172515869,ENSG00000164919
DEK,-0.301134490833569,9.0975316270269,0.245231479192371,0.623810982181373,0.995471172515869,ENSG00000124795
EDF1,-0.235324827665913,9.63120061772205,0.245029061545381,0.623953681080452,0.995471172515869,ENSG00000107223
SEC61G,0.225278841154798,8.93298585862617,0.293732814304299,0.624427187097971,0.995471172515869,ENSG00000132432
TOMM20,0.196833420907294,9.76917907457855,0.243691106180865,0.624898761617555,0.995471172515869,ENSG00000173726
RAB2A,0.2363701906387,8.99536951937321,0.243468831986719,0.6250560814436,0.995471172515869,ENSG00000104388
RPL21,-0.192634180922916,10.2208334893295,0.241819857907552,0.626225991765943,0.995471172515869,ENSG00000122026
PPIA,-0.147458292409261,11.0593663331834,0.241290778112051,0.626602416399034,0.995471172515869,ENSG00000196262
MRPS21,-0.253025313102143,9.07214204207133,0.239424764220117,0.627934151851837,0.995471172515869,ENSG00000266472
SRSF11,-0.233189550677142,8.54027539301156,0.237997139172198,0.628957387681732,0.995471172515869,ENSG00000116754
AURKAIP1,0.205967610233814,9.33875755333802,0.334760946565979,0.630479445216724,0.995471172515869,ENSG00000175756
SERF2,0.157629439897111,10.036175660244,0.235759913367137,0.630568600194065,0.995471172515869,ENSG00000140264
RPS11,0.214543696117982,9.5943452149963,0.234849010626287,0.63122733624374,0.995471172515869,ENSG00000142534
RPL12,-0.191087765749322,12.2126574039345,0.231836863431167,0.633416971477226,0.995471172515869,ENSG00000197958
EEF1A1,0.161806662400535,12.4551304195649,0.22944047653873,0.635171595024685,0.995471172515869,ENSG00000156508
RPS29,0.24065929783591,9.64928143514229,0.228910190600296,0.635561395990764,0.995471172515869,ENSG00000213741
ANP32B,-0.241535928670442,9.24507491724354,0.228119795910538,0.636143432599355,0.995471172515869,ENSG00000136938
MRPS25,-0.20941395529241,8.43908581051918,0.2275644893089,0.636553097664725,0.995471172515869,ENSG00000131368
RPL7A,0.140008536870463,11.5797625143741,0.227434586868581,0.636649019227952,0.995471172515869,ENSG00000148303
MAP1LC3B,-0.301379599749388,8.99697443444378,0.223360009087578,0.639675026896559,0.995471172515869,ENSG00000140941
ATP5F1B,-0.251960684824354,8.61555858113644,0.219376439303773,0.642666411962488,0.995471172515869,ENSG00000110955
CD47,-0.268056761798155,8.75322599681438,0.212183471806669,0.648153162233607,0.995471172515869,ENSG00000196776
UBA52,-0.126658751578293,10.3064510988092,0.212083242487472,0.648230411863519,0.995471172515869,ENSG00000221983
SLC25A5,-0.182504305129996,9.24163420587801,0.211243172047963,0.648878753543048,0.995471172515869,ENSG00000005022
TSPO,0.183070174510081,10.0621427338734,0.210450797875802,0.649491723318262,0.995471172515869,ENSG00000100300
TMEM123,-0.1939385967138,10.159391634032,0.209593933365053,0.650156162583951,0.995471172515869,ENSG00000152558
TCF25,-0.244676144554734,8.59739927749902,0.209346237390346,0.650348541049868,0.995471172515869,ENSG00000141002
CAPN2,0.276958739711637,8.72789029526188,0.208534073415464,0.650980297042986,0.995471172515869,ENSG00000162909
RBM8A,-0.214830246824539,8.91769261837896,0.207178633656658,0.652037982882687,0.995471172515869,ENSG00000265241
NCL,-0.268326073254436,9.24941819490449,0.206074165022587,0.652902934849525,0.995471172515869,ENSG00000115053
HIST1H2AC,-0.314080028902044,8.77270127365467,0.204063786635181,0.654484572004882,0.995471172515869,ENSG00000180573
RPL13,0.174390664325,12.2279827082909,0.203664466212871,0.654799852240571,0.995471172515869,ENSG00000167526
TXNL1,-0.186737144722196,8.61395623227394,0.203139653344787,0.655214782660092,0.995471172515869,ENSG00000091164
COX4I1,0.149567230786717,10.036869289918,0.20269730676989,0.65556501633313,0.995471172515869,ENSG00000131143
ATP6V1G1,-0.19934993932254,9.95820877084443,0.200396963503975,0.657393821468419,0.995471172515869,ENSG00000136888
ORM1,0.454798368430615,9.58005912574559,0.2001782338347,0.657568372326215,0.995471172515869,ENSG00000229314
FABP5,-0.35919210582074,8.93891117426663,0.198309452340279,0.659064404677824,0.995471172515869,ENSG00000164687
LAMTOR4,-0.186166176049817,9.20292239204429,0.208788771047758,0.659417731979145,0.995471172515869,ENSG00000188186
PERP,-0.195840980013672,9.63228355457647,0.19692386310608,0.660179107504866,0.995471172515869,ENSG00000112378
TMA7,-0.219063760525136,8.89047686715977,0.196009035853572,0.66091766921786,0.995471172515869,ENSG00000232112
MPLKIP,0.421998028614243,8.66570985919892,1.03154729451725,0.66291122317431,0.995471172515869,ENSG00000168303
LYPLA1,0.212110271457016,8.41941259357773,0.193533779776001,0.662926432704625,0.995471172515869,ENSG00000120992
AZGP1,0.332805636395158,10.8861419420061,0.192823956122973,0.66350532002139,0.995471172515869,ENSG00000160862
PRDX5,0.145850182243917,9.64402002152413,0.192056467572756,0.664132672753513,0.995471172515869,ENSG00000126432
PCBP1,-0.177881014338937,9.06374591813853,0.189370006835632,0.666340499895038,0.995471172515869,ENSG00000169564
ANAPC11,-0.169132893824346,8.71582007170653,0.189262550803014,0.666429199085755,0.995471172515869,ENSG00000141552
MT-CO2,-0.243621857030946,15.0528995036741,0.188950656475793,0.666686821513982,0.995471172515869,ENSG00000198712
MGST1,-0.176315566818701,9.94814088058413,0.18608999567159,0.669061628787833,0.995471172515869,ENSG00000008394
ATP5MF,-0.185476590293261,9.88075796954394,0.18033700899179,0.673904145614235,0.995471172515869,ENSG00000241468
CARHSP1,-0.21189657821933,8.55591887802446,0.201384685269035,0.673916631881347,0.995471172515869,ENSG00000153048
PDIA6,0.156266705090221,9.9012048275951,0.179564229951459,0.674561571254048,0.995471172515869,ENSG00000143870
MT-CYB,-0.249575930471906,13.7308829711113,0.179440668495136,0.674666843844423,0.995471172515869,ENSG00000198727
CTSD,-0.266386173646805,9.31630654103475,0.178862497232482,0.675160008482742,0.995471172515869,ENSG00000117984
IMPA2,-0.319294211990793,8.59455516355638,0.177780692125009,0.676085298784658,0.995471172515869,ENSG00000141401
NDUFA4,-0.160583310554564,10.4002015108237,0.177695157084971,0.67615860053682,0.995471172515869,ENSG00000189043
DHCR24,-0.291419398943489,8.96514249177191,0.176734163388969,0.676983589269873,0.995471172515869,ENSG00000116133
ATP5F1E,-0.150136644826157,10.121105323205,0.176248238213447,0.677401752578437,0.995471172515869,ENSG00000124172
RPL37,-0.141517145449665,11.3318652535179,0.171283362938149,0.681713799896559,0.995471172515869,ENSG00000145592
ARPC3,-0.165437874821336,8.89440999931424,0.170925370791576,0.682027547562311,0.995471172515869,ENSG00000111229
RPL38,-0.146951049276549,10.2326938531082,0.170621239015876,0.682294395017919,0.995471172515869,ENSG00000172809
YWHAZ,0.13479934581648,10.3527368140749,0.170082973954825,0.682767358492885,0.995471172515869,ENSG00000164924
PSMB2,-0.230889283630429,8.63804816671114,0.167338564863216,0.685192583554858,0.995471172515869,ENSG00000126067
YBX3,0.236932865596108,8.63424628981241,0.166928973443104,0.685556532637159,0.995471172515869,ENSG00000060138
COTL1,0.296453443977421,8.60048863504207,0.16512204817553,0.687168377422428,0.995471172515869,ENSG00000103187
STMN1,-0.341821986222602,8.72408672483654,0.164157424410293,0.688033083377564,0.995471172515869,ENSG00000117632
DAD1,0.14602005513291,8.67944919105284,0.162330561829052,0.689678884609655,0.995471172515869,ENSG00000129562
PSMA1,-0.190093534953265,8.43226296382883,0.162193042497175,0.689803210794971,0.995471172515869,ENSG00000129084
C4orf3,0.191580379984845,9.47117969020899,0.16116910736329,0.690730851541414,0.995471172515869,ENSG00000164096
SON,0.21017290751681,8.50581822477981,0.160702842584318,0.691154405270977,0.995471172515869,ENSG00000159140
NDUFA11,0.208804915371308,8.68960477538465,0.288604146090532,0.691277033349181,0.995471172515869,ENSG00000174886
BST2,0.365073879580878,8.97488343884291,0.159885051142907,0.691899016807955,0.995471172515869,ENSG00000130303
CHCHD2,0.105531144643716,10.2899827554563,0.159055168479594,0.692656907117525,0.995471172515869,ENSG00000106153
YWHAQ,0.137716552128625,10.2196970670012,0.158584987162592,0.693087321239403,0.995471172515869,ENSG00000134308
CD14,0.32387767684943,8.59497056686549,0.158263302329562,0.693382226067954,0.995471172515869,ENSG00000170458
ATP5MD,-0.182409626872822,8.593382775187,0.155178474015041,0.69622809452233,0.995471172515869,ENSG00000173915
RPL41,-0.109426373530875,11.4302903920159,0.155047424030858,0.696349716652948,0.995471172515869,ENSG00000229117
RPS26,0.200525713775686,8.76679338229839,0.150858340088028,0.700269233331586,0.995471172515869,ENSG00000197728
TACSTD2,-0.200491292528513,10.0458530506016,0.150379619918957,0.700721134066629,0.995471172515869,ENSG00000184292
ARPC1A,0.137665296904183,8.96550567558697,0.148567360642118,0.702439425191788,0.995471172515869,ENSG00000241685
THUMPD3-AS1,0.1787226052,8.57735259003537,0.147382362490241,0.703569520131321,0.995471172515869,ENSG00000206573
UFC1,-0.164766751742399,9.2089597767717,0.146041192609465,0.704854878759722,0.995471172515869,ENSG00000143222
JTB,0.230118173954856,8.473743946116,0.145941039959076,0.70495113560211,0.995471172515869,ENSG00000143543
RPS5,-0.174275006341651,9.78702712780055,0.145118652190391,0.705742973465296,0.995471172515869,ENSG00000083845
COX7C,-0.143130801272248,9.3498841750631,0.143047860964679,0.707748323795154,0.995471172515869,ENSG00000127184
ATP5MPL,0.166801807495143,8.45847955109986,0.156727280516029,0.707915534262858,0.995471172515869,ENSG00000156411
PTGES3,-0.17537330119899,8.95248590055939,0.142734936286801,0.70805280471951,0.995471172515869,ENSG00000110958
CCT6A,-0.129897691876878,8.8581413813218,0.141560580464563,0.709198897357925,0.995471172515869,ENSG00000146731
PEBP1,0.177857342568668,9.23438234224976,0.139965965835884,0.710763883862835,0.995471172515869,ENSG00000089220
AP1S1,-0.179097320792471,8.81731175143648,0.139958156855699,0.710771572783223,0.995471172515869,ENSG00000106367
MAP1LC3A,0.220982767170623,8.4759057159709,0.138408675694462,0.71230211104234,0.995471172515869,ENSG00000101460
VEGFA,-0.248542433314907,8.90703802693494,0.135297185704413,0.71540537265955,0.995471172515869,ENSG00000112715
URI1,0.211184657457807,8.36610465743463,0.13384789622599,0.716864712205456,0.995471172515869,ENSG00000105176
ITM2B,0.196705090527369,9.34778879174937,0.132434938614493,0.718296145154362,0.995471172515869,ENSG00000136156
PSMD2,-0.182484001795845,9.01900945415279,0.13017655453957,0.720602182938699,0.995471172515869,ENSG00000175166
S100A16,-0.218822483313503,9.13443845514075,0.129595253874691,0.721199414543752,0.995471172515869,ENSG00000188643
S100A8,-0.473189239474122,13.3359208146419,0.12949046890166,0.721307232586072,0.995471172515869,ENSG00000143546
SF3B6,-0.117535737125626,10.0548688635021,0.125661899941029,0.725281002878912,0.995471172515869,ENSG00000115128
PSMB7,-0.1602704926919,8.88104663909898,0.121149965936969,0.730052803030064,0.995471172515869,ENSG00000136930
GPNMB,0.260320110581677,8.55135142494855,0.120997851233727,0.730215407997804,0.995471172515869,ENSG00000136235
EEF1B2,-0.147994261883844,10.0063775824027,0.120522556953534,0.730724221632955,0.995471172515869,ENSG00000114942
DUSP1,-0.25771594152027,10.1000530876171,0.117123171934345,0.734396642036702,0.995471172515869,ENSG00000120129
SUB1,0.149289903219947,9.41634459907726,0.151673872034008,0.734801272249842,0.995471172515869,ENSG00000113387
LITAF,0.187181191070679,8.85642997525233,0.115905449177027,0.735726683967303,0.995471172515869,ENSG00000189067
TRIR,-0.132632939285309,9.32982636113583,0.115025884115446,0.736692248394799,0.995471172515869,ENSG00000123144
RPS28,-0.102353518500801,11.0802357196094,0.112957252003484,0.738979529064377,0.995471172515869,ENSG00000233927
UQCR11,-0.138896658840337,8.58451337377838,0.109030442926984,0.743386551025857,0.995471172515869,ENSG00000127540
ATP5F1C,0.158853123727497,9.18874517022952,0.107666571639635,0.744937833902294,0.995471172515869,ENSG00000165629
CAPZA2,-0.198976081217176,8.4792767777101,0.171407297157925,0.74537098541716,0.995471172515869,ENSG00000198898
HLA-A,-0.172582048629143,11.525970372561,0.106617239560352,0.746138799770631,0.995471172515869,ENSG00000206503
KRT7,0.197518891801774,10.1730066768179,0.106121615396541,0.746708324710234,0.995471172515869,ENSG00000135480
HSPA8,-0.162932642641186,10.0437034854073,0.106022819776374,0.746822027617633,0.995471172515869,ENSG00000109971
SKP1,0.106763712945746,9.94027606780701,0.105507139166275,0.747416475047944,0.995471172515869,ENSG00000113558
LGALS3,0.226701087167658,10.4011037536563,0.103040194769162,0.750282739457616,0.995471172515869,ENSG00000131981
JUP,-0.196569605301473,8.49424658668826,0.102064831485372,0.751426446286692,0.995471172515869,ENSG00000173801
IFI6,-0.286007607578903,9.28238366307318,0.101972467300571,0.751535064616182,0.995471172515869,ENSG00000126709
RPL14,0.153921667143441,9.78852042508795,0.101611145212598,0.751960494703634,0.995471172515869,ENSG00000188846
TXN,0.0951012614260941,10.9495838263682,0.101598235648068,0.751975710209339,0.995471172515869,ENSG00000136810
RAD21,-0.200068866385284,8.58356932396005,0.100163799835719,0.753673064578652,0.995471172515869,ENSG00000164754
H2AFY,-0.157990355616704,9.08193157731551,0.098913186281112,0.75516387602772,0.995471172515869,ENSG00000113648
RPL8,-0.104211940128471,12.0691072283375,0.0985641932136822,0.755581749340875,0.995471172515869,ENSG00000161016
RPL6,-0.129512414486095,10.3833933834592,0.0985096121084464,0.75564717667877,0.995471172515869,ENSG00000089009
ANXA2,-0.11605404463505,10.0956098403589,0.0979886272662477,0.756272697498815,0.995471172515869,ENSG00000182718
ACP1,0.156638897856378,8.77335910628794,0.122501839210485,0.757626688903973,0.995471172515869,ENSG00000143727
MLF2,-0.127533467462051,9.09235626838331,0.0997094564511765,0.757667006800111,0.995471172515869,ENSG00000089693
MSN,-0.183999192925176,8.70102517938416,0.0960595899217572,0.758604869524298,0.995471172515869,ENSG00000147065
CST3,0.239195709100244,9.373494394036,0.0956790064010904,0.759068020134323,0.995471172515869,ENSG00000101439
C1orf43,-0.175278741013722,8.50741284913347,0.0956021812495278,0.759161635073751,0.995471172515869,ENSG00000143612
CCT8,0.169981094652881,8.40525257805876,0.0946500123446094,0.760325341180282,0.995471172515869,ENSG00000156261
CALD1,0.171307639421491,10.1823048794682,0.09445004399394,0.760570550400052,0.995471172515869,ENSG00000122786
SNRPG,0.161416406360179,8.61370752961361,0.0942317473290819,0.760838559883807,0.995471172515869,ENSG00000143977
PSAP,-0.177977598204535,8.78446233695334,0.0936360444374544,0.761571659445101,0.995471172515869,ENSG00000197746
TMEM258,0.140928268707867,8.82081302656341,0.0935300664779453,0.761702348469748,0.995471172515869,ENSG00000134825
DDX3X,0.116095553426172,8.87784760205607,0.0928928074204377,0.76248991491727,0.995471172515869,ENSG00000215301
RPL24,0.101899541262504,10.9251269132568,0.0927340723565452,0.762686550197041,0.995471172515869,ENSG00000114391
SNU13,-0.0987071094423471,9.51175083814925,0.0921874799231691,0.763365062995688,0.995471172515869,ENSG00000100138
GOLGA4,0.181661002967863,8.61248411536845,0.0913296562561216,0.764434377428632,0.995471172515869,ENSG00000144674
PABPC1,-0.0953078799707034,10.9913216052718,0.0902196839662122,0.765826191003613,0.995471172515869,ENSG00000070756
RAC1,-0.0918324986408205,10.6871466036073,0.0895616320296958,0.766655755460888,0.995471172515869,ENSG00000136238
HSP90AB1,0.096782226635072,11.393806957086,0.0882997770052972,0.768255856083076,0.995471172515869,ENSG00000096384
TMED4,0.143196381514917,8.67418327426982,0.0881493376531765,0.768447451539076,0.995471172515869,ENSG00000158604
SDCBP,-0.184100865348251,8.93614970656132,0.0873693434660357,0.769443701122367,0.995471172515869,ENSG00000137575
TMEM14C,-0.160821380524911,8.56513700212427,0.0861554963036374,0.771003777689497,0.995471172515869,ENSG00000111843
RNF7,0.176303220960981,8.65231548508659,0.0854862811756207,0.771868995127122,0.995471172515869,ENSG00000114125
JUN,0.175526266100759,10.280859551834,0.0846685860211658,0.772931196141104,0.995471172515869,ENSG00000177606
HMGN1,0.117126432613394,9.80075238995092,0.0845377504767542,0.773101670676358,0.995471172515869,ENSG00000205581
PARK7,0.117703154464661,8.84519263474202,0.0844765623979872,0.773181445998721,0.995471172515869,ENSG00000116288
CAST,0.153370445252963,8.47886512972014,0.0842113091362336,0.773527639473714,0.995471172515869,ENSG00000153113
CD59,0.143876670609356,10.3496987613264,0.0830921711148299,0.774994835820967,0.995471172515869,ENSG00000085063
FAU,-0.0776785616533264,10.5188731631238,0.0819929260752123,0.776446430333147,0.995471172515869,ENSG00000149806
EIF4G1,-0.154195089886852,8.41114958425262,0.0819347445694188,0.776523554458659,0.995471172515869,ENSG00000114867
EPCAM,-0.155107891280548,9.34979995531735,0.0817590578485877,0.776756621262225,0.995471172515869,ENSG00000119888
PSME2,0.132189099161224,8.46892358208345,0.0804774114383483,0.778465132447645,0.995471172515869,ENSG00000100911
EEF2,0.13984697348421,9.59157572654236,0.080295183529907,0.778709246438536,0.995471172515869,ENSG00000167658
UQCRB,0.133221009093176,8.98459464303784,0.0802286375266244,0.77879846675074,0.995471172515869,ENSG00000156467
VGLL4,0.176730179448655,8.65410508859139,0.0799835142605347,0.779127457162175,0.995471172515869,ENSG00000144560
RPS15A,-0.108667115899293,11.553689182481,0.0776045449969033,0.782349116135505,0.995471172515869,ENSG00000134419
YWHAE,-0.136933083066005,8.86666090472722,0.0763667022079073,0.78404654894274,0.995471172515869,ENSG00000108953
ATP5IF1,-0.135800687537493,8.65736856212147,0.0763587197625588,0.784057543117291,0.995471172515869,ENSG00000130770
GNG5,0.094170835558367,9.19333313199023,0.0763376301585008,0.784086592685862,0.995471172515869,ENSG00000174021
HSPB1,0.210171605211554,9.92057437229459,0.0750254156377528,0.785902667344666,0.995471172515869,ENSG00000106211
HSBP1,-0.127383013674345,9.06161986358236,0.0741556341214313,0.787115870308885,0.995471172515869,ENSG00000230989
RPS21,0.124209117150532,9.92592972967971,0.0724978607421631,0.789449579390851,0.995471172515869,ENSG00000171858
PGRMC1,0.125549245201767,8.69837350561915,0.0713471973932268,0.791086315240264,0.995471172515869,ENSG00000101856
OST4,0.102320377967216,9.64625501941281,0.0687336905767433,0.794857246454813,0.995471172515869,ENSG00000228474
RPL18,-0.102168334922007,10.4693034680273,0.0676296711553765,0.796473246701524,0.995471172515869,ENSG00000063177
ATP5PB,0.137416643729665,8.51839092955023,0.066593574130063,0.798002709230095,0.995471172515869,ENSG00000116459
CALM2,0.10105848706273,9.99877452072692,0.0655108222849674,0.799614689437269,0.995471172515869,ENSG00000143933
GNG4,0.154749384783178,8.98163458584973,0.0654626758483743,0.799686698037671,0.995471172515869,ENSG00000168243
NPM1,-0.0987427263589578,10.542997911594,0.065343935738317,0.799864408589557,0.995471172515869,ENSG00000181163
RPL10,-0.0905445894519749,11.921598746501,0.0635861132583921,0.802515646526153,0.995471172515869,ENSG00000147403
S100A9,-0.274951775596314,14.4599963184075,0.0631566809133479,0.803169255995368,0.995471172515869,ENSG00000163220
RPL18A,-0.0945913182249008,11.4334264278889,0.0605556704156092,0.8071796197923,0.995471172515869,ENSG00000105640
HSPA9,-0.11344725703102,9.05594831615644,0.0601008481130259,0.807890230473224,0.995471172515869,ENSG00000113013
VPS28,0.104805165118798,8.92711739434921,0.0596868677505026,0.808539516291403,0.995471172515869,ENSG00000160948
SAP18,-0.101908085850351,8.71953018104515,0.0593046696466225,0.809141080067344,0.995471172515869,ENSG00000150459
SRSF7,-0.130275469118206,8.83126504968345,0.0581521675847705,0.81096762385516,0.995471172515869,ENSG00000115875
CD81,0.112066087232107,9.58074029169868,0.0578769192272378,0.811406683211034,0.995471172515869,ENSG00000110651
GTF3C6,0.129097001820357,8.82942907523196,0.0574806149492984,0.812040791023025,0.995471172515869,ENSG00000155115
UBE2D3,-0.0949020750935099,9.07406210415586,0.0564932229581494,0.81363081080794,0.995471172515869,ENSG00000109332
PSMD8,0.136565253284461,8.44004800121036,0.0559766705817485,0.814468488106416,0.995471172515869,ENSG00000099341
TMEM213,-0.298368299049083,8.64779271736886,0.0558710098739436,0.814640337869859,0.995471172515869,ENSG00000214128
DBI,-0.12175166234162,10.76614341776,0.0557331805624314,0.814864766105403,0.995471172515869,ENSG00000155368
PSMA2,-0.12342052050093,8.56736238642153,0.0554459112973448,0.815333473230683,0.995471172515869,ENSG00000106588
CANX,0.0835926515449014,9.27439499814142,0.0547433413946912,0.816485218416665,0.995471172515869,ENSG00000127022
OSTC,-0.113758783561951,9.01820653154077,0.0546502085391786,0.81663847890766,0.995471172515869,ENSG00000198856
RPL30,0.0857609247364391,12.1097984821029,0.053301492579673,0.818873588332,0.995471172515869,ENSG00000156482
NOL7,-0.124555711443979,8.48655417715806,0.0525794890671469,0.820082372059709,0.995471172515869,ENSG00000225921
RTN3,-0.133393612555165,8.72836113129418,0.0519940752680049,0.821068913957877,0.995471172515869,ENSG00000133318
EIF3E,0.112733269490276,9.76261012462781,0.114042740422316,0.821961369668011,0.995471172515869,ENSG00000104408
RPL26,0.0913421765729304,10.4690587631159,0.0513431475680983,0.822172755000239,0.995471172515869,ENSG00000161970
SEC11C,0.131211886954269,8.71355844944419,0.0513054520991061,0.822236903950085,0.995471172515869,ENSG00000166562
MZT2B,-0.117427495634638,9.20059288354391,0.0494677460595172,0.825394879254159,0.995471172515869,ENSG00000152082
RPS18,-0.079215652489121,12.6610925067958,0.0489478700263638,0.82629940174398,0.995471172515869,ENSG00000231500
PRKDC,-0.134112497836294,8.67097424244802,0.0471468299897581,0.829472640827007,0.995471172515869,ENSG00000253729
CALU,0.16614753427534,9.06249157591215,0.158052096227856,0.829880529973614,0.995471172515869,ENSG00000128595
CSNK1A1,0.103194257298402,9.17847258495165,0.0453620941155586,0.83268048483375,0.995471172515869,ENSG00000113712
MDH1,0.111537146319131,8.50106994178381,0.0446677564418265,0.833946293750208,0.995471172515869,ENSG00000014641
RPL36AL,-0.0912081327944101,8.47694319964492,0.0444561320591512,0.834334138202746,0.995471172515869,ENSG00000165502
CLDN7,-0.173854390370863,8.81751026960612,0.044454315327186,0.834337471906062,0.995471172515869,ENSG00000181885
HDGF,-0.125383233858541,8.54976760467182,0.0441919262950888,0.83481970612718,0.995471172515869,ENSG00000143321
RPL19,-0.0715251922119914,11.7083877030375,0.0437998827628548,0.835543024440097,0.995471172515869,ENSG00000108298
PPP1CB,-0.105210643184567,8.75723658001233,0.0430784467991739,0.836882965111693,0.995471172515869,ENSG00000213639
GLO1,-0.10607711579426,8.61981961058596,0.0429692726286612,0.837086755087659,0.995471172515869,ENSG00000124767
ELOC,0.0719624110044647,9.45285597415828,0.0429648508991591,0.837095014602805,0.995471172515869,ENSG00000154582
RPL7,-0.0712047087856586,11.6707917903953,0.0419100053835771,0.839078237817999,0.995471172515869,ENSG00000147604
RPL11,-0.0707668094816113,10.8405291602517,0.040968797252609,0.840869907390731,0.995471172515869,ENSG00000142676
SOD2_ENSG00000112096,0.123692859993383,9.4202177789245,0.040513772149653,0.841743778967124,0.995471172515869,ENSG00000112096
KRT16,-0.173994534041715,9.95705955642104,0.0400617929052582,0.842616876669083,0.995471172515869,ENSG00000186832
RPS19,-0.0722757350063258,10.8406336324581,0.0399358076182603,0.842861158058715,0.995471172515869,ENSG00000105372
ZNHIT1,0.175035803368097,8.86728025367474,0.169358555615927,0.843892185560745,0.995471172515869,ENSG00000106400
ATP5MC3,-0.0960360959626221,9.35613282147402,0.0391300627712061,0.844433047032183,0.995471172515869,ENSG00000154518
BRI3,-0.0940161527449788,10.2066995977788,0.0381562126457141,0.846355526992307,0.995471172515869,ENSG00000164713
DYNLT1,-0.07608565727617,8.84166407019108,0.0381045788853815,0.846458165378647,0.995471172515869,ENSG00000146425
UQCRH,0.0722151871058804,10.2301920202884,0.0368183329318811,0.849038698258395,0.995471172515869,ENSG00000173660
MRPL14,0.129496902403008,8.91370744103003,0.0804658503490997,0.850768203770603,0.995471172515869,ENSG00000180992
CNBP,-0.0947443001104668,8.61536099641921,0.0350218884258963,0.852722410923125,0.995471172515869,ENSG00000169714
ACTR3,0.0701121899614769,8.95429095138124,0.0347565380470785,0.853274757212692,0.995471172515869,ENSG00000115091
HSPA1A,0.141760021712927,8.86209091250547,0.0347048792621278,0.853382542468358,0.995471172515869,ENSG00000204389
RPL13A,0.0652002549158833,10.1836569910926,0.0346695160259273,0.853456375227856,0.995471172515869,ENSG00000142541
CAP1,-0.0961956590824455,8.76831221626069,0.0335719157092214,0.855767683737977,0.995471172515869,ENSG00000131236
ENY2,-0.0664366128104849,9.69200065118544,0.0331261474450503,0.856717524889103,0.995471172515869,ENSG00000120533
SEPT7,-0.0855614188362005,9.2297001475395,0.0331069882736195,0.856758496876008,0.995471172515869,ENSG00000122545
TPD52,-0.0963141237718408,8.82590900047878,0.0325297976536663,0.857998619267165,0.995471172515869,ENSG00000076554
PSMD12,0.0982967680696201,8.47972793081908,0.0324802676451069,0.858105564852562,0.995471172515869,ENSG00000197170
VDAC2,-0.0915016555980926,8.55294185148316,0.030798994471181,0.861787066868485,0.995471172515869,ENSG00000165637
PIM3,0.0911531661146294,8.5814123036659,0.0305675552925606,0.862301897053138,0.995471172515869,ENSG00000198355
UQCR10,-0.0698079045354851,8.74484979562267,0.029769227766355,0.864093356922655,0.995471172515869,ENSG00000184076
MT-CO3,-0.109126188437353,14.9433943480361,0.0295411001068846,0.86460981580279,0.995471172515869,ENSG00000198938
CDV3,-0.108311012355026,8.39672622830634,0.0289668906040185,0.865918937433803,0.995471172515869,ENSG00000091527
PSMA7,0.057325437948678,10.0724314974626,0.028923897065111,0.86601749260192,0.995471172515869,ENSG00000101182
DNAJB1,-0.0986066348590609,8.81855576292205,0.0288376200849283,0.866215495309276,0.995471172515869,ENSG00000132002
MRPL41,-0.0836878413713786,8.57429750785442,0.0288206497827945,0.866254477450305,0.995471172515869,ENSG00000182154
TMBIM6,0.0876981764557507,9.0886796001802,0.0283359510921741,0.867372899321959,0.995471172515869,ENSG00000139644
PRDX2,-0.0650431742636732,9.79796385951754,0.0273602537362841,0.869654531676219,0.995471172515869,ENSG00000167815
TMSB10,-0.0778167129735831,12.2008662779151,0.0272007110852771,0.870031573547687,0.995471172515869,ENSG00000034510
MT-ND5,0.0730724434539093,11.8992325335419,0.0264820663075243,0.871744182640403,0.995471172515869,ENSG00000198786
RAB7A,0.146565678528514,8.41485245429134,0.0947351244936095,0.872202706860087,0.995471172515869,ENSG00000075785
CYC1,-0.0895490958194265,8.67448151917615,0.0261177768525661,0.872621445413673,0.995471172515869,ENSG00000179091
ATP6V1F,0.129929178003623,9.86387942502726,0.145561153537055,0.872893842923204,0.995471172515869,ENSG00000128524
RNF187,-0.0846596865807617,8.60637326037195,0.0256053959032238,0.873866036104697,0.995471172515869,ENSG00000168159
SYNM,-0.150786635518065,8.62188483264959,0.0252772572334617,0.874669820517272,0.995471172515869,ENSG00000182253
HLA-F,0.098203138361816,8.56296046309551,0.0250122257415943,0.875322938318737,0.995471172515869,ENSG00000204642
MT-ND4,0.0836087950217875,14.5906257301498,0.0247599380825449,0.875947957175736,0.995471172515869,ENSG00000198886
ARL6IP5,-0.100118201242903,8.77544196521837,0.0246698154632906,0.876172018563646,0.995471172515869,ENSG00000144746
NEAT1,-0.0825020760219427,13.9228498205412,0.0235720893670413,0.87893558859413,0.995471172515869,ENSG00000245532
ELOVL1,-0.0737108568538826,8.35529554455497,0.0233627486031319,0.879470046580214,0.995471172515869,ENSG00000066322
COX7A2,0.151649635031988,9.9830230821907,0.280827110859187,0.880638340259068,0.995471172515869,ENSG00000112695
ATP5PD,-0.0797972474940147,8.83176553412201,0.0228882382207406,0.88069064794022,0.995471172515869,ENSG00000167863
KDELR2,-0.0707906513938607,8.93918351260008,0.0227901740601845,0.880944512422508,0.995471172515869,ENSG00000136240
MT-ND4L,0.0724075396109509,9.70130780685023,0.0224718121342177,0.88177255087366,0.995471172515869,ENSG00000212907
GSPT1,-0.0904272295050928,8.36162265589198,0.0215772825366757,0.884131823290775,0.995471172515869,ENSG00000103342
MX1,0.112392946647609,8.53908524055137,0.0212298696215676,0.885061558944365,0.995471172515869,ENSG00000157601
RBX1,-0.059337687674986,8.86345034220503,0.0210700540624097,0.885491862426719,0.995471172515869,ENSG00000100387
VMP1,-0.0966772148664649,9.01421966068742,0.0205794609868565,0.886823302575653,0.995471172515869,ENSG00000062716
CHI3L2,0.089683504298121,9.7175258535144,0.020547318906408,0.886911097156461,0.995471172515869,ENSG00000064886
LAMTOR5,0.0643968189437447,9.02785133879276,0.022759563422576,0.887222704220207,0.995471172515869,ENSG00000134248
EIF3H,0.0520495689278669,9.04548402068113,0.0193005850039653,0.890372275988594,0.995471172515869,ENSG00000147677
RPS3A,0.0614110732080336,10.756965939152,0.0190269134509538,0.89114717736204,0.995471172515869,ENSG00000145425
COX6B1,0.052174286202228,8.96791854536247,0.018459200942241,0.892772985155817,0.995471172515869,ENSG00000126267
COPE,0.0758329120958273,8.53715700000979,0.0182363927812159,0.893418012222533,0.995471172515869,ENSG00000105669
EIF2S2,0.062931375038976,9.09706961085287,0.0178091975589856,0.894666063803141,0.995471172515869,ENSG00000125977
NACA,-0.0526737696903502,10.1742956382062,0.0177624380141968,0.894803593338616,0.995471172515869,ENSG00000196531
SPINT1,0.0767790417851993,8.41326762427934,0.0176420399602507,0.89515855972578,0.995471172515869,ENSG00000166145
CCT4,0.0786912690813598,8.67452816108569,0.0175666026384775,0.895381598314203,0.995471172515869,ENSG00000115484
S100A10,-0.0711526706912257,11.2275965160044,0.0164359714879469,0.898784730941477,0.995471172515869,ENSG00000197747
ANXA5,0.0674341953188046,8.95892107755245,0.0161830957055627,0.899562020139798,0.995471172515869,ENSG00000164111
UBB,0.0529769658832783,9.74657086779991,0.0147015877443371,0.90424541406165,0.995471172515869,ENSG00000170315
NDUFA13,-0.0570799569753375,8.48145197808151,0.0146396100206099,0.904446449009081,0.995471172515869,ENSG00000186010
NDUFB9,0.214443460878593,8.98648352841222,0.310089229903861,0.905010598553305,0.995471172515869,ENSG00000147684
MRPS33,0.0703758336901784,8.42722576862706,0.0142763571467993,0.905633504560955,0.995471172515869,ENSG00000090263
RNPS1,0.0692909958281415,8.40629681866514,0.013966523414718,0.906658161077494,0.995471172515869,ENSG00000205937
PDCD5,0.051449048406056,9.26226095251315,0.0132191604864804,0.909178266120841,0.995471172515869,ENSG00000105185
MT-CO1,-0.0603682024011219,14.8499904818551,0.0126995904617254,0.910973068466336,0.995471172515869,ENSG00000198804
NUCKS1,-0.0740347866973856,8.91351191352217,0.0122508597230751,0.912553334666543,0.995471172515869,ENSG00000069275
RPL3,-0.0389028314386918,11.2142694609099,0.0121962482823925,0.912747643433176,0.995471172515869,ENSG00000100316
STAT3,0.052161320433211,8.96802652663318,0.0116048929648346,0.914880579940915,0.995471172515869,ENSG00000168610
SSR2,0.0593845114880711,8.66154906119976,0.0112812304517738,0.916071312245429,0.995471172515869,ENSG00000163479
GAPDH,-0.0445883155086469,12.4399674943685,0.0111644204772523,0.916505284041887,0.995471172515869,ENSG00000111640
MRPL13,-0.0649826159454106,8.4523202118405,0.0110262225479942,0.917021692619176,0.995471172515869,ENSG00000172172
FKBP4,-0.0630190688816264,8.59961298082303,0.0109751274981201,0.91721344924211,0.995471172515869,ENSG00000004478
RPL22,0.0334334386459228,9.7313333186659,0.0106646357357169,0.91838854015794,0.995471172515869,ENSG00000116251
TRAM1,-0.0480073591127138,8.60360967106595,0.00996703670917849,0.921093434898535,0.995471172515869,ENSG00000067167
HNRNPA2B1,0.0405236427618174,9.67693747259522,0.00981545667275334,0.921693708048019,0.995471172515869,ENSG00000122566
DSP,0.0553333612901553,10.4375534153017,0.00948605808073864,0.923014516990716,0.995471172515869,ENSG00000096696
GADD45GIP1,0.151122096705914,8.59593400767533,0.143722798580285,0.923638942190582,0.995471172515869,ENSG00000179271
VDAC1,0.0426847336233395,8.99571648133296,0.00876233030748257,0.926000345442648,0.995471172515869,ENSG00000213585
CSTB,-0.0579798626970327,11.7481326546652,0.00833329792962871,0.927829400742407,0.995471172515869,ENSG00000160213
SH3GLB1,0.0392831346228507,8.47666441385882,0.00815553664407149,0.928601123584189,0.995471172515869,ENSG00000097033
SRSF2,0.0395579631280181,8.66323698086724,0.00784307724422516,0.92997846278801,0.995471172515869,ENSG00000161547
ATP5PO,-0.0409395805239308,8.47837762458503,0.00763955626577418,0.930890519010498,0.995471172515869,ENSG00000241837
ENSA,0.197684460313909,8.92950286847284,0.23404132279631,0.931414730188825,0.995471172515869,ENSG00000143420
COX5B,0.0329445299103498,9.50370367187039,0.00732877814250854,0.932307193910974,0.995471172515869,ENSG00000135940
TALDO1,-0.0586812171622407,8.96279742919511,0.018078372921748,0.93235406861737,0.995471172515869,ENSG00000177156
RPS4X,-0.0297809300903554,11.827924596153,0.00702165542971492,0.933737261423938,0.995471172515869,ENSG00000198034
SH3BGRL3,0.049970188615714,8.57711720523503,0.00693872792228531,0.934128775735643,0.995471172515869,ENSG00000142669
FIS1,-0.0379255501643893,8.52132226080522,0.00693296045083652,0.934156092326934,0.995471172515869,ENSG00000214253
UBXN4,0.157571678929611,8.94003216485837,0.126421833950097,0.935533112665789,0.995471172515869,ENSG00000144224
UBE2D2,0.0299610596364879,8.7666628356438,0.00663763520540524,0.9355704731338,0.995471172515869,ENSG00000131508
XIST,-0.0380143805542707,8.95510665467534,0.00650561689471657,0.936212976612035,0.995471172515869,ENSG00000229807
ATRAID,-0.257188389398327,9.09979340972185,0.394889792780105,0.937019998367895,0.995471172515869,ENSG00000138085
ELF3,-0.0493299480224642,10.3153997529685,0.00616812486968743,0.937885951945475,0.995471172515869,ENSG00000163435
POLR2F,-0.0361973454858873,8.89615291983146,0.00610232918734672,0.938217429065657,0.995471172515869,ENSG00000100142
COX8A,-0.0332529108801322,9.28396883737472,0.00577613266887674,0.939888016146591,0.995471172515869,ENSG00000176340
RPS20,0.0340785618820885,9.82133216177702,0.00542450741561928,0.941742901237885,0.995471172515869,ENSG00000008988
FUS,0.0333992629038301,8.87569481186474,0.00509522276713231,0.94353558398988,0.995471172515869,ENSG00000089280
HINT1,-0.117096925639302,10.3435545699186,0.155869356746136,0.94451253755697,0.995471172515869,ENSG00000169567
CSNK2B,-0.0287826493476621,8.41514306433493,0.00476756836700316,0.945378182050333,0.995471172515869,ENSG00000204435
MRPL20,-0.0324816512261047,8.74738072282265,0.00468970678036761,0.945825322229863,0.995471172515869,ENSG00000242485
APLP2,0.0274579646339119,9.71691842177114,0.00465444094033079,0.94602907221744,0.995471172515869,ENSG00000084234
RPSA,0.026092573122383,9.84412296256306,0.00447984568861569,0.947049426351149,0.995471172515869,ENSG00000168028
DSTN,0.021351661395208,10.1681011353242,0.00409591179784751,0.949365902581835,0.995471172515869,ENSG00000125868
CFL1,0.026194276083566,10.2621133474213,0.00399257022544064,0.950007855845056,0.995471172515869,ENSG00000172757
SAT1,-0.0410015508190613,11.8559784367153,0.00393772761723675,0.950351925705227,0.995471172515869,ENSG00000130066
STUB1,0.0345181656074022,8.53204959628835,0.00388964009259172,0.950655600540784,0.995471172515869,ENSG00000103266
RPL5,0.0264079914243595,11.1227479810183,0.00375803362876903,0.951496474638372,0.995471172515869,ENSG00000122406
PLIN2,0.0732628934324122,8.49647969053896,0.00370838017200858,0.951817558490934,0.995471172515869,ENSG00000147872
RPS13,0.0224298490916995,10.56886429875,0.00342375353006907,0.95370126199707,0.995471172515869,ENSG00000110700
TAP1,-0.166662210031891,8.48535022227031,0.105378966218286,0.954711349483276,0.995471172515869,ENSG00000168394
PPA1,0.153634354339426,8.71694705088773,0.138816569218849,0.955838923216498,0.995471172515869,ENSG00000180817
MALAT1,-0.0246982493402607,16.5667501570644,0.00302366968360205,0.956487411289366,0.995471172515869,ENSG00000251562
AP2M1,0.0944754940815007,8.74321725852568,0.045137232727304,0.957561247141952,0.995471172515869,ENSG00000161203
PTMA,0.0219162284164302,11.5954329097979,0.0028726494682674,0.957586869240666,0.995471172515869,ENSG00000187514
WDR83OS,-0.165725231650455,8.88508822055952,0.198108623379639,0.958198388433197,0.995471172515869,ENSG00000105583
HNRNPA1,-0.0253324347951856,8.81350578753298,0.00260536849280182,0.959606309801727,0.995471172515869,ENSG00000135486
RPS14,-0.0159733677123688,11.5545346997999,0.00241206520949632,0.961132384816562,0.995471172515869,ENSG00000164587
C1orf122,0.0190495846867034,8.85548308801328,0.00226697483868869,0.962318555264834,0.995471172515869,ENSG00000197982
RPL9,-0.0156848109823058,10.4687397275327,0.00207145879849164,0.963978903291087,0.995471172515869,ENSG00000163682
PGK1,0.0238138056325963,9.86998729525371,0.00201353235170384,0.964485769506623,0.995471172515869,ENSG00000102144
SERBP1,-0.0234599066803522,9.75137097284288,0.00199030013735687,0.964691105296903,0.995471172515869,ENSG00000142864
NDUFS5,-0.0125905174031844,10.4473471481863,0.00196894917628072,0.964880875377664,0.995471172515869,ENSG00000168653
GCNT2,0.0327178076381104,8.39682170654303,0.00191867716433268,0.965331812795716,0.995471172515869,ENSG00000111846
MYC,0.0285665220473081,8.8494561242814,0.00183615248838675,0.96608508685034,0.995471172515869,ENSG00000136997
ORM2,-0.0452420637474171,9.03688354654093,0.001832576052829,0.966118111661548,0.995471172515869,ENSG00000228278
VAMP8,0.0179721300499331,9.40690372257172,0.00178076410232071,0.966600215480555,0.995471172515869,ENSG00000118640
RPS6,-0.0151771046021728,10.5625780569017,0.00177301462343369,0.966672924470259,0.995471172515869,ENSG00000137154
PRDX4,-0.12300349072475,9.15572961457042,0.0912507423013772,0.966868203442902,0.995471172515869,ENSG00000123131
EIF4G2,0.0680069294336784,9.1653536188403,0.0274319202041427,0.966868204525629,0.995471172515869,ENSG00000110321
PNKD,0.0255339667423877,8.50907892368419,0.00174907779893802,0.96689852118074,0.995471172515869,ENSG00000127838
NDUFB4,-0.0129469639031512,9.34704521548821,0.0015039477795154,0.969304302950862,0.996572726869671,ENSG00000065518
NDUFB11,0.0149704434173235,8.6972072855722,0.0014120154068883,0.970256799524088,0.996572726869671,ENSG00000147123
SRP9,0.172539077290707,9.42208187297543,0.239783207929419,0.971757669166637,0.996776282263302,ENSG00000143742
CBX3,0.0165481219641572,8.7761591322052,0.00111160038935665,0.973608459541069,0.996776282263302,ENSG00000122565
DDX5,-0.102195273763267,9.5099282981728,0.0811995176263071,0.973888193118336,0.996776282263302,ENSG00000108654
RIF1,0.0220256123414711,8.39643164344971,0.000917476485090603,0.976022585498743,0.997788347381931,ENSG00000080345
B2M,0.0123421343695018,11.917680628152,0.000781961563705178,0.977863564261064,0.998498434315811,ENSG00000166710
PFDN2,0.0300263697032991,9.51911803751639,0.00679846357610483,0.981760211062705,0.999744978909306,ENSG00000143256
METTL26,0.0107389371972283,8.58905694419853,0.000517241762617583,0.981995480456323,0.999744978909306,ENSG00000130731
PPM1G,-0.00846287809304325,9.06325995782249,0.000425264700477239,0.9836743201309,0.999744978909306,ENSG00000115241
GARS,-0.0128633327002527,8.59157576668973,0.000374577980524004,0.984677962783348,0.999744978909306,ENSG00000106105
STMP1,-0.091326186086158,9.02431048574355,0.0702418818995019,0.987594010324748,0.999744978909306,ENSG00000243317
APP,-0.16191127384342,8.63342548547685,0.125597979463191,0.988346426369278,0.999744978909306,ENSG00000142192
SLC25A6,0.00782780223276957,9.03874735174884,0.000144145623537551,0.990494754957153,0.999744978909306,ENSG00000169100
TOMM7,0.00457352905990975,9.1705561942164,0.000112560130564271,0.991600426437166,0.999744978909306,ENSG00000196683
HNRNPA3,0.00603264091000616,8.77615547915614,8.81122056181111e-05,0.992568357586855,0.999744978909306,ENSG00000170144
CTSZ,-0.00603534645073945,8.55794834445883,8.80843337067173e-05,0.9925695330437,0.999744978909306,ENSG00000101160
TUBA1A,0.00922751817780688,8.81432643728892,8.49986947384966e-05,0.992700835876323,0.999744978909306,ENSG00000167552
NME1,-0.000956696631648318,8.44269898855355,4.4983519545583e-05,0.994689973324043,0.999744978909306,ENSG00000239672
TCEA1,0.00177666691686018,8.56979433333969,2.85885159949725e-05,0.99576681726277,0.999744978909306,ENSG00000187735
SOD1,0.16101543284344,9.91418907014403,0.258201780542276,0.996502246447348,0.999744978909306,ENSG00000142168
LCN2,0.00384413881475539,12.4947996192078,1.19409698490454e-05,0.997264150181335,0.999744978909306,ENSG00000148346
RPS3,-0.000734701925566363,11.5096848264353,4.33717680991475e-06,0.998351167331093,0.999744978909306,ENSG00000149273
PSMB3,0.00219127833951134,8.84130462419544,2.40681820474006e-06,0.99877172727473,0.999744978909306,ENSG00000277791
CCNI,7.13558258058023e-05,9.58226699861685,1.03754161621672e-07,0.999744978909306,0.999744978909306,ENSG00000118816
