gene_symbol,ensembl_gene_id,TvsH.logFC,TvsH.FDR,TvsU.logFC,TvsU.FDR,cistrans,direction
A2ML1,ENSG00000166535,0.947729458873846,0.000134900390572846,1.07635913908369,0.000329117094430146,trans,Towards UnRx
AARD,ENSG00000205002,-0.721977543125332,0.000866527010041932,0.105925941226578,0.771581960524954,trans,Away from UnRx
ACOX1,ENSG00000161533,0.677437471773813,0.00102287005599252,0.834467667460344,0.000800707806622321,trans,Towards UnRx
ACSL1,ENSG00000151726,0.840254308991819,5.29640496406178e-05,0.605890197504932,0.017577933729908,trans,Towards UnRx
ACSL4,ENSG00000068366,-1.57796218055394,1.59299791730774e-13,-0.752882768490355,0.00536528030710421,trans,Towards UnRx
ACTR3B,ENSG00000133627,1.16337725612679,1.29177735896239e-09,0.339182396603236,0.193498621216729,trans,Towards UnRx
ADAMTS1,ENSG00000154734,-0.904909496359135,0.00670882805421259,-1.37776191625376,2.13095296843222e-05,trans,Towards UnRx
ADCK2,ENSG00000133597,0.505093853149239,0.00425714154655712,0.395070861249744,0.0541746972525188,trans,Towards UnRx
ADGRE5,ENSG00000123146,-0.926718769066453,9.00285040296304e-07,-0.360484496465652,0.198776017239854,trans,Towards UnRx
ADGRL1,ENSG00000072071,-0.692258785093229,0.000495345881168759,-0.357545914128157,0.164902539825788,trans,Towards UnRx
ADM,ENSG00000148926,-0.928126320635423,0.00231985938859298,-1.78108836089428,6.89365040777229e-09,trans,Towards UnRx
ADORA1,ENSG00000163485,-0.628437356406957,0.00638595287411605,-0.226423538271947,0.515215715240438,trans,Towards UnRx
ADPGK,ENSG00000159322,0.554801288710941,0.00847744987865155,0.585292553622752,0.0155064363472577,trans,Towards UnRx
AGK,ENSG00000006530,0.576232798430419,0.00806619757763792,-0.0508516043334792,0.903182020107755,trans,Away from UnRx
AKR1C1,ENSG00000187134,-0.820699590490873,0.00364438590866156,0.437641790826818,0.218821387129499,trans,Away from UnRx
AKR1C2,ENSG00000151632,-0.769252175599434,0.00930849170059097,0.34118513797384,0.371936369855861,trans,Away from UnRx
ALAS1,ENSG00000023330,0.70349921707945,0.000252754698244181,0.375588874749353,0.104735570720122,trans,Towards UnRx
ALDH1A1,ENSG00000165092,2.33538509940262,3.68928683896978e-18,1.80688103138197,9.86160312669085e-09,trans,Towards UnRx
ALDH2,ENSG00000111275,1.57137325348938,5.83863291834846e-15,1.28016738615893,1.2059872281646e-08,trans,Towards UnRx
ALDH3B2,ENSG00000132746,0.957910780459971,4.26532173047071e-07,0.87987291228533,0.000188440088503007,trans,Towards UnRx
ALDH9A1,ENSG00000143149,0.81184918503608,1.20337825058128e-07,0.831745911656111,2.95409278890516e-06,trans,Towards UnRx
ALYREF,ENSG00000183684,0.530001464872811,0.00751909316478268,-0.0817063615489266,0.804006676600891,trans,Away from UnRx
AMOTL1,ENSG00000166025,-0.777467605268653,0.0001573441975469,-0.389936052587188,0.158465907828947,trans,Towards UnRx
ANKRD28,ENSG00000206560,0.574211204238423,0.0030957554961479,0.34603297124726,0.16572596461519,trans,Towards UnRx
ANKRD36B,ENSG00000196912,-0.630804496872798,0.00678950525396019,-0.189671234094143,0.563908695275159,trans,Towards UnRx
ANXA4,ENSG00000196975,0.694418374912978,5.01032099172195e-08,0.470026276932937,0.00206825964025792,trans,Towards UnRx
APCDD1L,ENSG00000198768,-1.11145462852471,1.68614135107524e-08,-1.1286768393985,9.43186775096459e-07,trans,Towards UnRx
APH1B,ENSG00000138613,-0.720551764796095,0.00287768427575372,-0.609954920544193,0.0300504777618285,trans,Towards UnRx
APTR,ENSG00000214293,0.876935242086754,7.23882409968684e-05,-0.169712379939576,0.608229784158535,trans,Away from UnRx
ARC,ENSG00000198576,-0.879721925689237,0.0029138212878395,0.61888406432936,0.0997601221126615,trans,Away from UnRx
ARHGAP29,ENSG00000137962,-1.33382320088889,2.43978405025069e-11,-1.24040050378455,1.88423698639929e-08,trans,Towards UnRx
ARHGDIB,ENSG00000111348,-1.17290808207325,8.40999436520604e-12,-0.680007624317301,0.00157838375493926,trans,Towards UnRx
ARL4A,ENSG00000122644,-0.952059842588823,9.21913230349087e-07,-0.751742108096582,0.000711560373871802,trans,Towards UnRx
ARL9,ENSG00000196503,-0.939611139058428,5.67946486738728e-06,-0.192715813640402,0.576131635135638,trans,Towards UnRx
ARRDC1-AS1,ENSG00000203993,0.703480060210806,0.00161884157479419,0.0706555577856888,0.942523214435051,trans,Towards UnRx
ASPH,ENSG00000198363,0.985456155460705,7.11795793581586e-10,1.17646163452251,3.41523651861722e-10,trans,Towards UnRx
ASRGL1,ENSG00000162174,-0.691349310222183,0.00114703143239729,-0.745960513134344,0.0009975786412724,trans,Towards UnRx
ATL2,ENSG00000119787,0.549486736114305,0.000128095430057851,0.591965840350016,0.000283034047565875,trans,Towards UnRx
ATP6V0A4,ENSG00000105929,0.94800262438858,2.27047918471783e-06,0.834152284928986,0.00115856970987107,trans,Towards UnRx
ATP6V0E2,ENSG00000171130,0.655754939430762,0.0010239184379213,0.127485929602495,0.653907216929138,trans,Towards UnRx
ATP6V1C2,ENSG00000143882,0.666476874891423,0.0043782279409471,0.624011230811446,0.0111914893969552,trans,Towards UnRx
ATP6V1G1,ENSG00000136888,0.597303254233467,2.43918593234798e-11,0.0599272048397279,0.63380200889789,trans,Towards UnRx
B2M,ENSG00000166710,0.887089961044697,2.62107748735843e-10,1.02032375594736,1.69751020325271e-09,trans,Towards UnRx
BACE2,ENSG00000182240,0.512121494964692,0.000910616928078832,0.181505453498724,0.354112913073358,trans,Towards UnRx
BACH1,ENSG00000156273,0.646513214316141,0.00811288789581707,0.320087728411812,0.312982218225179,trans,Towards UnRx
BACH1,ENSG00000156273,0.646513214316141,0.00811288789581707,0.320087728411812,0.312982218225179,trans,Towards UnRx
BAG2,ENSG00000112208,-0.69033875135502,0.00165625867479354,-0.875564524605979,0.000218199579759929,trans,Towards UnRx
BAG3,ENSG00000151929,0.731349728610029,0.00281540413032897,-0.00985966476874607,0.987865909721039,trans,Away from UnRx
BAIAP2,ENSG00000175866,-0.656052160287143,0.000141689904754123,0.377697232906355,0.104070492219672,trans,Away from UnRx
BAMBI,ENSG00000095739,-0.909067865171197,0.000156316733095552,-0.248343075330769,0.453600925875066,trans,Towards UnRx
BARX1,ENSG00000131668,-0.588450194629499,0.00425714154655712,-0.428966286476629,0.101597008312913,trans,Towards UnRx
BASP1,ENSG00000176788,-0.845832727561247,0.00452283757067524,-0.794486414815132,0.0140940916418793,trans,Towards UnRx
BAX,ENSG00000087088,-0.520043965858553,0.00914701633191749,-0.230157480617532,0.325576840856163,trans,Towards UnRx
BBC3,ENSG00000105327,0.951971318044152,1.05390441345625e-05,1.24908945601899,1.19794681805513e-06,trans,Towards UnRx
BBOX1,ENSG00000129151,0.854471852732892,0.000468056692083901,1.12343163202851,5.86479031386526e-05,trans,Towards UnRx
BCAP29,ENSG00000075790,0.598508651605931,0.00397445419103997,0.289904463435468,0.293346314600493,trans,Towards UnRx
BCAS4,ENSG00000124243,-0.755381383627256,0.000662511608228585,-0.0540370763694253,0.889580102355389,trans,Towards UnRx
BDP1,ENSG00000145734,-0.596931135654366,0.00038509957854728,0.0496080273381297,0.883179519904728,trans,Away from UnRx
BEST1,ENSG00000167995,1.69876918308921,5.62820881201177e-17,0.392053421546016,0.148278677382332,trans,Towards UnRx
BET1L,ENSG00000177951,0.757491389965159,0.000781686040551342,0.4524001078599,0.101597008312913,trans,Towards UnRx
BID,ENSG00000015475,0.526380765141618,0.000553689832173022,0.182502203892353,0.364990568887081,trans,Towards UnRx
BIK,ENSG00000100290,0.778685780090922,0.00223225996428655,0.607169567646764,0.0926569884783661,trans,Towards UnRx
BIN2,ENSG00000110934,0.674876673631895,0.00429148184871127,0.90634976700131,0.00138448590680807,trans,Towards UnRx
BIRC3,ENSG00000023445,1.99635037837754,5.09531614258911e-14,0.944031543087888,0.00309687136024638,trans,Towards UnRx
BOC,ENSG00000144857,-1.08166184232853,1.81509597657352e-07,-0.749016820422443,0.0023232043703966,trans,Towards UnRx
BPGM,ENSG00000172331,0.941471836034321,1.81825779919653e-07,0.176324027443875,0.516430865799363,trans,Towards UnRx
BTG1,ENSG00000133639,0.833355408389421,2.00635497617518e-05,0.412765076821756,0.110190097999738,trans,Towards UnRx
C11orf54,ENSG00000182919,0.699108219033456,0.000941799869790715,0.602946100320346,0.0165281784179077,trans,Towards UnRx
C11orf74,ENSG00000166352,0.620366167126071,0.00423090951748234,-0.185991676329091,0.528003070186,trans,Away from UnRx
C1D,ENSG00000197223,0.509782039259592,0.00188023667620364,0.0132528484687057,0.976180710584521,trans,Towards UnRx
C1orf115,ENSG00000162817,1.2995553528237,2.42252530650702e-09,0.945319180963832,0.000570201118530169,trans,Towards UnRx
C1orf53,ENSG00000203724,0.765612820454191,0.0021024098002048,0.503874064655204,0.0971510917428368,trans,Towards UnRx
C2orf69,ENSG00000178074,0.602944308169167,0.00246386079892891,0.465675924220402,0.0515734768681029,trans,Towards UnRx
C3,ENSG00000125730,1.20043939570576,2.22321831101883e-08,0.612110030319875,0.0100518104126014,trans,Towards UnRx
C5orf46,ENSG00000178776,-1.14120611960711,0.000126298258009973,-1.90683066849878,7.02955300171774e-11,trans,Towards UnRx
C8orf33,ENSG00000182307,-0.631251964744487,1.10992400167672e-05,0.514563855366841,0.00572507635847233,trans,Away from UnRx
CAB39,ENSG00000135932,0.555961218253285,0.00478281685122215,0.197596857930423,0.470019301832035,trans,Towards UnRx
CALB2,ENSG00000172137,-1.56414035681272,5.41345006430713e-14,-0.867915356392718,0.000527013786238664,trans,Towards UnRx
CALM3,ENSG00000160014,-0.506292096783348,0.00287223664045621,-0.395422579647403,0.0392027760558504,trans,Towards UnRx
CALM3,ENSG00000160014,-0.506292096783348,0.00287223664045621,-0.395422579647403,0.0392027760558504,trans,Towards UnRx
CALML5,ENSG00000178372,0.696296375249563,0.00362205856280675,0.78259484916643,0.00414823966726662,trans,Towards UnRx
CAPZA2,ENSG00000198898,0.802008923271119,1.14114394782426e-13,-0.00343669563939944,0.993751331630824,trans,Away from UnRx
CASP2,ENSG00000106144,0.811425797608054,0.00013977524551159,1.28227068899127,2.56982172338932e-07,trans,Towards UnRx
CAVIN1,ENSG00000177469,-1.58868903273075,4.69330231258025e-12,-0.0835899855111482,0.890343929631557,trans,Towards UnRx
CBR4,ENSG00000145439,1.04606915472607,1.08738506120176e-06,0.264581454775334,0.406485253437766,trans,Towards UnRx
CCDC107,ENSG00000159884,-0.508429634911979,0.00824096299748962,-0.567603886931873,0.0081077807327952,trans,Towards UnRx
CCDC71L,ENSG00000253276,0.881131549317794,0.000175942976044165,0.996060081642735,0.00018630983875049,trans,Towards UnRx
CCDC88A,ENSG00000115355,-1.16117659505911,5.36850959112778e-07,-0.106560658570035,0.792278123442437,trans,Towards UnRx
CCL20,ENSG00000115009,1.02329777760784,0.00280990639748934,0.776586454956675,0.0590306032986741,trans,Towards UnRx
CCL5,ENSG00000271503,1.55643006898052,2.9307310116938e-06,2.14249652968513,8.69854856761587e-08,trans,Towards UnRx
CCNDBP1,ENSG00000166946,0.569073217403665,0.0036648868537507,0.473132160835222,0.0351990352729106,trans,Towards UnRx
CD164,ENSG00000135535,0.806765116148865,3.78628186813685e-11,0.262640511191268,0.0763271026294287,trans,Towards UnRx
CD46,ENSG00000117335,0.541945240452264,1.54809928894547e-05,0.56719197354353,1.42762585989673e-06,trans,Towards UnRx
CD47,ENSG00000196776,0.639694028340083,4.26532173047071e-07,0.330432430322366,0.0413877740189859,trans,Towards UnRx
CD59,ENSG00000085063,0.73150585236598,1.05021881072504e-09,0.564399041459206,4.1054895467837e-05,trans,Towards UnRx
CDA,ENSG00000158825,1.48369542530136,1.46716186474745e-08,1.2629274972222,0.000164936767883465,trans,Towards UnRx
CDH3,ENSG00000062038,-0.778740170287674,7.75246935585087e-05,-0.390818512791873,0.123458685064552,trans,Towards UnRx
CDK18,ENSG00000117266,-0.731459748462193,0.000283399788809717,-0.393060535757647,0.306509948543543,trans,Towards UnRx
CDK5,ENSG00000164885,0.860467917813497,4.29519226029957e-06,0.281531210646892,0.306317253865268,trans,Towards UnRx
CDKN2C,ENSG00000123080,-0.66430440012913,0.00424725841230302,-1.52144945036304,4.32137919472186e-10,trans,Towards UnRx
CEBPB,ENSG00000172216,1.37924982762809,6.86704524439069e-29,1.35618568360841,7.23387996469635e-24,trans,Towards UnRx
CEBPD,ENSG00000221869,0.712509414309676,0.00118694728671012,0.783766177454007,0.00168465420632248,trans,Towards UnRx
CEBPG,ENSG00000153879,1.24049383928209,3.02427404779033e-15,-0.133032629751883,0.559537605631664,trans,Away from UnRx
CENPW,ENSG00000203760,0.714925591787659,0.00259808514916221,0.103351163544671,0.788126159398919,trans,Towards UnRx
CEP89,ENSG00000121289,0.536230377043008,0.00908691728022236,0.418664408542649,0.0665539279842952,trans,Towards UnRx
CERCAM,ENSG00000167123,-0.724827056630361,9.64272306524161e-05,-0.38781443266006,0.123032317667978,trans,Towards UnRx
CFAP20,ENSG00000070761,-0.533860258134062,0.00281540413032897,-0.240588045725896,0.274098052098751,trans,Towards UnRx
CFAP36,ENSG00000163001,-0.533144568130684,0.00751909316478268,-0.651385414100788,0.00154879520083363,trans,Towards UnRx
CFLAR,ENSG00000003402,0.517201225898866,0.000238108853977149,0.852879013793151,3.51961817723569e-08,trans,Towards UnRx
CGNL1,ENSG00000128849,0.64265505662971,0.00328195849141139,1.06105520967708,2.01227375262505e-05,trans,Towards UnRx
CHCHD7,ENSG00000170791,2.42804893608553,7.84243065875378e-27,2.25098366370717,1.74608720364267e-17,trans,Towards UnRx
CHI3L1,ENSG00000133048,0.964855063388443,7.97885267377296e-05,-0.362816726719767,0.306068635486339,trans,Away from UnRx
CHI3L2,ENSG00000064886,0.8549377081388,2.2175450435337e-06,0.657781233328355,0.00609550797967745,trans,Towards UnRx
CHML,ENSG00000203668,0.58837182312052,0.00134289171120369,0.505126657335416,0.0132485107886451,trans,Towards UnRx
CHODL,ENSG00000154645,0.578949486975301,0.00962810811705906,0.615004454998806,0.0190036642618837,trans,Towards UnRx
CHSY1,ENSG00000131873,-0.915164445046849,4.21715478779323e-07,-0.453225682568057,0.0553284486544674,trans,Towards UnRx
CISD1,ENSG00000122873,0.590207590017773,0.000372180955679721,0.0972632547240022,0.884346882938989,trans,Towards UnRx
CKMT1A,ENSG00000223572,0.581308753170532,0.00131551183530742,0.64073342361669,0.00189895248357894,trans,Towards UnRx
CKMT1B,ENSG00000237289,0.754049354129546,1.54809928894547e-05,0.758913681532955,0.000111087082786348,trans,Towards UnRx
CLASP2,ENSG00000163539,0.680465517278831,0.00668048282056547,0.346035731937703,0.232787222030343,trans,Towards UnRx
CLCN3,ENSG00000109572,0.562478438758315,0.00362205856280675,0.613703675760585,0.00516050566637252,trans,Towards UnRx
CLDN3,ENSG00000165215,-0.758649664554545,0.00218433681407387,-0.907649771133042,0.00031821432327601,trans,Towards UnRx
CLEC7A,ENSG00000172243,0.712554138460012,0.000556729496326078,0.949428883899763,4.04247887681121e-05,trans,Towards UnRx
CLU,ENSG00000120885,1.18444096833159,1.82842206393854e-05,1.44956483014392,7.20188817957685e-06,trans,Towards UnRx
CMPK1,ENSG00000162368,0.58411182842316,2.27047918471783e-06,0.187018081269316,0.241711447962274,trans,Towards UnRx
CMPK2,ENSG00000134326,0.978242360061833,0.000233297140523158,2.21520406053748,7.63000926728714e-11,trans,Towards UnRx
CMSS1,ENSG00000184220,0.780847282747111,2.36445996395146e-05,-0.165393367162173,0.511325184498279,trans,Away from UnRx
CNDP2,ENSG00000133313,0.587109578687305,9.25352573414231e-05,0.691958011394831,5.09910209093776e-05,trans,Towards UnRx
CNGA1,ENSG00000198515,0.781092774786207,0.00123338120686064,0.474643742243825,0.141976883424434,trans,Towards UnRx
CNN3,ENSG00000117519,-0.580590098885444,0.00806619757763792,-1.39332867136502,3.20218608378916e-10,trans,Towards UnRx
CNP,ENSG00000173786,0.539111368361922,0.00181233623774112,1.35339626725462,2.71068774502418e-11,trans,Towards UnRx
COBLL1,ENSG00000082438,0.526428965794018,0.00191034232373785,0.884830382861107,6.81482452063115e-06,trans,Towards UnRx
COG5,ENSG00000164597,0.615849747521864,0.00162027026018575,0.193108443230036,0.475394517387163,trans,Towards UnRx
COL1A1,ENSG00000108821,-3.17541901466983,2.69015232408323e-17,0.193769778833833,0.613317523494061,trans,Away from UnRx
COL9A2,ENSG00000049089,-0.847819405942202,8.58866911407059e-06,-0.392532678896644,0.150377772410092,trans,Towards UnRx
COL9A3,ENSG00000092758,-0.842420284050687,3.17463682499426e-05,-0.388318749769446,0.159580076722788,trans,Towards UnRx
COMTD1,ENSG00000165644,0.666356155059749,0.000454866203341208,0.90183673519386,3.4677212193981e-05,trans,Towards UnRx
COTL1,ENSG00000103187,-0.600774769564759,0.0029945377813178,-1.16777810435552,5.14685661429762e-08,trans,Towards UnRx
CPD,ENSG00000108582,0.748389850461994,0.000148780582721369,0.506760915205845,0.0318732005205465,trans,Towards UnRx
CPEB4,ENSG00000113742,0.715744807292853,0.000103030633593701,0.420883172964548,0.0650617604736333,trans,Towards UnRx
CPPED1,ENSG00000103381,0.637635183861443,0.0073656896933892,-0.127918103843373,0.709719720726375,trans,Away from UnRx
CPQ,ENSG00000104324,-0.85207407401102,6.50690477604764e-05,-0.059797648023067,0.881169247900728,trans,Towards UnRx
CRABP1,ENSG00000166426,-1.15827136228832,2.13189362319091e-07,-1.31489681621674,9.90800720514562e-08,trans,Towards UnRx
CREG1,ENSG00000143162,1.53030621609978,8.52065268525288e-17,1.20425519856716,3.32675295113545e-09,trans,Towards UnRx
CRYZ,ENSG00000116791,0.691198720868485,0.00847760505949453,0.0824136074811451,0.972701780364979,trans,Towards UnRx
CSTA,ENSG00000121552,1.06742365198996,3.75093890510396e-06,1.55441323500041,2.36629181778022e-08,trans,Towards UnRx
CSTB,ENSG00000160213,0.627618731923658,2.55152230268041e-05,-1.06733430493345,2.747406257292e-09,trans,Away from UnRx
CT83,ENSG00000204019,-0.813178643567844,0.000448526330837232,-1.73635367574634,4.08993307267286e-13,trans,Towards UnRx
CTSC,ENSG00000109861,0.669530896147151,0.0010919298479889,0.685531737056215,0.00165240937055363,trans,Towards UnRx
CTSS,ENSG00000163131,0.899178455718937,2.21110581154364e-05,1.25825995274145,6.28213171048544e-07,trans,Towards UnRx
CTSV,ENSG00000136943,0.907894005578677,8.66889998848385e-05,-0.0423240656987041,0.949035478881849,trans,Away from UnRx
CUL1,ENSG00000055130,0.677408058609753,0.000237035044948085,0.342394126460075,0.133775433634163,trans,Towards UnRx
CUL3,ENSG00000036257,0.622250277460786,0.00356528302919715,0.211707898999881,0.43762801680201,trans,Towards UnRx
CXCL10,ENSG00000169245,1.82845884711039,7.30958504964848e-09,2.63039754744708,3.72948271361785e-12,trans,Towards UnRx
CXXC5,ENSG00000171604,1.36728060852217,1.23810569890972e-10,1.53108639285751,1.09261333154132e-10,trans,Towards UnRx
CYB5A,ENSG00000166347,0.601208605724643,0.00105131515296102,-0.278896719972807,0.2293019931176,trans,Away from UnRx
CYLD,ENSG00000083799,0.593889583410757,0.00180648403852028,0.19156422959529,0.478954436199735,trans,Towards UnRx
CYP27A1,ENSG00000135929,0.941395074202354,2.37872261929798e-05,1.16968098302681,7.76658247425447e-06,trans,Towards UnRx
CYP2J2,ENSG00000134716,0.940616019868671,1.98696771550695e-05,0.337223342333271,0.303320889635038,trans,Towards UnRx
CYP7B1,ENSG00000172817,0.735566573660374,0.00136404348248927,1.35522346506496,1.87282447696189e-07,trans,Towards UnRx
CYYR1,ENSG00000166265,-1.23766005021002,2.40874979692948e-09,-1.25333624902327,2.81221040260353e-07,trans,Towards UnRx
DAPK3,ENSG00000167657,-0.665562792757319,0.00108588597506509,-0.36834592692151,0.199780762082167,trans,Towards UnRx
DAPP1,ENSG00000070190,0.576296762164705,0.00487943406807308,0.361938345058063,0.15986852358778,trans,Towards UnRx
DBI,ENSG00000155368,0.501332469381027,5.07026693105079e-05,0.149480192812157,0.321571617118388,trans,Towards UnRx
DCK,ENSG00000156136,0.660682056428496,0.0027809677982903,0.190286093723432,0.637787964575877,trans,Towards UnRx
DDX58,ENSG00000107201,0.704004454118949,0.00764416540330605,1.03518705509502,0.000508861887625132,trans,Towards UnRx
DEGS2,ENSG00000168350,1.36634394787391,4.26532173047071e-07,0.538868746826501,0.131863952708825,trans,Towards UnRx
DEUP1,ENSG00000165325,-0.615862835095705,0.0049325859251112,-0.382766376356718,0.234530116190235,trans,Towards UnRx
DGKI,ENSG00000157680,-2.13117369440609,2.7516683381085e-15,-1.40196996551353,9.43579100895999e-06,trans,Towards UnRx
DHCR7,ENSG00000172893,-0.604270601909558,7.07018934181945e-06,-0.703348787524454,6.97549774925712e-06,trans,Towards UnRx
DHRS3,ENSG00000162496,1.26600835679097,2.20596581798767e-07,0.63531250472543,0.0465923729116882,trans,Towards UnRx
DNAJA4,ENSG00000140403,0.798784147271418,0.00127632158918169,0.603449149548339,0.0331327553844509,trans,Towards UnRx
DNAJB6,ENSG00000105993,0.655853506046045,9.22023388059374e-07,0.141327384784504,0.418927697508969,trans,Towards UnRx
DNAJB9,ENSG00000128590,0.837432391762043,3.16246300708682e-07,0.00618756037040368,0.990305856518999,trans,Towards UnRx
DNM1,ENSG00000106976,-1.23826470284994,7.54614445447497e-10,0.0482092973437158,0.919881941155016,trans,Away from UnRx
DSG1,ENSG00000134760,1.20648498368703,2.21766330299827e-08,1.7313978339134,3.50217507291047e-11,trans,Towards UnRx
DTX2,ENSG00000091073,0.654034531875816,0.00324499722033648,0.404069666932904,0.184473006118104,trans,Towards UnRx
DUSP2,ENSG00000158050,-0.868866316447269,0.0013208940731138,0.270987903849821,0.487240168668072,trans,Away from UnRx
DZANK1,ENSG00000089091,-1.15499854210975,4.30013172675657e-07,0.00905809438443712,0.999502527125559,trans,Away from UnRx
EDN1,ENSG00000078401,-2.01505887029095,2.68180311568744e-13,-1.12778127898489,0.000211505543911662,trans,Towards UnRx
EEF1E1,ENSG00000124802,0.816628410755223,5.17828690228052e-07,-0.235144095091058,0.249033360746201,trans,Away from UnRx
EGR3,ENSG00000179388,-1.23862365459453,4.26532173047071e-07,0.767674924898177,0.0194012346361904,trans,Away from UnRx
EIF2A,ENSG00000144895,0.500538205060887,0.00105131515296102,-0.0469249384419313,0.916779635212807,trans,Away from UnRx
ELF3,ENSG00000163435,0.535849921825557,0.000465823001445306,0.758330099133845,5.45965091415936e-06,trans,Towards UnRx
ELF5,ENSG00000135374,-0.796151500647839,5.58042911914594e-05,-0.574462315889723,0.013844863979366,trans,Towards UnRx
ENG,ENSG00000106991,-0.611822221813018,0.00143371580447483,-0.234736897388931,0.385133330404813,trans,Towards UnRx
ENPP4,ENSG00000001561,0.639236093334142,0.00664708591623357,0.643337042246961,0.0225649346051967,trans,Towards UnRx
EPHB3,ENSG00000182580,-0.835488090791909,7.50187099568593e-05,-0.0777271548719728,0.842766236200442,trans,Towards UnRx
EPHX2,ENSG00000120915,0.572402312380788,0.0034636130935482,0.7292392824606,0.00106038221839313,trans,Towards UnRx
EPM2AIP1,ENSG00000178567,0.78432601443822,0.000215398143431128,0.684363480391684,0.00821452952375863,trans,Towards UnRx
ERLIN2,ENSG00000147475,0.556590158571843,0.00191034232373785,0.231453649437169,0.320978710324357,trans,Towards UnRx
ERN1,ENSG00000178607,0.807777118275716,0.000210446634097411,1.21129473662379,5.9316573776992e-07,trans,Towards UnRx
ERV3-1,ENSG00000213462,1.04748841067386,2.00109343856499e-08,1.60586383165078,1.2459590113531e-13,trans,Towards UnRx
ESCO2,ENSG00000171320,0.681418828000352,0.00790274389110285,-4.95523223338795e-05,0.99568579781665,trans,Away from UnRx
ESYT1,ENSG00000139641,-0.679518735488043,0.00106451156896654,-0.243443172480315,0.496926576223508,trans,Towards UnRx
EXOC4,ENSG00000131558,0.638964483819059,0.000400582638224049,0.153469210408031,0.547970580739807,trans,Towards UnRx
EZR,ENSG00000092820,0.530483637499243,0.000218367018998482,0.87778323710612,8.76482360822528e-10,trans,Towards UnRx
F3,ENSG00000117525,-1.08645722555323,0.000116727851363018,-0.993416399925947,0.00173038981890718,trans,Towards UnRx
FAAP24,ENSG00000131944,0.899389142829786,3.28742705211037e-05,0.656888034289926,0.0144852235807845,trans,Towards UnRx
FADS1,ENSG00000149485,-0.695820505480612,0.00208505256960438,-0.312057255103778,0.280272569833569,trans,Towards UnRx
FAM122B,ENSG00000156504,0.632144676356746,0.00412980935765756,0.25794314409196,0.38654567153519,trans,Towards UnRx
FAM129A,ENSG00000135842,1.33831213279284,3.89069346574086e-07,1.44128080589803,3.86604366364609e-06,trans,Towards UnRx
FAM3D,ENSG00000198643,1.28367832250168,6.64670022279382e-06,0.965638335697161,0.00784780892238282,trans,Towards UnRx
FAM71E1,ENSG00000142530,-0.544061259895697,0.00594094667960085,0.0479926684926087,0.896316445617185,trans,Away from UnRx
FASTK,ENSG00000164896,0.97352108378135,7.41861536041935e-09,0.816035117521118,8.19510315307492e-05,trans,Towards UnRx
FBLN5,ENSG00000140092,0.74171703524207,0.000686964826354744,0.383467197430584,0.190438980270856,trans,Towards UnRx
FBXO6,ENSG00000116663,0.696941154201999,0.008676502241457,0.36196766696877,0.347548343816845,trans,Towards UnRx
FCGRT,ENSG00000104870,-0.56309345479928,0.00669186669559477,0.334225172222297,0.241931827987791,trans,Away from UnRx
FEN1,ENSG00000168496,0.767089310303028,0.00108588597506509,0.0758441254525533,0.856015611015799,trans,Towards UnRx
FGF2,ENSG00000138685,-1.22114485112177,2.89493051619104e-07,-0.83476519555763,0.00506832570850959,trans,Towards UnRx
FH,ENSG00000091483,0.73521067129659,1.91853699024112e-07,-0.149077062123205,0.371847704183871,trans,Away from UnRx
FKBP10,ENSG00000141756,-1.68744403818379,1.35663648594841e-14,-1.26424664701294,3.52888760097002e-06,trans,Towards UnRx
FKBP15,ENSG00000119321,0.605986299866069,0.00158904556478768,0.397333453104376,0.0950752221330551,trans,Towards UnRx
FLNA,ENSG00000196924,-0.938500365239981,6.78689632652232e-05,-0.0632471607832062,0.899238335046529,trans,Towards UnRx
FN1,ENSG00000115414,1.1566887575564,0.00119454574010962,0.689622384277805,0.0861466746951019,trans,Towards UnRx
FOSB,ENSG00000125740,-0.656482134620708,2.49636781838675e-05,0.37370533881619,0.0780448824515061,trans,Away from UnRx
FOXC1,ENSG00000054598,-0.814569945100085,0.00010386305485556,-0.167925202030642,0.616728653603792,trans,Towards UnRx
FOXP1,ENSG00000114861,-0.752874577453019,6.58827741688222e-05,-0.128925626633152,0.659611057011796,trans,Towards UnRx
FRZB,ENSG00000162998,-1.4277472170693,1.22029851049347e-08,-1.56767523163089,4.92030285055514e-08,trans,Towards UnRx
FTH1,ENSG00000167996,0.509462441007532,0.000120430043120157,-0.229493685882839,0.21774274197539,trans,Away from UnRx
FUCA1,ENSG00000179163,0.652388000318889,0.00398628402208421,0.348208307811726,0.219621859874781,trans,Towards UnRx
GABRE,ENSG00000102287,0.810279279373357,0.000363909681014415,0.910425528803151,0.000535319348764416,trans,Towards UnRx
GALNT11,ENSG00000178234,0.910597607409667,2.25386436337946e-07,0.685502926403568,0.000703886024346038,trans,Towards UnRx
GALNT7,ENSG00000109586,0.860934355355475,1.37572005390171e-05,0.736690255377111,0.00101798154093781,trans,Towards UnRx
GAPDH,ENSG00000111640,-0.703681095665532,1.45747031148772e-08,-1.5316830499274,1.55393311241357e-25,trans,Towards UnRx
GFRA3,ENSG00000146013,-0.911217512587037,0.000110098546449697,-1.07475742473619,4.04555253046804e-05,trans,Towards UnRx
GJC3,ENSG00000176402,-0.716051600364588,0.00144001857638236,-0.529798715878028,0.0623743898425517,trans,Towards UnRx
GK5,ENSG00000175066,0.68411819034168,0.000587036797490216,0.686482259928223,0.00260814350752254,trans,Towards UnRx
GLS,ENSG00000115419,-1.0136953295732,4.43077717718009e-11,-0.890648836975022,1.98504167870015e-07,trans,Towards UnRx
GLYATL2,ENSG00000156689,0.728817627936565,0.00879452493638323,0.847148868347686,0.00673715121514188,trans,Towards UnRx
GMDS,ENSG00000112699,-0.558174443965709,0.00677623951121178,-0.367141020374396,0.179788716340739,trans,Towards UnRx
GNAI2,ENSG00000114353,-0.518280554171757,0.00628989556840916,0.134227589796856,0.63380200889789,trans,Away from UnRx
GNG12,ENSG00000172380,0.534227755423442,0.00275449309246233,0.506270277719361,0.0147366148677216,trans,Towards UnRx
GOLGA8A,ENSG00000175265,-0.993263314189262,2.30923533097592e-05,0.205083473749411,0.573622527840741,trans,Away from UnRx
GPATCH1,ENSG00000076650,0.699676742717861,0.001606938320995,0.922952120999489,0.000314194195826419,trans,Towards UnRx
GPCPD1,ENSG00000125772,0.62976532622811,0.00517472760687094,0.748819753543495,0.00497706251187203,trans,Towards UnRx
GPR137B,ENSG00000077585,0.561519717567557,0.00884836967116498,0.112666682172764,0.732102785677542,trans,Towards UnRx
GPR157,ENSG00000180758,0.689953545186714,0.00179244497664823,0.470408425110784,0.0961818601188544,trans,Towards UnRx
GPT2,ENSG00000166123,-0.517669501953971,0.0095274950263024,-0.809895225001509,0.000371062211363164,trans,Towards UnRx
GPX7,ENSG00000116157,-0.885994123481062,2.36174323533642e-06,-1.01737525678327,1.5543153467651e-06,trans,Towards UnRx
GRB14,ENSG00000115290,-0.96342926012347,1.72236000727705e-05,-0.582810238840714,0.0304053656276649,trans,Towards UnRx
GRHL1,ENSG00000134317,0.665058453214272,2.5589420932662e-05,0.533212252850204,0.00418746858546364,trans,Towards UnRx
GSDMD,ENSG00000104518,-0.717948897684613,3.23797079458695e-05,0.413977970299704,0.100554230204489,trans,Away from UnRx
GSR,ENSG00000104687,0.758277983754802,4.17445066977867e-05,1.26129814755215,2.46717182279933e-09,trans,Towards UnRx
GSTK1,ENSG00000197448,1.0270528343999,1.81640072920682e-12,1.06174771878046,2.76073132856302e-10,trans,Towards UnRx
GSTM3,ENSG00000134202,0.866479784178503,0.000293543100547278,-0.0655337947990457,0.886415101648429,trans,Away from UnRx
H6PD,ENSG00000049239,0.769841448279739,0.0015865723825781,0.645716822481412,0.0554098763713677,trans,Towards UnRx
HADH,ENSG00000138796,0.549994732227782,0.000645827841890883,-0.0863567093961789,0.71012636156073,trans,Away from UnRx
HAPLN3,ENSG00000140511,-0.710357863213508,0.000595274080178316,-0.939950026553012,8.40376281605987e-05,trans,Towards UnRx
HAT1,ENSG00000128708,0.530542311040658,0.00422922581302439,0.104943838425972,0.706374579691189,trans,Towards UnRx
HCAR2,ENSG00000182782,0.783773260403503,0.00484875206888908,0.778477756249126,0.0224284356698039,trans,Towards UnRx
HCG18,ENSG00000231074,-0.526561578055486,0.00493405331534226,0.40797530226708,0.0656310990737438,trans,Away from UnRx
HIBADH,ENSG00000106049,1.31457744903509,2.81325057468939e-17,0.356414165697083,0.0652358865113642,trans,Towards UnRx
HILPDA,ENSG00000135245,-0.816078492189834,0.00106206644424266,-1.82142767598043,2.05048556796589e-12,trans,Towards UnRx
HIP1R,ENSG00000130787,-0.656943788388507,0.000708092540056819,-0.505664645983584,0.033514398141876,trans,Towards UnRx
HIST1H2AG,ENSG00000196787,-0.788892401777775,0.00144001857638236,-0.218732363024258,0.51557882221563,trans,Towards UnRx
HIST1H4E,ENSG00000276966,-0.668185214703371,0.00484875206888908,-0.0514054331352354,0.983515710807983,trans,Towards UnRx
HLA-A,ENSG00000206503,0.536555172191439,0.00452283757067524,1.56806366024554,3.25409447982703e-13,trans,Towards UnRx
HLA-B,ENSG00000234745,0.707535245092334,2.18758897639708e-05,1.41498843936438,3.47282371067465e-13,trans,Towards UnRx
HLA-C,ENSG00000204525,0.589116751253391,2.01854966749857e-05,1.10194363423128,4.29360078457428e-13,trans,Towards UnRx
HLA-DPA1,ENSG00000231389,0.925184118552727,0.00280740586100603,2.26036077083612,1.11272015021981e-09,trans,Towards UnRx
HLA-DRA,ENSG00000204287,1.21104127507972,0.000207375726787365,3.05872401256708,6.13635218636274e-14,trans,Towards UnRx
HMCES,ENSG00000183624,0.514031345524242,0.00452283757067524,0.0818048638319536,0.930939874009822,trans,Towards UnRx
HMGA1,ENSG00000137309,0.526567972365826,0.000120430043120157,0.114478808754522,0.510264591446667,trans,Towards UnRx
HMGN3,ENSG00000118418,0.561467480630494,3.46960945361761e-05,0.453335456015471,0.0055520709945128,trans,Towards UnRx
HNMT,ENSG00000150540,0.612843604245131,0.000237035044948085,0.287736233969954,0.182575220860105,trans,Towards UnRx
HOTAIRM1,ENSG00000233429,0.603983026613114,0.00371291488606447,0.928218844811633,6.47098475197695e-05,trans,Towards UnRx
HOXB2,ENSG00000173917,-0.555375165506927,0.00650597601509564,1.71534434992349,1.32743290710308e-11,trans,Away from UnRx
HOXB4,ENSG00000182742,-0.810419802475744,0.000186300187812365,0.720128082497396,0.0105190185422269,trans,Away from UnRx
HR,ENSG00000168453,-0.72787271323831,0.00119454574010962,-0.22290237764568,0.499113748767789,trans,Towards UnRx
HRCT1,ENSG00000196196,-0.892791274838938,0.000294407429140327,-0.938990554843805,0.00101639476386331,trans,Towards UnRx
HSD17B2,ENSG00000086696,1.02509692694337,0.000206216439678302,0.394929098201584,0.305349363308983,trans,Towards UnRx
HSPA1A,ENSG00000204389,0.785826673659148,3.16716046264722e-05,0.266439615035526,0.323940925443323,trans,Towards UnRx
HSPA1B,ENSG00000204388,0.770282744075433,1.83099892524257e-05,0.299089605195599,0.190334861678053,trans,Towards UnRx
HSPA5,ENSG00000044574,-0.549770243697102,0.00555694699886977,-0.565724772791998,0.0104981991736733,trans,Towards UnRx
HSPA6,ENSG00000173110,2.60122645461192,8.13678259410414e-16,0.481591981477552,0.275562461155209,trans,Towards UnRx
HSPE1,ENSG00000115541,0.633384615397211,2.4513775574523e-10,0.145289857631812,0.299108594271442,trans,Towards UnRx
HSPH1,ENSG00000120694,0.516975033013941,0.000932506080910944,0.161974359558759,0.458978010972686,trans,Towards UnRx
IBA57,ENSG00000181873,-0.756278893378477,0.00130808021516165,-0.609824718803348,0.0254315665090339,trans,Towards UnRx
ID4,ENSG00000172201,-1.42119374863078,4.78839796627718e-12,-1.36383674854839,1.9525557415214e-09,trans,Towards UnRx
IER2,ENSG00000160888,-0.555739046077663,0.000658191689305351,0.116383329188543,0.651719484517796,trans,Away from UnRx
IER3,ENSG00000137331,-0.610862093501374,0.00202781857658716,-0.318526416878931,0.210110589561987,trans,Towards UnRx
IFFO2,ENSG00000169991,-0.642991939157694,0.0076921992244578,0.463232681876833,0.140802947118307,trans,Away from UnRx
IFIH1,ENSG00000115267,0.991001357451561,1.34640180331593e-06,0.871627822372265,0.000818792691214228,trans,Towards UnRx
IFNGR1,ENSG00000027697,0.69994643917748,0.000198521938991497,0.704243164699555,0.00101039033893192,trans,Towards UnRx
IFRD1,ENSG00000006652,0.767208493448734,8.70785223340937e-08,0.133774778538018,0.547970580739807,trans,Towards UnRx
IGFBP2,ENSG00000115457,-2.8757201177266,4.15018396731383e-29,-3.42752367978766,4.4956496304527e-33,trans,Towards UnRx
IGFBP5,ENSG00000115461,-1.96037563312544,1.91543250749561e-08,-2.68737108000408,1.2894715463115e-12,trans,Towards UnRx
IL32,ENSG00000008517,0.825695012266339,0.00180647839081893,1.03234580171134,0.000503661230045389,trans,Towards UnRx
ILF2,ENSG00000143621,0.533728538675989,8.87389102513187e-05,-0.139926973218355,0.432082517792866,trans,Away from UnRx
ILVBL,ENSG00000105135,-0.59081374543499,0.000763410788917961,-0.627478886330637,0.00206507786073305,trans,Towards UnRx
IMPA2,ENSG00000141401,0.563793911872259,0.00218984665674157,0.273543213479218,0.224253137120102,trans,Towards UnRx
INSIG1,ENSG00000186480,0.795046124142329,0.000477244508968368,-0.51899207847794,0.044715110012429,trans,Away from UnRx
INTS14,ENSG00000138614,0.612499124954315,0.00579432453971631,0.115448460475745,0.739607045087563,trans,Towards UnRx
IQCB1,ENSG00000173226,0.598497623954705,0.000483760864615214,0.512717657918347,0.0144133409715665,trans,Towards UnRx
IRAK2,ENSG00000134070,1.02693765111723,7.32824727533884e-06,0.728650244369256,0.0116139518034182,trans,Towards UnRx
IREB2,ENSG00000136381,0.663735839607593,0.00296292945885935,0.438505745156694,0.122908634217699,trans,Towards UnRx
IRS2,ENSG00000185950,0.784810900509261,0.0029945377813178,-0.220927154967074,0.555213936921085,trans,Away from UnRx
IRX1,ENSG00000170549,-1.74653975542212,2.23692751011338e-14,-1.1404040501322,5.05913544811963e-05,trans,Towards UnRx
IRX5,ENSG00000176842,-0.649660850721798,4.86259383494423e-05,0.00571407944162765,0.99354057100283,trans,Away from UnRx
ISYNA1,ENSG00000105655,-0.687498834773703,0.000319960935220863,-0.333756891833246,0.206895122949716,trans,Towards UnRx
ITM2C,ENSG00000135916,-0.575252374186563,0.0041819222569313,-0.132864027905166,0.677133144088566,trans,Towards UnRx
ITPKB,ENSG00000143772,0.707683766539428,0.00102287005599252,1.00482107257694,6.55047072439797e-05,trans,Towards UnRx
ITPR2,ENSG00000123104,-0.759489948586383,0.00106432663199417,-0.0153886110741818,0.980419170749689,trans,Towards UnRx
JUN,ENSG00000177606,-0.587875223437259,0.00186235208069593,0.295830122613824,0.252054175624439,trans,Away from UnRx
KCNQ1OT1,ENSG00000269821,-1.10850347490387,2.46469190153887e-09,-0.175736404549308,0.537338251827023,trans,Towards UnRx
KCTD13,ENSG00000174943,0.597637002715807,0.00638595287411605,-0.136787948668543,0.673208978590532,trans,Away from UnRx
KCTD15,ENSG00000153885,1.00764835044404,3.42794165244558e-06,0.80504505589358,0.00303436162763403,trans,Towards UnRx
KHDRBS3,ENSG00000131773,-1.04749688701085,3.03114551540233e-06,-0.11268280873843,0.75521513016711,trans,Towards UnRx
KIAA1257,ENSG00000114656,0.612253346297254,0.00143371580447483,0.340523612305917,0.15555200343339,trans,Towards UnRx
KIAA1522,ENSG00000162522,0.558324564791718,0.00319013936174989,0.428488768676973,0.0589005954254276,trans,Towards UnRx
KIAA1841,ENSG00000162929,0.613733808922131,0.00498268398011295,0.419411075928731,0.136012834358713,trans,Towards UnRx
KMO,ENSG00000117009,0.800767651880162,0.000154949987487502,0.259392696992144,0.361539770078715,trans,Towards UnRx
KRT14,ENSG00000186847,-2.10936193897558,2.69198987731816e-15,-0.876611330726133,0.00515576917821672,trans,Towards UnRx
KRT19,ENSG00000171345,-0.700587917721815,0.000819550363626016,-0.544478607218032,0.0246634860122663,trans,Towards UnRx
KRT23,ENSG00000108244,-1.23148192001414,4.34872504321345e-06,-1.18003897759031,5.85544966577862e-05,trans,Towards UnRx
KRT8,ENSG00000170421,-0.598601466877828,1.44051581901887e-05,-0.354313999617614,0.034112443009088,trans,Towards UnRx
KYNU,ENSG00000115919,0.819983880259747,0.00397445419103997,1.3757659879333,5.0936761945245e-05,trans,Towards UnRx
LACTB2,ENSG00000147592,0.510163867770938,0.00425023241500186,0.0536147282931339,0.868168863437281,trans,Towards UnRx
LAMB3,ENSG00000196878,-1.30249286430001,8.77522466401321e-08,-0.777944451568052,0.0213724510171716,trans,Towards UnRx
LCN2,ENSG00000148346,2.83223800609713,7.50897484620278e-25,2.0571810446429,3.74524556752269e-10,trans,Towards UnRx
LGALS3,ENSG00000131981,0.698120424906046,1.65417987072121e-05,-0.197221318666541,0.438681608574203,trans,Away from UnRx
LHFPL2,ENSG00000145685,0.738048213003799,0.000666737644323193,0.302491011629365,0.313803729106246,trans,Towards UnRx
LIMCH1,ENSG00000064042,-0.866358569986452,5.85076056656125e-07,-0.179278810480547,0.494337906054454,trans,Towards UnRx
LINC00284,ENSG00000233725,-0.98316944049985,0.000158414088901671,-2.08419130904195,1.12295853902485e-12,trans,Towards UnRx
LINC01003,ENSG00000261455,0.781560208482228,0.00049642654273311,-0.0940562294092911,0.799690320514317,trans,Away from UnRx
LINC01137,ENSG00000233621,0.684526360135921,0.00433279310995924,1.06450156078895,0.000111845355465164,trans,Towards UnRx
LINC01588,ENSG00000214900,-0.651605921152546,0.00359050247795832,0.365028498935112,0.277537089261908,trans,Away from UnRx
LITAF,ENSG00000189067,0.683244301503137,1.91853699024112e-07,0.085567069034604,0.690735175320761,trans,Towards UnRx
LMAN1,ENSG00000074695,-0.617748199414734,9.46208953912203e-06,-0.37743136660881,0.0202920645442895,trans,Towards UnRx
LMO4,ENSG00000143013,0.709826695833157,0.00134289171120369,1.40873002011953,2.5866021768532e-10,trans,Towards UnRx
LOXL2,ENSG00000134013,-0.94961382672117,0.000262723246004043,-1.27064977347772,1.35627095346528e-05,trans,Towards UnRx
LRCH4,ENSG00000077454,-0.530276637353029,0.00930849170059097,0.113447887875345,0.735473298204845,trans,Away from UnRx
LRP3,ENSG00000130881,0.706609561992163,9.23935140803721e-05,0.761834655846784,0.000195016584894645,trans,Towards UnRx
LRRC1,ENSG00000137269,0.595865947577047,0.00568212883967655,0.407754830809653,0.146628142428261,trans,Towards UnRx
LRRC23,ENSG00000010626,-0.60199175713198,0.00821821085896984,0.313678411508922,0.365007832333289,trans,Away from UnRx
LRRC61,ENSG00000127399,0.81775247312483,0.000332579499069853,0.650048828308453,0.0165281784179077,trans,Towards UnRx
LSM8,ENSG00000128534,0.736136148275404,4.69330231258025e-12,0.0465954802172472,0.79007074423133,trans,Towards UnRx
LXN,ENSG00000079257,0.962343513201364,2.08590733804494e-05,1.44845661162771,6.08741916177831e-08,trans,Towards UnRx
LY6D,ENSG00000167656,-0.901747231011803,9.8449701802755e-05,-0.351034475354775,0.277824651003376,trans,Towards UnRx
LYNX1,ENSG00000180155,-0.673094764339882,0.00358895336166024,0.428308471507987,0.184478788845092,trans,Away from UnRx
LYPD3,ENSG00000124466,0.764426017604191,7.74910070245526e-05,0.844281431372128,0.000195016584894645,trans,Towards UnRx
LYPLA1,ENSG00000120992,0.511435438478173,3.91929438887875e-05,0.391221748067673,0.00506913473812127,trans,Towards UnRx
LYRM4,ENSG00000214113,0.905842386997266,2.68298973159056e-06,-0.0483532728035455,0.890343929631557,trans,Away from UnRx
MAN1A1,ENSG00000111885,-0.718177209285265,0.00181107970943872,-0.101119848925747,0.890343929631557,trans,Towards UnRx
MANSC1,ENSG00000111261,0.92884592321294,1.20092127858137e-06,0.818437185809479,0.000477471064142043,trans,Towards UnRx
MAP2K1,ENSG00000169032,0.676362679120463,0.00144767519036235,0.108431028976516,0.744406869166592,trans,Towards UnRx
MAP2K6,ENSG00000108984,-1.02198957328702,3.70661899293348e-05,-0.233807280568181,0.510040917426347,trans,Towards UnRx
MAPK14,ENSG00000112062,0.576478481679201,0.00419841714979309,0.165719975393285,0.628789607225791,trans,Towards UnRx
MAPKAPK5,ENSG00000089022,0.624937436738802,0.00257693098670813,0.235248626412669,0.40579937571392,trans,Towards UnRx
MARC1,ENSG00000186205,0.640078717075926,0.00787435166519354,0.375550595975748,0.230865573765023,trans,Towards UnRx
MBOAT2,ENSG00000143797,1.02088630595224,4.3087219272205e-13,0.561398832938484,0.00165240937055363,trans,Towards UnRx
MCEE,ENSG00000124370,0.640106981925418,0.00149065984696888,0.234259330423805,0.392172515389982,trans,Towards UnRx
MCUR1,ENSG00000050393,0.528901229535411,0.000851772051892716,-0.272500837407729,0.117840897045843,trans,Away from UnRx
MED31,ENSG00000108590,0.55151336043981,0.00930849170059097,0.259388372065565,0.386775969034032,trans,Towards UnRx
METRNL,ENSG00000176845,0.796608768766811,4.43534072635275e-05,0.935652706073789,2.49520002755432e-05,trans,Towards UnRx
MFAP2,ENSG00000117122,-0.803939099568434,0.000321905255734916,-0.0982223282947797,0.81853151632692,trans,Towards UnRx
MFGE8,ENSG00000140545,-0.65264109764515,6.64627007516112e-05,-0.9013149629831,5.2984057196471e-07,trans,Towards UnRx
MFN1,ENSG00000171109,0.534607281300974,0.00378059337046659,0.310251290143297,0.15555200343339,trans,Towards UnRx
MFSD1,ENSG00000118855,0.713020575511014,1.97125497384158e-05,0.495444673730743,0.00955787710418475,trans,Towards UnRx
MFSD11,ENSG00000092931,0.572556871685054,0.0030957554961479,-0.0215142069180073,0.959732811648353,trans,Away from UnRx
MFSD14C,ENSG00000196312,0.53119551053847,0.00387472053040877,0.636110145262934,0.00276193963094194,trans,Towards UnRx
MGAT4A,ENSG00000071073,0.61510070736263,0.00180648403852028,-0.0843768701527995,0.809562182450727,trans,Away from UnRx
MGP,ENSG00000111341,-2.04703484253376,1.34190174023496e-08,-1.38883774101992,0.00134399631025295,trans,Towards UnRx
MGST2,ENSG00000085871,0.769184186341555,3.34274346621128e-05,0.203930779261222,0.422876365170568,trans,Towards UnRx
MIR210HG,ENSG00000247095,-0.772110785386775,0.00267676623143318,-1.21481946732629,3.88036075062947e-06,trans,Towards UnRx
MKRN1,ENSG00000133606,0.647453444309784,2.51111965832408e-08,0.218115051114483,0.128520166727362,trans,Towards UnRx
MLLT11,ENSG00000213190,-0.729183478680695,0.00854049955499608,0.216896184092288,0.632130839040521,trans,Away from UnRx
MLPH,ENSG00000115648,0.916737754571184,4.65108698438163e-05,0.616505880827289,0.0221767962550645,trans,Towards UnRx
MOSPD1,ENSG00000101928,0.798989937338854,7.93666522086385e-06,0.0955917622465414,0.739613803661412,trans,Towards UnRx
MPHOSPH10,ENSG00000124383,0.5270914579292,0.000518085406407537,0.0349132294291811,0.913601130872507,trans,Towards UnRx
MPP6,ENSG00000105926,-0.568720437173194,0.00805040979187704,-0.309161864954566,0.2293019931176,trans,Towards UnRx
MRC2,ENSG00000011028,-0.677627379113256,0.00128737812769567,0.334923492161544,0.268281834751419,trans,Away from UnRx
MREG,ENSG00000118242,0.706991122994844,0.00198949163524665,0.0161893983049555,0.977737068136044,trans,Towards UnRx
MRPL15,ENSG00000137547,0.623482990075147,1.74480039610129e-06,0.186580441712066,0.283958087316307,trans,Towards UnRx
MRPL18,ENSG00000112110,0.717461208632234,2.81907947167873e-06,0.0528524998723531,0.852190268386069,trans,Towards UnRx
MRPL46,ENSG00000259494,0.596641292592194,0.00668017369310291,0.0938937490870718,0.805575259408941,trans,Towards UnRx
MRPL47,ENSG00000136522,0.548754197774231,6.97797191156212e-05,-0.154391262431909,0.404047000664578,trans,Away from UnRx
MRPL48,ENSG00000175581,0.631997274667781,0.0011912236303794,-0.435141979686872,0.034112443009088,trans,Away from UnRx
MRPL58,ENSG00000167862,0.540258659822992,0.00137467869288026,-0.109124770539501,0.619588166892047,trans,Away from UnRx
MRPS33,ENSG00000090263,0.600366197800934,1.93965107905894e-06,0.227242529845405,0.108043893976594,trans,Towards UnRx
MRPS6,ENSG00000243927,0.757436847414855,2.21766330299827e-08,-0.115527256543785,0.584548039173591,trans,Away from UnRx
MT1E,ENSG00000169715,-1.58162471423031,1.6577340056125e-10,-0.00531352742289564,0.99514303945089,trans,Towards UnRx
MTERF2,ENSG00000120832,0.683754703299218,0.00319013936174989,0.309686638411681,0.319451773351186,trans,Towards UnRx
MUC15,ENSG00000169550,0.729938431209055,0.00425714154655712,0.896377384634705,0.00263027036287325,trans,Towards UnRx
MUC5B,ENSG00000117983,-0.822343514595315,0.000285510269253313,-0.160964936274625,0.794324352079146,trans,Towards UnRx
MUCL1,ENSG00000172551,2.84146467555455,2.67990640764099e-16,3.16629975633509,7.06255240798409e-14,trans,Towards UnRx
MVD,ENSG00000167508,-0.769011012391275,7.17308578520638e-05,-0.459449310223202,0.0454256614870519,trans,Towards UnRx
MXRA7,ENSG00000182534,-0.521853695419893,0.00487943406807308,-0.369533940876912,0.0889693890801446,trans,Towards UnRx
MYADM,ENSG00000179820,-0.652262047366333,0.00148694685399436,0.436168825588978,0.104453666859213,trans,Away from UnRx
MYL6B,ENSG00000196465,-0.508839997599642,0.00404315140805638,-0.0852592912228291,0.766292527082127,trans,Towards UnRx
MYOF,ENSG00000138119,-0.69285530307954,0.000856702080757302,-0.457632040218339,0.0901778880147894,trans,Towards UnRx
NCALD,ENSG00000104490,-0.596592895139073,0.00478281685122215,0.584009122921649,0.0286454213414174,trans,Away from UnRx
NCEH1,ENSG00000144959,0.784325709593452,0.000697143345991406,0.555974305078392,0.0494914001499375,trans,Towards UnRx
NCOA4,ENSG00000266412,0.557389487389886,0.00260256342390096,0.815786235734241,0.000138916190413624,trans,Towards UnRx
NDFIP2,ENSG00000102471,0.778492380522544,0.000207795481511745,0.0575591401536412,0.87994440741282,trans,Towards UnRx
NDUFB3,ENSG00000119013,0.599690276366253,8.0120464171588e-09,0.111268899950038,0.406936234224214,trans,Towards UnRx
NFATC1,ENSG00000131196,-0.643837179273373,0.00805369927132637,0.00527882361144459,0.98844659482576,trans,Away from UnRx
NINJ1,ENSG00000131669,0.507654389091647,0.000613146883161314,0.709918649014666,4.72368119890714e-05,trans,Towards UnRx
NIPAL1,ENSG00000163293,0.719276300449027,0.00126001229476204,0.471826031270411,0.101333982458569,trans,Towards UnRx
NIT1,ENSG00000158793,0.535587857914761,0.00308794230052034,0.451224886850224,0.0353548093543157,trans,Towards UnRx
NIT2,ENSG00000114021,0.776669446031209,3.4998910124351e-09,-0.327438928020885,0.0128025751047529,trans,Away from UnRx
NMB,ENSG00000197696,0.907205755706062,0.000908093773479509,0.639655363144668,0.0515320409177457,trans,Towards UnRx
NMT1,ENSG00000136448,-0.57319289138877,0.0011912236303794,0.780350978348179,0.000903105773535287,trans,Away from UnRx
NPY1R,ENSG00000164128,1.70572139294969,2.1241119483085e-10,1.32141285479878,3.20037624211089e-05,trans,Towards UnRx
NRBF2,ENSG00000148572,0.651588847313524,0.000492124816553516,0.586700475517452,0.0105554361611355,trans,Towards UnRx
NRG2,ENSG00000158458,-0.713915933465725,0.00686242657560986,-0.508387197108096,0.0805693675502962,trans,Towards UnRx
NRN1,ENSG00000124785,-0.746907902682242,0.00651365197907753,-1.88837609740814,2.76720520961437e-10,trans,Towards UnRx
NSUN6,ENSG00000241058,-0.720474830566823,0.0029945377813178,0.598580881977784,0.0346899716155313,trans,Away from UnRx
NUB1,ENSG00000013374,0.749222730767696,7.58672976987597e-06,0.387267044185932,0.0833501672151567,trans,Towards UnRx
NUDT16,ENSG00000198585,-0.579741865289261,0.00958161708978558,0.30196013413571,0.292344752301926,trans,Away from UnRx
NUDT19,ENSG00000213965,0.6763800367214,0.000839539626760829,0.735627652026541,0.0013679314016951,trans,Towards UnRx
NUPR1,ENSG00000176046,0.705346507190393,0.000406862667967236,-0.734862785032981,0.00608516877726501,trans,Away from UnRx
NXT2,ENSG00000101888,0.727673040138428,0.00063071883598334,0.303343721110875,0.291622967624668,trans,Towards UnRx
OBSL1,ENSG00000124006,-0.927159078131119,1.92563765081419e-06,-0.578340605192068,0.0145829444454761,trans,Towards UnRx
OCIAD1,ENSG00000109180,0.721041104180453,4.88219702445326e-08,-0.0935096642156001,0.594541457043118,trans,Away from UnRx
OCIAD2,ENSG00000145247,0.733176681147685,2.17840453722944e-08,-0.309124249122028,0.0264954819916675,trans,Away from UnRx
OLFM1,ENSG00000130558,0.649852073478774,0.00991446357363561,0.439306885325019,0.166723462082134,trans,Towards UnRx
OLFML3,ENSG00000116774,1.05600041066457,0.000311791479437175,1.40565810902815,6.7747947083503e-05,trans,Towards UnRx
OPN3,ENSG00000054277,1.04342951406118,4.54394778378114e-06,0.691536610832177,0.013188121805821,trans,Towards UnRx
ORAI2,ENSG00000160991,-0.609258460908222,0.00167172168440358,0.474822786586373,0.0697862922397146,trans,Away from UnRx
ORM1,ENSG00000229314,2.22775675902458,8.13678259410414e-16,1.84443016377227,1.41337253066733e-08,trans,Towards UnRx
ORM2,ENSG00000228278,1.73300710593457,3.41469533538905e-12,1.17880949234394,7.63683979446498e-05,trans,Towards UnRx
OSBPL9,ENSG00000117859,-0.55348930305665,0.000728296493978068,-0.0818622549842644,0.763441913522059,trans,Towards UnRx
P3H4,ENSG00000141696,-0.91576481890482,7.10863174805693e-06,-0.470872870690567,0.0847162014002847,trans,Towards UnRx
P4HA1,ENSG00000122884,-0.722640511013839,0.00507596947342402,-0.742682886404706,0.0118026440926962,trans,Towards UnRx
PAK1IP1,ENSG00000111845,0.596022677877534,0.00197935236346305,-0.176341281653319,0.465259000369809,trans,Away from UnRx
PAM,ENSG00000145730,-0.691829296457708,0.0024025088923454,0.030270427454754,0.951766193901861,trans,Away from UnRx
PARVB,ENSG00000188677,-0.6496831304491,0.000135936914793225,-0.375909798452595,0.0809951130720197,trans,Towards UnRx
PAXIP1-AS1,ENSG00000273344,0.931890153665353,1.34640180331593e-06,0.323386829304521,0.189232558740474,trans,Towards UnRx
PCCB,ENSG00000114054,0.706378128355307,0.000755012770164834,0.194472058842573,0.511229408142877,trans,Towards UnRx
PCK2,ENSG00000100889,0.722037795841748,0.00209993333497725,0.299036526465439,0.364036624404033,trans,Towards UnRx
PCYT2,ENSG00000185813,-0.69984165044219,0.000662511608228585,-0.103687208750689,0.782628008130031,trans,Towards UnRx
PDCD2L,ENSG00000126249,1.01901089632566,5.85025474094345e-07,0.18840736282395,0.543976962075854,trans,Towards UnRx
PDCD4,ENSG00000150593,0.637918404129286,0.000135936914793225,0.452321645699443,0.0214325960599127,trans,Towards UnRx
PDCD5,ENSG00000105185,0.515269020333288,0.000211400023556897,-0.0092454067161906,0.979191473834748,trans,Away from UnRx
PDHA1,ENSG00000131828,0.6052173794516,2.27047918471783e-06,0.478190470951412,0.000886424951395257,trans,Towards UnRx
PDIA4,ENSG00000155660,0.751076249585514,1.44121285039494e-06,0.422523919441054,0.0366187562281006,trans,Towards UnRx
PDK3,ENSG00000067992,-0.840348234059009,0.000114128646226036,-1.11427055183142,1.05317823770821e-06,trans,Towards UnRx
PDLIM2,ENSG00000120913,-0.530231639158,0.00342507185249075,-0.725439870381598,6.96800529935365e-05,trans,Towards UnRx
PDLIM3,ENSG00000154553,-1.05781844550317,5.29640496406178e-05,0.350413756477397,0.385368016405663,trans,Away from UnRx
PDZK1IP1,ENSG00000162366,0.943589616763555,3.48159963014528e-08,0.46179679585507,0.036134010021196,trans,Towards UnRx
PEG10,ENSG00000242265,-0.911827264652622,0.00119076343164969,0.186519668255118,0.692984397043717,trans,Away from UnRx
PEG3,ENSG00000198300,-0.831553111356858,0.000730554548732525,-0.58020527844894,0.0463430831541145,trans,Towards UnRx
PELI1,ENSG00000197329,0.79088643430386,0.00012498578568627,1.13602108886598,4.92226633042375e-07,trans,Towards UnRx
PEPD,ENSG00000124299,0.967982215493114,1.66498952321061e-07,0.736787208805893,0.000495565529685602,trans,Towards UnRx
PERP,ENSG00000112378,0.568115634234083,2.37250029589935e-06,0.304927559649225,0.0370295453794955,trans,Towards UnRx
PEX11A,ENSG00000166821,0.752880488678813,0.000518085406407537,1.17296685981313,1.41266747187799e-06,trans,Towards UnRx
PEX26,ENSG00000215193,0.822221551465968,0.000400045516054112,0.774600190164988,0.00325521196386688,trans,Towards UnRx
PFKFB3,ENSG00000170525,-0.96510760002533,7.39850946178543e-06,-0.390846894010902,0.198572532681786,trans,Towards UnRx
PGF,ENSG00000119630,-2.13181503185095,4.28057844158662e-16,-2.87719560354023,1.11613371725257e-20,trans,Towards UnRx
PHF1,ENSG00000112511,-0.611101173020316,0.00100000375146046,-0.392033218205444,0.119811012794843,trans,Towards UnRx
PHF19,ENSG00000119403,-0.683403600154334,0.00401488705117977,-0.967534362883205,0.000151481644851523,trans,Towards UnRx
PI15,ENSG00000137558,-0.911126309591176,0.000677485326935265,-0.123995025276054,0.842766236200442,trans,Towards UnRx
PI3,ENSG00000124102,2.38236187324807,2.29323908975538e-16,2.57328306096465,2.57662039595482e-13,trans,Towards UnRx
PICSAR,ENSG00000275874,-0.914782944060482,2.50608444015645e-05,-0.772219889652226,0.00286575048376292,trans,Towards UnRx
PIK3R3,ENSG00000117461,0.585996111871223,0.00382024555446451,0.522784874528452,0.0348867435480761,trans,Towards UnRx
PINK1,ENSG00000158828,0.545976629168412,0.00482683980599638,0.223211376213971,0.391374952780327,trans,Towards UnRx
PIP4K2C,ENSG00000166908,0.645482312867977,0.00189086516238822,0.283965233003752,0.362567112280905,trans,Towards UnRx
PKD1,ENSG00000008710,-0.65676646391787,0.00104482499819454,0.0740698237235083,0.845604778728597,trans,Away from UnRx
PKIB,ENSG00000135549,0.704900915698715,0.00751909316478268,0.952545790888497,0.00233655409857085,trans,Towards UnRx
PLPP1,ENSG00000067113,-0.614212579334445,0.00859871139932644,0.176170604499314,0.740985990946373,trans,Away from UnRx
PLSCR1,ENSG00000188313,0.811218198811981,4.11831740832982e-07,0.576369576293487,0.00416468458358074,trans,Towards UnRx
PLTP,ENSG00000100979,-0.653497455310464,0.00132685814326855,-0.550680493199841,0.0265078161820256,trans,Towards UnRx
PLXDC2,ENSG00000120594,-0.654962817926922,0.000421894518237188,-0.339699607778151,0.137081873024619,trans,Towards UnRx
PLXND1,ENSG00000004399,-0.689081322926679,0.00143537888116415,0.899294421082118,0.00105914793505854,trans,Away from UnRx
PNLDC1,ENSG00000146453,0.837983479538836,7.11425083173214e-05,0.17950058375506,0.590387213412955,trans,Towards UnRx
PNPLA8,ENSG00000135241,0.598466859612916,3.17701204373479e-05,0.202632301218404,0.331547411954068,trans,Towards UnRx
POLR1E,ENSG00000137054,-0.788398535457348,0.000221623171843022,-0.410524098186735,0.132983264518616,trans,Towards UnRx
POLR3G,ENSG00000113356,-1.2052761378543,1.29177735896239e-09,-0.748225711370552,0.00371717563914723,trans,Towards UnRx
POP1,ENSG00000104356,-0.880428900427138,6.34089185789838e-06,0.0605418026512222,0.874752473247309,trans,Away from UnRx
PPM1A,ENSG00000100614,0.620040998020128,0.00290152707767264,0.418239000703025,0.0934141328721896,trans,Towards UnRx
PRAME,ENSG00000185686,-0.871325043303768,2.61292217927082e-07,-0.0175264912504693,0.966386157139083,trans,Towards UnRx
PRELID2,ENSG00000186314,-0.779537681529213,0.000298081691483883,-1.19524478344178,3.23383011160024e-07,trans,Towards UnRx
PRKAA1,ENSG00000132356,0.55361779741544,0.00424776887177672,0.389774121820364,0.110190097999738,trans,Towards UnRx
PRKAG2,ENSG00000106617,0.731812157631197,0.00228150116894591,0.104123494660535,0.772234847256252,trans,Towards UnRx
PRLR,ENSG00000113494,0.633053144849632,0.00187529256377868,0.147211686105628,0.60843279880248,trans,Towards UnRx
PROM1,ENSG00000007062,0.802046863038104,0.000787799263982851,0.331037318727836,0.331241893531463,trans,Towards UnRx
PROSER1,ENSG00000120685,0.592597368821594,0.000993454684920485,0.409802908198765,0.0705412317493276,trans,Towards UnRx
PRPF4B,ENSG00000112739,-0.518812303344037,0.00149081368006437,0.165022260064623,0.521339590685754,trans,Away from UnRx
PRR7,ENSG00000131188,-0.922175786134865,8.22228309274666e-08,-0.363999236494587,0.113189889523346,trans,Towards UnRx
PRRG1,ENSG00000130962,-0.663343185683153,0.00118910994625176,-0.815500784123048,0.00133141979630115,trans,Towards UnRx
PSAT1,ENSG00000135069,1.78393404701713,2.40986152287126e-11,0.575304650815979,0.102671128328683,trans,Towards UnRx
PSD3,ENSG00000156011,-0.691119653611532,0.00212300434028521,-0.238782193472679,0.423707112501633,trans,Towards UnRx
PSPH,ENSG00000146733,1.04448969041995,4.84064600880197e-07,0.712887032410074,0.00622306299102069,trans,Towards UnRx
PTER,ENSG00000165983,0.763817691767863,6.47663390937637e-05,0.698777150973289,0.00296565980717302,trans,Towards UnRx
PTGES,ENSG00000148344,1.06460428995865,9.90902697237807e-08,1.44991028395558,1.82356776561321e-09,trans,Towards UnRx
PTMS,ENSG00000159335,-0.903595754536246,5.36120762614161e-11,-0.455070147149091,0.0067490575740837,trans,Towards UnRx
PTN,ENSG00000105894,-2.60802685521882,1.08207438842581e-14,-0.927465145110489,0.0163894425010726,trans,Towards UnRx
PTX3,ENSG00000163661,-1.68593244552317,8.50378148223459e-09,0.624437553381679,0.118428930280753,trans,Away from UnRx
PURA,ENSG00000185129,-0.548918527709348,0.000592092541879939,0.461248368020739,0.0159559122069655,trans,Away from UnRx
PUS10,ENSG00000162927,1.01605834156944,6.46309054353217e-06,1.60994896740235,3.32675295113545e-09,trans,Towards UnRx
QDPR,ENSG00000151552,0.747626197607716,0.000630434125709794,-0.17504708723867,0.575000837637003,trans,Away from UnRx
RAB27B,ENSG00000041353,1.00130863380487,3.31109679043099e-08,0.729756046845346,0.00116039575062238,trans,Towards UnRx
RAB30,ENSG00000137502,-0.596668338460863,0.00914701633191749,0.149088234539684,0.663987726185319,trans,Away from UnRx
RABGGTB,ENSG00000137955,0.528770215497461,0.00144901088385151,-0.225793404742709,0.228929699611985,trans,Away from UnRx
RAD51B,ENSG00000182185,-1.45101448150954,6.34862351074796e-11,-1.04621203541642,8.61740996387892e-05,trans,Towards UnRx
RAD51C,ENSG00000108384,0.64945546147501,0.00187986764666083,-0.14386461019436,0.629095743035726,trans,Away from UnRx
RALB,ENSG00000144118,0.574864555165875,0.000549760249778864,0.858424402874553,5.03477136414703e-06,trans,Towards UnRx
RARRES1,ENSG00000118849,1.22826587096345,1.82842206393854e-05,0.50476248203682,0.196926801852779,trans,Towards UnRx
RARRES3,ENSG00000133321,0.558919753978689,0.00962810811705906,0.458140743460381,0.0868521572810977,trans,Towards UnRx
RBFOX2,ENSG00000100320,-0.976859668059926,1.64501875338805e-08,-0.558738617030732,0.018163822269438,trans,Towards UnRx
RBL2,ENSG00000103479,0.53318901673718,0.00950680790913135,0.16043284609673,0.582448683582909,trans,Towards UnRx
RBM28,ENSG00000106344,0.500686005487225,0.00265407750666118,0.526639611954182,0.00674645270082776,trans,Towards UnRx
RBP1,ENSG00000114115,0.912245589575884,0.00049642654273311,2.1904114658014,8.65733971871699e-13,trans,Towards UnRx
RCSD1,ENSG00000198771,0.679324011384768,0.00849477715860067,0.684239184231661,0.0159388206854672,trans,Towards UnRx
RDH11,ENSG00000072042,-0.574468491673214,0.0019249358340357,-0.402549912008505,0.0950859311372339,trans,Towards UnRx
REPIN1,ENSG00000214022,1.13883235468527,9.1471354242871e-12,1.08556572716611,2.91792535659212e-08,trans,Towards UnRx
RETREG1,ENSG00000154153,-0.685271486183304,0.00539049226730301,-0.00907950117447268,0.972456132696186,trans,Towards UnRx
RFWD3,ENSG00000168411,0.607241364725443,0.00501951108673825,0.273488031044297,0.326495385961236,trans,Towards UnRx
RFX1,ENSG00000132005,-0.674473960537131,0.000748578228711283,0.398305375661899,0.21919862672931,trans,Away from UnRx
RGCC,ENSG00000102760,0.929174322205943,0.000135574953925748,0.811341712265784,0.00719034183503501,trans,Towards UnRx
RGS2,ENSG00000116741,-1.03364845963379,0.000262613331487226,-1.31135720028188,1.72681394662797e-05,trans,Towards UnRx
RHBDL2,ENSG00000158315,0.68582207293226,8.00232781093551e-05,0.9023911045794,7.25750147100529e-06,trans,Towards UnRx
RHEB,ENSG00000106615,0.693120181862076,1.54402810957994e-08,-0.278794465872609,0.0327918931196218,trans,Away from UnRx
RHOB,ENSG00000143878,0.619813790351143,0.000677195687822142,0.567777577290093,0.0138145926547117,trans,Towards UnRx
RHOU,ENSG00000116574,0.803828446356173,0.00139832634193226,1.0850362554567,0.000188842997553048,trans,Towards UnRx
RHPN2,ENSG00000131941,0.798934751212434,0.000342268979688536,0.176248768142259,0.600222261594387,trans,Towards UnRx
RIOK1,ENSG00000124784,0.530458118459708,0.00876229356561391,-0.302497533618096,0.203684364400582,trans,Away from UnRx
RMI2,ENSG00000175643,0.749096333614816,0.00318017758721703,0.172722938013125,0.646477559659912,trans,Towards UnRx
RPP25,ENSG00000178718,0.624797838167731,0.00729708796903972,0.767147087996546,0.00524911494124738,trans,Towards UnRx
RRAGD,ENSG00000025039,0.620476721364739,0.00185999905531466,-0.373314314124984,0.0848727792848191,trans,Away from UnRx
RSAD2,ENSG00000134321,0.868569014089793,0.00296292945885935,0.63373603531346,0.11612750055935,trans,Towards UnRx
RSBN1,ENSG00000081019,-0.662151850763363,0.00180648403852028,-0.478081691811147,0.0563902708880236,trans,Towards UnRx
RSBN1L,ENSG00000187257,-0.573039728192315,0.000332097248305245,-0.0359564197242022,0.912350071301952,trans,Towards UnRx
S100A1,ENSG00000160678,-1.26579444293388,2.76689368395964e-08,-1.0341221467068,0.00013233082301421,trans,Towards UnRx
S100A10,ENSG00000197747,-0.629825950297229,3.27636683975337e-05,-0.883235932941573,3.58815258979299e-08,trans,Towards UnRx
S100A13,ENSG00000189171,-0.698052409240682,1.9073914808652e-06,-0.00905916136974082,0.982581510500442,trans,Towards UnRx
S100A2,ENSG00000196754,-1.27337832290914,2.67822418857875e-06,-0.925918513172229,0.00189952850771049,trans,Towards UnRx
S100A4,ENSG00000196154,-1.70718754562816,3.633284345385e-12,-0.203309902864022,0.535171926024255,trans,Towards UnRx
S100A7,ENSG00000143556,1.72394851229247,1.90021050787475e-05,0.687867777673246,0.166980189737351,trans,Towards UnRx
S100A8,ENSG00000143546,1.46481815559609,1.36228752005051e-06,1.28356585478881,0.000610852640889495,trans,Towards UnRx
S100A9,ENSG00000163220,1.15548756456338,7.54219517533047e-06,0.834720425343977,0.0104864792822926,trans,Towards UnRx
S100B,ENSG00000160307,-1.53921065202477,3.34461713566003e-08,-0.697828343840099,0.063834531396251,trans,Towards UnRx
S100P,ENSG00000163993,1.62890969469471,3.34461713566003e-08,1.54302374733783,1.28503941125115e-05,trans,Towards UnRx
SAA1,ENSG00000173432,0.941902252611411,0.000492124816553516,1.0668035917753,0.000883389662456184,trans,Towards UnRx
SAA2,ENSG00000134339,1.08192445187638,1.65301240379078e-05,1.22060067082674,1.9457840933088e-05,trans,Towards UnRx
SAA4,ENSG00000148965,0.764040785018044,0.00228544783937103,0.916158254251396,0.00220451677629017,trans,Towards UnRx
SATB1,ENSG00000182568,0.678755259277528,0.00269417114756152,0.394699574549284,0.180410915495638,trans,Towards UnRx
SCGB1D2,ENSG00000124935,-1.99535893945344,1.01127649784292e-11,-3.35178910878601,4.03315318039467e-20,trans,Towards UnRx
SCGB2A1,ENSG00000124939,-1.79837823972919,8.35482387307438e-11,-2.67173636620279,4.17371149947185e-16,trans,Towards UnRx
SCGB2A2,ENSG00000110484,-3.55167390598786,1.18744929606895e-18,-4.10754289864754,4.1001959135426e-19,trans,Towards UnRx
SCRG1,ENSG00000164106,-0.679356639564893,0.00491052703419768,0.347900619347973,0.272334643542845,trans,Away from UnRx
SDCBP,ENSG00000137575,0.866844920199315,9.1471354242871e-12,0.261505902472286,0.152907527582698,trans,Towards UnRx
SDCBP2,ENSG00000125775,0.830051045873938,0.0028445849349158,-0.413197726092049,0.253470103380377,trans,Away from UnRx
SDHD,ENSG00000204370,0.637517375564255,0.000359956640143561,-0.455741393839815,0.0225649346051967,trans,Away from UnRx
SEC11C,ENSG00000166562,0.663375028913067,7.17193653012698e-06,0.412042288751375,0.0125164965387955,trans,Towards UnRx
SELENBP1,ENSG00000143416,-0.510294074113579,0.00948298082129336,0.121708231659973,0.679389264276192,trans,Away from UnRx
SELENOM,ENSG00000198832,-0.549609829639728,0.00884828744550478,0.0583070012789934,0.890343929631557,trans,Away from UnRx
SELENOP,ENSG00000250722,0.747629461142241,5.19401242888388e-06,0.907054419612967,2.23466853832555e-06,trans,Towards UnRx
SEMA3C,ENSG00000075223,0.905143541686917,0.000810370843889436,1.98898233255593,2.5866021768532e-10,trans,Towards UnRx
SEMA4A,ENSG00000196189,-0.595146185526967,0.00865352949542758,-0.301711159239246,0.31454957826441,trans,Towards UnRx
SEMA6A,ENSG00000092421,-0.985978652379007,2.38918355604078e-05,-0.668900175476485,0.0268717300500599,trans,Towards UnRx
SERINC2,ENSG00000168528,0.644167756706499,0.000484487306660384,0.256252341789093,0.284479696717302,trans,Towards UnRx
SESN3,ENSG00000149212,-0.74858336750855,0.00263389076533752,0.201191801677028,0.752851507612894,trans,Away from UnRx
SFRP1,ENSG00000104332,-1.03910772853207,4.84134007400111e-08,-0.38948447133511,0.115828215110375,trans,Towards UnRx
SGMS1,ENSG00000198964,0.695281519874488,0.00330870368151296,0.946034611952943,0.000563849368728177,trans,Towards UnRx
SH2D4A,ENSG00000104611,0.726680904040866,0.00234159320970545,0.727474638533228,0.0092801073039874,trans,Towards UnRx
SHQ1,ENSG00000144736,0.803545429802618,0.00033539106580321,0.793347400626292,0.00387703784988746,trans,Towards UnRx
SIRT5,ENSG00000124523,0.700725393908843,0.00246386079892891,0.13714522619173,0.701763838051892,trans,Towards UnRx
SLBP,ENSG00000163950,0.517045735389481,0.00476783926041433,-0.0822131022826004,0.767556530389572,trans,Away from UnRx
SLC12A2,ENSG00000064651,0.656881562529531,0.00428001009526482,1.55704922682258,4.32137919472186e-10,trans,Towards UnRx
SLC29A1,ENSG00000112759,-0.720251405413399,0.000374647712520281,-0.822234340685568,0.000278302263760359,trans,Towards UnRx
SLC2A1,ENSG00000117394,-0.67461298489293,0.00133030835258825,-1.45484116772788,7.63000926728714e-11,trans,Towards UnRx
SLC31A1,ENSG00000136868,0.717312294983884,6.46309054353217e-06,0.682111880842425,0.000189613244512584,trans,Towards UnRx
SLC34A2,ENSG00000157765,0.730358017740345,0.00540324998195189,0.300730104260216,0.364036624404033,trans,Towards UnRx
SLC35B3,ENSG00000124786,1.03800287484998,1.4084853207257e-07,0.58224897409651,0.0195979056631917,trans,Towards UnRx
SLC35F6,ENSG00000213699,0.631231064344005,9.23935140803721e-05,0.506015173550775,0.00903885183525202,trans,Towards UnRx
SLC39A8,ENSG00000138821,0.525395379996567,0.00649717238909919,0.403678782067164,0.0922558746298329,trans,Towards UnRx
SLC41A1,ENSG00000133065,-0.641009883570652,0.00182609234567289,-0.0416618697829561,0.982873545515859,trans,Towards UnRx
SLC46A3,ENSG00000139508,0.61864860433608,0.00457062726923478,0.497563249521061,0.0553866213258432,trans,Towards UnRx
SLC4A2,ENSG00000164889,0.653341954105971,0.00197552503129195,0.937102603397183,0.000180191755349584,trans,Towards UnRx
SLC52A2,ENSG00000185803,-0.576117082849397,1.42359236034816e-05,0.0859028965966297,0.704586477171903,trans,Away from UnRx
SLC5A3,ENSG00000198743,0.716342768527488,0.00137467869288026,-0.164692448562315,0.610452135757693,trans,Away from UnRx
SLC6A8,ENSG00000130821,-0.556383038468764,0.00649335024697028,-0.291565007293807,0.287023853067603,trans,Towards UnRx
SLFN5,ENSG00000166750,0.790085181190784,0.000293758920609081,1.45257055696815,4.05779490327644e-09,trans,Towards UnRx
SLPI,ENSG00000124107,0.773825897742328,0.0001573441975469,0.77944815869099,0.000717545151221066,trans,Towards UnRx
SMIM14,ENSG00000163683,0.784903720804002,1.32400488227718e-05,0.0786000258828422,0.80593432892478,trans,Towards UnRx
SMYD3,ENSG00000185420,-0.704066007462163,0.00110158311054802,-0.563563907730052,0.0361127933653358,trans,Towards UnRx
SNAI2,ENSG00000019549,-1.05490450718277,9.23935140803721e-05,0.101406471104166,0.858058493319115,trans,Away from UnRx
SNAP23,ENSG00000092531,0.680484887181318,0.0017588165253634,-0.0524935411349409,0.898186628880818,trans,Away from UnRx
SNHG9,ENSG00000255198,-0.530633246571933,6.64627007516112e-05,0.859381200956566,4.75421252985692e-08,trans,Away from UnRx
SNN,ENSG00000184602,0.566978732716216,0.00625570800351179,-0.00360364170827981,0.994397460728139,trans,Away from UnRx
SNX3,ENSG00000112335,0.561666460313066,2.01232648910547e-08,0.0593437802780337,0.693273619671301,trans,Towards UnRx
SP110,ENSG00000135899,0.878183279532798,0.000102145321218298,0.719456157070738,0.00888652140985503,trans,Towards UnRx
SPARCL1,ENSG00000152583,-0.98262174096012,0.00143371580447483,-0.764746957316962,0.0278493091042891,trans,Towards UnRx
SPR,ENSG00000116096,0.514829360981151,0.00280990639748934,0.343339396583854,0.096894722456061,trans,Towards UnRx
SQLE,ENSG00000104549,-1.20925408246678,2.9038860463639e-11,-0.294799854795756,0.239225483179594,trans,Towards UnRx
SQOR,ENSG00000137767,0.632748325023565,0.00118694728671012,0.345462711783496,0.151190927218809,trans,Towards UnRx
SRD5A1,ENSG00000145545,0.609121970013008,0.00591449207109002,0.447384329252505,0.0862252483101163,trans,Towards UnRx
SRD5A3,ENSG00000128039,1.08271588069463,2.91121113104355e-08,0.622151317378397,0.00961793070197417,trans,Towards UnRx
SSBP3,ENSG00000157216,-0.652004757789505,0.000275581565453631,0.123053284203541,0.65848780218522,trans,Away from UnRx
SSBP4,ENSG00000130511,-0.869369445870005,1.73266480309209e-06,-0.52763284545974,0.01682228945933,trans,Towards UnRx
SSR1,ENSG00000124783,0.639094883487562,6.89855722889834e-05,-0.355972895671987,0.035984714532654,trans,Away from UnRx
ST6GALNAC4,ENSG00000136840,-1.03331399001001,1.97978428340593e-07,-0.15350799056692,0.659063963365081,trans,Towards UnRx
STAM2,ENSG00000115145,0.771589191537598,0.000161687219301885,0.114805403546773,0.717022351116784,trans,Towards UnRx
STAT1,ENSG00000115415,0.675080759124692,0.000108320867266381,1.17057572833342,1.27933654039217e-08,trans,Towards UnRx
STC1,ENSG00000159167,-2.25191248629613,3.28403020170303e-14,-2.76342979041407,1.05547870370318e-18,trans,Towards UnRx
SULF2,ENSG00000196562,-1.04084302544363,2.6581008027998e-06,0.0893411252205727,0.855029689195369,trans,Away from UnRx
SUSD3,ENSG00000157303,-0.714828662287147,0.00156780431345008,-0.10642321490291,0.875951791241521,trans,Towards UnRx
SUSD4,ENSG00000143502,0.991542570960528,2.00635497617518e-05,1.00293126279227,0.000109414565837653,trans,Towards UnRx
SVIP,ENSG00000198168,0.540928186954824,0.00154474000398774,-0.114014705071659,0.612961244671775,trans,Away from UnRx
SWAP70,ENSG00000133789,-0.545834291303863,0.00884836967116498,-0.211433435108503,0.470025784584359,trans,Towards UnRx
SYNM,ENSG00000182253,-1.37633255934727,2.31163442372707e-11,0.202271678202186,0.548217390911754,trans,Away from UnRx
SYTL1,ENSG00000142765,-0.731835961314669,0.00109977318467427,0.336417583527954,0.335457038725169,trans,Away from UnRx
TANK,ENSG00000136560,0.74601505097128,2.38298936040041e-08,0.332004467708124,0.0325565015838636,trans,Towards UnRx
TBC1D23,ENSG00000036054,0.762701591560749,4.53024012204764e-05,-0.0820293359223133,0.780373314173464,trans,Away from UnRx
TCF7,ENSG00000081059,-0.817237317361365,0.000170391917725275,0.0509270903405783,0.920438293867697,trans,Away from UnRx
TCF7L1,ENSG00000152284,-0.596441618619578,0.00136644737973674,-0.309376682246373,0.220269950045171,trans,Towards UnRx
TCTA,ENSG00000145022,0.584259941011832,0.00308863008761137,0.551706026078801,0.0165950699847386,trans,Towards UnRx
TEAD4,ENSG00000197905,-0.573203490692484,0.00804012913959931,-0.559745698686162,0.0637921317321644,trans,Towards UnRx
TF,ENSG00000091513,2.98388700873296,5.68776650009236e-18,3.01369099170113,6.22256545525236e-13,trans,Towards UnRx
TFAP2A,ENSG00000137203,1.04906544750486,1.97454157177363e-06,-0.334765645942534,0.188704598323665,trans,Away from UnRx
TFAP2B,ENSG00000008196,0.774093753893783,0.00948430473804535,2.40990942933482,2.13243900238779e-11,trans,Towards UnRx
TFB2M,ENSG00000162851,0.700985887213343,0.000132100440062957,-0.174980360620551,0.46882043396719,trans,Away from UnRx
TFG,ENSG00000114354,0.900613923030875,6.19757108415835e-11,-0.408159725089317,0.00458708141211631,trans,Away from UnRx
TFPI,ENSG00000003436,0.773815706157164,0.000974081611382477,1.11663313665332,3.99741452536958e-05,trans,Towards UnRx
TGFA,ENSG00000163235,0.82429263559493,0.00066477250576364,0.612046516826116,0.0350541059970056,trans,Towards UnRx
THRSP,ENSG00000151365,0.94534198483227,0.001226103301534,0.303952814315435,0.429887323169871,trans,Towards UnRx
TIGD2,ENSG00000180346,0.648928904396113,0.00263430953688631,0.399831651420075,0.136676604018089,trans,Towards UnRx
TIMM44,ENSG00000104980,-0.557420478496378,0.00218984665674157,0.13316016322337,0.650102370013078,trans,Away from UnRx
TLR1,ENSG00000174125,0.67359355548,0.00607087769463035,0.715366126664685,0.0145904181312441,trans,Towards UnRx
TMEM123,ENSG00000152558,0.76784556867114,1.69162406502649e-09,-0.261786364991412,0.107112580008291,trans,Away from UnRx
TMEM14B,ENSG00000137210,0.76413419887324,1.29177735896239e-09,-0.325382560561149,0.0131401443353422,trans,Away from UnRx
TMEM14C,ENSG00000111843,0.756952176362452,8.00547278374873e-10,-0.115731014640935,0.426473945359976,trans,Away from UnRx
TMEM165,ENSG00000134851,0.709062542418393,2.33102166199912e-08,0.763093566178732,7.92065206197882e-08,trans,Towards UnRx
TMEM185B,ENSG00000226479,0.694879987063668,0.000720073247159447,0.958510036707,3.11554646769072e-05,trans,Towards UnRx
TMEM189,ENSG00000240849,0.57127099693113,0.00197552503129195,0.496327355129342,0.0171513375947987,trans,Towards UnRx
TMEM213,ENSG00000214128,1.15247344670123,9.93638755630873e-06,1.42549316244514,3.69373865675534e-06,trans,Towards UnRx
TMEM231,ENSG00000205084,-0.739191041358813,0.00246386079892891,-0.0711928032476769,0.988353257264008,trans,Towards UnRx
TMEM254,ENSG00000133678,0.617166049025356,0.00155627576388432,0.435905472800158,0.0541140612340558,trans,Towards UnRx
TMEM38B,ENSG00000095209,0.65899377070152,0.00656312884662273,-0.0345124539745309,0.940213098924215,trans,Away from UnRx
TMEM45A,ENSG00000181458,0.941974028301163,1.58287558187448e-05,-1.26737176721766,1.28270770873278e-07,trans,Away from UnRx
TMEM68,ENSG00000167904,0.582720576939386,0.0045656058465076,0.868457751799392,0.000166387486912508,trans,Towards UnRx
TMEM80,ENSG00000177042,0.606133263641816,0.00281540413032897,0.409926128360127,0.104711644746419,trans,Towards UnRx
TMEM87A,ENSG00000103978,0.663621010196862,5.69850759453587e-05,0.690941032786512,0.00013233082301421,trans,Towards UnRx
TNC,ENSG00000041982,-2.48689031958647,5.51628268280939e-27,-1.59744967916301,7.18577305282969e-10,trans,Towards UnRx
TNFAIP6,ENSG00000123610,1.08900617807831,2.97043301398652e-05,1.29941080009962,3.59832115493537e-05,trans,Towards UnRx
TNFSF10,ENSG00000121858,0.981918769542632,6.83545332556122e-05,0.975824297031549,0.000679627928104478,trans,Towards UnRx
TNFSF9,ENSG00000125657,0.84606834362824,0.00109977318467427,0.974285721053523,0.00176790706742461,trans,Towards UnRx
TNNT1,ENSG00000105048,-0.57844231281151,0.00559178164176368,0.568663207503968,0.0273267163468204,trans,Away from UnRx
TNS3,ENSG00000136205,-0.655401452257966,0.00319013936174989,0.569464393356961,0.0438579339476959,trans,Away from UnRx
TOM1L1,ENSG00000141198,0.695639632267251,0.00139195891559803,-0.0427837123402286,0.922110007658974,trans,Away from UnRx
TOMM70,ENSG00000154174,0.841048117161365,5.85076056656125e-07,0.145465774865539,0.572215375970932,trans,Towards UnRx
TPM1,ENSG00000140416,-1.05295927316519,7.30839378879312e-07,-0.727723834847183,0.00322822086345877,trans,Towards UnRx
TPM2,ENSG00000198467,-1.91511425258433,2.96579356824831e-19,-1.11140680513216,3.90954777710426e-06,trans,Towards UnRx
TPM4,ENSG00000167460,-0.761895807968428,1.40419233804634e-08,-0.531217395502957,0.000563719990632758,trans,Towards UnRx
TPRA1,ENSG00000163870,0.555288451630306,0.00443117167059899,0.676902518228414,0.00318710849103336,trans,Towards UnRx
TRA2A,ENSG00000164548,-0.674813206373579,5.85358563226411e-05,0.186515315616641,0.476506341463503,trans,Away from UnRx
TRAF5,ENSG00000082512,-0.629272306194977,0.00413136593535696,-0.351825329087113,0.269466222166776,trans,Towards UnRx
TRIM56,ENSG00000169871,0.510418317523847,0.00414794720813015,1.39743483052758,3.12113218725115e-12,trans,Towards UnRx
TRMT10C,ENSG00000174173,0.534374817026998,0.000974081611382477,-0.207718264247672,0.315114702938708,trans,Away from UnRx
TRPM4,ENSG00000130529,1.04765333357021,7.30319658251035e-05,0.33683252319663,0.352740703670885,trans,Towards UnRx
TSPAN13,ENSG00000106537,0.813797700317909,1.71553566314754e-05,-0.140817757469222,0.586475796499036,trans,Away from UnRx
TSPAN33,ENSG00000158457,0.630448370211468,0.000381893442615909,0.331008069285026,0.140653072396059,trans,Towards UnRx
TTLL4,ENSG00000135912,0.880778118309509,9.00898058805948e-08,0.89874488851345,1.95673211748172e-06,trans,Towards UnRx
TTYH1,ENSG00000167614,-0.663238396631836,0.00848863582938533,-0.263086860002612,0.455183448643215,trans,Towards UnRx
TUBA1A,ENSG00000167552,-0.970026495229235,1.1906653342164e-06,-0.432968809570229,0.105337926780391,trans,Towards UnRx
TUBB6,ENSG00000176014,-0.630414406417972,0.000214949044689179,-0.71938997941215,7.97748294354732e-05,trans,Towards UnRx
TXNIP,ENSG00000265972,0.771895620810568,0.00136644737973674,1.46008809341492,1.35463478337592e-07,trans,Towards UnRx
TYMP,ENSG00000025708,0.678567327129294,5.27628119142805e-05,1.50901789575567,4.15177837567045e-13,trans,Towards UnRx
UBA2,ENSG00000126261,0.707040383842536,1.42359236034816e-05,0.437323302656779,0.0189859930282263,trans,Towards UnRx
UBE3C,ENSG00000009335,0.627588423771331,0.00135572314236212,0.232448286790911,0.385368016405663,trans,Towards UnRx
UCP2,ENSG00000175567,0.725022637389851,0.000686554279426785,0.522273472719473,0.0386198120069269,trans,Towards UnRx
UGCG,ENSG00000148154,0.698727653532532,0.000523616792284018,0.370737052139494,0.149146495704243,trans,Towards UnRx
UTRN,ENSG00000152818,-0.735952880077986,0.00177408121256996,-0.0221841500396194,0.99514303945089,trans,Towards UnRx
VASP,ENSG00000125753,-0.643073786523519,0.000827354456419983,-0.270524286230356,0.312310742335753,trans,Towards UnRx
VGLL1,ENSG00000102243,-0.616978194760904,0.00640446377729648,-0.951876022246442,0.000197650393233666,trans,Towards UnRx
VIM,ENSG00000026025,-2.03574674518902,3.59875067191449e-14,-2.00052324087892,5.51091780327018e-13,trans,Towards UnRx
VMP1,ENSG00000062716,0.669344965840291,4.3156766138841e-06,0.624253113062366,0.000346099442966737,trans,Towards UnRx
VTCN1,ENSG00000134258,-0.634886407611609,0.00096073517004486,-0.214216817114769,0.448761424368092,trans,Towards UnRx
WASL,ENSG00000106299,0.538112669822127,5.52018357333288e-05,0.136128383693336,0.413284997447351,trans,Towards UnRx
WWP1,ENSG00000123124,-0.550429428288827,0.00859871139932644,0.197588951440093,0.520584501140873,trans,Away from UnRx
XBP1,ENSG00000100219,0.772376582956561,4.61444909702135e-05,-0.0439714069719076,0.918419218576993,trans,Away from UnRx
XRCC2,ENSG00000196584,0.651827370555803,0.00643768230940935,0.295387904994692,0.346792746620008,trans,Towards UnRx
YBX3,ENSG00000060138,-0.519311853981533,0.000658191689305351,-0.451258047735958,0.0135283566987534,trans,Towards UnRx
YEATS2,ENSG00000163872,-0.57672898166969,0.00859871139932644,-0.381741686738677,0.165833803724665,trans,Towards UnRx
YIPF4,ENSG00000119820,0.519441528447883,0.00105012630716089,0.13817403009497,0.518656216612144,trans,Towards UnRx
ZBTB20,ENSG00000181722,-0.902149019447224,4.94818454177254e-07,-0.377334920141687,0.131563761225597,trans,Towards UnRx
ZC3H12A,ENSG00000163874,0.501863691806217,0.00251233506230833,1.03021238298733,2.05989801393363e-09,trans,Towards UnRx
ZDHHC13,ENSG00000177054,0.638258903110978,0.000590723282169506,0.00258001356852129,0.997086966440635,trans,Towards UnRx
ZDHHC2,ENSG00000104219,0.983934795261076,2.68298973159056e-06,-0.0850380441726327,0.823989975718169,trans,Away from UnRx
ZFAND2A,ENSG00000178381,0.867742001036829,0.000333347469569992,0.591132522072606,0.0461798961644542,trans,Towards UnRx
ZFP36,ENSG00000128016,0.523915471090243,0.00383924126618847,-0.131453390598909,0.646477559659912,trans,Away from UnRx
ZG16B,ENSG00000162078,1.42384240201006,9.22023388059374e-07,0.731209578987167,0.051140455471104,trans,Towards UnRx
ZNF117,ENSG00000152926,1.35058814951977,4.05720153523139e-10,2.04620545706401,1.10070548071716e-16,trans,Towards UnRx
ZNF117,ENSG00000152926,1.35058814951977,4.05720153523139e-10,2.04620545706401,1.10070548071716e-16,trans,Towards UnRx
ZNF267,ENSG00000185947,0.649650722569574,0.00330870368151296,0.40740962731585,0.129319757203559,trans,Towards UnRx
ZNF302,ENSG00000089335,0.89430040812489,4.3156766138841e-06,1.07316416239935,2.45717540653441e-06,trans,Towards UnRx
ZNF33B,ENSG00000196693,0.637720533127642,0.00535321542141641,0.427660714474386,0.137305837162401,trans,Towards UnRx
ZNF599,ENSG00000153896,0.734992291120607,9.85734224502241e-05,0.379110270934284,0.111224059212892,trans,Towards UnRx
ZNF667-AS1,ENSG00000166770,0.648025029973218,0.000897778353603607,0.613948894875243,0.0105792237951946,trans,Towards UnRx
ZNF678,ENSG00000181450,0.640089649724516,0.00494293618609532,0.658465654582062,0.0113752737158261,trans,Towards UnRx
ZNF726,ENSG00000213967,0.827090199201046,0.00049642654273311,0.388355116995503,0.214563177016485,trans,Towards UnRx
ZNF800,ENSG00000048405,0.580852484908746,0.000647632557068324,0.653824808396041,0.000226321701781507,trans,Towards UnRx
ZSCAN30,ENSG00000186814,-0.605464926839078,0.0066793723071328,0.683055305513791,0.0252979873530059,trans,Away from UnRx
ZSWIM8,ENSG00000214655,-0.620020847908327,0.00496428141843115,0.279697234510582,0.480982996735969,trans,Away from UnRx
