gene_symbol,ensembl_gene_id,TvsH.logFC,TvsH.FDR,TvsU.logFC,TvsU.FDR,direction
AAED1,ENSG00000158122,-0.268508632376074,0.120434991296709,-0.624323935489555,0.00060715842233768,Repressed
ACAA2,ENSG00000167315,0.136451883772239,0.257956060897006,0.772165669561655,7.41952705287779e-09,Activated
ACHE,ENSG00000087085,-0.308253255052503,0.130716980767105,-0.607556507014019,0.00131406950211652,Repressed
ADA2,ENSG00000093072,0.0121746043890438,0.96210318107786,-0.667731043950123,0.000907031184414888,Repressed
ADGRG1,ENSG00000205336,0.0156468237459958,0.943912700661205,-0.670923267723808,4.53585040806102e-06,Repressed
AGPAT1,ENSG00000204310,0.059836221428991,0.931427926597942,-0.534372677662987,0.000762737644727282,Repressed
AGTPBP1,ENSG00000135049,0.24910617294428,0.123537017359192,0.872785698327485,1.7142329120436e-05,Activated
AIG1,ENSG00000146416,0.037562029907566,0.843245472432869,0.668394370376439,7.01060474131896e-05,Activated
ALDH16A1,ENSG00000161618,0.0692926316449207,0.737185167346521,0.797347637669296,5.8424855130306e-05,Activated
ALDH1L2,ENSG00000136010,0.251996874814158,0.150271567647205,0.703982498816659,0.000762633350002071,Activated
ALDH7A1,ENSG00000164904,0.0746885618598408,0.595431922361229,0.508881036453033,0.000434008336143668,Activated
ALG13,ENSG00000101901,-0.206731854138485,0.165677299393822,-0.662029122949014,8.65610295579417e-05,Repressed
ALKBH4,ENSG00000160993,-0.0542516240999222,0.752469455957736,0.668589118003895,0.000122881253580508,Activated
ALYREF,ENSG00000183684,-0.0670887638161809,0.652033839531519,0.57618817780697,0.000127175526027943,Activated
AMOTL1,ENSG00000166025,0.236316303842579,0.182586790308907,-0.680644669830184,3.91695405954197e-05,Repressed
ANAPC4,ENSG00000053900,0.0984972549338093,0.598036815065043,0.552086969333458,0.00945390360888109,Activated
ANAPC7,ENSG00000196510,0.149078674930738,0.307314541765263,0.645517826454924,0.000151248039517792,Activated
ANG,ENSG00000214274,0.0798957852913388,0.739178794098724,-1.75473102767574,1.05367894912234e-23,Repressed
ANK3,ENSG00000151150,0.148181436748769,0.303686380660882,-0.897105526721318,2.05373418564923e-13,Repressed
ANKH,ENSG00000154122,0.139134689988833,0.517155933949803,0.500142215915357,0.00977078479742118,Activated
ANKRD16,ENSG00000134461,0.153120194176117,0.423776323044249,0.724071281387067,4.96395412598827e-05,Activated
ANKRD36B,ENSG00000196912,-0.00618350874503297,0.998257028200641,0.652431633146957,0.00174654578768339,Activated
ANP32E,ENSG00000143401,0.145996357175,0.285709292203195,0.761647906007557,1.07858815568169e-07,Activated
ANXA2R,ENSG00000177721,-0.223248052292149,0.188668311771723,-0.582677745239084,0.00181494114811296,Repressed
APOC1,ENSG00000130208,0.110211981806618,0.432305319251737,0.903192551664284,1.55904096608841e-09,Activated
APOM,ENSG00000204444,-0.127885991001014,0.583840832880049,-0.592716834697563,0.00398441889743599,Repressed
ARFRP1,ENSG00000101246,0.0813150472214785,0.652033839531519,0.506063946725067,0.0052780822020942,Activated
ARHGAP11A,ENSG00000198826,0.222667048984494,0.241219757976139,1.0110713515943,4.06093124135679e-06,Activated
ARHGDIB,ENSG00000111348,0.120202350902078,0.422881190600668,-0.799070592503733,3.1420430247906e-10,Repressed
ARHGDIG,ENSG00000242173,0.145027743680153,0.515834485702304,0.913423425807503,1.75237087136489e-05,Activated
ARL4C,ENSG00000188042,0.177904470420272,0.387631491776404,-0.636328859586035,0.000540648276806844,Repressed
ARL6IP5,ENSG00000144746,0.0384672681053032,0.799379351293238,-0.557432123346879,4.52078763347076e-07,Repressed
ARMC1,ENSG00000104442,0.145424532609886,0.394267531162606,0.660694383738494,4.16032071732944e-05,Activated
ARRDC2,ENSG00000105643,0.185012610843919,0.27209160109645,0.725971855506885,0.000159994254621035,Activated
ARRDC3,ENSG00000113369,-0.0710321336429966,0.739051698007919,-0.584334396638716,0.00360222153463808,Repressed
ARSG,ENSG00000141337,0.0895010600783805,0.649041428733655,-0.658041328453391,0.00101938207579125,Repressed
ART3,ENSG00000156219,-0.172422036365472,0.14859526598286,-0.747608209694945,8.03668010032604e-11,Repressed
ASAP1,ENSG00000153317,0.198483651510178,0.15755572388836,0.967120187388308,5.77891856812861e-09,Activated
ASCC2,ENSG00000100325,0.0351342812035516,0.853017753996053,0.554826656750656,0.00325745134705626,Activated
ASF1B,ENSG00000105011,0.188218731352998,0.304445218342333,0.595733651958323,0.00347334632352542,Activated
ASPG,ENSG00000166183,0.122719464075051,0.577900216893404,0.74816599474892,0.000772531797097111,Activated
ASPH,ENSG00000198363,0.0692287335843325,0.917149015972238,0.814674914382562,7.09428222551051e-06,Activated
ASPM,ENSG00000066279,0.234317736985935,0.24762662719864,0.843983253079455,0.000355306356624017,Activated
ATP6V0E1,ENSG00000113732,0.0636443017714317,0.832195937979622,-0.574572328778828,4.87704324380366e-11,Repressed
ATP6V1G1,ENSG00000136888,-0.0317144063674484,0.732388578351882,-0.588093326836264,5.06435101596048e-15,Repressed
AURKA,ENSG00000087586,-0.0726840279558362,0.757734037374309,1.40105461617798,3.0520113731762e-09,Activated
AURKB,ENSG00000178999,-0.0396885911122854,0.863803288116319,1.09728785428395,4.62378597714182e-07,Activated
AVEN,ENSG00000169857,0.129492506636619,0.329786489666018,0.506976951943934,0.000810201241338985,Activated
BAG4,ENSG00000156735,0.192676514807632,0.191807274321547,-0.674949662191034,1.87237726618291e-06,Repressed
BATF,ENSG00000156127,-0.262585344853059,0.104181018571638,-0.555458317131275,0.00155091330170531,Repressed
BBOX1,ENSG00000129151,-0.103392207147264,0.564284020528881,-0.91810260082114,1.63352411384561e-06,Repressed
BCAP31,ENSG00000185825,0.0647747236310096,0.625315492832214,0.558002607004354,4.10713307514636e-06,Activated
BCL10,ENSG00000142867,0.132079517949671,0.383683542955614,-0.506846671657965,0.000490149077210273,Repressed
BCL2L14,ENSG00000121380,0.152986100560517,0.449000723646887,0.875869529633219,2.69753923118399e-05,Activated
BCL6,ENSG00000113916,-0.0384782049744107,0.911918159369678,-0.922500491129439,8.89335481534068e-07,Repressed
BHLHE41,ENSG00000123095,0.102134450954095,0.67915970506258,1.01225158404604,2.95028786105729e-05,Activated
BICD1,ENSG00000151746,-0.0403334066294705,0.8596693803474,0.68294986297995,0.000356020763783661,Activated
BLMH,ENSG00000108578,-0.0799697643470729,0.635413818419772,1.23242407532735,9.07269904084469e-11,Activated
BLVRA,ENSG00000106605,-0.195673899059523,0.257312149840929,-0.767333184756134,5.8316836373515e-06,Repressed
BMPR2,ENSG00000204217,0.062473291574605,0.756628319413934,-0.545323727417989,0.00113135336015567,Repressed
BNIP3L,ENSG00000104765,-0.0322008221457738,0.892890970439491,-0.760178718747332,1.05353000636e-05,Repressed
BNIPL,ENSG00000163141,-0.0541753409290149,0.830768165078044,-0.586210085581506,0.00148252256538824,Repressed
BRD8,ENSG00000112983,0.175429249217571,0.297256922678452,0.558633031490609,0.00377421138054472,Activated
BUB1,ENSG00000169679,-0.0821737400187278,0.713701537287869,0.914768109487928,5.19512228130018e-05,Activated
BUB3,ENSG00000154473,-0.122759329129791,0.350828488661914,0.575290893751147,0.00011439809578474,Activated
BZW2,ENSG00000136261,0.142680270107534,0.104585023525491,0.54148169332249,2.20333720118083e-08,Activated
C12orf75,ENSG00000235162,-0.00279667721257932,0.991313278706436,0.967599832954621,8.51162110884634e-07,Activated
C15orf65,ENSG00000261652,-0.216487072257894,0.331407487217539,-0.889458955575139,1.46027964939013e-05,Repressed
C19orf33,ENSG00000167644,-0.149414805667314,0.436618651986128,1.98048676460248,1.61319960114573e-17,Activated
C19orf48,ENSG00000167747,-0.159972193663166,0.196747428375344,0.573041141803179,0.000146635779166282,Activated
C1orf109,ENSG00000116922,0.11318948948561,0.611261003817411,0.507368687899972,0.00421086031341699,Activated
C1orf131,ENSG00000143633,0.139022107216899,0.216175251634651,0.507025293383861,9.44020690367434e-05,Activated
C20orf96,ENSG00000196476,0.150528823442619,0.460114495525253,0.512738572537179,0.00566983582567204,Activated
C21orf58,ENSG00000160298,0.115215701882393,0.548432985096402,0.633122122593356,0.00227587318876683,Activated
C4orf3,ENSG00000164096,0.142508834326419,0.159489194005648,-1.24684458592496,2.07685213346497e-34,Repressed
C6orf226,ENSG00000221821,-0.256002788038669,0.123537017359192,-0.58326424022829,0.00144561366646506,Repressed
C8orf33,ENSG00000182307,0.156441486544867,0.194845380081652,0.820437955132959,7.64076693816953e-09,Activated
C8orf59,ENSG00000176731,-0.101124266289807,0.224322657371788,0.627792496106044,4.07451847953879e-12,Activated
C8orf82,ENSG00000213563,0.02288004405668,0.866435932018863,0.968219250012784,1.20517837724397e-14,Activated
C9orf85,ENSG00000155621,-0.133117510762487,0.510234400765548,-0.522777411465048,0.00353247539076487,Repressed
CALD1,ENSG00000122786,0.161479489473932,0.190839630678288,0.817188065141146,4.89733616939572e-11,Activated
CAMK1D,ENSG00000183049,-0.101785574482997,0.715419149621147,-0.517989083842627,0.00456757332393493,Repressed
CAMK2D,ENSG00000145349,-0.1745708907136,0.290978862896881,-0.547262316354103,0.000970748537381442,Repressed
CAMK2N1,ENSG00000162545,-0.0259068174699348,0.927531813592654,-0.791502153619072,4.11745139063641e-08,Repressed
CAPS,ENSG00000105519,0.0804675958734551,0.644264427126082,1.29255964596376,2.2300961391044e-13,Activated
CARHSP1,ENSG00000153048,0.174748710922746,0.138281003329245,-0.543682937612892,2.03558880989258e-06,Repressed
CAT,ENSG00000121691,-0.143783199561503,0.348974733044894,-0.507970669331043,0.00132462059386065,Repressed
CBFB,ENSG00000067955,0.0728845107597208,0.814786750982549,0.744825419367591,5.09581727488216e-05,Activated
CCDC107,ENSG00000159884,0.029490683942889,0.869202923687119,-0.533388926555008,0.00030690529170542,Repressed
CCDC127,ENSG00000164366,0.127339990927278,0.447120793131144,0.589980968347257,0.000376979879363115,Activated
CCDC14,ENSG00000175455,0.214020277018967,0.131250835866578,0.538856265984249,0.000852885035654639,Activated
CCDC58,ENSG00000160124,0.0267267782741933,0.994063273849706,0.663159273682135,0.000182329252141502,Activated
CCDC71L,ENSG00000253276,-0.0808811268892566,0.62672504202095,-0.509656536005338,0.000962160926059186,Repressed
CCDC85B,ENSG00000175602,-0.0473094576722993,0.727414420363807,0.663468516096799,2.32837555277458e-07,Activated
CCDC86,ENSG00000110104,-0.111887412118312,0.500220923787943,0.620750846079871,0.000536621700744517,Activated
CCDC88C,ENSG00000015133,0.19033323577157,0.229991298731922,0.594003877964806,0.00247564862893047,Activated
CCNA2,ENSG00000145386,0.0659321328041824,0.780850773729589,0.903063592375568,4.63798032254151e-05,Activated
CCNB1,ENSG00000134057,-0.295128711761041,0.114330286070104,1.37129397183899,1.01738416646837e-08,Activated
CCNB2,ENSG00000157456,-0.206118587186837,0.253420897748101,0.857272920872754,8.13449638960076e-05,Activated
CCNE1,ENSG00000105173,0.197790872186124,0.24201014290634,0.509679801290161,0.00859600973850346,Activated
CD180,ENSG00000134061,-0.0654719512687132,0.742897301478555,0.842802102854608,7.1648025336783e-05,Activated
CD320,ENSG00000167775,-0.0488334216909342,0.709781068479999,1.04028896991347,1.86634585412018e-14,Activated
CDC42EP4,ENSG00000179604,0.0484021519365811,0.760859695758625,0.569169135393971,0.000158702970762808,Activated
CDCA2,ENSG00000184661,0.175641398202554,0.273703787923445,1.00583877350217,2.21820293212737e-08,Activated
CDCA3,ENSG00000111665,-0.200891752670771,0.297612778541705,1.25759523415415,2.93245116691503e-08,Activated
CDCA4,ENSG00000170779,0.109449496034033,0.529442312457205,0.909002566736764,5.74721598258152e-07,Activated
CDCA5,ENSG00000146670,0.0614515705332252,0.781429114482775,0.641369505335942,0.0022797843500902,Activated
CDCA7,ENSG00000144354,-0.0689974613512343,0.753875351744369,0.606359977660734,0.00325980059589836,Activated
CDCA8,ENSG00000134690,-0.126918976762727,0.56608906733013,0.943610321071937,3.0941248596945e-05,Activated
CDK1,ENSG00000170312,0.316150137217384,0.106193832045341,0.866447283531634,0.000139622199692329,Activated
CDK11B,ENSG00000248333,0.0264122491569037,0.860480446905178,0.553967004972163,3.14381217201653e-05,Activated
CDK5RAP3,ENSG00000108465,-0.211252436306807,0.133795882831905,0.544812424213951,0.000854302966540467,Activated
CDKN1A,ENSG00000124762,-0.00102122112600028,0.959867551697521,-0.874912903465803,3.09390760118993e-06,Repressed
CDKN1C,ENSG00000129757,-0.179438834912939,0.463188330812182,-1.19466624088358,1.51495678654723e-09,Repressed
CEACAM1,ENSG00000079385,0.0177278848857675,0.938932090656959,0.657510346986545,0.00186944746015537,Activated
CENPA,ENSG00000115163,-0.0130770000976119,0.967857356342409,0.851825160193607,0.00010701440335924,Activated
CENPE,ENSG00000138778,0.261953295960671,0.20107446222946,1.37769111847319,1.63111523937522e-08,Activated
CENPF,ENSG00000117724,0.304403524781224,0.135503163933359,1.32064498621538,6.9786217352052e-09,Activated
CENPH,ENSG00000153044,0.231542372800961,0.23208094317884,0.794977193085364,2.72886979844264e-05,Activated
CENPK,ENSG00000123219,0.196757523551589,0.23495891488892,0.635886255202123,0.000919467773387319,Activated
CENPM,ENSG00000100162,-0.0610596840699901,0.770397668778473,0.957993396492809,1.08854371667896e-06,Activated
CENPN,ENSG00000166451,0.0938445418102709,0.598656703097254,0.60784987684608,0.000989387202316809,Activated
CENPS,ENSG00000175279,0.011379819109846,0.992043294166215,0.692580807029957,0.000704377204487817,Activated
CENPV,ENSG00000166582,0.138885555931384,0.351055631058736,0.962164552671788,2.59841566828186e-08,Activated
CEP55,ENSG00000138180,0.0677881546626859,0.764499751029539,0.664225905098129,0.0024990900941173,Activated
CEP57L1,ENSG00000183137,0.227197963014042,0.154819815637847,0.675577701971555,0.000337910976207285,Activated
CFAP20,ENSG00000070761,0.0124839625013069,0.961163410449573,-0.817506603085439,1.77708585824198e-07,Repressed
CFB,ENSG00000243649,-0.304897815592872,0.120092996407458,0.613852038816165,0.00866321291982957,Activated
CFD,ENSG00000197766,-0.0509211648480222,0.789399317393674,-0.718937546709732,1.6405971424975e-06,Repressed
CFTR,ENSG00000001626,-0.086985437825583,0.745930287814282,-1.55732376041524,3.93509675209515e-17,Repressed
CGREF1,ENSG00000138028,-0.0142071495210857,0.944649521348105,0.701641761033746,4.58742115874145e-06,Activated
CHCHD7,ENSG00000170791,0.146403714607317,0.3581307370486,0.527998052734587,0.00275012770827793,Activated
CHD1L,ENSG00000131778,0.152784378210246,0.340247625722199,0.570719323812786,0.00158365617853645,Activated
CHD3,ENSG00000170004,0.192071475218758,0.152473408151535,0.795819885360227,5.67972685199595e-07,Activated
CHD7,ENSG00000171316,0.0227671368710506,0.875694101768612,0.741091045403691,6.27766633128687e-08,Activated
CHP1,ENSG00000187446,0.163352457192543,0.220169763571864,-0.586119844759903,1.09235335654492e-05,Repressed
CHRAC1,ENSG00000104472,0.136772016958662,0.332550965131224,0.790935388073068,7.95353592429631e-07,Activated
CIB1,ENSG00000185043,0.0622416742687114,0.697830437473886,-0.605048076234259,1.94048532788475e-11,Repressed
CKAP2,ENSG00000136108,0.0504216448161369,0.818586487953797,1.13948761623883,2.06410610344161e-08,Activated
CLDN6,ENSG00000184697,-0.179417276718477,0.325525686846655,0.58536376897027,0.00644136295679862,Activated
CLDN8,ENSG00000156284,-0.162145471643401,0.38178427805096,-0.723705457984904,3.46293165087143e-05,Repressed
CLN8,ENSG00000182372,0.228553103251223,0.161119982805978,0.630933185239025,0.00118211873627562,Activated
CLTB,ENSG00000175416,-0.00401952802476406,0.987180096963349,0.576555106609079,3.22225366267848e-06,Activated
CLU,ENSG00000120885,-0.0188986295364403,0.926243599289231,-0.544338769506537,0.00625395240958923,Repressed
CMSS1,ENSG00000184220,0.127514686305975,0.226566028034202,0.985436023032497,2.5473397712324e-16,Activated
CMTM4,ENSG00000183723,0.106779663299699,0.535041487930638,0.723246636093999,5.94455435128262e-05,Activated
CMTR2,ENSG00000180917,-0.0410082485078771,0.850427705782931,0.519323911449339,0.00333092767937009,Activated
CMYA5,ENSG00000164309,0.0381120365092574,0.861627021223489,0.631096954328271,0.000172304747491386,Activated
CNN3,ENSG00000117519,0.152346422360979,0.272187761620598,-0.575048169303674,1.54819137793285e-05,Repressed
CNOT1,ENSG00000125107,-0.0313713027567712,0.866435932018863,-0.51928599471866,0.000702849422611251,Repressed
COCH,ENSG00000100473,0.234922926371884,0.182743211039767,0.866892879541037,2.2203276664657e-05,Activated
COG4,ENSG00000103051,-0.0140985931210606,0.949775184626833,0.571438397069382,0.00236645003663406,Activated
COL9A3,ENSG00000092758,0.20830709940692,0.238198573341392,1.73951738787781,2.69163356610781e-16,Activated
COPZ1,ENSG00000111481,-0.175975766024497,0.101389462335776,-0.614620482244333,1.00729046921973e-07,Repressed
COQ10B,ENSG00000115520,0.0706213857486088,0.813987962074464,-0.602645495188992,0.000178607399738632,Repressed
COQ2,ENSG00000173085,0.155607640255113,0.391453791670744,0.617900482214106,0.00031318712160187,Activated
COQ8B,ENSG00000123815,0.01755618888258,0.973766403199032,0.597939713860099,0.00181659748884261,Activated
CPAMD8,ENSG00000160111,0.21414557895714,0.209567749807458,0.604496835623579,0.00420681364887937,Activated
CPEB4,ENSG00000113742,-0.026158820323912,0.958502980256133,-0.753762641500954,1.7126215036929e-05,Repressed
CPSF1,ENSG00000071894,-0.0299268626817598,0.864439317253525,0.554049594589941,0.00024938230665984,Activated
CREBRF,ENSG00000164463,-0.194840668511974,0.300994015568382,-0.541737906749111,0.00375297745235039,Repressed
CREG1,ENSG00000143162,0.197497901972125,0.106273125459961,-1.39593880016437,1.40902910562203e-36,Repressed
CSE1L,ENSG00000124207,0.182013465490812,0.209156322152274,0.642598384045408,0.000188073026472437,Activated
CSF3R,ENSG00000119535,0.32643863706638,0.108754872048749,-1.20129568864319,1.03893231583107e-10,Repressed
CSK,ENSG00000103653,-0.0300367295700471,0.862419717392694,0.585174763256211,0.00107022252743197,Activated
CSNK2A2,ENSG00000070770,-0.202485565786102,0.17021064463637,-1.00878248087487,6.48178001340224e-12,Repressed
CSRNP1,ENSG00000144655,-0.117883803989412,0.505705176319748,-0.578587152111807,0.000139622199692329,Repressed
CST3,ENSG00000101439,-0.107388486082067,0.261416221125923,0.728492242697699,8.34110332982668e-12,Activated
CSTF3,ENSG00000176102,0.237554163563989,0.117764509318284,0.586886904475607,0.00123547054184659,Activated
CT83,ENSG00000204019,0.0315931284705868,0.930054294947468,-0.589321167340303,0.00214614964857135,Repressed
CTF1,ENSG00000150281,0.00328001033733458,0.988779592709209,-0.58866294302216,0.00729315923196375,Repressed
CTNNBL1,ENSG00000132792,0.0628745567053638,0.724741089093067,0.712446673503211,4.98449513951455e-05,Activated
CTSV,ENSG00000136943,0.144272701979861,0.574228487490088,0.672729145976367,0.00864468555950909,Activated
CUL7,ENSG00000044090,0.00948969214727871,0.958273035276393,-0.607790334246625,0.000205004806606615,Repressed
CWC27,ENSG00000153015,0.139634509306949,0.280328262999677,0.59181075006067,6.9645360565823e-05,Activated
CXCL10,ENSG00000169245,-0.304713899559278,0.214507958324356,-2.71037634109532,3.46428037941e-30,Repressed
CYHR1,ENSG00000187954,-0.107281712533132,0.628922591264177,0.58375211048905,3.79156555039371e-06,Activated
CYP2E1,ENSG00000130649,0.150085976648868,0.492155381933022,-0.666891425614782,4.90406541108721e-05,Repressed
CYP7B1,ENSG00000172817,0.308566655626741,0.160824421607738,0.834764647035283,0.000190259465801732,Activated
CYTH1,ENSG00000108669,0.0207185019000224,0.916984479737496,0.53763347104289,0.00383490777422803,Activated
DAD1,ENSG00000129562,0.0690149937985731,0.603480118309869,-0.523616069389018,3.87005460353737e-10,Repressed
DBT,ENSG00000137992,0.0840026010442274,0.812975099079075,-0.612169976813174,0.00124025604543744,Repressed
DCPS,ENSG00000110063,0.0137072565828367,0.970468596004192,0.570444833381962,0.00102375600732493,Activated
DDAH2,ENSG00000213722,0.0733325419335336,0.571392851265566,-0.614005787830285,3.29892588812955e-09,Repressed
DEPDC1,ENSG00000024526,0.114836162489535,0.619591849498597,1.02219066734517,2.19615004574259e-05,Activated
DERL1,ENSG00000136986,0.102944663887601,0.422188699098339,0.546946592752933,7.71501969326518e-05,Activated
DHDH,ENSG00000104808,-0.18279046127069,0.235872000903579,-0.682212648641365,1.0957795543892e-05,Repressed
DHRS7,ENSG00000100612,0.0475128873076199,0.806365341406105,-0.53469594099619,0.000501389754741744,Repressed
DIAPH2,ENSG00000147202,-0.192327973159285,0.19656719524404,0.620634364211362,0.000536245702192946,Activated
DKC1,ENSG00000130826,0.179031764234151,0.120663590113151,0.739444446457236,1.39711837890444e-08,Activated
DLGAP5,ENSG00000126787,0.0822522912807216,0.727531117010137,1.26988099035534,1.03133245629245e-07,Activated
DNAJC25,ENSG00000059769,-0.218236093728178,0.321640093447979,-0.526187060118741,0.00838578423368496,Repressed
DNAJC9,ENSG00000213551,0.176642450993856,0.123201983288145,0.533993094621344,5.21612378629841e-05,Activated
DNM1,ENSG00000106976,-0.171253895994562,0.312915591295086,1.13503329732414,1.19817740011852e-07,Activated
DNPEP,ENSG00000123992,0.00484595467375716,0.98315664010854,0.561468338007716,1.02715054963236e-06,Activated
DNTTIP1,ENSG00000101457,-0.0137750598760204,0.955804572514784,0.593675016501312,0.000954908360917973,Activated
DPCD,ENSG00000166171,-0.0363346024331528,0.841138010394097,-0.556804114957875,0.000230377052176301,Repressed
DRAM2,ENSG00000156171,-0.136924420436305,0.232396673239462,-0.509805163923594,4.88317295516091e-06,Repressed
DRG2,ENSG00000108591,-0.142248105117985,0.355198214198948,0.568738123055591,0.00155370195936954,Activated
DSCC1,ENSG00000136982,-0.00402114369137043,0.989558465188274,0.561104758908779,0.00875343377802983,Activated
DTNB,ENSG00000138101,-0.0908245602970741,0.794950811755006,-0.516578251201351,0.00226274724765139,Repressed
DUS3L,ENSG00000141994,-0.126441555921291,0.424926341655997,0.675388202575907,0.000172314419415603,Activated
DYM,ENSG00000141627,0.1666443536072,0.245542609981324,0.705158110496667,2.59249947075705e-05,Activated
E2F5,ENSG00000133740,0.0991246987695035,0.573253628533043,0.791803034114529,2.62822236532394e-05,Activated
ECSIT,ENSG00000130159,-0.0394186287220984,0.792811255391918,0.502264740988139,0.000812390435587703,Activated
EEF2KMT,ENSG00000118894,-0.0124383669166339,0.949509246143529,0.561145017634298,0.00332320725476752,Activated
EFEMP1,ENSG00000115380,0.230932864401443,0.196378471925257,1.69709079996941,3.86510062385639e-15,Activated
EFNB2,ENSG00000125266,0.0922855618166308,0.625219677583747,-0.515514233170127,0.00190805667994213,Repressed
EGFL7,ENSG00000172889,0.0292478315089706,0.863636505634402,0.768326633079773,1.71983819517509e-07,Activated
EGFR,ENSG00000146648,0.166803941511721,0.276004250921019,-0.913981889012989,3.06821491997988e-12,Repressed
EGLN1,ENSG00000135766,0.192775870134918,0.13801653769851,-0.578144079120613,1.77770130998673e-05,Repressed
EGLN3,ENSG00000129521,0.0525350094623762,0.771949068550844,-1.04250202213447,1.11446311024171e-07,Repressed
EHBP1L1,ENSG00000173442,0.230993836376041,0.162354244743391,0.657438621977852,0.000929515665912841,Activated
EHF,ENSG00000135373,-0.0643148614534985,0.660030405784496,0.743539950223454,3.90119166616882e-08,Activated
EIF2S3,ENSG00000130741,0.0765668997778769,0.576588538101482,-0.505866844596406,5.45352476018516e-05,Repressed
EIF3J,ENSG00000104131,0.141543044877881,0.103459343208216,0.652238984589348,1.94416339606698e-10,Activated
EIPR1,ENSG00000032389,0.13232005934083,0.296216998870336,0.631772444064114,1.48553551747875e-05,Activated
ELF5,ENSG00000135374,-0.242220743907226,0.115483554957847,0.803458612922639,2.96310595068435e-05,Activated
EMC1,ENSG00000127463,0.158424099457338,0.336365663464794,0.55203927674073,0.00475978973982987,Activated
ENOSF1,ENSG00000132199,0.214998121274985,0.121446178234063,0.543207366566209,0.000913424477622556,Activated
EPN3,ENSG00000049283,0.0411357163857951,0.903225359954337,0.5628684594271,0.00234273819104409,Activated
ERCC2,ENSG00000104884,0.0519739331722481,0.881680447748615,0.716546996047503,0.000478495043463505,Activated
ERO1A,ENSG00000197930,0.167237023683295,0.21262479471011,-1.24807019788097,1.66366312727187e-23,Repressed
ERRFI1,ENSG00000116285,0.219191037470215,0.158432280865078,-0.551119883087257,6.23439070043301e-05,Repressed
EVL,ENSG00000196405,-0.052786344185286,0.978986136771239,0.608783828642702,0.000962125085823618,Activated
EXOG,ENSG00000157036,0.0958427307297256,0.678622814904463,0.934177556537863,2.96607179513746e-05,Activated
EXOSC2,ENSG00000130713,0.111973018016216,0.529442312457205,0.805655614392459,0.000159135845888624,Activated
EXOSC3,ENSG00000107371,0.0873776957933215,0.83917024108288,0.741041231431134,8.88606197419284e-06,Activated
EXOSC6,ENSG00000223496,-0.0836279624439828,0.590062416597417,0.612590136973461,0.000340184327605281,Activated
EXT1,ENSG00000182197,0.116463778400769,0.517155933949803,0.572991800468691,0.00672768279440446,Activated
FABP5,ENSG00000164687,0.162795081871787,0.246246566371781,1.19210862228669,2.20228007951411e-14,Activated
FADS1,ENSG00000149485,0.225511811989941,0.112828975035851,1.20214300974099,3.79371974964544e-12,Activated
FAM107A,ENSG00000168309,-0.0301456110500471,0.875047584201444,0.689583336723482,7.33976765209114e-05,Activated
FAM136A,ENSG00000035141,0.110628373924735,0.21806062875057,0.571407848077589,4.27191800874727e-09,Activated
FAM174B,ENSG00000185442,-0.155847573949278,0.388819865217176,-0.52390480595099,0.0045287435759424,Repressed
FAM177A1,ENSG00000151327,-0.0746960149285672,0.564178739306743,-0.520653591301327,1.01936512407723e-05,Repressed
FAM216A,ENSG00000204856,-0.147178267852106,0.383719777722702,0.907722383459439,6.28020898856876e-06,Activated
FAM49B,ENSG00000153310,0.0476019637657764,0.713701537287869,0.707619678690652,3.82093276163623e-08,Activated
FAM57A,ENSG00000167695,-0.0537292870965822,0.799431063637235,0.588976393830912,0.00263686344268364,Activated
FAM84A,ENSG00000162981,0.0566767768983612,0.790100456654384,0.831854993808022,2.67976105201248e-05,Activated
FAM8A1,ENSG00000137414,0.0970686993446781,0.688872670136931,-0.834676354963892,1.52832951332749e-06,Repressed
FAXC,ENSG00000146267,0.230258873789871,0.192958340040887,0.542635335944121,0.0073631096935012,Activated
FBXL16,ENSG00000127585,-0.0172115593036577,0.994439051724524,-0.79690986737825,6.72558900036104e-07,Repressed
FBXL6,ENSG00000182325,-0.1054637623006,0.46980783615036,0.519107617078615,0.00146484643073308,Activated
FBXO2,ENSG00000116661,-0.186684750879371,0.313434990744627,0.678483247667072,0.00139997815765552,Activated
FBXO5,ENSG00000112029,0.28580958180173,0.102134222864163,0.66063550799361,0.00140602581345734,Activated
FCHO1,ENSG00000130475,-0.165443022092531,0.294883801256485,0.720437190176659,0.00119124954383121,Activated
FEN1,ENSG00000168496,0.215580727365004,0.191548642730074,0.55086990887976,0.00477202281037001,Activated
FGGY,ENSG00000172456,-0.00456839341593494,0.984492481867019,-0.533849624409151,0.00450932539305841,Repressed
FHL3,ENSG00000183386,-0.0478714107635029,0.786026307457343,0.543393537005582,0.00859650490486684,Activated
FKBP10,ENSG00000141756,0.0708640048580568,0.654626184857167,0.779764522999597,1.19641095342445e-06,Activated
FLAD1,ENSG00000160688,-0.100254641572001,0.328263292946708,0.534081325133455,2.43292072659096e-06,Activated
FLCN,ENSG00000154803,0.129312631551582,0.473694906854438,0.650121507626014,0.00107554711529008,Activated
FLOT1,ENSG00000137312,-0.0365656613669583,0.814130762574703,-0.804882884566672,8.74844641196943e-12,Repressed
FOXM1,ENSG00000111206,0.131939648581543,0.465907189863441,0.698509517219728,0.000333929244472094,Activated
FRMD4A,ENSG00000151474,-0.0599430165291925,0.757641669041754,-0.67512210849781,0.000129167034203271,Repressed
FURIN,ENSG00000140564,0.0588343689838883,0.834109289043784,0.58928340509795,0.00303623701389984,Activated
FZD1,ENSG00000157240,-0.0269431311581593,0.998070286239844,-0.563724491920816,0.00936277741647802,Repressed
GAL,ENSG00000069482,0.0673255630618922,0.645213682344254,1.27200201178771,5.19750209845624e-21,Activated
GALE,ENSG00000117308,0.0658718644196969,0.723303674473224,0.545712840711401,0.00271225169900954,Activated
GAR1,ENSG00000109534,-0.112815083796376,0.346399572323571,0.525428553173131,0.000162725934637813,Activated
GAREM1,ENSG00000141441,0.0883127135171995,0.625696437807327,-0.561172552648747,0.00839025113217161,Repressed
GCDH,ENSG00000105607,0.131176940384682,0.344114402681518,0.747657400216428,2.62953490882489e-06,Activated
GGACT,ENSG00000134864,0.00306514585286807,0.993513954724153,-0.548932439825858,0.000257563563158346,Repressed
GGH,ENSG00000137563,-0.205913295115126,0.128254300152212,0.870047916241107,3.32677308039935e-07,Activated
GJB3,ENSG00000188910,0.0834369998023888,0.689769606239552,0.629192500082266,0.00122400283943265,Activated
GPAA1,ENSG00000197858,-0.00154272553738538,0.99301992056084,0.705438261529319,7.53003539643409e-11,Activated
GPC2,ENSG00000213420,-0.0341677297728017,0.944487971647571,0.598326530116086,0.00976333920353895,Activated
GPN3,ENSG00000111231,0.202362378351124,0.148325964218017,0.518230113722956,0.000814503958532514,Activated
GPR87,ENSG00000138271,0.0195050932551499,0.929742297914152,-0.816923336855487,1.75237087136489e-05,Repressed
GRAMD1C,ENSG00000178075,0.154622879501231,0.531232940472652,-0.572053719498659,0.00840267857757576,Repressed
GSDMC,ENSG00000147697,0.180880669567926,0.37237302072408,-0.702273426014606,0.00084674019044388,Repressed
GSDMD,ENSG00000104518,0.0748277657277911,0.604947578939528,0.66692482244082,5.598221675582e-06,Activated
GTPBP3,ENSG00000130299,0.0283948498002945,0.870978045460535,0.609438804466986,0.000152882278691218,Activated
GTSE1,ENSG00000075218,0.0755380450231019,0.742646709313854,0.98213567072271,1.7856812643398e-05,Activated
H2AFJ,ENSG00000246705,0.00278514461350052,0.993154659698833,-0.783690372964404,4.50529787759162e-13,Repressed
H2AFZ,ENSG00000164032,0.109015921478806,0.344869789133236,0.716593699729717,1.5894397192448e-10,Activated
HAPLN3,ENSG00000140511,0.0625452527479924,0.796945631265175,0.680101634958582,0.00131062510323791,Activated
HAUS1,ENSG00000152240,0.214306141194163,0.144602098398876,1.02721336530631,3.0520113731762e-09,Activated
HCFC1R1,ENSG00000103145,-0.154237785593657,0.255341874874661,-0.754276916405224,2.23988773076345e-08,Repressed
HDAC9,ENSG00000048052,0.135841026179214,0.540354261633006,-0.52975755725351,0.00997829738627696,Repressed
HDGF,ENSG00000143321,-0.0758968977022973,0.398565172824678,0.596304516462185,4.75479777183209e-11,Activated
HDGFL2,ENSG00000167674,-0.0599045370796346,0.939815836037336,0.56636628465677,0.000501880395662705,Activated
HDHD2,ENSG00000167220,0.133677165208594,0.520628192510628,0.766154014205123,0.00043953839713924,Activated
HEBP2,ENSG00000051620,0.0335733496738142,0.732058930885401,-0.641191499702458,2.39596358075351e-17,Repressed
HERPUD2,ENSG00000122557,0.174538048611016,0.254745185359272,-0.50219621587445,0.00158690645242716,Repressed
HES4,ENSG00000188290,0.0512940710058574,0.618540911015353,0.529845011005882,3.71140108204471e-09,Activated
HEXIM1,ENSG00000186834,0.0801014551934855,0.690400828878647,-0.562392374605389,0.0021994806798942,Repressed
HGH1,ENSG00000235173,-0.195022410255343,0.141724810375977,0.640519041872355,0.000136956695234595,Activated
HGSNAT,ENSG00000165102,0.0123748695654529,0.954005389380718,-0.603440851451881,2.00340522685565e-05,Repressed
HIBADH,ENSG00000106049,-0.188316264067746,0.157832998015972,-0.797550530664587,2.37571422279029e-09,Repressed
HIST1H1A,ENSG00000124610,0.173221087957667,0.461622138068048,1.31329788639772,1.66602145669932e-07,Activated
HIST1H1E,ENSG00000168298,0.27096259886778,0.182743211039767,1.05017930770597,8.33701456704007e-06,Activated
HIST1H2AC,ENSG00000180573,-0.294168965107806,0.112514079460461,-1.27423976693948,7.40884078234539e-14,Repressed
HIST1H2BD,ENSG00000158373,-0.123843120039508,0.59493890874772,-0.693080564139622,0.000761693337274033,Repressed
HIST2H2AC,ENSG00000184260,0.292255668629132,0.14301779387281,1.30920003653603,8.71175332595912e-08,Activated
HMGB1,ENSG00000189403,0.12835934480119,0.149274311455993,0.817881354844842,4.03141461331237e-19,Activated
HMGB3,ENSG00000029993,0.0251750411735661,0.906188779564396,0.963953522888818,1.63413428301994e-08,Activated
HMGN2,ENSG00000198830,-0.100417712664009,0.433230787725029,0.70440422770523,1.35917415639421e-07,Activated
HMMR,ENSG00000072571,-0.0586873067049782,0.804535458945143,1.17564245112159,4.14561278540458e-07,Activated
HOMER3,ENSG00000051128,0.00710169377006456,0.971932977648106,0.509507292345303,7.69955678781262e-05,Activated
HOPX,ENSG00000171476,-0.24889677253108,0.21929995261763,-0.800846699511634,6.91412715830549e-05,Repressed
HORMAD1,ENSG00000143452,-0.1516790424215,0.354057661192567,0.770526818032242,7.01060474131896e-05,Activated
HPN,ENSG00000105707,0.0209217240276149,0.998257028200641,-0.558492974651717,0.00619640851540271,Repressed
HRASLS,ENSG00000127252,0.0395582123105491,0.90998304685065,0.545525879158977,0.00157386517618418,Activated
HSD17B4,ENSG00000133835,0.119614731579619,0.428417800349285,0.569310283858391,0.000501344181976413,Activated
ICOSLG,ENSG00000160223,0.113896284319865,0.627889074402794,0.695835262487421,0.000832845578665104,Activated
ID2,ENSG00000115738,0.1194882581284,0.390834440443615,0.824032377938244,1.04664891807432e-08,Activated
IFRD2,ENSG00000214706,0.0583140432968343,0.695759936637076,0.568252240689279,0.00013654350368166,Activated
IGF2BP2,ENSG00000073792,0.17658721577581,0.245180035666292,0.749615115236953,1.32209499208892e-05,Activated
IGSF9,ENSG00000085552,0.19375659990241,0.243638943125231,0.55867369978953,0.00324656001045645,Activated
IL18,ENSG00000150782,0.291450404252486,0.118334797056024,0.735106224276271,0.000716595026648967,Activated
ILF3,ENSG00000129351,0.065856468913544,0.494420431955038,0.51518934071523,2.09315205152217e-07,Activated
IMPACT,ENSG00000154059,0.0890803385349053,0.570629519299073,0.759103343140301,2.97132917310449e-06,Activated
INTS13,ENSG00000064102,0.183726651180085,0.181825725765782,0.506165600986817,0.00162348666595752,Activated
ISG20,ENSG00000172183,0.114937561011271,0.544917660889604,-0.938154365552994,9.85215875660016e-08,Repressed
ITGB5,ENSG00000082781,0.130266481464347,0.454890968233837,0.70519154829979,0.000194054756623844,Activated
ITPR3,ENSG00000096433,-0.0682263403877788,0.780062285886223,-0.548453567462231,0.00103205935102566,Repressed
JAZF1,ENSG00000153814,0.220580261385678,0.183261709748992,-0.552035281177147,0.00255954234297296,Repressed
JMJD4,ENSG00000081692,0.158588838547525,0.181612277451598,0.951428998629508,2.96310582439881e-12,Activated
JPX,ENSG00000225470,-0.17219666491042,0.154773105762172,0.728148588060673,3.14080650729255e-06,Activated
JUNB,ENSG00000171223,0.126037569907499,0.403438333208071,-0.656581741377867,5.53128117447183e-08,Repressed
KANSL1-AS1,ENSG00000214401,-0.0205254395478191,0.985247161118177,-0.540498664228161,0.00296506330743708,Repressed
KANSL1-AS1,ENSG00000214401,-0.0205254395478191,0.985247161118177,-0.540498664228161,0.00296506330743708,Repressed
KANSL3,ENSG00000114982,0.254785412161341,0.109257177232281,0.615359902073497,0.00211755223682026,Activated
KAT2A,ENSG00000108773,-0.113368632433334,0.473457351174132,0.587185113037887,0.00162497625246146,Activated
KDM3A,ENSG00000115548,0.00442857322713089,0.983390589363382,-0.736843416130218,9.48655607776046e-06,Repressed
KIAA0355,ENSG00000166398,-0.119502187021864,0.694296703909038,-0.595456739230165,5.68907430794017e-05,Repressed
KIF1A,ENSG00000130294,0.191168814674945,0.253420897748101,1.2464327916182,5.42376411585399e-10,Activated
KIF23,ENSG00000137807,0.238292890133707,0.206522199002364,0.669342364638054,0.00196657609320891,Activated
KIF2C,ENSG00000142945,-0.0435665424390257,0.868129245252603,0.692379772296293,0.00185017023661228,Activated
KIFC3,ENSG00000140859,-0.176647197819911,0.304271924141364,-0.539790308205634,0.00408570167910574,Repressed
KLHDC4,ENSG00000104731,0.109580543403605,0.53697710252496,0.690811755964567,0.000361155086709149,Activated
KLHDC4,ENSG00000104731,0.109580543403605,0.53697710252496,0.690811755964567,0.000361155086709149,Activated
KLHL5,ENSG00000109790,0.093766874254318,0.51544819862484,0.697728612525995,4.10850692566997e-06,Activated
KLK10,ENSG00000129451,-0.18494402265304,0.375439582389669,-1.31404398911192,6.0907096467134e-15,Repressed
KLK11,ENSG00000167757,0.153721935064362,0.64119570825889,-1.88624934230873,1.59394823497665e-30,Repressed
KLK7,ENSG00000169035,-0.00452934827457974,0.992070858752937,-1.24625786984279,1.79533593646032e-13,Repressed
KLRG2,ENSG00000188883,-0.0330903322837431,0.861864364827992,0.569556075526643,0.00850654277981627,Activated
KNSTRN,ENSG00000128944,0.0933781974013608,0.676000468880504,1.01692538374924,5.23591182064274e-06,Activated
KRI1,ENSG00000129347,0.181603815087908,0.192653074097409,0.760776948598247,4.99631958865862e-06,Activated
L1CAM,ENSG00000198910,-0.213570491278175,0.21762144539769,-1.03121538382164,6.00936252951063e-09,Repressed
LAD1,ENSG00000159166,-0.0241137559511439,0.876328868306782,0.745871352960853,5.1397555510992e-08,Activated
LAMA5,ENSG00000130702,0.00981351336841155,0.965720865836223,0.748479570783325,4.63798032254151e-05,Activated
LAMTOR3,ENSG00000109270,-0.109799907964058,0.578609110331409,-0.518713685067494,0.00144549965898836,Repressed
LAMTOR5,ENSG00000134248,-0.0658391728460167,0.478336974500008,-0.618747444084613,1.20517837724397e-14,Repressed
LDHB,ENSG00000111716,0.0490779559070901,0.657085687025324,0.639560273343507,2.89423025788226e-11,Activated
LEMD1,ENSG00000186007,0.268161457512609,0.166648314595836,-0.987551420346209,6.97676650422449e-09,Repressed
LENG9,ENSG00000275183,0.248167659507459,0.140708149820829,0.692400711465404,0.00165948784926976,Activated
LIG1,ENSG00000105486,0.206232588773127,0.222594700858179,0.691123376354371,0.000358011704031512,Activated
LINC00665,ENSG00000232677,0.145236047528283,0.192958340040887,0.502906105157117,6.99762084130928e-05,Activated
LINC01133,ENSG00000224259,-0.0246859934022891,0.93028517826267,0.664560140645799,0.000400862539805696,Activated
LMBRD1,ENSG00000168216,0.0388823395151712,0.946939151304737,-0.574354154936027,0.000730796811959849,Repressed
LMNB1,ENSG00000113368,0.247489728354871,0.140768692410142,1.16712488494237,3.4350683451384e-09,Activated
LRFN4,ENSG00000173621,-0.202237569691977,0.126839711131926,0.52304693624861,0.00205097732339393,Activated
LRRC42,ENSG00000116212,-0.126659332022464,0.357239047176238,-0.510975699466286,0.000137515500062604,Repressed
LSM1,ENSG00000175324,0.0773478176000871,0.472664726905572,-0.825612580585981,1.51741705590129e-19,Repressed
LTBP3,ENSG00000168056,0.0218585132577614,0.867219448201224,0.760411230639264,7.17583510409941e-12,Activated
LTV1,ENSG00000135521,-0.0473345313783219,0.775181059682214,0.549369281908148,0.000777119314358778,Activated
LXN,ENSG00000079257,0.223805656642598,0.180772244778078,0.634960444508171,0.00177957129637134,Activated
LY6D,ENSG00000167656,-0.129177316351834,0.507061823662815,1.0457372002155,3.37626723559973e-07,Activated
LYAR,ENSG00000145220,0.186868232775948,0.153063340690941,0.877704877630832,1.02649505152675e-08,Activated
LYPD3,ENSG00000124466,-0.0321117661648089,0.881451160232147,-0.950235303820277,4.36562161597288e-12,Repressed
MAD2L1,ENSG00000164109,0.159752213393732,0.391246974744674,0.714435656540951,0.000393036275460611,Activated
MAGEH1,ENSG00000187601,-0.273549863531678,0.158173461385901,-0.574851101974845,0.00821403131869049,Repressed
MALL,ENSG00000144063,-0.188525826636674,0.298604860284773,0.630015694984656,0.00727838062961355,Activated
MANEAL,ENSG00000185090,-0.128172863243502,0.445484718259781,-0.517995112958983,0.00272378645110801,Repressed
MAP1LC3B,ENSG00000140941,0.103895989215299,0.380574154004789,-0.577764186351517,3.03099218021115e-07,Repressed
MAPK6,ENSG00000069956,0.156245716103907,0.229892523014795,0.506202880553132,0.000762633350002071,Activated
MARCKS,ENSG00000277443,0.0675770155340394,0.615476026007446,0.587425341699449,9.25462669444798e-07,Activated
MARVELD3,ENSG00000140832,0.139514502896778,0.415800015501235,0.522629205889069,0.00527192228983344,Activated
MBD2,ENSG00000134046,-0.0836970986997463,0.379931351061738,0.582953204307698,3.70074505985666e-09,Activated
MBD3,ENSG00000071655,0.0514178084514392,0.764478274788722,0.513214486167949,0.00362991511410692,Activated
MCEE,ENSG00000124370,0.161324424904684,0.410237622532835,-0.752448210379993,5.59207145680862e-07,Repressed
MCM5,ENSG00000100297,0.221605756349916,0.187859268256035,0.548917182244415,0.00421359026469986,Activated
MCM7,ENSG00000166508,-0.0517979278495264,0.753768582739876,0.560386950018109,0.000289204260764123,Activated
ME2,ENSG00000082212,0.185027869310213,0.137115419974876,0.741573444756306,4.79308424167121e-07,Activated
MEIS2,ENSG00000134138,0.302238579154055,0.11877600803601,-0.817205487114549,3.71103077556198e-06,Repressed
MESP1,ENSG00000166823,0.242339589947388,0.120958211273919,-1.27236054551054,5.53655464577089e-22,Repressed
MFSD10,ENSG00000109736,0.145336075640162,0.141375987250799,0.679114349146935,1.13800417597486e-09,Activated
MFSD3,ENSG00000167700,-0.0541915821422071,0.707572529132826,0.632614088361351,1.76148179227405e-05,Activated
MIB2,ENSG00000197530,0.00365242893728213,0.990261074310119,0.583513337864605,0.00126514481222384,Activated
MIR210HG,ENSG00000247095,-0.268252791716104,0.184856843252866,-0.708385911197457,0.000253536247143807,Repressed
MIS18A,ENSG00000159055,0.0434544826173426,0.820358379006667,0.972079640320096,3.15843191005499e-08,Activated
MIS18BP1,ENSG00000129534,0.215329124873203,0.154319574630005,0.506414635453965,0.00516616882554961,Activated
MKI67,ENSG00000148773,0.163122325110415,0.421091319779635,1.40170175737288,3.73787270466136e-10,Activated
MLPH,ENSG00000115648,0.00404997416666439,0.969674061670629,-0.706532301934152,4.40274065613572e-05,Repressed
MOCOS,ENSG00000075643,0.188091796130634,0.292251476452704,0.914620241600083,3.95898723831023e-05,Activated
MON1B,ENSG00000103111,0.0582739579118238,0.786669377512289,-0.552515170868271,0.00953442677473931,Repressed
MPRIP,ENSG00000133030,0.207906114278448,0.121692096454891,0.550349084589929,0.00055053157589134,Activated
MRGBP,ENSG00000101189,0.0538636515538358,0.690201000680356,0.67037980295673,6.40845555389181e-07,Activated
MRM3,ENSG00000171861,0.144968933976367,0.376980414957439,0.717394457636876,3.57157904981128e-05,Activated
MRPL13,ENSG00000172172,-0.0276955002208552,0.818620189029801,0.545161024962075,2.72670729227075e-06,Activated
MRPL55,ENSG00000162910,0.138830823164991,0.135332728214351,0.589806346708323,3.22320970919583e-08,Activated
MRPS25,ENSG00000131368,0.0370674970142974,0.743684587957753,0.849435167402464,6.18589395682027e-15,Activated
MRPS26,ENSG00000125901,0.0968800079517958,0.292534746499906,0.543115360261924,4.58392765048712e-08,Activated
MRPS28,ENSG00000147586,0.154085862802913,0.362769983448187,0.524595112220526,0.00309293125482401,Activated
MRTO4,ENSG00000053372,0.178489460618284,0.126839711131926,0.808634744586168,7.77291232426492e-09,Activated
MT1F,ENSG00000198417,0.0373079979636444,0.95064922121887,-0.638384751025959,0.00301450134898978,Repressed
MTDH,ENSG00000147649,0.0784013890605074,0.445709316637121,0.538420811747104,1.43965767847227e-07,Activated
MTFR1,ENSG00000066855,0.0896116130788935,0.540524400927381,0.589633122848337,0.000145306965872476,Activated
MTG2,ENSG00000101181,0.199629344631563,0.158947758283918,0.848023795874126,3.66431408290628e-07,Activated
MTHFD1L,ENSG00000120254,-0.17708535326758,0.325629346698444,0.611595208326968,0.00276110239514349,Activated
MTMR2,ENSG00000087053,0.125457771347341,0.423340212840848,0.505525714402542,0.00391158971853206,Activated
MTRR,ENSG00000124275,0.0755338541153301,0.718383822235427,0.81774237415585,0.000105677851845423,Activated
MTRR,ENSG00000124275,0.0755338541153301,0.718383822235427,0.81774237415585,0.000105677851845423,Activated
MUC15,ENSG00000169550,0.161599403645411,0.363025071948202,-1.54798898687328,3.86229460409481e-28,Repressed
MUM1,ENSG00000160953,0.0694102517909983,0.700014812010939,0.70108836764447,0.00015153369125783,Activated
MYADM,ENSG00000179820,-0.0117805593570348,0.965720865836223,-0.945537921811832,3.40061250668853e-14,Repressed
MYBL2,ENSG00000101057,-0.146161072086213,0.399605739764467,1.02696804590899,1.71899852642687e-07,Activated
MYLIP,ENSG00000007944,0.133066742457596,0.48082502274745,-0.658906928361817,0.0002240951491601,Repressed
NAALADL2,ENSG00000177694,0.118326723697899,0.529485912827507,-0.532094841503928,0.00325257577050607,Repressed
NAE1,ENSG00000159593,-0.084971877985874,0.452892492337951,0.737629996272064,1.3510411171728e-08,Activated
NAP1L1,ENSG00000187109,0.123317186615133,0.120110384147805,0.680528983874276,5.29641429384308e-15,Activated
NARS,ENSG00000134440,0.120480594614481,0.241237393310363,0.917320443852265,2.05232971411216e-15,Activated
NCCRP1,ENSG00000188505,-0.133607950496769,0.485495783520592,-0.980589850901871,1.76062779936835e-08,Repressed
NCKAP5L,ENSG00000167566,0.0981820586557164,0.636191714065809,-0.630623894395559,0.00137010425861626,Repressed
NCLN,ENSG00000125912,0.0136089236198494,0.964091724484549,0.615418830088248,0.000650270703216822,Activated
NCS1,ENSG00000107130,0.221466202255375,0.132560984963073,0.674367386454368,0.000123172821016339,Activated
NDC80,ENSG00000080986,0.22595629296844,0.258094422805755,1.05869633122375,3.86130837483699e-06,Activated
NDUFAF6,ENSG00000156170,0.0648980733722245,0.686409612879796,1.00242970162107,1.42884895963062e-09,Activated
NEK2,ENSG00000117650,0.204140998423423,0.302949949679447,0.853589611861436,0.000172314419415603,Activated
NELFCD,ENSG00000101158,0.161258656192295,0.111042427551779,0.628470165863378,2.37903518221183e-07,Activated
NEURL3,ENSG00000163121,0.0677077295169411,0.76867695582434,1.32022838466132,3.61225703860133e-09,Activated
NFAT5,ENSG00000102908,0.189105069792412,0.155239191475038,0.565899816071317,0.000255317922148187,Activated
NFKBIL1,ENSG00000204498,0.146690923459282,0.285613691042855,-0.573243950146971,3.70030343374036e-05,Repressed
NINJ2,ENSG00000171840,-0.243118569961241,0.115577588745587,0.693383176767037,0.000404600883833646,Activated
NIP7,ENSG00000132603,-0.130891625295835,0.344013730273889,0.572169312189414,0.000413495543320505,Activated
NIPAL3,ENSG00000001461,0.199839873904575,0.328263292946708,0.560176740314191,0.00820331016757105,Activated
NME1,ENSG00000239672,-0.139563870773594,0.128771151472515,0.552414189395419,3.54506374836807e-08,Activated
NMRK1,ENSG00000106733,-0.256450073930157,0.143490491154376,-0.523612936926932,0.00470012077678932,Repressed
NOC4L,ENSG00000184967,-0.138408648062829,0.353264501354027,0.593602480722327,0.000773303245872366,Activated
NOL8,ENSG00000198000,0.141911279636019,0.358840025727581,0.606847281826042,0.0005504255490417,Activated
NOP14,ENSG00000087269,0.0273530722078994,0.884089429160667,0.923271580613878,1.88075739332222e-08,Activated
NPC2,ENSG00000119655,-0.126824173177009,0.382824882085322,-0.968516265942526,6.01748901502462e-13,Repressed
NPM3,ENSG00000107833,0.0676275193673082,0.657881724224858,0.53239040335309,0.000386848168962985,Activated
NPR1,ENSG00000169418,0.164869839915731,0.351097212981805,0.621251837636448,0.00160553703527229,Activated
NR2C2AP,ENSG00000184162,0.0311187597274317,0.864439317253525,0.772492131050718,1.35309564127473e-06,Activated
NRTN,ENSG00000171119,0.269507281439098,0.104535953052189,0.904748494437675,9.60033908278016e-06,Activated
NSMCE2,ENSG00000156831,0.00330197927403778,0.992030770810287,0.600690713844863,0.000490149077210273,Activated
NSMCE4A,ENSG00000107672,0.209062849117044,0.130440149168711,0.59671435990761,0.000263299938247593,Activated
NUBPL,ENSG00000151413,0.0657444748764947,0.849469212427439,-0.581740862729604,0.00821470829644315,Repressed
NUF2,ENSG00000143228,0.271948501722157,0.147615626684238,0.842751169981207,0.00012812455370299,Activated
NUP210,ENSG00000132182,0.0578696818664374,0.732143047999358,0.614320280703382,0.000219851788627453,Activated
NUP85,ENSG00000125450,0.113307942675513,0.505428524510201,0.625693808656381,0.000602168004662101,Activated
NUPR1,ENSG00000176046,-0.188381136036031,0.156946294029092,-0.582590109524296,1.08987972197427e-06,Repressed
NUSAP1,ENSG00000137804,0.228226198413045,0.237015356388225,1.22873473798562,4.65773027703024e-08,Activated
ODAM,ENSG00000109205,-0.113559599693172,0.660877369487573,-5.08876181194207,2.24566943575721e-134,Repressed
ODC1,ENSG00000115758,0.12746062730389,0.294972406469054,0.691816374396942,1.70004808094868e-07,Activated
OPLAH,ENSG00000178814,-0.0394000213198818,0.942885097315245,1.04562792399316,1.27440281164541e-07,Activated
ORC6,ENSG00000091651,0.0398097340452903,0.868607160226863,0.67896039836708,0.00112380228671401,Activated
OSCP1,ENSG00000116885,-0.0475614841426825,0.792824128532402,-0.616477478997053,0.00235044161358988,Repressed
OSTC,ENSG00000198856,-0.00805408187441178,0.950248511475661,-0.695609663391226,2.84570994856713e-15,Repressed
OTUD6B,ENSG00000155100,0.135749565328452,0.445363837555709,0.771030050789478,0.000142943416808155,Activated
OXLD1,ENSG00000204237,0.146058295952162,0.20504613693718,0.514027282874622,0.000113106912429678,Activated
P4HA1,ENSG00000122884,0.0385322726023767,0.896524882728059,-0.737388133010587,6.27690097487419e-05,Repressed
PA2G4,ENSG00000170515,0.00855297554908763,0.959292003834372,0.894731106618063,3.66644134867013e-16,Activated
PAICS,ENSG00000128050,0.0186194250786763,0.916771225140906,0.540628283783388,2.85962001196511e-05,Activated
PARPBP,ENSG00000185480,0.134221796582814,0.634476521779107,0.811384792677582,0.000118233874962923,Activated
PAXBP1,ENSG00000159086,0.154909181212456,0.324110953354113,0.558581856352641,0.00181271509966708,Activated
PAXX,ENSG00000148362,-0.0997109085898082,0.293580929881958,0.515255877336047,3.82654620200025e-07,Activated
PBK,ENSG00000168078,-0.191687815521307,0.261139941812692,0.735156578511595,0.000296567735203693,Activated
PCCB,ENSG00000114054,0.0485999665627129,0.998027773424079,0.511732862916193,0.000820001197189726,Activated
PCK2,ENSG00000100889,0.0836225220053009,0.64141255152376,0.708936763622139,0.000137591605886604,Activated
PCLAF,ENSG00000166803,0.0276536109364786,0.914439109373737,0.673384946517166,0.0024250668133186,Activated
PCSK6,ENSG00000140479,0.116108589420536,0.531232940472652,0.879651797047875,1.54819137793285e-05,Activated
PDCD2L,ENSG00000126249,-0.119419338560378,0.374191252907314,0.523329998730939,0.000673255071588471,Activated
PDE7A,ENSG00000205268,0.206577603823034,0.186008746307252,0.515739707949587,0.00357153137407467,Activated
PDIA5,ENSG00000065485,0.158101677849149,0.237395022466929,0.809558971721861,1.34740951980314e-07,Activated
PDSS1,ENSG00000148459,0.107298894479444,0.717895639105692,0.533175797884855,0.00593067502653202,Activated
PERP,ENSG00000112378,0.0796821154823889,0.417193658756085,-0.811157624245407,1.96617738967794e-24,Repressed
PES1,ENSG00000100029,-0.143453603630299,0.334350124833338,0.580167370125972,0.00103718703826018,Activated
PEX11A,ENSG00000166821,0.150368185096797,0.511491088585265,-0.684472368547761,0.000216700170233331,Repressed
PGGHG,ENSG00000142102,-0.0890883676573118,0.702382697127967,1.07879982896064,1.80595199266759e-08,Activated
PGK1,ENSG00000102144,-0.144454052278634,0.137331229337892,-0.507046966335164,7.38970872343198e-07,Repressed
PGLYRP4,ENSG00000163218,0.0451321598447488,0.843245472432869,1.31032150982056,4.68686637988846e-10,Activated
PHF1,ENSG00000112511,0.21789445147709,0.192811298927746,-0.505101557330674,0.00507102712189574,Repressed
PHF19,ENSG00000119403,-0.226044462697811,0.138126315304059,0.546728200231805,0.00406506850819913,Activated
PHF20L1,ENSG00000129292,0.0433068595896145,0.771949068550844,0.525104089002644,0.000210817459693369,Activated
PHF23,ENSG00000040633,0.141914169514686,0.356873918095599,0.536051694271571,0.00134933892101908,Activated
PHYKPL,ENSG00000175309,0.0383298047323975,0.850708538747207,0.515293037002094,0.00923237192260973,Activated
PIAS2,ENSG00000078043,0.0961513379563945,0.599793238536718,0.643873697870827,0.000228410792818464,Activated
PLBD1,ENSG00000121316,0.148410786178142,0.256974630321995,0.72269613222401,6.72276388840378e-07,Activated
PLEC,ENSG00000178209,-0.0743935438128559,0.582945104694727,0.514794151128343,7.80409698520062e-05,Activated
PLEKHB1,ENSG00000021300,-0.103325204044466,0.516613744460304,0.802226558599455,9.35616548873957e-06,Activated
PLEKHG4B,ENSG00000153404,0.204055297093339,0.169109822385546,0.535606104744045,0.00220813966425772,Activated
PLIN2,ENSG00000147872,0.0510749914493246,0.813044299185736,-1.48184877379856,1.28547833883924e-20,Repressed
PLK1,ENSG00000166851,0.0496397530369719,0.8424990834547,0.826838946725143,0.0002653763964733,Activated
PLOD3,ENSG00000106397,-0.104276425384106,0.408593913198374,0.666507024905067,5.33261712738868e-06,Activated
PLPP5,ENSG00000147535,0.188504090455049,0.128071367547014,-1.05221166581163,1.51707382977505e-22,Repressed
PMPCA,ENSG00000165688,0.121102272113354,0.659066558777504,0.545253460402717,0.000674074139786138,Activated
PNPLA4,ENSG00000006757,0.156138415348293,0.361311358686091,-1.89580646272192,5.21668776109607e-34,Repressed
POC1A,ENSG00000164087,0.0147701327279403,0.979773082876274,0.688020022097832,0.0010395757177676,Activated
POLB,ENSG00000070501,0.0953330074009627,0.585605011056163,-0.726889244464111,5.69859891421327e-07,Repressed
POLR1E,ENSG00000137054,0.0755903621104981,0.850107677319217,0.556385659257691,0.00489989438072258,Activated
POP5,ENSG00000167272,0.0814371652347697,0.770124666081133,0.568757407019025,0.000104564521959061,Activated
POU2F1,ENSG00000143190,0.162846974365148,0.342967879860909,0.606857509189536,0.00251666014880292,Activated
POU2F2,ENSG00000028277,-0.00220204931814578,0.978986136771239,-0.964969374609098,3.88829183929133e-07,Repressed
PPARA,ENSG00000186951,0.14243382842216,0.506372913266383,-0.718807011657341,1.78506156515065e-05,Repressed
PPFIBP2,ENSG00000166387,0.000365497230852347,0.994899138461249,-0.648663471252655,0.00119507006563781,Repressed
PPIL3,ENSG00000240344,0.088278330871436,0.696830088858229,-0.644608595471947,0.000507141300758929,Repressed
PPP1R18,ENSG00000146112,-0.0656736177913887,0.795225467529921,-0.871109734084117,1.17934736145668e-05,Repressed
PRC1,ENSG00000198901,-0.0256858942413715,0.907462330929602,0.759272634741425,0.000365898572047371,Activated
PRDX5,ENSG00000126432,0.053416272464799,0.569684909360267,-0.595093511252829,5.33021328645603e-15,Repressed
PRKACA,ENSG00000072062,0.177262158713963,0.197655654055533,0.51060129258006,0.00192807582059483,Activated
PRKCA,ENSG00000154229,-0.0809098351084817,0.7918254420848,-0.673638889993091,0.00171022314935043,Repressed
PRLR,ENSG00000113494,0.0467036491634876,0.87875523446788,-0.607605608938889,0.000812390435587703,Repressed
PRMT1,ENSG00000126457,0.0854810796534475,0.413254255327481,0.685452113437289,1.06247386661661e-10,Activated
PRMT7,ENSG00000132600,-0.0245952353596145,0.935795392356915,0.573733769365943,0.00890387776949475,Activated
PRPF3,ENSG00000117360,0.225170096709729,0.106494570680662,0.657401731125913,6.73628902632003e-05,Activated
PRPSAP2,ENSG00000141127,0.179695171461333,0.194197443412606,0.50884398271315,0.00161816775569976,Activated
PRR11,ENSG00000068489,0.0655586031045448,0.77144380361041,0.690639021409705,0.00119022809388384,Activated
PRR7,ENSG00000131188,-0.150798313732863,0.277591141709542,0.924421011175664,5.12400359306657e-08,Activated
PRRX2,ENSG00000167157,0.0987123974670035,0.612235121389181,0.731717441809886,0.000196387581909132,Activated
PRSS8,ENSG00000052344,-0.0978191967568906,0.483220121048698,-0.54878215811907,5.06323827145515e-05,Repressed
PRTFDC1,ENSG00000099256,0.153875215120952,0.510101276189964,0.607014632248251,0.0011952190017747,Activated
PSMD3,ENSG00000108344,-0.0424731567096949,0.702382697127967,0.54977774678742,1.40576526358703e-07,Activated
PTK2,ENSG00000169398,-0.0523994496385679,0.732099741001731,0.500750802387758,0.00121708166610501,Activated
PTPRJ,ENSG00000149177,0.149874881361264,0.516934831929039,-0.913712938485651,2.14268265576946e-06,Repressed
PTTG1,ENSG00000164611,-0.251555611747148,0.162353349360869,1.26936791492303,1.17341387887635e-08,Activated
PUDP,ENSG00000130021,0.177959373103802,0.366913099297955,-0.755552762596549,0.000177720935412684,Repressed
PUS7,ENSG00000091127,0.132763818878685,0.32893205755693,0.677651725843739,1.23178289147789e-05,Activated
PVT1,ENSG00000249859,-0.226406132712151,0.143091844950834,0.740476232761683,0.000164716597340505,Activated
PYCR3,ENSG00000104524,-0.0044481121128853,0.993641344790528,0.956184927035352,1.50291479866511e-07,Activated
PYDC1,ENSG00000169900,0.205420708559302,0.271423200515434,1.54054087330269,7.66432240228035e-13,Activated
PYGL,ENSG00000100504,0.198911778491428,0.196685905779828,1.50167414984054,2.17577227380632e-15,Activated
RAB11FIP5,ENSG00000135631,-0.296343236824604,0.243638943125231,-0.722004731852992,0.000739484469924302,Repressed
RAB32,ENSG00000118508,-0.0929162092691687,0.606215305981395,0.689543858514394,0.000161771406205398,Activated
RAB42,ENSG00000188060,0.205434131266754,0.265926627666728,0.622377250909969,0.0026177224871358,Activated
RAB6B,ENSG00000154917,-0.147883416831609,0.511761791270622,-0.776554071367528,0.000259934005475656,Repressed
RAB8B,ENSG00000166128,0.131230341683488,0.731069359320366,-0.783706471929901,3.05496963450824e-05,Repressed
RAB9A,ENSG00000123595,0.137632652015896,0.347529965894462,-0.545121076395085,0.000361767987469564,Repressed
RACGAP1,ENSG00000161800,0.18361515063685,0.303557073185911,0.688898499112876,0.000422040784739802,Activated
RAD21,ENSG00000164754,-0.00807349529536855,0.962096811220011,0.590324869780769,4.68844416393903e-07,Activated
RAD51AP1,ENSG00000111247,0.0905073192097717,0.64269092953949,0.725120194540014,0.000246651270426129,Activated
RAE1,ENSG00000101146,-0.0541011850525,0.732143047999358,0.511103969858949,0.00194330969595966,Activated
RAP1A,ENSG00000116473,0.124889281433215,0.351767561676534,-0.539539643693523,4.18402239856055e-05,Repressed
RARB,ENSG00000077092,0.0954095791816978,0.616211445513427,0.679504132485336,0.00136869442033355,Activated
RASA3,ENSG00000185989,0.0992881761650032,0.633256706294104,-0.658134783310939,0.000255987276842227,Repressed
RBBP8,ENSG00000101773,0.0482324753615319,0.78116611922971,0.704421316828514,3.51598066936867e-05,Activated
RBM17,ENSG00000134453,0.0153534068022177,0.936943437857029,0.552895121541023,7.15694625723408e-10,Activated
RBP7,ENSG00000162444,0.202383978142517,0.326943346655694,-2.01742392623409,6.62339655493376e-40,Repressed
RCC2,ENSG00000179051,0.155160098302779,0.225367423982575,0.734435308487916,3.41636352184891e-07,Activated
RCSD1,ENSG00000198771,0.14956065561503,0.461205789359818,-0.528484908402712,0.00347175751263192,Repressed
RDX,ENSG00000137710,-0.0350290222622355,0.800135346127833,0.510685597769406,4.38645375823871e-05,Activated
RECQL4,ENSG00000160957,0.110005461174928,0.5541763298287,0.764145958289415,0.000158580160588583,Activated
RFC2,ENSG00000049541,0.132165727766332,0.397348918720309,0.502473224646075,0.00378269130794352,Activated
RFLNB,ENSG00000183688,0.0439954017833606,0.842430546332041,0.581333718139725,0.00838896258033763,Activated
RFX5,ENSG00000143390,-0.019613198419139,0.923662114249402,0.623693619355747,0.000374989427681966,Activated
RGS12,ENSG00000159788,0.0233106290562887,0.910618225264761,0.568460978577067,0.00763596254244895,Activated
RHBDF2,ENSG00000129667,-0.00608110408182361,0.990783296681653,0.575218876771392,0.0053198641754552,Activated
RHOU,ENSG00000116574,0.0895217448830465,0.643758481427838,-0.939036402717297,8.46541637677425e-09,Repressed
RNASEH1-AS1,ENSG00000234171,0.0301161294202189,0.881626986493282,0.623872463299677,0.000812390435587703,Activated
RNASEH2B,ENSG00000136104,0.185283884288537,0.135756398579442,0.788295447934311,1.1544233277993e-07,Activated
RNASEH2C,ENSG00000172922,-0.047571546754891,0.726746855177349,0.516873023782918,5.70076728681619e-05,Activated
RNF11,ENSG00000123091,0.010090206614707,0.964701418901719,-0.534745515440618,0.000143534356637219,Repressed
RNF214,ENSG00000167257,0.128795596995737,0.449148515049059,0.582416505891069,0.00448638450300077,Activated
RNF26,ENSG00000173456,-0.165886629764257,0.371985458052826,0.726191422036332,0.000483102336430423,Activated
RNF5,ENSG00000204308,-0.194940087769,0.136419357210897,-0.714487052949534,6.60307871908172e-08,Repressed
RORA,ENSG00000069667,0.0241327382683726,0.872596429138536,-0.740912966943567,0.000162558597785985,Repressed
RORC,ENSG00000143365,0.00532649909198863,0.995390956938915,-0.731644305400043,1.38086082437885e-05,Repressed
RPP21,ENSG00000241370,-0.244346350705925,0.154501580117231,-0.664958297710905,0.000452617902848605,Repressed
RPP21,ENSG00000241370,-0.244346350705925,0.154501580117231,-0.664958297710905,0.000452617902848605,Repressed
RPP40,ENSG00000124787,0.0717431170209999,0.629630655358833,0.508655794157193,0.000822442292276195,Activated
RPRD1A,ENSG00000141425,0.112596234351672,0.515188232217207,0.705851590933881,6.68016582881342e-05,Activated
RPUSD1,ENSG00000007376,0.110653140157314,0.580251293709944,0.737715962898408,1.44500629488641e-05,Activated
RRAS,ENSG00000126458,0.105909889304947,0.556185310692002,-0.941877028891088,2.80812887456527e-10,Repressed
RRP1,ENSG00000160214,0.148895474099676,0.178406228598007,0.853275425064755,2.69997691094308e-11,Activated
RRP9,ENSG00000114767,0.0122595775004559,0.987865476094114,0.701623838911523,0.000326194860622338,Activated
RRS1,ENSG00000179041,0.198521512242007,0.162353349360869,1.186999524479,1.75407508956053e-11,Activated
RSRC1,ENSG00000174891,0.111911236829059,0.37206411549817,0.654348577365253,1.81593452593273e-06,Activated
RTCA,ENSG00000137996,0.221649579084202,0.108882748767954,-0.506519048737972,0.000244166916105953,Repressed
RTN4IP1,ENSG00000130347,0.0286268552546064,0.998722327712591,0.537361856202073,0.00763410753162656,Activated
S100A1,ENSG00000160678,-0.0798097558018908,0.556185310692002,-0.747169904328801,1.48967295603579e-12,Repressed
SAA1,ENSG00000173432,0.251592609388107,0.181452033146966,2.28698260326724,1.25705451315808e-26,Activated
SAMD1,ENSG00000141858,-0.168740658990779,0.14301779387281,0.535091395438796,8.78058604098795e-05,Activated
SAMD12,ENSG00000177570,0.267582258077172,0.10915144263343,0.758020422517153,0.000291121181629314,Activated
SAPCD2,ENSG00000186193,-0.0490030506159854,0.819691630812194,1.07835604340889,1.02336869007764e-07,Activated
SCRIB,ENSG00000180900,-0.0141572821759652,0.954804121005513,0.613841041883559,2.60610499884329e-05,Activated
SCRN2,ENSG00000141295,0.211361786982846,0.192823949739301,0.593552117273159,0.00160943133643586,Activated
SDHAF3,ENSG00000196636,0.0340600202667597,0.921134342813564,0.6057997155529,0.000142678009944465,Activated
SEC11A,ENSG00000140612,0.119300438784602,0.449153422362248,-0.531566207257413,1.79612843784426e-10,Repressed
SELENBP1,ENSG00000143416,0.193597251179417,0.301164348612736,0.696173870641745,0.000913424477622556,Activated
SEMA4C,ENSG00000168758,-0.00364230264465015,0.988779592709209,0.644338665304538,0.00441725432520561,Activated
SEPHS1,ENSG00000086475,0.0327609142365085,0.828283869113934,0.614832605014054,3.89343011330295e-06,Activated
SEPT6,ENSG00000125354,-0.0516114426791396,0.801182711285243,-0.746825965235187,0.00010563007238593,Repressed
SEZ6L2,ENSG00000174938,-0.0172706286345959,0.942885097315245,-0.603635202593512,0.000246125363621947,Repressed
SF3B3,ENSG00000189091,0.10070296937533,0.494244405310321,0.639407787216299,3.23189457651423e-05,Activated
SFMBT1,ENSG00000163935,0.178002770956251,0.267604848064409,0.583759446294458,0.00362991511410692,Activated
SFXN4,ENSG00000183605,-0.118600632166778,0.42686599785483,0.563000456468224,0.000887960791374875,Activated
SGO1,ENSG00000129810,0.142634509462459,0.476174217595517,0.828284418832477,0.000102092948566724,Activated
SGSM2,ENSG00000141258,-0.0312945880646704,0.907188552480233,0.627102407517834,0.00095970855132151,Activated
SH2B2,ENSG00000160999,-0.0479453094103462,0.819130256396358,0.745929734012877,8.3645512911505e-05,Activated
SH3BGRL,ENSG00000131171,-0.029855799303506,0.859393438529923,0.570030616582163,0.000913424477622556,Activated
SH3BP1,ENSG00000100092,0.0584805591052515,0.846323054915956,1.00352300384629,2.58076038961673e-06,Activated
SH3D19,ENSG00000109686,0.269210394989499,0.133795882831905,0.669732667862065,0.003910849582366,Activated
SH3PXD2A,ENSG00000107957,0.25519686421331,0.109355146661997,0.781470655817938,4.26846404719701e-05,Activated
SHB,ENSG00000107338,0.202814653951961,0.228636102127307,0.619872259867749,0.00126775513033924,Activated
SHMT1,ENSG00000176974,0.182994008579749,0.262946671939016,0.571683816196466,0.0013720461872212,Activated
SIX3,ENSG00000138083,-0.288407595724327,0.130953893122014,-1.91594037597376,7.69142542307634e-37,Repressed
SLC16A1,ENSG00000155380,0.167970519681467,0.285056639712436,0.856403854523164,3.93638152760523e-06,Activated
SLC16A8,ENSG00000100156,0.0525760140786101,0.852430734578671,-0.70869435229689,2.1900814545115e-05,Repressed
SLC19A1,ENSG00000173638,-0.0410703083027296,0.838682517351224,0.587524161259665,0.00140194629122239,Activated
SLC22A18,ENSG00000110628,-0.202462520511455,0.285237068490603,-0.891060238417672,2.26514777077579e-07,Repressed
SLC25A10,ENSG00000183048,0.0705203540539378,0.903558868932473,0.81110345236292,5.17266878615245e-06,Activated
SLC25A19,ENSG00000125454,0.244304329888631,0.11778472941493,0.8998969369926,1.69337620329863e-06,Activated
SLC25A22,ENSG00000177542,-0.152009156825287,0.285056639712436,0.672331587134744,6.04578000152254e-05,Activated
SLC25A25,ENSG00000148339,0.264858126405518,0.124951819038056,-1.01963632614912,6.94558780050037e-10,Repressed
SLC25A32,ENSG00000164933,0.132875852820632,0.445989719300687,0.600903191705519,0.00236580070109814,Activated
SLC2A1,ENSG00000117394,-0.167287757696482,0.276529425027531,-0.526017821487414,0.00118076973094814,Repressed
SLC2A6,ENSG00000160326,0.176132330849035,0.341165977113683,0.870183461881714,7.07302973949987e-05,Activated
SLC35A1,ENSG00000164414,-0.238071754101459,0.106578339042937,-0.505338002015072,0.00226273286412157,Repressed
SLC35A3,ENSG00000117620,0.200863037462912,0.274465354728081,-0.629406144847748,1.48553551747875e-05,Repressed
SLC35B2,ENSG00000157593,-0.0988115581662252,0.497473200076733,-0.53265596474226,0.000139341148520405,Repressed
SLC35B4,ENSG00000205060,0.174841052075286,0.310485064704404,0.577974650199138,0.00619786087023232,Activated
SLC37A4,ENSG00000137700,-0.0380172903380818,0.84131992887192,0.726564504904086,0.000326216051007687,Activated
SLC38A10,ENSG00000157637,0.0249179225993149,0.93010773497054,0.542355261834768,0.00335251197623106,Activated
SLC39A10,ENSG00000196950,0.183214914632721,0.271461413012622,0.983149594892122,1.88902597286939e-07,Activated
SLC39A7,ENSG00000112473,0.0943613672408677,0.463259496531958,-0.512989282118338,1.69432242128079e-05,Repressed
SLC43A3,ENSG00000134802,0.0227316230343312,0.901482557735813,0.678916598021268,5.87509668804782e-06,Activated
SLC9A3R1,ENSG00000109062,-0.0464690897649253,0.753768582739876,-0.611569504194708,1.43976484916436e-06,Repressed
SLURP1,ENSG00000126233,0.103209711098328,0.593988569987439,-0.628224685067771,0.00101382140465162,Repressed
SMARCB1,ENSG00000099956,0.119276556913361,0.53236998523873,0.713478344219334,3.32677308039935e-07,Activated
SMC4,ENSG00000113810,0.251505123589532,0.106593884455447,0.805026544077436,8.09516228373221e-06,Activated
SMG6,ENSG00000070366,0.190656074052295,0.215522908258527,0.6512288473765,0.000243774015088604,Activated
SMO,ENSG00000128602,-0.0389784174430006,0.858142633731399,0.552475916748333,0.00414216501416246,Activated
SMYD2,ENSG00000143499,0.0524389027344432,0.677687508969241,0.509862058645892,1.47023055863836e-05,Activated
SMYD4,ENSG00000186532,0.0589068175423039,0.74348969896413,0.663355440941969,0.000856959489779105,Activated
SNRPD1,ENSG00000167088,0.0181149029396848,0.878672327946796,0.542075211233033,9.99713865823552e-10,Activated
SNX27,ENSG00000143376,0.126145155514074,0.331407487217539,0.520323416286962,0.000411519490359478,Activated
SNX5,ENSG00000089006,0.0935447816259626,0.394265239101202,0.701660262521359,3.0365797059254e-09,Activated
SOCS3,ENSG00000184557,0.0647434366671596,0.8166864426477,-1.35801576270711,9.53999846352905e-14,Repressed
SOCS6,ENSG00000170677,0.1306655703513,0.397170628538789,0.608004788232658,0.000350822776524254,Activated
SORD,ENSG00000140263,-0.121110116371473,0.408202785757633,0.811085504182576,2.09033087072543e-06,Activated
SPAG5,ENSG00000076382,0.0247874929808244,0.953137779064428,0.772576269534841,0.000204846305266389,Activated
SPATC1L,ENSG00000160284,-0.0744636983009547,0.643166330698378,0.541033854289838,0.00250572674647086,Activated
SPDL1,ENSG00000040275,-0.108742182328773,0.606215305981395,0.557392204822802,0.00794924923928575,Activated
SRRD,ENSG00000100104,0.147798048007835,0.379931351061738,0.582128329203673,0.00162779263856948,Activated
SRRT,ENSG00000087087,0.0534819107998286,0.721202541632298,0.756069908788671,5.92503438808818e-07,Activated
SSBP4,ENSG00000130511,0.0114486410003839,0.998823814677396,0.785339116471392,1.89632829984891e-10,Activated
SSC4D,ENSG00000146700,0.195840007210752,0.471718265161794,0.799868290563663,3.90866165986546e-05,Activated
SSR3,ENSG00000114850,0.0571443696245928,0.588911592849232,-0.535992756087051,8.62147798854857e-10,Repressed
SSRP1,ENSG00000149136,0.0350217781333637,0.784805677096984,0.642705465142556,3.07160102123625e-08,Activated
ST6GALNAC1,ENSG00000070526,0.200941269085098,0.289683807238915,-1.10709926077697,3.44778759555641e-11,Repressed
STK19,ENSG00000204344,0.159348544647128,0.406429977290803,-0.75206359486096,7.10865861919923e-08,Repressed
SURF6,ENSG00000148296,0.136922667340034,0.33924956307595,0.598905105750417,0.000216700170233331,Activated
SVIL,ENSG00000197321,0.15227325941484,0.174651971711779,0.618742903199558,1.57282267904971e-06,Activated
SYCP2,ENSG00000196074,0.176059630433056,0.150686121228325,0.680308393450043,6.81835052848723e-07,Activated
SYNGR1,ENSG00000100321,0.232338228166069,0.123132554009637,0.78682622553371,5.98779819141606e-06,Activated
SYT7,ENSG00000011347,0.113910394350351,0.501438635107017,0.616077216516194,0.000745614294783508,Activated
TACC2,ENSG00000138162,-0.0162997913276021,0.952381194225638,0.557717675538251,0.00127641280739725,Activated
TACC3,ENSG00000013810,0.194728334449496,0.27409393894846,0.667548588878618,0.0010581986882662,Activated
TACO1,ENSG00000136463,-0.0585751949377277,0.705158543184017,0.64378086473786,9.60036603150576e-05,Activated
TACSTD2,ENSG00000184292,0.134777371951687,0.163381012550685,-0.556748025720916,6.67533969966703e-11,Repressed
TAF13,ENSG00000197780,0.244428657255006,0.130440149168711,-0.531344053915981,0.00173794583120319,Repressed
TAF15,ENSG00000270647,0.153861044768395,0.203598891112755,0.566617923251985,1.94005925876469e-05,Activated
TAF2,ENSG00000064313,0.0313720176905199,0.995018486609629,0.712352862989804,9.99740285961112e-05,Activated
TAF3,ENSG00000165632,0.227141400793771,0.10526421774719,0.513390095493888,0.00223235201044181,Activated
TARS2,ENSG00000143374,0.221052660243699,0.106675975407203,0.563415969892601,0.000691288244809998,Activated
TATDN1,ENSG00000147687,0.00233065026835607,0.995018486609629,0.794326801864772,4.33267143246651e-10,Activated
TBK1,ENSG00000183735,0.207153292156828,0.140309563289028,0.517862792463441,0.00201505867973722,Activated
TCERG1,ENSG00000113649,0.140525221319824,0.218852294141086,0.661658439857116,2.78639047964665e-07,Activated
TCOF1,ENSG00000070814,-0.0434128233440376,0.804535458945143,0.832671605989809,5.67972685199595e-07,Activated
TGFB2,ENSG00000092969,0.176628238299319,0.346832132872296,0.931373146216672,1.00071562963395e-05,Activated
THAP1,ENSG00000131931,-0.0178086700636278,0.939815836037336,-0.848293636524373,9.3079269357922e-09,Repressed
THAP11,ENSG00000168286,-0.199765463886322,0.160051428630162,0.614229655062281,0.000536621700744517,Activated
THOC1,ENSG00000079134,0.125027615274335,0.73430672159295,0.653900227850945,0.000161948646468465,Activated
THOP1,ENSG00000172009,-0.0674340380949252,0.694947131267464,0.616486577736447,0.000665290174353276,Activated
TIGD5,ENSG00000179886,-0.0577089284658193,0.735865257648491,0.604280642682403,0.000324444739113495,Activated
TIMELESS,ENSG00000111602,0.249235444826318,0.130941046868996,0.784219666447921,6.25070302721983e-05,Activated
TIMM44,ENSG00000104980,-0.124522464539974,0.244866213491078,0.593148688527189,3.13415626753548e-06,Activated
TIMM50,ENSG00000105197,-0.151127211938293,0.145317326065581,0.652100078684936,2.16294746917532e-07,Activated
TIMP1,ENSG00000102265,0.105790711200439,0.803076241969084,-0.729711299268216,0.00058157063423224,Repressed
TK1,ENSG00000167900,0.0469348157692502,0.83252446143481,0.597410795190581,0.00237435555881686,Activated
TKT,ENSG00000163931,0.102990874770307,0.300624126989198,0.659137368569293,3.63324178499697e-10,Activated
TLE4,ENSG00000106829,0.247654416723722,0.168841803268589,0.939843220863005,1.56280791668187e-05,Activated
TM2D2,ENSG00000169490,0.198857348436629,0.121430570360209,-0.614534612712767,6.72276388840378e-07,Repressed
TMEM102,ENSG00000181284,0.0232168829157916,0.94490913967362,0.529422937628575,0.0070827483842288,Activated
TMEM14C,ENSG00000111843,-0.0389384373358318,0.702863010351481,-0.818948633676027,8.53803377039477e-27,Repressed
TMEM158,ENSG00000249992,-0.0776877070962842,0.717644485389235,1.18180803435679,3.86372569777776e-08,Activated
TMEM167B,ENSG00000215717,0.0834432027204523,0.621889512007052,-0.633461123888579,1.65376376194679e-05,Repressed
TMEM177,ENSG00000144120,0.174184165162868,0.229180346630053,0.998004917800352,8.10977473109755e-09,Activated
TMEM219,ENSG00000149932,0.0934475106844748,0.594097332775944,-0.503304280786541,4.59807398384228e-07,Repressed
TMEM243,ENSG00000135185,-0.159925840468786,0.295983188339255,-0.513010869726103,0.000975867045349313,Repressed
TMEM30A,ENSG00000112697,0.226419604138856,0.154773105762172,-0.643301022357684,5.15013608629998e-05,Repressed
TMEM50B,ENSG00000142188,0.166289329512593,0.308365225095614,-0.669915284615287,2.32592482522994e-05,Repressed
TMOD1,ENSG00000136842,-0.0809545380420015,0.695759936637076,-1.16682851289291,9.03042082555808e-13,Repressed
TMSB4X,ENSG00000205542,0.102160811802376,0.225483078861616,-0.79675798909645,7.98078304984176e-26,Repressed
TONSL,ENSG00000160949,-0.075651718836945,0.702501901029575,0.730908142764267,0.000933953660871794,Activated
TOP1MT,ENSG00000184428,-0.178578040467602,0.115524254394739,0.728115042537765,3.82654620200025e-07,Activated
TPD52,ENSG00000076554,0.052389142438239,0.706786226801872,0.638868884780845,3.26693597546545e-06,Activated
TPX2,ENSG00000088325,0.15589196047538,0.436322611494204,0.860503385608641,5.24326000073958e-05,Activated
TRADD,ENSG00000102871,-0.238846917850835,0.111587326961503,0.672868748690071,0.000451317230049295,Activated
TRAPPC12,ENSG00000171853,0.0599797860208482,0.716397984769088,0.580470236426389,0.000124856074762951,Activated
TRIP13,ENSG00000071539,0.132362409344525,0.426887579638462,0.738197234813397,3.35619551059414e-05,Activated
TRMT61A,ENSG00000166166,-0.00967100543394944,0.964091724484549,0.68437422826872,0.000144728136852717,Activated
TRMU,ENSG00000100416,0.097500920486091,0.863614441177108,0.629357191149602,0.00226274724765139,Activated
TRPM2,ENSG00000142185,-0.15938626527356,0.32851788039503,0.572631518907011,0.00378269130794352,Activated
TRPV6,ENSG00000165125,-0.0156722913750846,0.966277506441925,-1.26080036023795,8.78301643970297e-15,Repressed
TRUB2,ENSG00000167112,0.0225379928200066,0.919731213740526,0.638170404329145,3.58262907560234e-05,Activated
TSC22D1,ENSG00000102804,-0.0191681726193201,0.927372977347708,0.502303989052059,0.00259805662462392,Activated
TSPAN15,ENSG00000099282,-0.0626256350153865,0.667862067229369,-0.663445032481075,6.49301689571976e-08,Repressed
TSPAN3,ENSG00000140391,0.0713096674573689,0.68317891180995,0.639528283484852,0.000361375241711801,Activated
TTI2,ENSG00000129696,0.270344327017394,0.203142344077496,-0.678317333886885,1.9571943482557e-05,Repressed
TTK,ENSG00000112742,0.0828027777729787,0.708526266965123,0.793693368572277,0.000212616351423115,Activated
TUBA1A,ENSG00000167552,0.014000159793765,0.950625757772662,-0.632067000089288,2.7694794671093e-06,Repressed
TUBA1B,ENSG00000123416,0.150492883709787,0.168033006344044,0.685085298544228,2.46572929307357e-10,Activated
TUBGCP3,ENSG00000126216,0.0200034658125243,0.911221657242035,0.534122241643049,0.000761693337274033,Activated
TUBGCP5,ENSG00000275835,0.12767349584654,0.458577885184645,0.571348948472821,0.008621660834666,Activated
TYMS,ENSG00000176890,-0.11908026307304,0.537532107448161,0.716669652047225,0.00051504244890181,Activated
UBE2C,ENSG00000175063,-0.0970620444450514,0.694526541302941,1.17348668232661,6.06084495981161e-07,Activated
UBE2S,ENSG00000108106,-0.0385563564420778,0.826470524360577,0.704105438212865,7.35132658818747e-07,Activated
UBE2T,ENSG00000077152,0.228417641129707,0.116535425977862,0.788098116422522,4.43206670577532e-06,Activated
UBR5,ENSG00000104517,0.186035023906947,0.151293397874625,0.691324619434349,5.81113125258573e-06,Activated
UNC13D,ENSG00000092929,-0.119647602332783,0.346895014011612,0.692184037799552,2.36596706852934e-06,Activated
UPF1,ENSG00000005007,0.12045332264133,0.39500709667423,0.652532636990559,5.45352476018516e-05,Activated
UPF2,ENSG00000151461,0.168061939989871,0.19417587484818,0.709239922601079,1.57282267904971e-06,Activated
UPP1,ENSG00000183696,-0.160313571673166,0.417193658756085,-0.942049742628129,7.58079640503364e-08,Repressed
UROS,ENSG00000188690,-0.037967636817498,0.809260217245353,0.643846977468797,1.3233558169224e-05,Activated
USP2,ENSG00000036672,0.10623619636394,0.612003883021226,-0.607026211076134,0.00527321540210072,Repressed
UTP14A,ENSG00000156697,0.223925938473309,0.261228185705467,0.671023266453618,0.000337123502624048,Activated
UTP23,ENSG00000147679,0.0465531289719061,0.799731426011819,0.615467241177043,0.000550933283973101,Activated
VAMP4,ENSG00000117533,0.0573842670807693,0.959292003834372,-0.61260973578091,0.00176116160307672,Repressed
VAV1,ENSG00000141968,0.115954695767101,0.6608469872206,0.629458886656147,0.00553434362233607,Activated
VEGFA,ENSG00000112715,-0.0797448984679296,0.750281494964723,-0.740135446022592,8.51222300935123e-05,Repressed
VPS37A,ENSG00000155975,-0.153060794889924,0.56690962458398,-0.628966749058333,0.00157342091035183,Repressed
VRK1,ENSG00000100749,0.233295176989781,0.152213867096281,0.562124220170821,0.00325980059589836,Activated
VWA1,ENSG00000179403,0.0190149216255604,0.925239150462727,0.514708137568951,0.000460850685102621,Activated
WDFY2,ENSG00000139668,0.198567791439095,0.20844360843828,0.811972630936239,1.09780748310258e-05,Activated
WDR12,ENSG00000138442,0.21549275322888,0.196335019304427,0.638280687559761,0.000277106763346062,Activated
WDR18,ENSG00000065268,-0.132650732774523,0.318423602059622,0.723196225517917,3.68719074432408e-06,Activated
WDR4,ENSG00000160193,-0.0335684091381274,0.852195277496425,0.959158764401459,7.17816662820959e-07,Activated
WDR70,ENSG00000082068,0.170831630153819,0.300438562486257,0.545283498213308,0.00474893817722843,Activated
WDR77,ENSG00000116455,-0.0267122947538279,0.889363987257946,0.520782630746851,0.00187367592416511,Activated
WHAMM,ENSG00000156232,0.149554310211428,0.439044444746694,-0.524644451154166,0.00206426336289882,Repressed
WNK2,ENSG00000165238,0.144404599790534,0.332142294586871,0.929402896314112,6.21401763415272e-08,Activated
WWC2,ENSG00000151718,0.19689868969337,0.206676011680181,0.915417636525265,5.10948375935777e-07,Activated
XRCC2,ENSG00000196584,0.230089257307105,0.243176693579643,0.774161044469567,0.00045627295569322,Activated
YDJC,ENSG00000161179,-0.115447126033552,0.328856089754088,0.803078553922212,3.08349684096386e-09,Activated
YEATS4,ENSG00000127337,0.0914390487235456,0.582945104694727,0.698936173567967,7.62418234976091e-05,Activated
ZC3HC1,ENSG00000091732,0.00818280110011825,0.986253575345827,0.625993939730976,0.00127460054080461,Activated
ZCCHC3,ENSG00000247315,-0.0117858802271536,0.964091724484549,0.559005933818389,0.00382374470328863,Activated
ZER1,ENSG00000160445,0.0878006265292555,0.724673344214639,-0.588010315674112,0.00432696813465034,Repressed
ZFP64,ENSG00000020256,0.174903924998573,0.372333655661435,0.675046769792788,0.000577977250276526,Activated
ZNF107,ENSG00000196247,0.0894510269554028,0.659780139308721,0.625007026564818,0.00219223049831213,Activated
ZNF12,ENSG00000164631,0.0702332865467062,0.688984884869365,-0.505354148275893,0.00111467574223436,Repressed
ZNF140,ENSG00000196387,0.135641613344102,0.567490633042409,-0.621827306090607,0.00237238780554004,Repressed
ZNF219,ENSG00000165804,0.175070225967426,0.269753438370833,0.665473439148773,0.000455026679912578,Activated
ZNF331,ENSG00000130844,0.153130418574259,0.390834440443615,-0.624210340035837,0.00157342091035183,Repressed
ZNF426,ENSG00000130818,-0.17218006165111,0.386786634773326,-0.630652652181871,0.0018369698728509,Repressed
ZNF532,ENSG00000074657,0.235892507635128,0.164355529039946,0.897315960991466,1.26275702683448e-05,Activated
ZNF672,ENSG00000171161,-0.0458018475166592,0.808944562999339,0.517012680396659,0.00394400931968949,Activated
ZNF692,ENSG00000171163,0.0940112725522255,0.580606101014265,0.623839847570579,0.000561601857819947,Activated
ZNF695,ENSG00000197472,0.217342492579117,0.211961159739153,0.843072750644186,0.000101298353440083,Activated
ZNF7,ENSG00000147789,0.155047257985805,0.327887713581859,0.545813081755225,0.00248449121197695,Activated
ZNF703,ENSG00000183779,-0.00368292524027983,0.999273257945052,-0.564400866963276,0.000400862539805696,Repressed
ZNF706,ENSG00000120963,-0.0443266742152582,0.693555601339641,0.701566776904745,9.90470538329825e-11,Activated
ZNF717,ENSG00000227124,-0.0425136213025475,0.864782754049091,-0.583147598352615,0.00732675076804194,Repressed
ZWINT,ENSG00000122952,0.211448530838068,0.176073598529314,0.992052545395628,4.96986010006507e-08,Activated
