gene_symbol,logFC,logCPM,F,PValue,FDR,ensembl_gene_id,R,H,classified_gene_dlp,classified_gene,classified_gene_rna,Gene_Type
KCNMA1,3.68797634626512,8.50097447856605,1059.60586675559,4.37647889878486e-195,7.03987891433107e-193,ENSG00000156113,10,11,Decrease,in_cis,UpRegulated,In_cis_Decrease_UpRegulated
SNHG8,-1.27700140818077,8.62978867538958,975.471340979916,5.79688707796828e-182,7.79378489527436e-180,ENSG00000269893,3,2,Increase,in_cis,DownRegulated,In_cis_Increase_DownRegulated
ATP5MC3,-1.45721761474911,8.79740356695762,968.880552029962,6.37147057770989e-181,8.44032455353099e-179,ENSG00000154518,3,2,Increase,in_cis,DownRegulated,In_cis_Increase_DownRegulated
PDGFC,-1.96967672389719,7.49542958621859,877.49654220603,2.76680494940704e-166,3.03943646149495e-164,ENSG00000145431,3,2,Increase,in_cis,DownRegulated,In_cis_Increase_DownRegulated
ATP5F1E,-0.709263486248633,9.79117761219547,776.86084618433,1.04139508992332e-149,9.28800690101911e-148,ENSG00000124172,4,3,Increase,in_cis,DownRegulated,In_cis_Increase_DownRegulated
MAEL,1.40405626233234,8.49782814634955,661.251539458506,4.86336433349407e-130,3.84291104527321e-128,ENSG00000143194,7,8,Decrease,in_cis,UpRegulated,In_cis_Decrease_UpRegulated
COX7A2,-0.717238240396616,9.09018440997945,498.091638624914,4.81417410708681e-101,2.3959160418032e-99,ENSG00000112695,4,3,Increase,in_cis,DownRegulated,In_cis_Increase_DownRegulated
TUBB2B,1.09437582416227,9.46662396433445,485.046264374967,1.16794776703331e-98,5.5083107253592e-97,ENSG00000137285,5,6,Decrease,in_cis,UpRegulated,In_cis_Decrease_UpRegulated
NDUFB3,-0.970308450178918,8.20146852391123,471.877262384586,3.05746769884516e-96,1.398054265543e-94,ENSG00000119013,3,2,Increase,in_cis,DownRegulated,In_cis_Increase_DownRegulated
ARL4C,1.79412806042002,7.60722786819965,437.496458213899,7.04852231881105e-90,2.87299045465384e-88,ENSG00000188042,2,3,Decrease,in_cis,UpRegulated,In_cis_Decrease_UpRegulated
NDUFB2,-0.814001152347364,8.52006572637962,431.141198961124,1.07717555697333e-88,4.23720411232129e-87,ENSG00000090266,3,2,Increase,in_cis,DownRegulated,In_cis_Increase_DownRegulated
STAT1,-1.55356680967823,7.52797816562689,423.074918101069,3.45899531871638e-87,1.33728025025739e-85,ENSG00000115415,3,2,Increase,in_cis,DownRegulated,In_cis_Increase_DownRegulated
SEM1,-0.693427864589715,8.90290702687509,411.344664825071,5.46181956594034e-85,2.03306077066077e-83,ENSG00000127922,3,2,Increase,in_cis,DownRegulated,In_cis_Increase_DownRegulated
COX8A,-0.751611641900898,8.6240256303594,407.621589978309,2.73474208518192e-84,1.00961297964421e-82,ENSG00000176340,3,2,Increase,in_cis,DownRegulated,In_cis_Increase_DownRegulated
COX6B1,-0.600376979066932,9.05124114298088,350.731337485575,1.73213695628816e-73,5.20102990074793e-72,ENSG00000126267,4,3,Increase,in_cis,DownRegulated,In_cis_Increase_DownRegulated
EBF1,1.54863418483557,7.45187858052139,348.305661688664,5.0568829983535e-73,1.50835768374729e-71,ENSG00000164330,2,3,Decrease,in_cis,UpRegulated,In_cis_Decrease_UpRegulated
ATP5MF,-0.730955843065196,8.48617278661894,345.695148645909,1.60354087525423e-72,4.72048895565035e-71,ENSG00000241468,3,2,Increase,in_cis,DownRegulated,In_cis_Increase_DownRegulated
DSP,1.48553169379887,7.44711385808656,326.779439134821,7.08714067700897e-69,1.94045480907285e-67,ENSG00000096696,5,6,Decrease,in_cis,UpRegulated,In_cis_Decrease_UpRegulated
HOXD8,-1.22875073555272,7.40122323373983,312.593470141809,3.98427851198525e-66,1.0343049232266e-64,ENSG00000175879,3,2,Increase,in_cis,DownRegulated,In_cis_Increase_DownRegulated
NR4A1,1.2861478400254,8.05984666396658,303.394533843261,2.45998181869367e-64,6.15542117299794e-63,ENSG00000123358,2,3,Decrease,in_cis,UpRegulated,In_cis_Decrease_UpRegulated
HMGA1,-0.583971026638802,9.22604251785777,287.902088068639,2.62959349093812e-61,6.21715962371931e-60,ENSG00000137309,5,4,Increase,in_cis,DownRegulated,In_cis_Increase_DownRegulated
SDC2,1.13136380872321,8.2008524635628,281.235545377929,5.35150408423492e-60,1.23606022540482e-58,ENSG00000169439,8,11,Decrease,in_cis,UpRegulated,In_cis_Decrease_UpRegulated
PFDN6,-0.711943695281342,8.28448108254594,267.027427364646,3.37263289875044e-57,7.32064509685397e-56,ENSG00000204220,5,4,Increase,in_cis,DownRegulated,In_cis_Increase_DownRegulated
MYO1B,-1.106652471771,7.3988615453814,282.866338980169,2.39050433212591e-55,4.93891353756655e-54,ENSG00000128641,3,2,Increase,in_cis,DownRegulated,In_cis_Increase_DownRegulated
ALG8,-0.961901386225124,7.61363696342412,257.527446029783,2.55794459858094e-55,5.27276085675449e-54,ENSG00000159063,4,3,Increase,in_cis,DownRegulated,In_cis_Increase_DownRegulated
EIF3H,0.655599926426356,8.69120955497838,254.707325031868,9.27290874867244e-55,1.88556121914315e-53,ENSG00000147677,2,3,Decrease,in_cis,UpRegulated,In_cis_Decrease_UpRegulated
RAD21,0.945789516661795,8.18536872454688,248.499052399432,1.5869762077259e-53,3.1144840259684e-52,ENSG00000164754,2,3,Decrease,in_cis,UpRegulated,In_cis_Decrease_UpRegulated
CSNK2B,-0.502749602073831,9.06744922031206,244.978708472235,7.96503643670282e-53,1.52333435715115e-51,ENSG00000204435,5,4,Increase,in_cis,DownRegulated,In_cis_Increase_DownRegulated
MPC2,0.493237835417071,9.35748973189587,239.306605892719,1.07638676119156e-51,1.99098397224098e-50,ENSG00000143158,7,8,Decrease,in_cis,UpRegulated,In_cis_Decrease_UpRegulated
TIMM10,-0.79664255518702,7.87444057979652,234.747699280366,8.76094934656626e-51,1.58471148019817e-49,ENSG00000134809,3,2,Increase,in_cis,DownRegulated,In_cis_Increase_DownRegulated
ATF3,1.39158132313259,7.85506731896401,233.571733248947,1.50551810615543e-50,2.70153527893389e-49,ENSG00000162772,3,4,Decrease,in_cis,UpRegulated,In_cis_Decrease_UpRegulated
NDUFC2,-0.547131734380494,8.77648096079556,231.880230853687,3.2815824063181e-50,5.84199492413309e-49,ENSG00000151366,4,3,Increase,in_cis,DownRegulated,In_cis_Increase_DownRegulated
ATXN7L3B,-1.03267801948347,7.54829234078806,230.596358223911,5.93026366816881e-50,1.04744735535029e-48,ENSG00000253719,3,2,Increase,in_cis,DownRegulated,In_cis_Increase_DownRegulated
HOXC12,1.26595812393336,7.31702275145628,282.11978400242,2.37014138429307e-49,4.10581415186768e-48,ENSG00000123407,2,3,Decrease,in_cis,UpRegulated,In_cis_Decrease_UpRegulated
ROMO1,-0.630812450344542,8.3090458049729,215.891898867711,5.31227639452399e-47,8.68475240687334e-46,ENSG00000125995,4,3,Increase,in_cis,DownRegulated,In_cis_Increase_DownRegulated
KNOP1,-0.725617820768492,8.01883494061782,210.791849007617,5.6629689197812e-46,9.04468511159381e-45,ENSG00000103550,3,2,Increase,in_cis,DownRegulated,In_cis_Increase_DownRegulated
IGFBP5,-0.981900743697229,8.59194678290681,206.766386213625,3.6784327408112e-45,5.6835887014112e-44,ENSG00000115461,3,2,Increase,in_cis,DownRegulated,In_cis_Increase_DownRegulated
MXD3,1.18418913877868,7.45017112901625,193.362295997001,1.90797257385036e-42,2.68967401334023e-41,ENSG00000213347,2,3,Decrease,in_cis,UpRegulated,In_cis_Decrease_UpRegulated
ATIC,-0.689068186177589,8.00108848404301,187.926299664805,2.4299470723918e-41,3.34182644703899e-40,ENSG00000138363,3,2,Increase,in_cis,DownRegulated,In_cis_Increase_DownRegulated
RDH10,-1.0094499792514,7.57901357739273,179.862069656824,1.06953058894193e-39,1.37633307788413e-38,ENSG00000121039,4,3,Increase,in_cis,DownRegulated,In_cis_Increase_DownRegulated
CREG1,0.861170506667667,7.75314336053264,175.958626413472,6.70858065328869e-39,8.40485320233999e-38,ENSG00000143162,7,8,Decrease,in_cis,UpRegulated,In_cis_Decrease_UpRegulated
KLF10,1.11703204489423,7.48517132925231,173.601069675539,2.03634437061786e-38,2.48637326310074e-37,ENSG00000155090,2,5,Decrease,in_cis,UpRegulated,In_cis_Decrease_UpRegulated
GNG5,-0.416697907494021,9.14105126810574,167.107419792909,4.35919152036462e-37,5.04076986077593e-36,ENSG00000174021,4,3,Increase,in_cis,DownRegulated,In_cis_Increase_DownRegulated
DDIT4,1.18838026504995,8.28031333890468,166.072757228664,7.10765613467311e-37,8.13542140548099e-36,ENSG00000168209,6,9,Decrease,in_cis,UpRegulated,In_cis_Decrease_UpRegulated
NDUFAF8,-0.530763562340474,8.4137329547671,164.179358257772,1.73977446804592e-36,1.96883020202986e-35,ENSG00000224877,4,3,Increase,in_cis,DownRegulated,In_cis_Increase_DownRegulated
PSMB9,-1.01469318267335,7.63642097734756,163.885157901022,1.99952448260206e-36,2.25428242043546e-35,ENSG00000240065,5,4,Increase,in_cis,DownRegulated,In_cis_Increase_DownRegulated
ZFAS1,-0.552611727348679,8.72285278764461,163.553604700295,2.33906308081808e-36,2.63049690786633e-35,ENSG00000177410,4,3,Increase,in_cis,DownRegulated,In_cis_Increase_DownRegulated
KIAA1586,0.839460325906155,7.71409086589369,162.322543845735,4.18825974166394e-36,4.68087391475295e-35,ENSG00000168116,7,8,Decrease,in_cis,UpRegulated,In_cis_Decrease_UpRegulated
CWC22,-0.768580537402481,7.59804040145096,157.962358151851,3.30437134551841e-35,3.58192263302405e-34,ENSG00000163510,3,2,Increase,in_cis,DownRegulated,In_cis_Increase_DownRegulated
CFL1,-0.319108890635739,10.2010608156205,154.592852060307,1.63457588212326e-34,1.73430618918331e-33,ENSG00000172757,3,2,Increase,in_cis,DownRegulated,In_cis_Increase_DownRegulated
ENY2,0.591686077225379,8.31721028152821,150.955779641402,9.20283406828086e-34,9.37772955736131e-33,ENSG00000120533,2,3,Decrease,in_cis,UpRegulated,In_cis_Decrease_UpRegulated
LHFPL6,-0.911309077767621,7.31047209862137,177.878443269257,9.57862978442032e-34,9.74963809017607e-33,ENSG00000183722,3,2,Increase,in_cis,DownRegulated,In_cis_Increase_DownRegulated
PSMD14,-0.527894347808568,8.29316795655372,146.474108148133,7.76705828278987e-33,7.66327064746672e-32,ENSG00000115233,3,2,Increase,in_cis,DownRegulated,In_cis_Increase_DownRegulated
TEX10,-0.738112695928964,7.56116458325175,146.125883769325,9.16861661250888e-33,9.00664105185169e-32,ENSG00000136891,4,3,Increase,in_cis,DownRegulated,In_cis_Increase_DownRegulated
TRMT112,-0.371206586056025,9.35313824419679,143.113804691032,3.85417540641071e-32,3.67779788781226e-31,ENSG00000173113,3,2,Increase,in_cis,DownRegulated,In_cis_Increase_DownRegulated
TAP1,-0.881778756331468,7.59961268251051,142.336251379523,5.58526723723252e-32,5.29044030210206e-31,ENSG00000168394,5,4,Increase,in_cis,DownRegulated,In_cis_Increase_DownRegulated
ATP5MG,-0.368958676017168,9.20153618890843,140.187584862435,1.55785641243099e-31,1.44821161642708e-30,ENSG00000167283,3,2,Increase,in_cis,DownRegulated,In_cis_Increase_DownRegulated
EIF2S2,-0.433383667604796,8.78315905408565,139.169681423423,2.53342785199011e-31,2.32157864605563e-30,ENSG00000125977,4,3,Increase,in_cis,DownRegulated,In_cis_Increase_DownRegulated
TAF11,-0.614542702904533,7.88224358745197,138.952080479504,2.8110276960955e-31,2.57334730553133e-30,ENSG00000064995,5,4,Increase,in_cis,DownRegulated,In_cis_Increase_DownRegulated
F12,0.930391718667205,7.36112793377576,155.717809567068,3.20893735477459e-30,2.83949977326223e-29,ENSG00000131187,2,3,Decrease,in_cis,UpRegulated,In_cis_Decrease_UpRegulated
PODXL2,0.714928920902198,7.76433174987931,133.522588015524,3.77508959675115e-30,3.33065691356849e-29,ENSG00000114631,2,3,Decrease,in_cis,UpRegulated,In_cis_Decrease_UpRegulated
PRDX6,0.294898160943772,10.2644049180884,130.567515800058,1.55587575911989e-29,1.35022435820347e-28,ENSG00000117592,7,8,Decrease,in_cis,UpRegulated,In_cis_Decrease_UpRegulated
HIST1H4C,-0.803175679202443,9.2897950921788,127.960751835472,5.43462187195675e-29,4.59240842613381e-28,ENSG00000197061,5,4,Increase,in_cis,DownRegulated,In_cis_Increase_DownRegulated
HSPE1,-0.36688784874013,9.64235596998458,125.167979798318,2.07871992700657e-28,1.70849535606526e-27,ENSG00000115541,3,2,Increase,in_cis,DownRegulated,In_cis_Increase_DownRegulated
NRN1,0.765751693370557,7.84227080768365,119.50003876801,3.17979872613397e-27,2.47354291235015e-26,ENSG00000124785,5,6,Decrease,in_cis,UpRegulated,In_cis_Decrease_UpRegulated
PCGF2,-0.682893539424134,7.54504740108564,117.626693570618,7.84464885659928e-27,6.00889429423863e-26,ENSG00000277258,4,3,Increase,in_cis,DownRegulated,In_cis_Increase_DownRegulated
NUF2,0.924091589431421,8.56420711563414,112.870978155496,7.79130531899473e-26,5.72931251538812e-25,ENSG00000143228,7,8,Decrease,in_cis,UpRegulated,In_cis_Decrease_UpRegulated
AL135925.1,0.723080856717908,7.67669237393395,109.87379447891,3.31936844662578e-25,2.36932416538867e-24,ENSG00000272447,8,10.5,Decrease,in_cis,UpRegulated,In_cis_Decrease_UpRegulated
CDKN1B,0.725858494813608,7.62085069751969,106.14749639999,2.01748604335939e-24,1.39474399682129e-23,ENSG00000111276,3,5,Decrease,in_cis,UpRegulated,In_cis_Decrease_UpRegulated
PWWP2A,0.751663631791906,7.47062769657643,104.57462059886,4.32547642253021e-24,2.93623900634153e-23,ENSG00000170234,2,3,Decrease,in_cis,UpRegulated,In_cis_Decrease_UpRegulated
UBE2G2,-0.473473117084259,8.23761130533857,103.913715339677,5.96048668872717e-24,3.99791988771812e-23,ENSG00000184787,4,3,Increase,in_cis,DownRegulated,In_cis_Increase_DownRegulated
NFKBIZ,0.836580593491714,7.31548744886249,116.412195936137,1.53679809568826e-23,1.00826491230589e-22,ENSG00000144802,3,4,Decrease,in_cis,UpRegulated,In_cis_Decrease_UpRegulated
ZPR1,-0.585929558067449,7.75507224113498,101.938076027657,1.55520349265618e-23,1.01959774831491e-22,ENSG00000109917,3,2,Increase,in_cis,DownRegulated,In_cis_Increase_DownRegulated
SYNGR2,-0.737962086652977,7.32071204041385,123.244510953696,2.75801127965564e-23,1.780943771121e-22,ENSG00000108639,4,3,Increase,in_cis,DownRegulated,In_cis_Increase_DownRegulated
ATP1B1,0.527886012507587,8.38881422536871,99.4880983416523,5.11474522082521e-23,3.27227449923249e-22,ENSG00000143153,7,8,Decrease,in_cis,UpRegulated,In_cis_Decrease_UpRegulated
UBL7,-0.597356904996499,7.61523456365536,97.5661630131998,1.30268586033062e-22,8.09282360679875e-22,ENSG00000138629,3,2,Increase,in_cis,DownRegulated,In_cis_Increase_DownRegulated
HOXC13,0.844250648445347,7.27952594812407,141.625168942256,1.44626209146555e-22,8.96323977206496e-22,ENSG00000123364,2,3,Decrease,in_cis,UpRegulated,In_cis_Decrease_UpRegulated
DNAJC15,0.859984868156143,7.4022066264207,96.6514586857121,2.03331039356586e-22,1.24941643461412e-21,ENSG00000120675,1,2,Decrease,in_cis,UpRegulated,In_cis_Decrease_UpRegulated
SERPINH1,-0.675048380932273,7.40565542575441,97.3178119864939,3.08998081700214e-22,1.88198425960482e-21,ENSG00000149257,3,2,Increase,in_cis,DownRegulated,In_cis_Increase_DownRegulated
TSPYL2,0.739238895034374,7.57933677587309,94.7191524241867,5.21147093988083e-22,3.13174984832865e-21,ENSG00000184205,4,5,Decrease,in_cis,UpRegulated,In_cis_Decrease_UpRegulated
TMEM45A,0.772225084709181,7.32108237921178,107.503504560925,1.05836570309479e-20,6.03020762395815e-20,ENSG00000181458,3,4,Decrease,in_cis,UpRegulated,In_cis_Decrease_UpRegulated
FAIM,0.785961862042952,7.28458545103716,128.148007324678,1.66585883248444e-20,9.37292714742026e-20,ENSG00000158234,2,3,Decrease,in_cis,UpRegulated,In_cis_Decrease_UpRegulated
MAK16,-0.604573353542749,7.46101928707881,84.5028091382798,7.66479708991243e-20,4.14184116292329e-19,ENSG00000198042,3,2,Increase,in_cis,DownRegulated,In_cis_Increase_DownRegulated
PSMB3,-0.332240698923394,8.92253363423804,84.4766759528945,7.76353129188586e-20,4.1901671586164e-19,ENSG00000277791,4,3,Increase,in_cis,DownRegulated,In_cis_Increase_DownRegulated
POLR3D,-0.562073888365502,7.64018888829731,84.1796858626964,8.97915789065096e-20,4.82315171609921e-19,ENSG00000168495,3,2,Increase,in_cis,DownRegulated,In_cis_Increase_DownRegulated
RBP1,0.735933261057144,7.34069332604449,92.2923801237635,1.41881875983635e-19,7.54915498440981e-19,ENSG00000114115,2,3,Decrease,in_cis,UpRegulated,In_cis_Decrease_UpRegulated
PPP1R11,-0.46022428853356,8.02568129985269,83.2305329450558,1.42956940547456e-19,7.59738124160167e-19,ENSG00000204619,5,4,Increase,in_cis,DownRegulated,In_cis_Increase_DownRegulated
CLNS1A,-0.370662726966176,8.51240385069664,82.7812442831698,1.78173547361452e-19,9.42447043236618e-19,ENSG00000074201,3,2,Increase,in_cis,DownRegulated,In_cis_Increase_DownRegulated
TUBB2A,0.498614996430511,8.11239941036658,79.9586897723529,7.11498635408567e-19,3.63538270434508e-18,ENSG00000137267,5,6,Decrease,in_cis,UpRegulated,In_cis_Decrease_UpRegulated
RABGGTB,-0.533705070562273,7.67694409699645,79.1683330990628,1.04885105871065e-18,5.30193621597392e-18,ENSG00000137955,4,3,Increase,in_cis,DownRegulated,In_cis_Increase_DownRegulated
WDR12,-0.542447892456974,7.63116902613717,78.4311220972744,1.50655028316355e-18,7.5269023575914e-18,ENSG00000138442,3,2,Increase,in_cis,DownRegulated,In_cis_Increase_DownRegulated
AMOTL2,0.718768485729217,7.30927388858225,96.7711935185429,1.74875701933885e-18,8.70801726379455e-18,ENSG00000114019,2,3,Decrease,in_cis,UpRegulated,In_cis_Decrease_UpRegulated
CTSC,-0.475803783807487,8.05891387141165,75.1150030832945,7.69444258402557e-18,3.67826996521269e-17,ENSG00000109861,4,3,Increase,in_cis,DownRegulated,In_cis_Increase_DownRegulated
NECTIN3,0.674677107168384,7.37087160668547,82.2412225577758,9.92166017435929e-18,4.70391130792782e-17,ENSG00000177707,3,4,Decrease,in_cis,UpRegulated,In_cis_Decrease_UpRegulated
UTP23,0.617047950620077,7.47964003483736,74.0445064091353,1.30335861016238e-17,6.16307315503553e-17,ENSG00000147679,2,3,Decrease,in_cis,UpRegulated,In_cis_Decrease_UpRegulated
SRP9,0.283695544463127,9.1501781891597,72.9927506089392,2.18813566428577e-17,1.02181057873957e-16,ENSG00000143742,3,4,Decrease,in_cis,UpRegulated,In_cis_Decrease_UpRegulated
CLK4,0.715936927453376,7.30064735661684,99.0685162593101,2.29063944397613e-17,1.06856965879529e-16,ENSG00000113240,2,3,Decrease,in_cis,UpRegulated,In_cis_Decrease_UpRegulated
WDR75,-0.551199764626578,7.49261266663766,72.1524354134078,3.31087895930396e-17,1.52867235599232e-16,ENSG00000115368,3,2,Increase,in_cis,DownRegulated,In_cis_Increase_DownRegulated
NDUFC1,-0.374943556738166,8.35054740089893,71.8546429297126,3.8344739209702e-17,1.75870372098267e-16,ENSG00000109390,3,2,Increase,in_cis,DownRegulated,In_cis_Increase_DownRegulated
ZSCAN16-AS1,-0.477138725642068,7.8279974454707,70.7740131598301,6.53395830400343e-17,2.9606587727597e-16,ENSG00000269293,5,4,Increase,in_cis,DownRegulated,In_cis_Increase_DownRegulated
HLA-DPA1,-0.6294174056374,7.36401233284332,77.8650223457686,2.38376929651635e-16,1.04797432030353e-15,ENSG00000231389,5,4,Increase,in_cis,DownRegulated,In_cis_Increase_DownRegulated
FAM120C,-0.538400287563542,7.54264023559079,67.655186027057,3.04806433678734e-16,1.32834850245672e-15,ENSG00000184083,4.5,4,Increase,in_cis,DownRegulated,In_cis_Increase_DownRegulated
HIST1H1D,-0.666936494824016,7.46434226848664,66.4130396506557,5.63305462874086e-16,2.40942811470549e-15,ENSG00000124575,5,4,Increase,in_cis,DownRegulated,In_cis_Increase_DownRegulated
COL2A1,0.697356608926556,7.26020323723357,101.610562847614,7.28099466003611e-16,3.09811997626855e-15,ENSG00000139219,2,3,Decrease,in_cis,UpRegulated,In_cis_Decrease_UpRegulated
UQCC2,-0.402157058886318,8.07861084860004,65.7883549026486,7.6727827551656e-16,3.25560183978011e-15,ENSG00000137288,5,4,Increase,in_cis,DownRegulated,In_cis_Increase_DownRegulated
DUSP1,0.562377482395942,8.03637393685496,64.4193803541329,1.51091928721605e-15,6.31864481858966e-15,ENSG00000120129,2,3,Decrease,in_cis,UpRegulated,In_cis_Decrease_UpRegulated
TRIP12,-0.541111087364785,7.39949999258642,65.3376374550295,2.11213179739819e-15,8.74762447400592e-15,ENSG00000153827,3,2,Increase,in_cis,DownRegulated,In_cis_Increase_DownRegulated
ZNF451,0.506643304375496,7.7457232778526,61.823032688532,5.47075499481598e-15,2.21088205443259e-14,ENSG00000112200,7,8,Decrease,in_cis,UpRegulated,In_cis_Decrease_UpRegulated
SUCO,0.482673315917949,7.82374891795741,61.30641041769,7.06879220725289e-15,2.83507035631941e-14,ENSG00000094975,7,8,Decrease,in_cis,UpRegulated,In_cis_Decrease_UpRegulated
DAXX,-0.400956836371476,7.94355800488076,60.3152329528985,1.15605685974914e-14,4.57546581398077e-14,ENSG00000204209,5,4,Increase,in_cis,DownRegulated,In_cis_Increase_DownRegulated
POU2F1,0.504160482422535,7.71182910526905,58.7354834941033,2.53366411071662e-14,9.83951607497143e-14,ENSG00000143190,7,8,Decrease,in_cis,UpRegulated,In_cis_Decrease_UpRegulated
OPTN,0.599476985351803,7.36841130137976,58.2621969023729,4.02908955771856e-14,1.54640130958367e-13,ENSG00000123240,4,5,Decrease,in_cis,UpRegulated,In_cis_Decrease_UpRegulated
MIEN1,-0.438189807513596,7.81717210925523,57.5869269065693,4.48460011681129e-14,1.71684138768534e-13,ENSG00000141741,4,3,Increase,in_cis,DownRegulated,In_cis_Increase_DownRegulated
DDIT3,0.624377394588333,7.72051885514342,56.9284047762305,6.22276757493839e-14,2.3621866967992e-13,ENSG00000175197,2,3,Decrease,in_cis,UpRegulated,In_cis_Decrease_UpRegulated
ELOC,-0.263149270739126,8.83391107517246,56.4340874314565,7.95813358180699e-14,2.9994505148501e-13,ENSG00000154582,4,3,Increase,in_cis,DownRegulated,In_cis_Increase_DownRegulated
JPT1,-0.345877208252546,8.70885027036394,55.06566609657,1.57299584638631e-13,5.84311199350426e-13,ENSG00000189159,4,3,Increase,in_cis,DownRegulated,In_cis_Increase_DownRegulated
CISD3,-0.487728063183076,7.54576421624861,54.9943655709881,1.62987232690803e-13,6.04690688665057e-13,ENSG00000277972,4,3,Increase,in_cis,DownRegulated,In_cis_Increase_DownRegulated
NPHP3,0.626474248529328,7.25515334155486,88.1276435911838,3.35776686527642e-13,1.22258544552991e-12,ENSG00000113971,2,3,Decrease,in_cis,UpRegulated,In_cis_Decrease_UpRegulated
FOXP4-AS1,-0.553480637187725,7.32727493679069,67.3364270353259,4.7070073112776e-13,1.70147358988719e-12,ENSG00000234753,5,4,Increase,in_cis,DownRegulated,In_cis_Increase_DownRegulated
CLTB,0.451180292250973,7.69728306303883,51.4464822301395,9.56560551013145e-13,3.38307712741516e-12,ENSG00000175416,2,3,Decrease,in_cis,UpRegulated,In_cis_Decrease_UpRegulated
TAP2,-0.538651516690522,7.3382832232093,62.8193587651987,1.05387156444348e-12,3.71411387030783e-12,ENSG00000204267,5,4,Increase,in_cis,DownRegulated,In_cis_Increase_DownRegulated
UBE2L6,-0.523932115626102,7.38859816421828,51.1480364470013,1.11032892146056e-12,3.90239677117312e-12,ENSG00000156587,3,2,Increase,in_cis,DownRegulated,In_cis_Increase_DownRegulated
AL451165.2,-0.553937683261717,7.29772288550889,70.0887967695979,1.85537901298176e-12,6.4356003653984e-12,ENSG00000272288,5,4,Increase,in_cis,DownRegulated,In_cis_Increase_DownRegulated
PPP3CB,0.521052662500902,7.40947465412762,51.7422695829108,2.13815932366071e-12,7.38800889433668e-12,ENSG00000107758,6,10,Decrease,in_cis,UpRegulated,In_cis_Decrease_UpRegulated
NKX2-5,0.596983582510064,7.28195732071547,71.0742564373665,2.85582146004591e-12,9.79263026726057e-12,ENSG00000183072,2,3,Decrease,in_cis,UpRegulated,In_cis_Decrease_UpRegulated
CTSA,-0.470890250887296,7.43820349842848,49.8029595199376,2.92084962018903e-12,1.00079929169505e-11,ENSG00000064601,4,3,Increase,in_cis,DownRegulated,In_cis_Increase_DownRegulated
DHRS1,0.59521730660999,7.2585283311899,80.4577559276502,3.01756225195208e-12,1.03315092229511e-11,ENSG00000157379,2,3,Decrease,in_cis,UpRegulated,In_cis_Decrease_UpRegulated
DHX8,-0.480638829194864,7.41109646161992,53.0277982860219,3.18397308104709e-12,1.08888494738315e-11,ENSG00000067596,4,3,Increase,in_cis,DownRegulated,In_cis_Increase_DownRegulated
LINC01287,-0.483793519778756,7.44820721602346,48.5239317020235,4.12373449222144e-12,1.39806549890594e-11,ENSG00000234722,3,2,Increase,in_cis,DownRegulated,In_cis_Increase_DownRegulated
HOXD9,-0.592821645341033,7.26913340445474,78.7579926078867,4.99699510460326e-12,1.67958701127859e-11,ENSG00000128709,3,2,Increase,in_cis,DownRegulated,In_cis_Increase_DownRegulated
HLTF,0.431923336073351,7.73024168088589,47.3581509754017,7.39283209551662e-12,2.45034154998781e-11,ENSG00000071794,2,3,Decrease,in_cis,UpRegulated,In_cis_Decrease_UpRegulated
CHN1,-0.492861150890354,7.40434154175678,53.4997302532619,8.77731791058448e-12,2.89513290877133e-11,ENSG00000128656,3,2,Increase,in_cis,DownRegulated,In_cis_Increase_DownRegulated
CACNA2D1,-0.514673730494877,7.3674874271566,49.1370266022513,8.8660363345015e-12,2.92225595686753e-11,ENSG00000153956,3,2,Increase,in_cis,DownRegulated,In_cis_Increase_DownRegulated
U2AF1,0.581035953450443,7.26796794545283,72.3657834324178,1.07982592657706e-11,3.54226946343997e-11,ENSG00000160201,2.89041095890411,3,Decrease,in_cis,UpRegulated,In_cis_Decrease_UpRegulated
UIMC1,0.509732451109762,7.41351830175202,50.5641008965433,1.31888731921939e-11,4.30610256307656e-11,ENSG00000087206,2,3,Decrease,in_cis,UpRegulated,In_cis_Decrease_UpRegulated
FMC1,-0.455048155831395,7.43135701836831,47.2125141202141,1.80490184759503e-11,5.85050588094136e-11,ENSG00000164898,3,2,Increase,in_cis,DownRegulated,In_cis_Increase_DownRegulated
HNRNPH1,0.383719021397516,8.05495508517482,45.3152225132709,2.05895075587807e-11,6.65483617113371e-11,ENSG00000169045,2,3,Decrease,in_cis,UpRegulated,In_cis_Decrease_UpRegulated
CCDC14,0.469742878970137,7.73785099501915,45.3050786051739,2.06945776033942e-11,6.68399982256632e-11,ENSG00000175455,2,3,Decrease,in_cis,UpRegulated,In_cis_Decrease_UpRegulated
PABPN1,0.441642144668062,7.6644021597976,44.8355599964749,2.61936740395664e-11,8.42387060865457e-11,ENSG00000100836,2,3,Decrease,in_cis,UpRegulated,In_cis_Decrease_UpRegulated
TTC5,0.505880481452251,7.38990385520329,49.7465264057456,2.88583002640085e-11,9.24779682597612e-11,ENSG00000136319,1,2,Decrease,in_cis,UpRegulated,In_cis_Decrease_UpRegulated
NEFH,0.544734489198786,7.34898293217328,53.7875911532021,3.39357845789596e-11,1.08286768504169e-10,ENSG00000100285,1,2,Decrease,in_cis,UpRegulated,In_cis_Decrease_UpRegulated
ZNF300,0.566986643654686,7.28549104296618,62.064275313769,3.43737636594026e-11,1.09645489746423e-10,ENSG00000145908,2,3,Decrease,in_cis,UpRegulated,In_cis_Decrease_UpRegulated
FAM89A,0.482717725239792,7.41360549255828,43.5210125790897,5.24383424013912e-11,1.65858352651591e-10,ENSG00000182118,3,4,Decrease,in_cis,UpRegulated,In_cis_Decrease_UpRegulated
SERPINE2,-0.485373482346612,7.41106713131353,48.2881102712189,8.26047307369379e-11,2.57564352536634e-10,ENSG00000135919,3,2,Increase,in_cis,DownRegulated,In_cis_Increase_DownRegulated
CHCHD6,0.438671120607686,7.56549023786209,42.5218589896562,8.37721408620601e-11,2.60933418010179e-10,ENSG00000159685,2,3,Decrease,in_cis,UpRegulated,In_cis_Decrease_UpRegulated
ILDR2,0.518527883326935,7.35397979817475,48.9222771313444,1.21815255362326e-10,3.7336230701049e-10,ENSG00000143195,7,8,Decrease,in_cis,UpRegulated,In_cis_Decrease_UpRegulated
RNF20,-0.3636659574385,7.86163194895865,41.5639351019267,1.35655632177762e-10,4.1479495405882e-10,ENSG00000155827,4,3,Increase,in_cis,DownRegulated,In_cis_Increase_DownRegulated
NOP58,-0.275670961800697,8.50001885692264,41.2476413846241,1.59073536895245e-10,4.83772592961637e-10,ENSG00000055044,3,2,Increase,in_cis,DownRegulated,In_cis_Increase_DownRegulated
TOMM34,-0.401243747474145,7.58164838510261,40.8862894343637,1.90824745035435e-10,5.77022256891306e-10,ENSG00000025772,4,3,Increase,in_cis,DownRegulated,In_cis_Increase_DownRegulated
SOBP,0.521587769925486,7.30149077973936,50.238875671595,3.65386991878736e-10,1.08412583097617e-09,ENSG00000112320,2,3,Decrease,in_cis,UpRegulated,In_cis_Decrease_UpRegulated
AGPS,-0.445361048847698,7.39997666938059,44.4453191541694,3.69332477921158e-10,1.09511091544233e-09,ENSG00000018510,3,2,Increase,in_cis,DownRegulated,In_cis_Increase_DownRegulated
ADK,0.463156859952849,7.40563007853105,42.0223817288495,4.20010746590331e-10,1.23885291594162e-09,ENSG00000156110,6,10,Decrease,in_cis,UpRegulated,In_cis_Decrease_UpRegulated
CPE,-0.357713280489903,7.92065085595904,38.3649156641916,6.8056027771772e-10,1.97121767899718e-09,ENSG00000109472,3,2,Increase,in_cis,DownRegulated,In_cis_Increase_DownRegulated
RND2,-0.385616259018326,7.65099190719596,38.191846184781,7.42713852074775e-10,2.14572366244053e-09,ENSG00000108830,4,3,Increase,in_cis,DownRegulated,In_cis_Increase_DownRegulated
STARD3,-0.484184895546548,7.30953595013207,51.8831612683292,7.60883737463547e-10,2.19691029647057e-09,ENSG00000131748,4,3,Increase,in_cis,DownRegulated,In_cis_Increase_DownRegulated
PYGB,-0.475253403894319,7.28820618581945,52.7587621207296,1.3131411949886e-09,3.75040452899725e-09,ENSG00000100994,4,3,Increase,in_cis,DownRegulated,In_cis_Increase_DownRegulated
EWSR1,0.2917640060365,8.16875328428114,36.7531095791136,1.53673308962966e-09,4.36271404707973e-09,ENSG00000182944,1,2,Decrease,in_cis,UpRegulated,In_cis_Decrease_UpRegulated
DNAJC9,0.370553911690371,7.81009007660892,36.6285763536538,1.63663979462878e-09,4.63465931154228e-09,ENSG00000213551,6,10,Decrease,in_cis,UpRegulated,In_cis_Decrease_UpRegulated
SEC62,-0.291256088345698,8.13596211777112,36.3357941867313,1.8979244531497e-09,5.3476707769698e-09,ENSG00000008952,3,2,Increase,in_cis,DownRegulated,In_cis_Increase_DownRegulated
LASP1,-0.471231358022408,7.30240248038925,48.4400415259253,4.46854331458051e-09,1.22497377290752e-08,ENSG00000002834,4,3,Increase,in_cis,DownRegulated,In_cis_Increase_DownRegulated
SLC25A36,0.358776176298717,7.76581714162056,34.524863303687,4.74895592995204e-09,1.29828816440085e-08,ENSG00000114120,2,3,Decrease,in_cis,UpRegulated,In_cis_Decrease_UpRegulated
ZNF678,0.493591819944314,7.29625631745387,47.7076302127007,5.8536639814929e-09,1.59208348868623e-08,ENSG00000181450,3,4,Decrease,in_cis,UpRegulated,In_cis_Decrease_UpRegulated
CEP97,0.447271397034035,7.3588505601486,37.8369795977296,6.03495885218007e-09,1.63941222377678e-08,ENSG00000182504,3,4,Decrease,in_cis,UpRegulated,In_cis_Decrease_UpRegulated
EBAG9,0.450849300595808,7.36195825064994,38.1766172983901,6.05111672537017e-09,1.64330598318162e-08,ENSG00000147654,2,3,Decrease,in_cis,UpRegulated,In_cis_Decrease_UpRegulated
ESRP1,0.510602190892006,7.2525776808678,57.7496843848791,6.41697559493095e-09,1.73742459149799e-08,ENSG00000104413,2,3,Decrease,in_cis,UpRegulated,In_cis_Decrease_UpRegulated
DDX27,-0.266707342417664,8.22646413386415,33.3325619081816,8.69533390904666e-09,2.33395613387045e-08,ENSG00000124228,4,3,Increase,in_cis,DownRegulated,In_cis_Increase_DownRegulated
LBR,0.352067533269332,8.04166481285748,33.2895409547187,8.88733201280072e-09,2.38478066045007e-08,ENSG00000143815,3,4,Decrease,in_cis,UpRegulated,In_cis_Decrease_UpRegulated
NOS1AP,0.463945260587919,7.31421920552191,40.546506552188,9.50807807762795e-09,2.54603945669657e-08,ENSG00000198929,7,8,Decrease,in_cis,UpRegulated,In_cis_Decrease_UpRegulated
TINF2,0.411463867379979,7.42364415574122,32.1832622921011,1.55900422995841e-08,4.1110978054641e-08,ENSG00000092330,2,3,Decrease,in_cis,UpRegulated,In_cis_Decrease_UpRegulated
ARL5A,-0.382903121637312,7.44596624194467,32.956169374797,2.06845123544252e-08,5.40075615329456e-08,ENSG00000162980,3,2,Increase,in_cis,DownRegulated,In_cis_Increase_DownRegulated
KCTD14,-0.462356566516668,7.27802157025867,48.808308957014,2.13173258191453e-08,5.55792969548078e-08,ENSG00000151364,4,3,Increase,in_cis,DownRegulated,In_cis_Increase_DownRegulated
PSENEN,-0.322218639138222,7.74519759115824,31.1992521541287,2.57172710475828e-08,6.65884385158454e-08,ENSG00000205155,4,3,Increase,in_cis,DownRegulated,In_cis_Increase_DownRegulated
WWC2,-0.383234423822179,7.44368007898252,29.8932601897209,5.00212984397663e-08,1.26428691454942e-07,ENSG00000151718,3,2,Increase,in_cis,DownRegulated,In_cis_Increase_DownRegulated
ZFP91,-0.409412293276048,7.339649344362,36.1162963028833,5.11580081279616e-08,1.29192973708068e-07,ENSG00000186660,3,2,Increase,in_cis,DownRegulated,In_cis_Increase_DownRegulated
PSME3,-0.308874177931283,7.74245812326812,29.8215538399179,5.18839871229382e-08,1.30952915663611e-07,ENSG00000131467,4,3,Increase,in_cis,DownRegulated,In_cis_Increase_DownRegulated
VAMP4,0.354789773908478,7.62634265169967,29.7518580311235,5.37610813429999e-08,1.35500789238316e-07,ENSG00000117533,7,8,Decrease,in_cis,UpRegulated,In_cis_Decrease_UpRegulated
NQO2,0.375013739028483,7.54721260014379,29.0483120421215,7.69761326544782e-08,1.91812172324077e-07,ENSG00000124588,5,6,Decrease,in_cis,UpRegulated,In_cis_Decrease_UpRegulated
GDAP1,-0.35021764503861,7.55782610783035,29.0107424178705,7.84666036814228e-08,1.95418071872341e-07,ENSG00000104381,4,3,Increase,in_cis,DownRegulated,In_cis_Increase_DownRegulated
EGLN1,0.372612971337518,7.60020316626782,28.4575772420162,1.04079870279384e-07,2.56582230836533e-07,ENSG00000135766,3,4,Decrease,in_cis,UpRegulated,In_cis_Decrease_UpRegulated
PLOD2,0.431887337289764,7.32364723724113,31.9233874111828,1.18074317151919e-07,2.89655078677693e-07,ENSG00000152952,2,3,Decrease,in_cis,UpRegulated,In_cis_Decrease_UpRegulated
SDF2L1,0.370076437673677,7.65457979280821,28.1164032331954,1.23902921513976e-07,3.03457726209324e-07,ENSG00000128228,1,2,Decrease,in_cis,UpRegulated,In_cis_Decrease_UpRegulated
KLHL23,-0.288681713874954,7.91476392542868,28.1152357313881,1.23976881648818e-07,3.03556333213522e-07,ENSG00000213160,3,2,Increase,in_cis,DownRegulated,In_cis_Increase_DownRegulated
HIST1H2BD,-0.417710238594051,7.26571066871699,38.4253237456877,1.36715109444228e-07,3.33206089251517e-07,ENSG00000158373,5,4,Increase,in_cis,DownRegulated,In_cis_Increase_DownRegulated
HMMR,0.434553924390711,7.38609991874159,26.7445991945398,2.49981407417538e-07,5.9462173699952e-07,ENSG00000072571,2,3,Decrease,in_cis,UpRegulated,In_cis_Decrease_UpRegulated
HOXD11,-0.429691722134393,7.27302266698232,41.6646526242998,2.8172928889699e-07,6.68022488650719e-07,ENSG00000128713,3,2,Increase,in_cis,DownRegulated,In_cis_Increase_DownRegulated
RHBDD3,0.433976285814963,7.27383280396756,39.5966719979639,2.87288378889453e-07,6.80487435455217e-07,ENSG00000100263,1,2,Decrease,in_cis,UpRegulated,In_cis_Decrease_UpRegulated
NEK2,0.459619075108932,7.6694570983962,26.1892140521511,3.32279448568892e-07,7.82938339709279e-07,ENSG00000117650,3,4,Decrease,in_cis,UpRegulated,In_cis_Decrease_UpRegulated
SHOX2,-0.376143265288469,7.34044651615269,28.3892251923812,8.11772930859124e-07,1.85689450512417e-06,ENSG00000168779,3,2,Increase,in_cis,DownRegulated,In_cis_Increase_DownRegulated
ZBTB11,0.360395648721092,7.43702494312258,24.401116051504,8.32151209048798e-07,1.90109512835698e-06,ENSG00000066422,3,4,Decrease,in_cis,UpRegulated,In_cis_Decrease_UpRegulated
SMYD3,0.311763672347989,7.69662673789562,24.3183439769485,8.68336851573288e-07,1.98175281453564e-06,ENSG00000185420,3,4,Decrease,in_cis,UpRegulated,In_cis_Decrease_UpRegulated
SCRN3,-0.388591258143163,7.27848305252713,35.5895461678187,9.05090609396365e-07,2.06197678539263e-06,ENSG00000144306,3,2,Increase,in_cis,DownRegulated,In_cis_Increase_DownRegulated
EFTUD2,-0.279499363908773,7.77605061880275,24.1688150675392,9.3775723808018e-07,2.13262236824697e-06,ENSG00000108883,4,3,Increase,in_cis,DownRegulated,In_cis_Increase_DownRegulated
LGALS3BP,-0.364395394639006,7.47560825571831,24.0327103960367,1.00577716598587e-06,2.28097701691861e-06,ENSG00000108679,4,3,Increase,in_cis,DownRegulated,In_cis_Increase_DownRegulated
ZNF385B,-0.371340279526049,7.37184075577955,25.1445575315085,1.14128517959744e-06,2.58179228975735e-06,ENSG00000144331,3,2,Increase,in_cis,DownRegulated,In_cis_Increase_DownRegulated
WASF1,0.343350016169545,7.5968645835137,23.2323958931954,1.51872989147118e-06,3.38967266163834e-06,ENSG00000112290,2,3,Decrease,in_cis,UpRegulated,In_cis_Decrease_UpRegulated
NMI,-0.388435259490621,7.2841161486466,33.739228764125,2.13931410211944e-06,4.72558642272976e-06,ENSG00000123609,3,2,Increase,in_cis,DownRegulated,In_cis_Increase_DownRegulated
COQ8A,0.331398709642903,7.48938630525222,22.4253071386736,2.30279012304555e-06,5.0692896941335e-06,ENSG00000163050,3,4,Decrease,in_cis,UpRegulated,In_cis_Decrease_UpRegulated
PCOLCE2,0.410995916479437,7.24110430240142,40.095529140019,2.3145833719074e-06,5.09276185005907e-06,ENSG00000163710,2,3,Decrease,in_cis,UpRegulated,In_cis_Decrease_UpRegulated
NUDCD1,0.339236603518716,7.40219480514739,22.3925300110643,2.34208161857695e-06,5.15200762396609e-06,ENSG00000120526,2,3,Decrease,in_cis,UpRegulated,In_cis_Decrease_UpRegulated
CPEB4,0.408928742671665,7.24081776661755,39.989086963082,2.36319881138878e-06,5.19465468350173e-06,ENSG00000113742,2,3,Decrease,in_cis,UpRegulated,In_cis_Decrease_UpRegulated
CCNE1,-0.333854258718598,7.46444479146434,22.1157224321875,2.70192826569256e-06,5.9046506107129e-06,ENSG00000105173,4,3,Increase,in_cis,DownRegulated,In_cis_Increase_DownRegulated
VCL,0.312198881711812,7.75481847632153,22.0073811042374,2.85744662221124e-06,6.22789237185552e-06,ENSG00000035403,6,10,Decrease,in_cis,UpRegulated,In_cis_Decrease_UpRegulated
RETREG2,-0.329235677701097,7.42256595023763,23.6913922512481,3.30102863233171e-06,7.15143480520541e-06,ENSG00000144567,3,2,Increase,in_cis,DownRegulated,In_cis_Increase_DownRegulated
TLE4,-0.336235092093592,7.51496170365583,21.5353587257344,3.64696963122068e-06,7.86871914683495e-06,ENSG00000106829,4,3,Increase,in_cis,DownRegulated,In_cis_Increase_DownRegulated
GALNT12,-0.380308989371732,7.26034635936307,35.4735192501371,3.89009090221629e-06,8.3672251306505e-06,ENSG00000119514,4,3,Increase,in_cis,DownRegulated,In_cis_Increase_DownRegulated
PAK1,-0.305259077565225,7.54434691639994,21.1049802724287,4.85993043994244e-06,1.03568141478594e-05,ENSG00000149269,3,2,Increase,in_cis,DownRegulated,In_cis_Increase_DownRegulated
DYNC1I2,-0.250185954541677,7.89817683768819,20.7716859926402,5.41480676582062e-06,1.14957764191638e-05,ENSG00000077380,3,2,Increase,in_cis,DownRegulated,In_cis_Increase_DownRegulated
ALG3,-0.254387378393082,7.80307138758239,20.4185476927504,6.50216676775147e-06,1.37009399400948e-05,ENSG00000214160,3,2,Increase,in_cis,DownRegulated,In_cis_Increase_DownRegulated
EAF2,0.382215423909808,7.26986314773512,30.9972628817901,6.73717444297763e-06,1.41828622066704e-05,ENSG00000145088,2,3,Decrease,in_cis,UpRegulated,In_cis_Decrease_UpRegulated
SELENOT,0.301883387415856,7.57673648060201,20.0426336495835,7.90189626437537e-06,1.65304880514383e-05,ENSG00000198843,2,3,Decrease,in_cis,UpRegulated,In_cis_Decrease_UpRegulated
HOXC8,0.381726852477035,7.23733703571286,33.6124108713577,8.04383466858841e-06,1.68040034078489e-05,ENSG00000037965,2,3,Decrease,in_cis,UpRegulated,In_cis_Decrease_UpRegulated
RBPMS2,-0.339627078817526,7.32734704321284,24.9222177099528,9.11361462688513e-06,1.89553083719652e-05,ENSG00000166831,3,2,Increase,in_cis,DownRegulated,In_cis_Increase_DownRegulated
NMB,-0.290343862087838,7.51930609844915,19.6047212268107,9.91896563774492e-06,2.05733461811665e-05,ENSG00000197696,3,2,Increase,in_cis,DownRegulated,In_cis_Increase_DownRegulated
HIST1H2BG,-0.33955944706296,7.33241595772492,19.4473292524724,1.07641397999296e-05,2.22444072763858e-05,ENSG00000273802,5,4,Increase,in_cis,DownRegulated,In_cis_Increase_DownRegulated
MRPL45,-0.264855454294788,7.671631351725,19.4105108765578,1.09720765422028e-05,2.26637160037063e-05,ENSG00000278845,4,3,Increase,in_cis,DownRegulated,In_cis_Increase_DownRegulated
NUDT16,0.363614559141572,7.31545275878361,26.1064106269765,1.12008071663531e-05,2.31096818494066e-05,ENSG00000198585,2,3,Decrease,in_cis,UpRegulated,In_cis_Decrease_UpRegulated
ALCAM,0.368406138246535,7.26092364480237,28.7633326589759,1.21848536704967e-05,2.50481884673287e-05,ENSG00000170017,3,4,Decrease,in_cis,UpRegulated,In_cis_Decrease_UpRegulated
LSM8,-0.250719967885854,7.82336813937384,19.1663062641131,1.245726842152e-05,2.55731709072589e-05,ENSG00000128534,3,2,Increase,in_cis,DownRegulated,In_cis_Increase_DownRegulated
FAM210B,-0.262605035368063,7.72121825288057,18.7721951022696,1.52923712890321e-05,3.10816066271663e-05,ENSG00000124098,4,3,Increase,in_cis,DownRegulated,In_cis_Increase_DownRegulated
C8orf37-AS1,0.362257648387912,7.23480144345546,33.1881822259036,2.29268823895782e-05,4.5752183554568e-05,ENSG00000253773,2,3,Decrease,in_cis,UpRegulated,In_cis_Decrease_UpRegulated
SNRNP48,0.27354450809924,7.68569464600562,17.9285048341329,2.37372963411912e-05,4.73170093917792e-05,ENSG00000168566,5,6,Decrease,in_cis,UpRegulated,In_cis_Decrease_UpRegulated
HOXC11,0.347570719914779,7.30160298650703,24.0524793534083,2.44610983714117e-05,4.86736412921751e-05,ENSG00000123388,2,3,Decrease,in_cis,UpRegulated,In_cis_Decrease_UpRegulated
CEP70,0.321104255173865,7.44655451810516,19.0374219996143,2.50879413927212e-05,4.98438853254594e-05,ENSG00000114107,2,3,Decrease,in_cis,UpRegulated,In_cis_Decrease_UpRegulated
P4HA1,0.317831234218975,7.36223473816687,17.669477101639,2.71737388135586e-05,5.37507771700781e-05,ENSG00000122884,6,10,Decrease,in_cis,UpRegulated,In_cis_Decrease_UpRegulated
IFNAR2,-0.350145850894466,7.2616638044299,29.6887891884905,2.78320183905332e-05,5.49322571564248e-05,ENSG00000159110,4,3,Increase,in_cis,DownRegulated,In_cis_Increase_DownRegulated
SLC30A1,0.357608693648241,7.24377340685118,28.9518890116569,2.91618607089221e-05,5.74814094673896e-05,ENSG00000170385,3,4,Decrease,in_cis,UpRegulated,In_cis_Decrease_UpRegulated
STXBP6,0.312332102687257,7.40672796151946,18.6956562239487,2.94026700370486e-05,5.79307199680084e-05,ENSG00000168952,2,3,Decrease,in_cis,UpRegulated,In_cis_Decrease_UpRegulated
CA12,-0.34242027611811,7.26526558959757,27.7749366334777,3.99528853081714e-05,7.77437131479101e-05,ENSG00000074410,3,2,Increase,in_cis,DownRegulated,In_cis_Increase_DownRegulated
PRR7,0.30046669557731,7.43774960830919,17.578358810079,4.03631732262282e-05,7.84616884811964e-05,ENSG00000131188,2,3,Decrease,in_cis,UpRegulated,In_cis_Decrease_UpRegulated
MYBL2,-0.288228101874958,7.56169991301537,16.623129606726,4.69686492669853e-05,9.07342038595333e-05,ENSG00000101057,4,3,Increase,in_cis,DownRegulated,In_cis_Increase_DownRegulated
VASH2,0.335490788905412,7.30993478787036,21.3319145739703,4.90949419811905e-05,9.45781089321138e-05,ENSG00000143494,3,4,Decrease,in_cis,UpRegulated,In_cis_Decrease_UpRegulated
PIGU,-0.265517000854853,7.47623253347636,15.9941275941168,6.53215673726009e-05,0.000124086182811554,ENSG00000101464,4,3,Increase,in_cis,DownRegulated,In_cis_Increase_DownRegulated
CWC25,-0.263188487019768,7.45481313352226,15.1915833012768,9.9604816105453e-05,0.000185074295271848,ENSG00000273559,4,3,Increase,in_cis,DownRegulated,In_cis_Increase_DownRegulated
ZNF354C,0.341774293453406,7.25461501355686,26.0866957613041,0.000103867971240788,0.000192558692104757,ENSG00000177932,2,3,Decrease,in_cis,UpRegulated,In_cis_Decrease_UpRegulated
PLOD3,-0.312806297391023,7.29920267490117,21.0903750864965,0.000110390099903567,0.00020389461142738,ENSG00000106397,3,2,Increase,in_cis,DownRegulated,In_cis_Increase_DownRegulated
ZNF462,-0.276203990889489,7.38226488764921,15.3248805670402,0.000120329889962858,0.000221075188412284,ENSG00000148143,6,4,Increase,in_cis,DownRegulated,In_cis_Increase_DownRegulated
RNF25,-0.323303623752861,7.26792257150661,23.9234975350204,0.000122554898633195,0.000225025382569878,ENSG00000163481,3,2,Increase,in_cis,DownRegulated,In_cis_Increase_DownRegulated
RGS14,0.332085336869253,7.26958461830427,24.0028084822148,0.000124099387580235,0.000227453186092818,ENSG00000169220,2,3,Decrease,in_cis,UpRegulated,In_cis_Decrease_UpRegulated
CCNE2,0.325119089621594,7.273615156374,20.8616390979517,0.000136809211985794,0.00024962069709703,ENSG00000175305,2,3,Decrease,in_cis,UpRegulated,In_cis_Decrease_UpRegulated
CENPL,0.259857543502755,7.80075623062495,14.5863987719563,0.000137027284775249,0.00024996795894197,ENSG00000120334,7,8,Decrease,in_cis,UpRegulated,In_cis_Decrease_UpRegulated
CXXC1,-0.262736140305839,7.44356629725686,15.7338156544467,0.000139711566934772,0.000254555379237142,ENSG00000154832,3,2,Increase,in_cis,DownRegulated,In_cis_Increase_DownRegulated
XRN1,0.297889829975323,7.36154619860247,17.3609100269232,0.000140584867152877,0.000256042960637509,ENSG00000114127,2,3,Decrease,in_cis,UpRegulated,In_cis_Decrease_UpRegulated
KIF3B,-0.25020144581324,7.51443140989003,14.5171865808198,0.000142125037477709,0.000258743398868068,ENSG00000101350,4,3,Increase,in_cis,DownRegulated,In_cis_Increase_DownRegulated
CCSAP,0.326221091375454,7.27893595329051,21.4196771317486,0.000144486647106497,0.000262724206123401,ENSG00000154429,3,4,Decrease,in_cis,UpRegulated,In_cis_Decrease_UpRegulated
ZNF354B,0.318258676727142,7.22496413586769,27.2828909728332,0.000158858809957747,0.000287407142016345,ENSG00000178338,2,3,Decrease,in_cis,UpRegulated,In_cis_Decrease_UpRegulated
USP3,-0.252666866795134,7.45293821422316,14.2536111662601,0.000163351498992191,0.000295238824823767,ENSG00000140455,3,2,Increase,in_cis,DownRegulated,In_cis_Increase_DownRegulated
TLE1,-0.254195406778668,7.51746764876871,14.1315425045429,0.000174237837772009,0.000314032501530664,ENSG00000196781,4,3,Increase,in_cis,DownRegulated,In_cis_Increase_DownRegulated
SENP7,0.309576958716211,7.29992732457881,18.921210405021,0.000191844531075238,0.000344113009941407,ENSG00000138468,3,4,Decrease,in_cis,UpRegulated,In_cis_Decrease_UpRegulated
SOCS7,-0.282523487057818,7.28649865879943,18.3491013969265,0.000210286360723748,0.000375398243638432,ENSG00000274211,4,3,Increase,in_cis,DownRegulated,In_cis_Increase_DownRegulated
AQP5,0.313680518208437,7.28276842581499,20.4480481384843,0.000210781960035175,0.000376208420050893,ENSG00000161798,2,3,Decrease,in_cis,UpRegulated,In_cis_Decrease_UpRegulated
ELOVL2,0.278349674871603,7.39372335702128,15.0577630308402,0.000218755295738699,0.000389590293399407,ENSG00000197977,5,6,Decrease,in_cis,UpRegulated,In_cis_Decrease_UpRegulated
SERPING1,-0.277865019926149,7.35849565433336,15.8999897424451,0.000230589779487469,0.00041001830509734,ENSG00000149131,3,2,Increase,in_cis,DownRegulated,In_cis_Increase_DownRegulated
DNM3,0.311197036874701,7.25696970642147,19.9503554305484,0.000242996755826448,0.000430973572845962,ENSG00000197959,7,8,Decrease,in_cis,UpRegulated,In_cis_Decrease_UpRegulated
CDC42BPA,0.252374126920083,7.52491770598769,13.4284823628229,0.000252817398271442,0.000447774110033259,ENSG00000143776,3,4,Decrease,in_cis,UpRegulated,In_cis_Decrease_UpRegulated
FAM184A,0.253695932065362,7.55480391511155,13.3893073233575,0.000258124874326209,0.000456725371818992,ENSG00000111879,2,3,Decrease,in_cis,UpRegulated,In_cis_Decrease_UpRegulated
LSAMP,0.300559598452163,7.33619660395626,16.5199069330428,0.000259313721817952,0.000458648734760674,ENSG00000185565,3,4,Decrease,in_cis,UpRegulated,In_cis_Decrease_UpRegulated
ATP6V1A,0.258722005517418,7.44762351910914,13.4400290001101,0.000291693484842738,0.000513098010440028,ENSG00000114573,3,4,Decrease,in_cis,UpRegulated,In_cis_Decrease_UpRegulated
NABP1,-0.304043661780584,7.25506100657024,21.7182396155862,0.000292896594700605,0.000514912670777331,ENSG00000173559,3,2,Increase,in_cis,DownRegulated,In_cis_Increase_DownRegulated
GK5,0.300792714357617,7.30809601606591,17.7162912530391,0.00029562169658814,0.00051939930619582,ENSG00000175066,2,3,Decrease,in_cis,UpRegulated,In_cis_Decrease_UpRegulated
SLC19A1,-0.264116549510963,7.38390498394964,14.9311669730894,0.000306910322806001,0.000538183412076398,ENSG00000173638,4,3,Increase,in_cis,DownRegulated,In_cis_Increase_DownRegulated
MBNL1,-0.258716877613647,7.35349976791831,14.2532098246482,0.000321785375817941,0.000562188259380917,ENSG00000152601,3,2,Increase,in_cis,DownRegulated,In_cis_Increase_DownRegulated
HLA-E,-0.286733166788745,7.67881090151773,12.8045574438543,0.000352133818082439,0.000612477588972119,ENSG00000204592,5,4,Increase,in_cis,DownRegulated,In_cis_Increase_DownRegulated
OSGEP,0.256567516718547,7.40902184218607,13.4537213272289,0.000425287318094943,0.000733063176693312,ENSG00000092094,1,2,Decrease,in_cis,UpRegulated,In_cis_Decrease_UpRegulated
PPP2R5A,0.287699623499442,7.34415586571529,15.6907127328082,0.000442421076730005,0.000761285398124906,ENSG00000066027,3,4,Decrease,in_cis,UpRegulated,In_cis_Decrease_UpRegulated
STRN3,0.252989856929602,7.39945211664835,12.5530122672135,0.000726950041369501,0.00122285078854463,ENSG00000196792,2,3,Decrease,in_cis,UpRegulated,In_cis_Decrease_UpRegulated
DPP3,-0.256024075277399,7.35699396789924,13.613931318702,0.000806957799485745,0.00135314144783462,ENSG00000254986,3,2,Increase,in_cis,DownRegulated,In_cis_Increase_DownRegulated
NUP85,-0.259513539928327,7.32633089066351,14.2845205365887,0.000836237875310843,0.00139885436969361,ENSG00000125450,4,3,Increase,in_cis,DownRegulated,In_cis_Increase_DownRegulated
GMPPA,-0.275904434256957,7.2914108150886,16.9307321846862,0.00087414091421215,0.00145711720118857,ENSG00000144591,3,2,Increase,in_cis,DownRegulated,In_cis_Increase_DownRegulated
IRX2,0.26051709466708,7.32175604546312,12.510400335401,0.000908777101127744,0.00151233403416936,ENSG00000170561,1,2,Decrease,in_cis,UpRegulated,In_cis_Decrease_UpRegulated
INTS9,-0.270129918893726,7.24941722525904,18.6814270409048,0.000913258358089281,0.00151866924306226,ENSG00000104299,3,2,Increase,in_cis,DownRegulated,In_cis_Increase_DownRegulated
MTHFS,-0.273771768620805,7.25025477683662,18.8434542658572,0.00100529590713998,0.00166251248972223,ENSG00000136371,3,2,Increase,in_cis,DownRegulated,In_cis_Increase_DownRegulated
PECR,-0.271044942364224,7.24927946770827,18.4425762970398,0.00118699042708356,0.00194513548611401,ENSG00000115425,3,2,Increase,in_cis,DownRegulated,In_cis_Increase_DownRegulated
OBSCN,0.271695311490812,7.25207054512483,16.8796002887189,0.00124210099392469,0.00203174972821384,ENSG00000154358,3,4,Decrease,in_cis,UpRegulated,In_cis_Decrease_UpRegulated
FBXL20,-0.258290632323831,7.2876868417247,14.5416928158713,0.00145446237120339,0.00235940879520982,ENSG00000108306,4,3,Increase,in_cis,DownRegulated,In_cis_Increase_DownRegulated
GEM,0.279623514474197,7.23289683425614,18.5987189188575,0.00151156390817171,0.00244807042157692,ENSG00000164949,2,3,Decrease,in_cis,UpRegulated,In_cis_Decrease_UpRegulated
LINC01976,-0.267369052339242,7.28049406187068,15.0902143936272,0.00174402103228028,0.00280088098748098,ENSG00000261514,4,3,Increase,in_cis,DownRegulated,In_cis_Increase_DownRegulated
SDHAF4,-0.267267105759578,7.24908184846699,17.5501684842059,0.00177965083301964,0.00285403145875751,ENSG00000154079,4,3,Increase,in_cis,DownRegulated,In_cis_Increase_DownRegulated
B4GALT4,0.254355776366175,7.30189969492886,13.160832479163,0.00227744568557827,0.00361056507139899,ENSG00000121578,2,3,Decrease,in_cis,UpRegulated,In_cis_Decrease_UpRegulated
RREB1,0.255128912328637,7.27206498342482,13.8083321079228,0.00255768043405421,0.00403212904269519,ENSG00000124782,5,6,Decrease,in_cis,UpRegulated,In_cis_Decrease_UpRegulated
CCDC191,0.259108936317581,7.23720171568506,16.1366875040642,0.00272453088760049,0.00428018385690708,ENSG00000163617,3,4,Decrease,in_cis,UpRegulated,In_cis_Decrease_UpRegulated
