gene_symbol,logFC,logCPM,F,PValue,FDR,ensembl_gene_id,R,H,classified_gene_dlp,classified_gene,classified_gene_rna,Gene_Type
KCNMA1,4.55366600258532,8.10294266045141,2966.69282246256,0,0,ENSG00000156113,10,11,Decrease,in_cis,UpRegulated,In_cis_Decrease_UpRegulated
TUBB2B,2.33497979715575,9.21465400597289,3786.49701326886,0,0,ENSG00000137285,5,6,Decrease,in_cis,UpRegulated,In_cis_Decrease_UpRegulated
SNHG8,-1.55308893373065,9.0374588000896,3418.2780755963,0,0,ENSG00000269893,3,2,Increase,in_cis,DownRegulated,In_cis_Increase_DownRegulated
ATP5MC3,-1.2057879276114,8.70863366978507,2002.67262620151,0,0,ENSG00000154518,3,2,Increase,in_cis,DownRegulated,In_cis_Increase_DownRegulated
EEF1A1,-0.733251944779758,12.5536941404447,2354.10998172356,0,0,ENSG00000156508,4,3,Increase,in_cis,DownRegulated,In_cis_Increase_DownRegulated
TUBA1A,1.49932962731185,8.50446906724571,1261.88623340085,4.56293843846463e-239,2.99793557776887e-237,ENSG00000167552,2,3,Decrease,in_cis,UpRegulated,In_cis_Decrease_UpRegulated
NMT1,-1.28317759063369,7.44695529937744,1220.43763151897,2.8661448307668e-232,1.78341647175595e-230,ENSG00000136448,4,3,Increase,in_cis,DownRegulated,In_cis_Increase_DownRegulated
MYL9,-1.93145486015267,6.8662785815254,1199.56258514935,7.98588394471267e-229,4.85486668776843e-227,ENSG00000101335,4,3,Increase,in_cis,DownRegulated,In_cis_Increase_DownRegulated
ATP5F1E,-0.527987674648942,10.1274974994432,1177.27011062534,3.95532842977253e-225,2.35053169270414e-223,ENSG00000124172,4,3,Increase,in_cis,DownRegulated,In_cis_Increase_DownRegulated
EIF2S2,-0.674681296596974,8.93887293412218,961.694409692134,1.60895612279824e-188,6.70060545943299e-187,ENSG00000125977,4,3,Increase,in_cis,DownRegulated,In_cis_Increase_DownRegulated
TUBB2A,1.12743013197482,7.90700271902961,861.783870920249,5.49408005348452e-171,1.88078895811519e-169,ENSG00000137267,5,6,Decrease,in_cis,UpRegulated,In_cis_Decrease_UpRegulated
DSP,1.82482496652678,7.03148683123872,853.077057266816,1.93042390767726e-169,6.56592414643412e-168,ENSG00000096696,5,6,Decrease,in_cis,UpRegulated,In_cis_Decrease_UpRegulated
MAEL,1.17318077301662,8.04523092263315,836.886914055456,1.47123411153979e-166,4.89393535593329e-165,ENSG00000143194,7,8,Decrease,in_cis,UpRegulated,In_cis_Decrease_UpRegulated
HMGA1,-0.66126294161167,9.12219064580355,828.053006275543,5.55232364480916e-165,1.80715321583973e-163,ENSG00000137309,5,4,Increase,in_cis,DownRegulated,In_cis_Increase_DownRegulated
RAD21,1.19775783338125,7.92027962482805,783.044693523645,6.68828152540949e-157,2.0099046015847e-155,ENSG00000164754,2,3,Decrease,in_cis,UpRegulated,In_cis_Decrease_UpRegulated
ENY2,0.833520667679742,8.02695403956607,740.488126346131,3.46373379603267e-149,9.64194107748251e-148,ENSG00000120533,2,3,Decrease,in_cis,UpRegulated,In_cis_Decrease_UpRegulated
ZFAS1,-0.726423725447368,8.57519341023861,724.246651424071,3.1826758644844e-146,8.61031848964604e-145,ENSG00000177410,4,3,Increase,in_cis,DownRegulated,In_cis_Increase_DownRegulated
COL1A2,-1.58428948076841,6.82008284375344,706.635258851023,5.34664141703862e-143,1.37273720653967e-141,ENSG00000164692,3,2,Increase,in_cis,DownRegulated,In_cis_Increase_DownRegulated
ARL4C,1.56893738795949,7.01334906742671,624.396958797902,9.09136377216479e-128,1.8893604318656e-126,ENSG00000188042,2,3,Decrease,in_cis,UpRegulated,In_cis_Decrease_UpRegulated
KIAA1586,1.06648340231774,7.21475058808183,545.771274700431,6.15344799262855e-113,1.01704957603164e-111,ENSG00000168116,7,8,Decrease,in_cis,UpRegulated,In_cis_Decrease_UpRegulated
TGFB2,1.51254083966129,6.69835788399245,545.159108965669,8.04720981783117e-113,1.32797793218437e-111,ENSG00000092969,3,4,Decrease,in_cis,UpRegulated,In_cis_Decrease_UpRegulated
GUK1,0.636658472164693,8.38865203327759,524.878744529485,5.96287351572291e-109,9.3583495622132e-108,ENSG00000143774,3,4,Decrease,in_cis,UpRegulated,In_cis_Decrease_UpRegulated
RBP1,1.35951566722996,6.84191193558673,501.895010966456,1.52531119948718e-104,2.23472879060601e-103,ENSG00000114115,2,3,Decrease,in_cis,UpRegulated,In_cis_Decrease_UpRegulated
EBF1,1.40986827930784,6.77538585027501,481.924625874473,1.07834042527765e-100,1.50682761143817e-99,ENSG00000164330,2,3,Decrease,in_cis,UpRegulated,In_cis_Decrease_UpRegulated
PODXL2,0.848816540133032,7.47168709404896,471.450027689565,1.14570543608124e-98,1.55176339345292e-97,ENSG00000114631,2,3,Decrease,in_cis,UpRegulated,In_cis_Decrease_UpRegulated
GPR161,0.804604358827141,7.60724102335593,467.050326893096,8.16021465308488e-98,1.09680750445149e-96,ENSG00000143147,7,8,Decrease,in_cis,UpRegulated,In_cis_Decrease_UpRegulated
GNG11,-1.19325098049856,6.70329297185652,505.552457889839,3.24066735749908e-93,4.04719944600062e-92,ENSG00000127920,3,2,Increase,in_cis,DownRegulated,In_cis_Increase_DownRegulated
LHFPL6,-1.14913187340962,6.77977455360472,405.687923864882,7.89452422615244e-86,8.95051203260884e-85,ENSG00000183722,3,2,Increase,in_cis,DownRegulated,In_cis_Increase_DownRegulated
SMC1A,0.579372778381516,8.85182201234108,399.88685039158,1.09553815353874e-84,1.22113831276426e-83,ENSG00000072501,4,5,Decrease,in_cis,UpRegulated,In_cis_Decrease_UpRegulated
BOC,1.14893736775986,7.39927088476075,399.567416376161,1.26641116749469e-84,1.40863273709346e-83,ENSG00000144857,3,4,Decrease,in_cis,UpRegulated,In_cis_Decrease_UpRegulated
SOX2,-1.16136443976188,6.91049060656312,375.242928221237,8.13510749423201e-80,8.29028584527806e-79,ENSG00000181449,3,2,Increase,in_cis,DownRegulated,In_cis_Increase_DownRegulated
SUCO,0.804974209269617,7.48174795061394,374.173969437578,1.32526465562986e-79,1.34665221203195e-78,ENSG00000094975,7,8,Decrease,in_cis,UpRegulated,In_cis_Decrease_UpRegulated
GDF6,1.22936439094478,6.74666878170767,369.133993073068,1.32529989555435e-78,1.31634012161257e-77,ENSG00000156466,2,3,Decrease,in_cis,UpRegulated,In_cis_Decrease_UpRegulated
LINC01287,-1.00165361248173,6.8858571471063,358.83081404847,1.48079298201124e-76,1.42140001485616e-75,ENSG00000234722,3,2,Increase,in_cis,DownRegulated,In_cis_Increase_DownRegulated
HIST1H2BG,-1.14105122298381,6.94532422125079,355.732380390232,6.12991862654657e-76,5.82067138524323e-75,ENSG00000273802,5,4,Increase,in_cis,DownRegulated,In_cis_Increase_DownRegulated
OPTN,1.10499649034896,6.76149519571485,345.067102631844,8.21766074682161e-74,7.47432634392769e-73,ENSG00000123240,4,5,Decrease,in_cis,UpRegulated,In_cis_Decrease_UpRegulated
TEX10,-0.761977330260485,7.13676130368182,313.367289745057,1.86667031543795e-67,1.51191719729729e-66,ENSG00000136891,4,3,Increase,in_cis,DownRegulated,In_cis_Increase_DownRegulated
HOXC12,1.12723830976565,6.63609203034436,397.415126858904,3.9906340560989e-67,3.21499825174517e-66,ENSG00000123407,2,3,Decrease,in_cis,UpRegulated,In_cis_Decrease_UpRegulated
MXD3,1.16331422308864,6.98713714166325,310.435185038118,7.27042938961602e-67,5.82184724325195e-66,ENSG00000213347,2,3,Decrease,in_cis,UpRegulated,In_cis_Decrease_UpRegulated
MGST3,0.35138484410277,9.28444706319259,308.39668942586,1.87217908547236e-66,1.49125831070231e-65,ENSG00000143198,7,8,Decrease,in_cis,UpRegulated,In_cis_Decrease_UpRegulated
FDFT1,-0.755703911338528,7.42369150530711,299.483680291673,1.17744814503533e-64,8.99281334164892e-64,ENSG00000079459,3,2,Increase,in_cis,DownRegulated,In_cis_Increase_DownRegulated
MPZL1,0.569474608606043,7.7670112193209,298.629870390617,1.75165714998778e-64,1.3330236929907e-63,ENSG00000197965,7,8,Decrease,in_cis,UpRegulated,In_cis_Decrease_UpRegulated
CSKMT,-1.01682273438016,6.6849773660251,332.348210270253,3.34057520726566e-64,2.51685217538862e-63,ENSG00000214756,3,2,Increase,in_cis,DownRegulated,In_cis_Increase_DownRegulated
PSMD14,-0.482729375735794,8.11398538409874,293.895505972987,1.58737396638536e-63,1.17175448823617e-62,ENSG00000115233,3,2,Increase,in_cis,DownRegulated,In_cis_Increase_DownRegulated
DNM3,1.0404089257804,6.68153095997223,296.489483864164,4.2540783862102e-63,3.11631864053542e-62,ENSG00000197959,7,8,Decrease,in_cis,UpRegulated,In_cis_Decrease_UpRegulated
ZSCAN16-AS1,-0.567766832325174,7.78020429006278,290.210535223386,8.84165536824108e-63,6.44125554306158e-62,ENSG00000269293,5,4,Increase,in_cis,DownRegulated,In_cis_Increase_DownRegulated
COX7A2,-0.297174296294788,9.4743393042313,287.925975764036,2.56620029616495e-62,1.85165530237604e-61,ENSG00000112695,4,3,Increase,in_cis,DownRegulated,In_cis_Increase_DownRegulated
ROMO1,-0.367946159933255,8.65855622910431,265.592713560898,8.85903186897722e-58,5.88266409981425e-57,ENSG00000125995,4,3,Increase,in_cis,DownRegulated,In_cis_Increase_DownRegulated
HSPB1,-0.54738285443887,7.82253100335636,265.578808189636,8.91702453383674e-58,5.91745831360885e-57,ENSG00000106211,3,2,Increase,in_cis,DownRegulated,In_cis_Increase_DownRegulated
MPC2,0.34784764440127,8.85686625084875,246.410785358621,7.3470841602715e-54,4.45372242105169e-53,ENSG00000143158,7,8,Decrease,in_cis,UpRegulated,In_cis_Decrease_UpRegulated
BEND7,0.673735035060068,7.45976572924608,242.501062956267,4.647878191458e-53,2.76675607817911e-52,ENSG00000165626,4,5,Decrease,in_cis,UpRegulated,In_cis_Decrease_UpRegulated
TAF11,-0.497663521388246,7.70564456909732,238.451839163108,3.14664836572554e-52,1.8409981422923e-51,ENSG00000064995,5,4,Increase,in_cis,DownRegulated,In_cis_Increase_DownRegulated
P4HA1,0.925719267220554,6.79629878359694,234.531141867782,2.00873844456224e-51,1.15230126174509e-50,ENSG00000122884,6,10,Decrease,in_cis,UpRegulated,In_cis_Decrease_UpRegulated
CCDC14,0.729044303713183,7.33349036242395,214.953102702132,2.16594513538261e-47,1.14671509720107e-46,ENSG00000175455,2,3,Decrease,in_cis,UpRegulated,In_cis_Decrease_UpRegulated
SDC2,0.696449056500182,7.72961660331522,214.428358992306,2.77988059797693e-47,1.4673441599501e-46,ENSG00000169439,8,11,Decrease,in_cis,UpRegulated,In_cis_Decrease_UpRegulated
CYR61,-0.879663821700012,7.88082018273622,211.011264014481,1.4130439571058e-46,7.33064197070383e-46,ENSG00000142871,4,3,Increase,in_cis,DownRegulated,In_cis_Increase_DownRegulated
ZFR,0.468382817919381,7.91347909263504,202.457241106476,8.33061547772796e-45,4.1527450765036e-44,ENSG00000056097,4,5,Decrease,in_cis,UpRegulated,In_cis_Decrease_UpRegulated
PPP3CB,0.769207127785189,6.82473338140546,195.712247591121,2.08773290662793e-43,1.00702410790288e-42,ENSG00000107758,6,10,Decrease,in_cis,UpRegulated,In_cis_Decrease_UpRegulated
MDH2,-0.314122478798114,8.81914631566423,195.335459886997,2.49977990330685e-43,1.20303329468516e-42,ENSG00000146701,3,2,Increase,in_cis,DownRegulated,In_cis_Increase_DownRegulated
DNAJC21,0.457741560675955,7.96634025365657,195.181965739344,2.69012093118245e-43,1.29287138619027e-42,ENSG00000168724,4,5,Decrease,in_cis,UpRegulated,In_cis_Decrease_UpRegulated
CPLANE1,0.704427679120496,7.05800476081245,194.461309005624,3.79681930720047e-43,1.81485560919867e-42,ENSG00000197603,3,4,Decrease,in_cis,UpRegulated,In_cis_Decrease_UpRegulated
ALCAM,0.866841729945357,6.65596692787078,220.943635854801,6.59092341298322e-43,3.1320210180834e-42,ENSG00000170017,3,4,Decrease,in_cis,UpRegulated,In_cis_Decrease_UpRegulated
AL451165.2,-0.733703433512152,6.81369260811667,192.202883259513,1.11837139604193e-42,5.26485653196776e-42,ENSG00000272288,5,4,Increase,in_cis,DownRegulated,In_cis_Increase_DownRegulated
EWSR1,0.413007477641418,7.92638819815595,188.515790704401,6.53389800273254e-42,3.01682990278938e-41,ENSG00000182944,1,2,Decrease,in_cis,UpRegulated,In_cis_Decrease_UpRegulated
NOS1AP,0.798878519615716,6.73185262899873,186.383676933487,1.81475890876888e-41,8.29940325852018e-41,ENSG00000198929,7,8,Decrease,in_cis,UpRegulated,In_cis_Decrease_UpRegulated
ZPR1,-0.567690666010945,7.24568280812439,186.258361070277,1.92709274093465e-41,8.80552354799425e-41,ENSG00000109917,3,2,Increase,in_cis,DownRegulated,In_cis_Increase_DownRegulated
RABGGTB,-0.598909333651817,7.12320566666238,182.324993351144,1.27077850443908e-40,5.67664485640058e-40,ENSG00000137955,4,3,Increase,in_cis,DownRegulated,In_cis_Increase_DownRegulated
NELFE,-0.295139047434382,8.73108448620565,181.814303569352,1.6236504895174e-40,7.23766324404343e-40,ENSG00000204356,5,4,Increase,in_cis,DownRegulated,In_cis_Increase_DownRegulated
CLTB,0.564611095584052,7.26404531369887,180.252126411668,3.43660106458208e-40,1.51721060355381e-39,ENSG00000175416,2,3,Decrease,in_cis,UpRegulated,In_cis_Decrease_UpRegulated
MSMO1,-0.693421849613832,7.02541339465914,178.082864721273,9.73977959924256e-40,4.26614445551916e-39,ENSG00000052802,3,2,Increase,in_cis,DownRegulated,In_cis_Increase_DownRegulated
GOLGB1,0.564597385026377,7.68848987225376,176.536197122299,2.04780970526107e-39,8.90330088871829e-39,ENSG00000173230,2,3,Decrease,in_cis,UpRegulated,In_cis_Decrease_UpRegulated
MAGED1,0.366685285375923,8.56147593587395,172.142800174274,1.69363629176127e-38,7.17759803455557e-38,ENSG00000179222,4,5,Decrease,in_cis,UpRegulated,In_cis_Decrease_UpRegulated
ZNF451,0.521601429468995,7.41200476704392,171.742998344011,2.05292272662359e-38,8.66552937040076e-38,ENSG00000112200,7,8,Decrease,in_cis,UpRegulated,In_cis_Decrease_UpRegulated
NQO2,0.675329637377372,6.98591790955018,171.085828396732,2.81664185583006e-38,1.18561231798529e-37,ENSG00000124588,5,6,Decrease,in_cis,UpRegulated,In_cis_Decrease_UpRegulated
VASH2,0.752041792980768,6.73710788723518,169.288373659531,6.69205334450255e-38,2.78366261416232e-37,ENSG00000143494,3,4,Decrease,in_cis,UpRegulated,In_cis_Decrease_UpRegulated
UBL7,-0.557898248345379,7.17980707599093,165.883322461327,3.45179932468545e-37,1.4092293807998e-36,ENSG00000138629,3,2,Increase,in_cis,DownRegulated,In_cis_Increase_DownRegulated
SUMF2,0.658225880044628,6.97447578591454,164.967897783948,5.3667439241106e-37,2.17841201954113e-36,ENSG00000129103,3,4,Decrease,in_cis,UpRegulated,In_cis_Decrease_UpRegulated
COL9A1,-0.808062339344153,6.6242092950546,217.658197423442,2.89399528569513e-36,1.15694187951939e-35,ENSG00000112280,4,3,Increase,in_cis,DownRegulated,In_cis_Increase_DownRegulated
ELOVL6,-0.757991714861401,6.65908176696432,198.749891503766,1.05400052494722e-35,4.1462318902535e-35,ENSG00000170522,3,2,Increase,in_cis,DownRegulated,In_cis_Increase_DownRegulated
RND3,-0.758691614404379,6.7862009300015,153.475029010445,1.38140490372567e-34,5.24121272295915e-34,ENSG00000115963,3,2,Increase,in_cis,DownRegulated,In_cis_Increase_DownRegulated
ARHGEF26,-0.658554777002174,7.04039216196304,152.415976901371,2.30601040366972e-34,8.68386545034473e-34,ENSG00000114790,3,2,Increase,in_cis,DownRegulated,In_cis_Increase_DownRegulated
SFT2D2,0.482707367113713,7.44037567512387,151.975578975779,2.85379729456269e-34,1.0719981456635e-33,ENSG00000213064,7,8,Decrease,in_cis,UpRegulated,In_cis_Decrease_UpRegulated
PXDC1,0.808999839065124,6.60254045348063,210.579517246711,6.90393555637257e-34,2.57056776893027e-33,ENSG00000168994,5,6,Decrease,in_cis,UpRegulated,In_cis_Decrease_UpRegulated
HIST1H3H,-0.769571274667612,6.63672408262972,174.701877569389,2.50621146094431e-33,9.17642950289681e-33,ENSG00000278828,5,4,Increase,in_cis,DownRegulated,In_cis_Increase_DownRegulated
TSPAN14,0.686970797217898,6.74836848404439,149.654257031588,2.55993041252257e-33,9.36987678327465e-33,ENSG00000108219,8,10.5,Decrease,in_cis,UpRegulated,In_cis_Decrease_UpRegulated
KDM5C,0.483005434846927,7.40789998498815,146.920035429383,3.30253249085835e-33,1.20462719614826e-32,ENSG00000126012,4,5,Decrease,in_cis,UpRegulated,In_cis_Decrease_UpRegulated
CDC42BPA,0.590905743788654,7.08143966883985,146.270860401768,4.52392268337482e-33,1.64446921459584e-32,ENSG00000143776,3,4,Decrease,in_cis,UpRegulated,In_cis_Decrease_UpRegulated
PBX1,0.383055709948971,8.18161333686988,142.556917496388,2.74097196130175e-32,9.77545563272081e-32,ENSG00000185630,7,8,Decrease,in_cis,UpRegulated,In_cis_Decrease_UpRegulated
IGFBP5,-0.678359112183223,7.98153866198038,140.269720649308,8.3208022774616e-32,2.92513946463904e-31,ENSG00000115461,3,2,Increase,in_cis,DownRegulated,In_cis_Increase_DownRegulated
PHLDB2,0.765739036989354,6.61516256563036,176.491694197675,1.84264086486534e-31,6.41166285149527e-31,ENSG00000144824,3,4,Decrease,in_cis,UpRegulated,In_cis_Decrease_UpRegulated
BTN3A2,-0.734535502964244,6.62224766857913,187.436301911976,2.79012589229998e-31,9.65770670443363e-31,ENSG00000186470,5,4,Increase,in_cis,DownRegulated,In_cis_Increase_DownRegulated
CDYL,0.416535088634688,7.57001788623623,136.86215116452,4.35789726914275e-31,1.50155821866423e-30,ENSG00000153046,5,6,Decrease,in_cis,UpRegulated,In_cis_Decrease_UpRegulated
UTP23,0.605349432834546,6.96905090864343,136.058186632742,6.44242041305705e-31,2.21115908920563e-30,ENSG00000147679,2,3,Decrease,in_cis,UpRegulated,In_cis_Decrease_UpRegulated
PABPN1,0.484206277836824,7.28529373416925,129.271440933642,1.75333967528907e-29,5.78684152424581e-29,ENSG00000100836,2,3,Decrease,in_cis,UpRegulated,In_cis_Decrease_UpRegulated
HLTF,0.475131165995756,7.37785386492017,127.282777856386,4.62242290431817e-29,1.5082044874114e-28,ENSG00000071794,2,3,Decrease,in_cis,UpRegulated,In_cis_Decrease_UpRegulated
PIANP,0.633507836359181,6.76510288148371,126.110241632683,8.18880278287042e-29,2.65464774248248e-28,ENSG00000139200,3,5,Decrease,in_cis,UpRegulated,In_cis_Decrease_UpRegulated
U2AF1,0.722770226932951,6.63314053248306,166.831867432003,8.21337160486502e-29,2.66179671679725e-28,ENSG00000160201,2.89041095890411,3,Decrease,in_cis,UpRegulated,In_cis_Decrease_UpRegulated
EBAG9,0.629487500850104,6.78522806949469,125.453021959174,1.12840175134446e-28,3.63962815883692e-28,ENSG00000147654,2,3,Decrease,in_cis,UpRegulated,In_cis_Decrease_UpRegulated
SPEF2,0.5909735068621,6.91089777823728,122.724788640004,4.2736189076792e-28,1.35591904035485e-27,ENSG00000152582,4,5,Decrease,in_cis,UpRegulated,In_cis_Decrease_UpRegulated
KIF1A,0.727394474311884,6.59752228850042,170.084305122474,5.13237843803929e-28,1.62497153898772e-27,ENSG00000130294,2,3,Decrease,in_cis,UpRegulated,In_cis_Decrease_UpRegulated
SRP9,0.25432391899887,8.69558394059109,122.31791579559,5.21299965596205e-28,1.65000330223718e-27,ENSG00000143742,3,4,Decrease,in_cis,UpRegulated,In_cis_Decrease_UpRegulated
ZMIZ1,0.555214812843717,7.03061701667187,122.249905450941,5.38905734777149e-28,1.70470839188776e-27,ENSG00000108175,10,11,Decrease,in_cis,UpRegulated,In_cis_Decrease_UpRegulated
NUDCD1,0.611479036637377,6.78193807099338,122.064504020093,5.89981436067369e-28,1.86182089221976e-27,ENSG00000120526,2,3,Decrease,in_cis,UpRegulated,In_cis_Decrease_UpRegulated
UBE2G2,-0.325184773818666,8.1397441440597,121.248173803827,8.79058883780009e-28,2.76089218308341e-27,ENSG00000184787,4,3,Increase,in_cis,DownRegulated,In_cis_Increase_DownRegulated
FAM120C,-0.538494901401038,6.95787512033253,120.767904845925,1.11154041574716e-27,3.48175141183697e-27,ENSG00000184083,4.5,4,Increase,in_cis,DownRegulated,In_cis_Increase_DownRegulated
PFDN6,-0.286315309053973,8.3524193431416,119.860069489449,1.73220689753923e-27,5.40191172233786e-27,ENSG00000204220,5,4,Increase,in_cis,DownRegulated,In_cis_Increase_DownRegulated
EIF3H,0.304304683562447,8.17888603354027,119.474427621095,2.0915269462733e-27,6.51285606054724e-27,ENSG00000147677,2,3,Decrease,in_cis,UpRegulated,In_cis_Decrease_UpRegulated
BLOC1S5,0.47058053508679,7.22458027508824,118.856687290926,2.82890232005654e-27,8.77026047525149e-27,ENSG00000188428,5,6,Decrease,in_cis,UpRegulated,In_cis_Decrease_UpRegulated
KALRN,0.705822135903966,6.61133253018753,158.39148503888,6.77007878516696e-27,2.07576502578249e-26,ENSG00000160145,2,3,Decrease,in_cis,UpRegulated,In_cis_Decrease_UpRegulated
PROSER1,-0.679839972812757,6.61460749603479,167.790578974581,8.6236742910788e-27,2.63721383784422e-26,ENSG00000120685,3,2,Increase,in_cis,DownRegulated,In_cis_Increase_DownRegulated
NIPBL,0.353942385524053,7.95316077478273,115.554446863612,1.42289076529219e-26,4.33007437147895e-26,ENSG00000164190,4,5,Decrease,in_cis,UpRegulated,In_cis_Decrease_UpRegulated
HIST1H4C,-0.636680392447478,9.87023932182787,113.654660440711,3.60677212101007e-26,1.08727373884424e-25,ENSG00000197061,5,4,Increase,in_cis,DownRegulated,In_cis_Increase_DownRegulated
FYN,0.612808287645224,6.80141831765355,113.469711060232,3.94873050148228e-26,1.18934143635192e-25,ENSG00000010810,2,3,Decrease,in_cis,UpRegulated,In_cis_Decrease_UpRegulated
SDHAF4,-0.583751405156391,6.7491660647384,114.126134605104,7.19624228307542e-26,2.15155033551079e-25,ENSG00000154079,4,3,Increase,in_cis,DownRegulated,In_cis_Increase_DownRegulated
TSPYL2,0.561513053324765,7.09867262163221,111.982902408576,8.18067664324277e-26,2.43967289349371e-25,ENSG00000184205,4,5,Decrease,in_cis,UpRegulated,In_cis_Decrease_UpRegulated
NEFH,0.601153317365412,6.8352703003821,111.13018365051,1.24246127079489e-25,3.68971233084458e-25,ENSG00000100285,1,2,Decrease,in_cis,UpRegulated,In_cis_Decrease_UpRegulated
CDKN1B,0.523201549440273,7.11630371592126,110.00615076701,2.15576715319875e-25,6.37152974197719e-25,ENSG00000111276,3,5,Decrease,in_cis,UpRegulated,In_cis_Decrease_UpRegulated
MRPL45,-0.457087462620952,7.1446501341746,109.292056561139,3.05975727368247e-25,8.99808519349823e-25,ENSG00000278845,4,3,Increase,in_cis,DownRegulated,In_cis_Increase_DownRegulated
CREG1,0.468830302073672,7.16735962304461,107.928882149155,5.97189039836745e-25,1.7407180114062e-24,ENSG00000143162,7,8,Decrease,in_cis,UpRegulated,In_cis_Decrease_UpRegulated
GDAP1,-0.508796319631763,6.96664883833822,106.581041718988,1.1571799124585e-24,3.34352611690411e-24,ENSG00000104381,4,3,Increase,in_cis,DownRegulated,In_cis_Increase_DownRegulated
TMEM45A,0.633880278610747,6.66496950946751,118.289836086911,2.47390419374428e-24,7.0669615342768e-24,ENSG00000181458,3,4,Decrease,in_cis,UpRegulated,In_cis_Decrease_UpRegulated
AL135925.1,0.499098986466548,7.11542617383689,104.908742323704,2.6304507992798e-24,7.51009677591949e-24,ENSG00000272447,8,10.5,Decrease,in_cis,UpRegulated,In_cis_Decrease_UpRegulated
POU2F1,0.401842493672173,7.46434680802611,104.711597794905,2.89791738000854e-24,8.25812770628512e-24,ENSG00000143190,7,8,Decrease,in_cis,UpRegulated,In_cis_Decrease_UpRegulated
DDIT4,0.738806742184797,7.25788148397342,103.574971584664,5.06537903097781e-24,1.43342909014669e-23,ENSG00000168209,6,9,Decrease,in_cis,UpRegulated,In_cis_Decrease_UpRegulated
PCOLCE,-0.529368091523433,7.00314650673331,103.331160738719,5.71014401969318e-24,1.61372972055342e-23,ENSG00000106333,3,2,Increase,in_cis,DownRegulated,In_cis_Increase_DownRegulated
LSAMP,0.600138042718993,6.90196224691237,103.18374321552,6.13919793101067e-24,1.73082184739421e-23,ENSG00000185565,3,4,Decrease,in_cis,UpRegulated,In_cis_Decrease_UpRegulated
CEBPB,-0.586550329023616,6.79652017474695,103.043452528212,6.57743480903196e-24,1.85190591988129e-23,ENSG00000172216,4,3,Increase,in_cis,DownRegulated,In_cis_Increase_DownRegulated
FAM89A,0.562452216158766,6.83499814032025,101.460896962361,1.43203024526477e-23,3.98946956397439e-23,ENSG00000182118,3,4,Decrease,in_cis,UpRegulated,In_cis_Decrease_UpRegulated
RPF1,-0.416663085699626,7.26586584543324,100.647226046973,2.13674907351838e-23,5.9277554942768e-23,ENSG00000117133,4,3,Increase,in_cis,DownRegulated,In_cis_Increase_DownRegulated
TMA16,-0.364961158192382,7.53244707219875,98.6691256724843,5.65568532408368e-23,1.54748679146811e-22,ENSG00000198498,3,2,Increase,in_cis,DownRegulated,In_cis_Increase_DownRegulated
KHDRBS2,0.64058891704576,6.62333134260727,130.15074300448,6.70469220446203e-23,1.82930704510703e-22,ENSG00000112232,7,8,Decrease,in_cis,UpRegulated,In_cis_Decrease_UpRegulated
DNAJC9,0.433220980764997,7.33494617921909,97.6279957406148,9.44276693432718e-23,2.56511527044974e-22,ENSG00000213551,6,10,Decrease,in_cis,UpRegulated,In_cis_Decrease_UpRegulated
AC020928.2,-0.497167020238313,6.85553650393103,95.7101154770065,2.42882211549456e-22,6.52083257302068e-22,ENSG00000267260,4,3,Increase,in_cis,DownRegulated,In_cis_Increase_DownRegulated
F12,0.552581249381866,6.78256093962927,94.2133765300031,5.07917012695751e-22,1.34959712642443e-21,ENSG00000131187,2,3,Decrease,in_cis,UpRegulated,In_cis_Decrease_UpRegulated
ATIC,-0.346339523625245,7.52926611297217,92.9569575267607,9.43800786180982e-22,2.48965703646444e-21,ENSG00000138363,3,2,Increase,in_cis,DownRegulated,In_cis_Increase_DownRegulated
CACNA1C,0.630505768690512,6.60373960864001,129.794221513346,1.23183251017935e-21,3.23333108999434e-21,ENSG00000151067,3,5,Decrease,in_cis,UpRegulated,In_cis_Decrease_UpRegulated
MAK16,-0.469336645648573,6.98020136775604,91.4030258754845,2.03168973961771e-21,5.29862279725742e-21,ENSG00000198042,3,2,Increase,in_cis,DownRegulated,In_cis_Increase_DownRegulated
COL2A1,0.623274353632073,6.60452436868249,124.831063659591,2.72542362122708e-21,7.08864791377921e-21,ENSG00000139219,2,3,Decrease,in_cis,UpRegulated,In_cis_Decrease_UpRegulated
INSIG1,-0.539431021763108,6.77583219509914,90.2093639190585,3.66239707759983e-21,9.49297630160523e-21,ENSG00000186480,3,2,Increase,in_cis,DownRegulated,In_cis_Increase_DownRegulated
KLHL20,0.428290688309437,7.14908306662475,90.1557019142477,3.76073419910351e-21,9.7407067478249e-21,ENSG00000076321,7,8,Decrease,in_cis,UpRegulated,In_cis_Decrease_UpRegulated
RHBDD3,0.584137419838064,6.66087213792703,107.656129438327,8.99574705986537e-21,2.30292866406718e-20,ENSG00000100263,1,2,Decrease,in_cis,UpRegulated,In_cis_Decrease_UpRegulated
CCSAP,0.550968461233886,6.70818465844856,87.6712859818886,1.28316038352251e-20,3.26358993433545e-20,ENSG00000154429,3,4,Decrease,in_cis,UpRegulated,In_cis_Decrease_UpRegulated
TRIP12,-0.442361176573403,7.0283905729339,86.4838818451543,2.30783255896082e-20,5.82909570408011e-20,ENSG00000153827,3,2,Increase,in_cis,DownRegulated,In_cis_Increase_DownRegulated
NUF2,0.596299020057869,8.35639898389724,85.2305723238175,4.28945916508726e-20,1.07292265425143e-19,ENSG00000143228,7,8,Decrease,in_cis,UpRegulated,In_cis_Decrease_UpRegulated
NEFL,-0.430793991793019,8.521339101982,84.9391383325498,4.95471014461538e-20,1.23581523012831e-19,ENSG00000277586,3,2,Increase,in_cis,DownRegulated,In_cis_Increase_DownRegulated
HLA-DPA1,-0.552949447409503,6.67927775479776,96.9111920472261,6.03308576080544e-20,1.50124632269583e-19,ENSG00000231389,5,4,Increase,in_cis,DownRegulated,In_cis_Increase_DownRegulated
GPC1,0.588505145110407,6.62311448409782,111.822192616606,8.07507785667887e-20,2.00183204986991e-19,ENSG00000063660,2,3,Decrease,in_cis,UpRegulated,In_cis_Decrease_UpRegulated
ESRP1,0.562255406126943,6.64031084678994,98.2191537650345,1.14825475822544e-19,2.83261166802909e-19,ENSG00000104413,2,3,Decrease,in_cis,UpRegulated,In_cis_Decrease_UpRegulated
DLG5,0.345985093753308,7.51067561644676,82.9361779629445,1.33522390322731e-19,3.28924043976211e-19,ENSG00000151208,10,11,Decrease,in_cis,UpRegulated,In_cis_Decrease_UpRegulated
UBE2V1,-0.500891564558913,6.735932642913,86.3600328519738,1.7168275761924e-19,4.2145746347095e-19,ENSG00000244687,4,3,Increase,in_cis,DownRegulated,In_cis_Increase_DownRegulated
CLNS1A,-0.253602724736585,8.05197391576556,81.5796600723991,2.6141456762747e-19,6.38476863625809e-19,ENSG00000074201,3,2,Increase,in_cis,DownRegulated,In_cis_Increase_DownRegulated
PLAC9,0.526877547840569,6.70295943970393,84.0892262968119,3.88579372574769e-19,9.44049748069799e-19,ENSG00000189129,8,10.5,Decrease,in_cis,UpRegulated,In_cis_Decrease_UpRegulated
FAM96A,-0.349844982847592,7.34260386415663,80.7447872837146,3.95350415371649e-19,9.60279378599611e-19,ENSG00000166797,3,2,Increase,in_cis,DownRegulated,In_cis_Increase_DownRegulated
SLC4A8,0.595015308460512,6.56512152102818,136.713882730363,1.25036685151454e-18,2.98631306284055e-18,ENSG00000050438,2,3,Decrease,in_cis,UpRegulated,In_cis_Decrease_UpRegulated
GRK6,0.467465124929502,6.87433457870238,78.2224389512344,1.3807723829439e-18,3.29404832358605e-18,ENSG00000198055,2,3,Decrease,in_cis,UpRegulated,In_cis_Decrease_UpRegulated
AQP5,0.532684404375569,6.69181335999198,85.8093810304581,1.77672327669208e-18,4.22674603142614e-18,ENSG00000161798,2,3,Decrease,in_cis,UpRegulated,In_cis_Decrease_UpRegulated
WNK1,0.326077029498889,7.54672531996532,77.675628419517,1.81109445235004e-18,4.30704971154647e-18,ENSG00000060237,3,4,Decrease,in_cis,UpRegulated,In_cis_Decrease_UpRegulated
ZBTB37,0.439854661840294,7.06687306960077,76.2138527187147,3.74140567748692e-18,8.80458047974564e-18,ENSG00000185278,7,8,Decrease,in_cis,UpRegulated,In_cis_Decrease_UpRegulated
CBLB,0.522086647568827,6.70745864379573,80.8194648784422,4.09293697043765e-18,9.62326900939975e-18,ENSG00000114423,3,4,Decrease,in_cis,UpRegulated,In_cis_Decrease_UpRegulated
TROAP,0.51428284733991,7.05331180216524,76.0025309529071,4.15529863899409e-18,9.7655518780892e-18,ENSG00000135451,2,3,Decrease,in_cis,UpRegulated,In_cis_Decrease_UpRegulated
FAM213A,0.291158395280839,7.77215696554425,75.1508436297406,6.34297691907954e-18,1.48278474806681e-17,ENSG00000122378,8,10.5,Decrease,in_cis,UpRegulated,In_cis_Decrease_UpRegulated
SOBP,0.511126647980306,6.79772989808219,74.0741992275196,1.08292232799996e-17,2.51485233492505e-17,ENSG00000112320,2,3,Decrease,in_cis,UpRegulated,In_cis_Decrease_UpRegulated
HIST1H2BD,-0.50911532954575,6.73496135596055,71.4016185233845,4.08994138452975e-17,9.31999137560442e-17,ENSG00000158373,5,4,Increase,in_cis,DownRegulated,In_cis_Increase_DownRegulated
GSPT2,0.306272566757971,7.58568674283702,69.3948900204349,1.11044747111884e-16,2.48968065907061e-16,ENSG00000189369,4,5,Decrease,in_cis,UpRegulated,In_cis_Decrease_UpRegulated
APP,0.319710105970806,7.49675072124702,68.8384173187948,1.46506246190911e-16,3.27295263401786e-16,ENSG00000142192,2,3,Decrease,in_cis,UpRegulated,In_cis_Decrease_UpRegulated
RICTOR,0.457307725182071,6.83117688652141,68.2952313222758,1.92030345294239e-16,4.27281655978641e-16,ENSG00000164327,3,4,Decrease,in_cis,UpRegulated,In_cis_Decrease_UpRegulated
UAP1,0.286089973369903,7.56956603417356,66.8163959456983,4.01284177286564e-16,8.82491481774901e-16,ENSG00000117143,7,8,Decrease,in_cis,UpRegulated,In_cis_Decrease_UpRegulated
FOXP4-AS1,-0.432982516175335,6.82874876902606,66.5451332904598,4.5939737768105e-16,1.00777798861679e-15,ENSG00000234753,5,4,Increase,in_cis,DownRegulated,In_cis_Increase_DownRegulated
MARCH9,0.410516206849187,7.00540708806274,66.3653590004756,5.02480400507992e-16,1.10069117344658e-15,ENSG00000139266,2,3,Decrease,in_cis,UpRegulated,In_cis_Decrease_UpRegulated
CD74,0.534530272116973,6.57813529932227,101.226129216335,8.50116197340261e-16,1.84803311456335e-15,ENSG00000019582,2,3,Decrease,in_cis,UpRegulated,In_cis_Decrease_UpRegulated
COQ8A,0.416266219900071,6.9319795131722,65.2718572800218,8.66943741574606e-16,1.88345263881211e-15,ENSG00000163050,3,4,Decrease,in_cis,UpRegulated,In_cis_Decrease_UpRegulated
OSGEP,0.429997006883282,6.85461680642805,65.0530419534717,9.66952021552785e-16,2.09856760032527e-15,ENSG00000092094,1,2,Decrease,in_cis,UpRegulated,In_cis_Decrease_UpRegulated
NPHP3,0.502739725351979,6.64393671461033,77.7616618815437,2.0193992770808e-15,4.33553999451202e-15,ENSG00000113971,2,3,Decrease,in_cis,UpRegulated,In_cis_Decrease_UpRegulated
FAIM,0.512274295265704,6.61633504375503,83.5230333322258,2.49360446354563e-15,5.33198868311819e-15,ENSG00000158234,2,3,Decrease,in_cis,UpRegulated,In_cis_Decrease_UpRegulated
ATP6V1A,0.397159059374099,6.9686410848169,62.8234937311399,2.94306459333893e-15,6.27782562378286e-15,ENSG00000114573,3,4,Decrease,in_cis,UpRegulated,In_cis_Decrease_UpRegulated
DAXX,-0.269254038366915,7.65862419625656,62.1975840136503,4.02346183326988e-15,8.54622073741543e-15,ENSG00000204209,5,4,Increase,in_cis,DownRegulated,In_cis_Increase_DownRegulated
HOXD8,-0.451395263350189,6.72961059042134,64.1479800930394,4.06162062548125e-15,8.62554165355162e-15,ENSG00000175879,3,2,Increase,in_cis,DownRegulated,In_cis_Increase_DownRegulated
JPT1,-0.26845784767895,8.42142580168148,61.9310331798477,4.59668484258694e-15,9.74423492282258e-15,ENSG00000189159,4,3,Increase,in_cis,DownRegulated,In_cis_Increase_DownRegulated
TXNRD3,0.507633675288839,6.58717749523057,92.6466621014894,6.62525557095425e-15,1.39800425752153e-14,ENSG00000197763,2,3,Decrease,in_cis,UpRegulated,In_cis_Decrease_UpRegulated
SPIRE1,0.518715109405985,6.56709985436129,101.482515846297,1.11207584276175e-14,2.32572919429295e-14,ENSG00000134278,1,2,Decrease,in_cis,UpRegulated,In_cis_Decrease_UpRegulated
HIST1H2BN,-0.425016945167321,7.11234019531093,58.8771288563202,2.11708271808674e-14,4.38763734167741e-14,ENSG00000233822,5,4,Increase,in_cis,DownRegulated,In_cis_Increase_DownRegulated
RANBP17,0.427371798272538,6.75833257003094,58.3001591752785,2.82598976969674e-14,5.82943053507257e-14,ENSG00000204764,2,3,Decrease,in_cis,UpRegulated,In_cis_Decrease_UpRegulated
TLE4,-0.431516024396357,6.93832708835119,57.3646992392305,4.51461246275668e-14,9.24778672173513e-14,ENSG00000106829,4,3,Increase,in_cis,DownRegulated,In_cis_Increase_DownRegulated
PPID,-0.302718719351583,7.38366032605736,56.3701764970656,7.43067293367135e-14,1.50722259429292e-13,ENSG00000171497,3,2,Increase,in_cis,DownRegulated,In_cis_Increase_DownRegulated
TFAP2A,0.51918897263759,6.8432641667023,56.2411855786633,7.92693145480397e-14,1.60610295112909e-13,ENSG00000137203,5,6,Decrease,in_cis,UpRegulated,In_cis_Decrease_UpRegulated
BPHL,0.344507189820251,7.07887619871625,54.1703167260438,2.23943702763332e-13,4.45780295037735e-13,ENSG00000137274,5,6,Decrease,in_cis,UpRegulated,In_cis_Decrease_UpRegulated
ZNF678,0.430057615062943,6.69877156059261,58.2369233486558,3.51463724607793e-13,6.95432712102737e-13,ENSG00000181450,3,4,Decrease,in_cis,UpRegulated,In_cis_Decrease_UpRegulated
WWC2,-0.39245066525101,6.92754660087573,52.9909384591405,4.04803045921751e-13,7.99180033549884e-13,ENSG00000151718,3,2,Increase,in_cis,DownRegulated,In_cis_Increase_DownRegulated
ICE1,0.372287534133004,6.99617098510425,52.3870670713199,5.48221860651025e-13,1.07729720266887e-12,ENSG00000164151,1,2,Decrease,in_cis,UpRegulated,In_cis_Decrease_UpRegulated
UBXN8,-0.453993905880613,6.6341539049056,69.1822268280984,7.02732202379537e-13,1.37657430310569e-12,ENSG00000104691,3,2,Increase,in_cis,DownRegulated,In_cis_Increase_DownRegulated
GDNF,0.48465017096806,6.57061941968703,83.9093157832572,7.74739220987831e-13,1.51482282432704e-12,ENSG00000168621,3,4,Decrease,in_cis,UpRegulated,In_cis_Decrease_UpRegulated
DZIP1L,0.471974972017047,6.55723558208191,90.6754171761075,1.46529952118567e-12,2.83466319222788e-12,ENSG00000158163,2,3,Decrease,in_cis,UpRegulated,In_cis_Decrease_UpRegulated
ZNF454,0.440460360063106,6.66894691483975,59.2427619820827,1.7509262322427e-12,3.38103280114335e-12,ENSG00000178187,2,3,Decrease,in_cis,UpRegulated,In_cis_Decrease_UpRegulated
EFHD1,0.458123146634906,6.59839177964641,71.8300839503057,3.79427123881129e-12,7.22907081486776e-12,ENSG00000115468,2,3,Decrease,in_cis,UpRegulated,In_cis_Decrease_UpRegulated
TTC5,0.377058683460545,6.78604022051636,47.122678040118,7.74921158027956e-12,1.45908081338906e-11,ENSG00000136319,1,2,Decrease,in_cis,UpRegulated,In_cis_Decrease_UpRegulated
PWWP2A,0.355365390034586,6.93206755733094,46.5809752457946,1.01822563358444e-11,1.90700969406095e-11,ENSG00000170234,2,3,Decrease,in_cis,UpRegulated,In_cis_Decrease_UpRegulated
CEP97,0.373779240913813,6.81178751729733,46.4843549846394,1.06905521570294e-11,1.99972874831224e-11,ENSG00000182504,3,4,Decrease,in_cis,UpRegulated,In_cis_Decrease_UpRegulated
OLFML2B,0.436598525491367,6.66112605423747,46.4432751426595,1.09142892051255e-11,2.04013697140515e-11,ENSG00000162745,7,8,Decrease,in_cis,UpRegulated,In_cis_Decrease_UpRegulated
TINF2,0.368072391433932,6.83137997120373,45.8997437898531,1.43561219273658e-11,2.67263389207454e-11,ENSG00000092330,2,3,Decrease,in_cis,UpRegulated,In_cis_Decrease_UpRegulated
LMBRD2,0.434914822263673,6.6071484888597,62.7734110003725,2.53471582654369e-11,4.6792712064885e-11,ENSG00000164187,4,5,Decrease,in_cis,UpRegulated,In_cis_Decrease_UpRegulated
MBNL1,-0.349232440999207,6.87000368174023,44.0133472900631,3.71994713104105e-11,6.82915667340372e-11,ENSG00000152601,3,2,Increase,in_cis,DownRegulated,In_cis_Increase_DownRegulated
HIST1H2BF,-0.420665728654172,6.64336373498344,50.78759329143,5.31539760624101e-11,9.67416997226728e-11,ENSG00000277224,5,4,Increase,in_cis,DownRegulated,In_cis_Increase_DownRegulated
STRN3,0.331924763835509,6.98402460806988,43.0995159634269,5.90270168827281e-11,1.07154244823322e-10,ENSG00000196792,2,3,Decrease,in_cis,UpRegulated,In_cis_Decrease_UpRegulated
IFIH1,-0.427431202462561,6.60259991068737,62.7694151742424,6.21149513658541e-11,1.12682551114389e-10,ENSG00000115267,3,2,Increase,in_cis,DownRegulated,In_cis_Increase_DownRegulated
LRP1,0.407542315183586,6.63525477881628,51.8617067228773,1.40222205450972e-10,2.51231451432992e-10,ENSG00000123384,2,3,Decrease,in_cis,UpRegulated,In_cis_Decrease_UpRegulated
CACNA2D1,-0.381361762137183,6.79534230134489,41.3675351626573,1.41729876695715e-10,2.53803730436309e-10,ENSG00000153956,3,2,Increase,in_cis,DownRegulated,In_cis_Increase_DownRegulated
IRX1,0.429224885126284,6.57159449851596,67.7951450597408,1.64628818691178e-10,2.94063431968133e-10,ENSG00000170549,1,2,Decrease,in_cis,UpRegulated,In_cis_Decrease_UpRegulated
TRIO,0.394066766775939,6.64916332896604,49.318734736712,2.10583459224489e-10,3.7488250280657e-10,ENSG00000038382,1,2,Decrease,in_cis,UpRegulated,In_cis_Decrease_UpRegulated
CLDN15,-0.414771676654479,6.5963206885556,60.3532400693591,2.40621058099947e-10,4.27277077821258e-10,ENSG00000106404,3,2,Increase,in_cis,DownRegulated,In_cis_Increase_DownRegulated
ELOVL2,0.340259338219235,6.85482002584652,40.2594559109232,2.48375040903702e-10,4.40750072585029e-10,ENSG00000197977,5,6,Decrease,in_cis,UpRegulated,In_cis_Decrease_UpRegulated
C6orf52,0.417038355353275,6.57548608123335,63.7140081742298,2.86113069270259e-10,5.06104355642274e-10,ENSG00000137434,5,6,Decrease,in_cis,UpRegulated,In_cis_Decrease_UpRegulated
ILDR2,0.350701635711872,6.80851435374731,39.977205499134,2.86552619981129e-10,5.06712406245468e-10,ENSG00000143195,7,8,Decrease,in_cis,UpRegulated,In_cis_Decrease_UpRegulated
HOXB2,-0.401903382451884,6.59498202759127,58.1348452602846,5.58531533333381e-10,9.75263545658716e-10,ENSG00000173917,4,3,Increase,in_cis,DownRegulated,In_cis_Increase_DownRegulated
SCOC-AS1,-0.400149215328001,6.58721992228932,61.7503029243125,7.32608655182087e-10,1.27417532958174e-09,ENSG00000196951,3,2,Increase,in_cis,DownRegulated,In_cis_Increase_DownRegulated
TYW3,-0.258439332110417,7.28658102920757,37.5757575168751,9.68564957819259e-10,1.68013777038572e-09,ENSG00000162623,4,3,Increase,in_cis,DownRegulated,In_cis_Increase_DownRegulated
FAM184A,0.298754807835399,7.06410340731524,37.4284125766778,1.04380075539669e-09,1.81005317878462e-09,ENSG00000111879,2,3,Decrease,in_cis,UpRegulated,In_cis_Decrease_UpRegulated
PER2,0.41024793214071,6.56655931807582,63.0633660902011,1.05089530932778e-09,1.8217585352457e-09,ENSG00000132326,2,3,Decrease,in_cis,UpRegulated,In_cis_Decrease_UpRegulated
WNT5B,0.391286875432116,6.62469441197802,50.1729226821917,1.23904449187585e-09,2.14300402796971e-09,ENSG00000111186,3,4,Decrease,in_cis,UpRegulated,In_cis_Decrease_UpRegulated
ZBTB11,0.326281285782668,6.87376208183215,36.6202383252317,1.57359438287893e-09,2.71099045310966e-09,ENSG00000066422,3,4,Decrease,in_cis,UpRegulated,In_cis_Decrease_UpRegulated
SP1,0.363059271584215,6.68426903041377,41.323966692893,2.01478499230705e-09,3.45363727898623e-09,ENSG00000185591,2,3,Decrease,in_cis,UpRegulated,In_cis_Decrease_UpRegulated
D2HGDH,0.390105314165489,6.60171896197135,52.0845131135889,2.7151977269258e-09,4.6227847344956e-09,ENSG00000180902,2,3,Decrease,in_cis,UpRegulated,In_cis_Decrease_UpRegulated
WDR12,-0.254753041792156,7.20917991812324,35.4601268248344,2.83814506101464e-09,4.82744789442239e-09,ENSG00000138442,3,2,Increase,in_cis,DownRegulated,In_cis_Increase_DownRegulated
USP54,0.395150708553841,6.5596549653802,62.5510833573238,3.1121363567673e-09,5.28583467917221e-09,ENSG00000166348,6,10,Decrease,in_cis,UpRegulated,In_cis_Decrease_UpRegulated
LINC01574,0.395302973556033,6.57551481819337,58.5810134405903,3.42389724164216e-09,5.80975056498087e-09,ENSG00000248859,2,3,Decrease,in_cis,UpRegulated,In_cis_Decrease_UpRegulated
WASF1,0.309706133170579,7.00578601648376,34.7352370214619,4.10419254219495e-09,6.93960177610905e-09,ENSG00000112290,2,3,Decrease,in_cis,UpRegulated,In_cis_Decrease_UpRegulated
SEC24C,0.360780066900332,6.67314283534244,41.6304653735177,4.56871150012828e-09,7.71270830647254e-09,ENSG00000176986,6,10,Decrease,in_cis,UpRegulated,In_cis_Decrease_UpRegulated
EGLN1,0.300320197858086,7.03270366345192,34.2199450149884,5.33545647973202e-09,8.98987872612382e-09,ENSG00000135766,3,4,Decrease,in_cis,UpRegulated,In_cis_Decrease_UpRegulated
NMI,-0.371790448749881,6.61422276827985,49.2676117316706,5.57512420358986e-09,9.3892157022088e-09,ENSG00000123609,3,2,Increase,in_cis,DownRegulated,In_cis_Increase_DownRegulated
ZNF354C,0.34811405900705,6.68248407614376,38.2968321874944,5.92398829023714e-09,9.96247188141948e-09,ENSG00000177932,2,3,Decrease,in_cis,UpRegulated,In_cis_Decrease_UpRegulated
SYNGR2,-0.315524685095781,6.79812347432178,33.6467079174964,7.14493492732394e-09,1.19814714111022e-08,ENSG00000108639,4,3,Increase,in_cis,DownRegulated,In_cis_Increase_DownRegulated
GK5,0.322715873063017,6.76499968590341,33.4657354382012,7.83525860302329e-09,1.31203681340479e-08,ENSG00000175066,2,3,Decrease,in_cis,UpRegulated,In_cis_Decrease_UpRegulated
TM9SF1,0.372278675766602,6.59974354201421,46.879576188312,1.33944946073811e-08,2.22010285109492e-08,ENSG00000100926,2,3,Decrease,in_cis,UpRegulated,In_cis_Decrease_UpRegulated
XRN1,0.312511506715055,6.83682599037526,32.2083660175217,1.48785878549667e-08,2.46300003646069e-08,ENSG00000114127,2,3,Decrease,in_cis,UpRegulated,In_cis_Decrease_UpRegulated
KRT8,0.366706554282056,6.59272413049665,44.0509514673271,1.73780731387287e-08,2.86823619381296e-08,ENSG00000170421,2,3,Decrease,in_cis,UpRegulated,In_cis_Decrease_UpRegulated
NKX2-5,0.337746604720166,6.66843467119825,35.75219815137,3.027238515121e-08,4.9477949649181e-08,ENSG00000183072,2,3,Decrease,in_cis,UpRegulated,In_cis_Decrease_UpRegulated
SDE2,0.306019781047273,6.79676748242676,30.6029771993315,3.37847405700929e-08,5.50485190619906e-08,ENSG00000143751,3,4,Decrease,in_cis,UpRegulated,In_cis_Decrease_UpRegulated
LPCAT3,0.358872879076905,6.59324055499984,45.2418383373955,3.49621952612029e-08,5.68969386881545e-08,ENSG00000111684,3,5,Decrease,in_cis,UpRegulated,In_cis_Decrease_UpRegulated
SMARCC2,0.260339358589219,7.09526056822094,30.4138401750641,3.72155724286041e-08,6.0536110279836e-08,ENSG00000139613,2,3,Decrease,in_cis,UpRegulated,In_cis_Decrease_UpRegulated
ADK,0.299293164832018,6.81541492920343,30.2674223349798,4.01095820168508e-08,6.51034461522553e-08,ENSG00000156110,6,10,Decrease,in_cis,UpRegulated,In_cis_Decrease_UpRegulated
FAM173B,0.365306411734639,6.58709983810287,46.2970573789158,5.18877301179665e-08,8.38863532306052e-08,ENSG00000150756,1,2,Decrease,in_cis,UpRegulated,In_cis_Decrease_UpRegulated
USF3,0.315644843254944,6.70443696804196,31.9617478860484,5.6422026740865e-08,9.10499159214142e-08,ENSG00000176542,3,4,Decrease,in_cis,UpRegulated,In_cis_Decrease_UpRegulated
PDGFC,-0.312173393850581,6.75709195330915,28.5991188353588,9.42410261045731e-08,1.50928323108883e-07,ENSG00000145431,3,2,Increase,in_cis,DownRegulated,In_cis_Increase_DownRegulated
HS6ST3,-0.347743002141063,6.58969232114244,41.800523266145,1.00889747768599e-07,1.61210234425414e-07,ENSG00000185352,4,3,Increase,in_cis,DownRegulated,In_cis_Increase_DownRegulated
SRD5A1,0.353866790660162,6.58894214521471,43.7466826577113,1.10753073500966e-07,1.76677124339197e-07,ENSG00000145545,1,2,Decrease,in_cis,UpRegulated,In_cis_Decrease_UpRegulated
RAMP1,0.295589854355504,6.76757960111421,28.2626383179508,1.11985446301624e-07,1.78589183021043e-07,ENSG00000132329,2,3,Decrease,in_cis,UpRegulated,In_cis_Decrease_UpRegulated
FUT11,0.351092606256691,6.56352902819523,47.0765430851257,1.17457688881658e-07,1.86949658891089e-07,ENSG00000196968,6,10,Decrease,in_cis,UpRegulated,In_cis_Decrease_UpRegulated
MED20,-0.278833072554049,6.79901863619306,27.6495746845772,1.53375063353186e-07,2.43056392531835e-07,ENSG00000124641,5,4,Increase,in_cis,DownRegulated,In_cis_Increase_DownRegulated
VCL,0.261676381058727,7.1540095609052,27.6389154175582,1.54216447709353e-07,2.44353143179978e-07,ENSG00000035403,6,10,Decrease,in_cis,UpRegulated,In_cis_Decrease_UpRegulated
RC3H1,0.265467766898699,6.97345628537266,27.2081320065775,1.92389498071344e-07,3.03564455638228e-07,ENSG00000135870,7,8,Decrease,in_cis,UpRegulated,In_cis_Decrease_UpRegulated
MAPK9,0.263562424863684,6.90364734610248,26.6465386713168,2.56735792451737e-07,4.02870673869526e-07,ENSG00000050748,2,3,Decrease,in_cis,UpRegulated,In_cis_Decrease_UpRegulated
HJURP,0.330466453678814,6.91722935589865,26.10557349531,3.39067295737447e-07,5.2884899060907e-07,ENSG00000123485,2,3,Decrease,in_cis,UpRegulated,In_cis_Decrease_UpRegulated
NUP85,-0.273576517999849,6.79091054829743,25.7579007761904,4.05484469720604e-07,6.31045273018177e-07,ENSG00000125450,4,3,Increase,in_cis,DownRegulated,In_cis_Increase_DownRegulated
CALCOCO1,0.313562359607691,6.67754627727538,29.0876483733548,4.42578288422868e-07,6.87660566236355e-07,ENSG00000012822,2,3,Decrease,in_cis,UpRegulated,In_cis_Decrease_UpRegulated
PLXNA1,0.309059503521682,6.64623785500741,30.9418171927011,5.93345459464176e-07,9.16397761748e-07,ENSG00000114554,2,3,Decrease,in_cis,UpRegulated,In_cis_Decrease_UpRegulated
ZNF670,0.321717740944014,6.59466803953548,36.3209074977015,6.57097773812716e-07,1.01293795560928e-06,ENSG00000277462,3,4,Decrease,in_cis,UpRegulated,In_cis_Decrease_UpRegulated
C6orf136,-0.259336459201507,6.8323374229896,24.7007967161872,6.98949111485958e-07,1.07572875037079e-06,ENSG00000204564,5,4,Increase,in_cis,DownRegulated,In_cis_Increase_DownRegulated
POLQ,0.324434053498022,6.60128407517908,33.8347168405049,7.0553693351611e-07,1.08539407834983e-06,ENSG00000051341,2,3,Decrease,in_cis,UpRegulated,In_cis_Decrease_UpRegulated
RIBC1,0.314358923869401,6.63853259425652,32.2896765753113,8.26205449877099e-07,1.26734356856148e-06,ENSG00000158423,4,5,Decrease,in_cis,UpRegulated,In_cis_Decrease_UpRegulated
ZSWIM8,0.304229938426598,6.62999518039249,29.9458844898703,1.64337694762319e-06,2.48266800227907e-06,ENSG00000214655,6,10,Decrease,in_cis,UpRegulated,In_cis_Decrease_UpRegulated
KAT2A,-0.259190542661288,6.75060706712659,22.5282196803216,3.35150820337633e-06,4.98695368903008e-06,ENSG00000108773,4,3,Increase,in_cis,DownRegulated,In_cis_Increase_DownRegulated
C1orf226,0.315968684003155,6.54385836078855,43.0294221897427,3.50168528401504e-06,5.20821526072991e-06,ENSG00000239887,7,8,Decrease,in_cis,UpRegulated,In_cis_Decrease_UpRegulated
YPEL1,0.284768679069595,6.63951134243498,26.8076420899165,3.62969388195188e-06,5.39254239933806e-06,ENSG00000100027,1,2,Decrease,in_cis,UpRegulated,In_cis_Decrease_UpRegulated
HOXC13,0.284534696785242,6.62808483981652,26.4780222939093,5.01122794976084e-06,7.39313378696934e-06,ENSG00000123364,2,3,Decrease,in_cis,UpRegulated,In_cis_Decrease_UpRegulated
HIST1H4H,-0.277801192043745,6.67973644565279,22.6105774080569,5.6253500199669e-06,8.27492038815323e-06,ENSG00000158406,5,4,Increase,in_cis,DownRegulated,In_cis_Increase_DownRegulated
CENPF,0.285931063210861,9.47829971194523,20.6190778621044,5.77634718478442e-06,8.48995421990407e-06,ENSG00000117724,3,4,Decrease,in_cis,UpRegulated,In_cis_Decrease_UpRegulated
RCBTB2,0.300405210878093,6.58798839294932,31.3769577914527,5.92318269918831e-06,8.70214258222416e-06,ENSG00000136161,1,2,Decrease,in_cis,UpRegulated,In_cis_Decrease_UpRegulated
LTB4R,0.28549362567873,6.65266198688072,25.2775549963678,7.2485600133946e-06,1.05846587274556e-05,ENSG00000213903,2,3,Decrease,in_cis,UpRegulated,In_cis_Decrease_UpRegulated
NIPSNAP3A,-0.278428717171079,6.60987740041799,27.7020280231241,9.59203463416546e-06,1.39240486290932e-05,ENSG00000136783,4,3,Increase,in_cis,DownRegulated,In_cis_Increase_DownRegulated
ZNF354B,0.280361409268608,6.61611064669221,25.4718743893945,1.36355744782627e-05,1.96776407682214e-05,ENSG00000178338,2,3,Decrease,in_cis,UpRegulated,In_cis_Decrease_UpRegulated
FAM181B,-0.275253283765781,6.65192143304382,24.6030036456734,1.47577157106407e-05,2.12622060456493e-05,ENSG00000182103,4,3,Increase,in_cis,DownRegulated,In_cis_Increase_DownRegulated
ADCY6,0.280622057861488,6.5666711330807,29.8594850165756,2.42444896480407e-05,3.45026518898122e-05,ENSG00000174233,2,3,Decrease,in_cis,UpRegulated,In_cis_Decrease_UpRegulated
FOXF2,0.289209926288203,6.54570635018888,34.4401872881257,2.59740968493559e-05,3.68846820341639e-05,ENSG00000137273,5,6,Decrease,in_cis,UpRegulated,In_cis_Decrease_UpRegulated
ARL10,0.255266915772811,6.66905857120672,20.3910856312906,2.68207526359555e-05,3.80614329733213e-05,ENSG00000175414,2,3,Decrease,in_cis,UpRegulated,In_cis_Decrease_UpRegulated
ZNF695,0.270308728638339,6.58849321322438,26.4541947737564,2.70950884627113e-05,3.84146690468516e-05,ENSG00000197472,3,4,Decrease,in_cis,UpRegulated,In_cis_Decrease_UpRegulated
CD200,0.255492004158485,6.66236683091934,20.1922348842453,2.94713310146691e-05,4.16942275609429e-05,ENSG00000091972,3,4,Decrease,in_cis,UpRegulated,In_cis_Decrease_UpRegulated
USP40,0.250269599718669,6.64949240506741,19.8708369535927,7.24442487948495e-05,0.00010060591620742,ENSG00000085982,2,3,Decrease,in_cis,UpRegulated,In_cis_Decrease_UpRegulated
IQSEC2,0.254242661621842,6.62455546699623,20.9645229616409,7.62959741404974e-05,0.00010585766191739,ENSG00000124313,4,5,Decrease,in_cis,UpRegulated,In_cis_Decrease_UpRegulated
ARMC7,-0.258478203463788,6.56182234513413,27.4910907222394,0.00011680780643647,0.00016015463078224,ENSG00000125449,4,3,Increase,in_cis,DownRegulated,In_cis_Increase_DownRegulated
