gene_symbol,logFC,logCPM,F,PValue,FDR,ensembl_gene_id,B,H,classified_gene_dlp,classified_gene,classified_gene_rna,Gene_Type
PFDN2,-1.45578226812182,10.3644496652948,551.054132598844,2.14380014621525e-97,2.98488440358037e-94,ENSG00000143256,8,7,Increase,in_cis,DownRegulated,In_cis_Increase_DownRegulated
ATP5MC3,-1.77777782599046,9.10216829462074,359.942406163763,8.68362419943399e-69,4.26723509188656e-66,ENSG00000154518,3,2,Increase,in_cis,DownRegulated,In_cis_Increase_DownRegulated
TCHH,2.55621257983768,7.76557410570258,351.119031392055,2.26837287216937e-67,9.97367735479102e-65,ENSG00000159450,3,4,Decrease,in_cis,UpRegulated,In_cis_Decrease_UpRegulated
UBC,1.16493194905361,9.64222868110582,338.720479858073,2.3056490572488e-65,8.37451835837237e-63,ENSG00000150991,2,3,Decrease,in_cis,UpRegulated,In_cis_Decrease_UpRegulated
UBB,0.994748340872472,9.90560517626956,323.7866614339,6.38872058093625e-63,2.05274506665929e-60,ENSG00000170315,2,3,Decrease,in_cis,UpRegulated,In_cis_Decrease_UpRegulated
EEF1A1,-0.763258978302578,12.820000845966,312.542095559388,4.60367523397219e-61,1.42441121868903e-58,ENSG00000156508,5,3,Increase,in_cis,DownRegulated,In_cis_Increase_DownRegulated
APOE,2.07013043481276,8.03646395456059,287.508987850945,7.20138316700691e-57,1.76942220521105e-54,ENSG00000130203,2,3,Decrease,in_cis,UpRegulated,In_cis_Decrease_UpRegulated
EEF1B2,-1.0859038059654,9.82566066971824,281.721003975221,6.90211094156286e-56,1.64743528016618e-53,ENSG00000114942,3,2,Increase,in_cis,DownRegulated,In_cis_Increase_DownRegulated
ATF5,2.35586948837615,7.8530411438604,272.314168694304,2.77915508554802e-54,6.10975304859687e-52,ENSG00000169136,2,3,Decrease,in_cis,UpRegulated,In_cis_Decrease_UpRegulated
DDIT3,2.05837238129618,8.1750928059898,215.442702859126,2.58436983193827e-44,3.2711856933352e-42,ENSG00000175197,2,3,Decrease,in_cis,UpRegulated,In_cis_Decrease_UpRegulated
RAD21,1.49888805556279,8.31628060297196,215.282661136605,2.76105554393073e-44,3.44266537522348e-42,ENSG00000164754,2,3,Decrease,in_cis,UpRegulated,In_cis_Decrease_UpRegulated
PCSK1N,1.05166409755236,8.88777619441722,172.943059494689,1.51123257715253e-36,1.24998385638933e-34,ENSG00000102109,4,5,Decrease,in_cis,UpRegulated,In_cis_Decrease_UpRegulated
EBF1,1.74332134703404,7.66190021250879,191.021525610327,2.10101613103005e-36,1.72077340770834e-34,ENSG00000164330,2,3,Decrease,in_cis,UpRegulated,In_cis_Decrease_UpRegulated
MAPKAPK5-AS1,1.55951388173644,7.75834395945957,167.891597993945,1.32377319741902e-35,1.05321917059414e-33,ENSG00000234608,1,2,Decrease,in_cis,UpRegulated,In_cis_Decrease_UpRegulated
RSRC2,1.08064168520031,8.66803225678638,160.021129884336,3.96962301560447e-34,2.93471067896989e-32,ENSG00000111011,2,3,Decrease,in_cis,UpRegulated,In_cis_Decrease_UpRegulated
VCX3B,1.67558330071239,7.64825321917551,170.166377483885,9.32179386694963e-34,6.5995140647879e-32,ENSG00000205642,3,5,Decrease,in_cis,UpRegulated,In_cis_Decrease_UpRegulated
FLCN,1.52228624054134,7.71326583456251,145.833879589064,1.93968943442766e-31,1.08027770234724e-29,ENSG00000154803,2,3,Decrease,in_cis,UpRegulated,In_cis_Decrease_UpRegulated
KMT5A,1.40116284174,7.76136675307415,137.631423673714,7.21787071440898e-30,3.61066418851333e-28,ENSG00000183955,2,3,Decrease,in_cis,UpRegulated,In_cis_Decrease_UpRegulated
DSP,1.51164068139143,7.81204308483558,136.891125792776,1.00174274879999e-29,4.9518100138906e-28,ENSG00000096696,5,6,Decrease,in_cis,UpRegulated,In_cis_Decrease_UpRegulated
ARL4C,1.54187242464264,7.689883456752,134.37412365635,3.05823027280909e-29,1.41935864994706e-27,ENSG00000188042,2,3,Decrease,in_cis,UpRegulated,In_cis_Decrease_UpRegulated
ANKLE2,1.17466159576177,8.1320321780106,133.803701618813,3.93983754311448e-29,1.8084287272076e-27,ENSG00000176915,2,3,Decrease,in_cis,UpRegulated,In_cis_Decrease_UpRegulated
VCX3A,1.32851880911157,8.40720902980995,129.908771957716,2.22949507769695e-28,9.70062597868766e-27,ENSG00000169059,3,5,Decrease,in_cis,UpRegulated,In_cis_Decrease_UpRegulated
PEBP1,0.826418015714727,9.06645777298258,128.169613593831,4.84402366579973e-28,2.06464151551484e-26,ENSG00000089220,1,2,Decrease,in_cis,UpRegulated,In_cis_Decrease_UpRegulated
ZNF451,1.14929724958821,8.08525478102986,122.271057718445,6.79715100247499e-27,2.64108834765935e-25,ENSG00000112200,5,8,Decrease,in_cis,UpRegulated,In_cis_Decrease_UpRegulated
GAGE1,0.718436909569784,9.20654104611454,119.667458139432,2.19138578810482e-26,8.3212894881035e-25,ENSG00000205777,4,5,Decrease,in_cis,UpRegulated,In_cis_Decrease_UpRegulated
PSMB6,0.809992330694288,8.98323825927649,119.474306928581,2.39048013582412e-26,9.03623124645915e-25,ENSG00000142507,2,3,Decrease,in_cis,UpRegulated,In_cis_Decrease_UpRegulated
PARPBP,1.36612630831203,7.68896378178954,122.194674122598,2.07971036357481e-25,7.23912515720999e-24,ENSG00000185480,1,2,Decrease,in_cis,UpRegulated,In_cis_Decrease_UpRegulated
NDUFB11,0.54655158027344,10.1110390920303,112.85671887805,4.74970107844335e-25,1.61955113507411e-23,ENSG00000147123,4,5,Decrease,in_cis,UpRegulated,In_cis_Decrease_UpRegulated
MLEC,0.929079749915704,8.34802703516478,98.2796529183561,3.68266316657972e-22,9.46614402880214e-21,ENSG00000110917,2,3,Decrease,in_cis,UpRegulated,In_cis_Decrease_UpRegulated
MLXIP,1.19473458526878,7.82195849771778,97.2834088326946,5.82342582748388e-22,1.4763083856767e-20,ENSG00000175727,2,3,Decrease,in_cis,UpRegulated,In_cis_Decrease_UpRegulated
DENR,0.829932206508981,8.54397127691994,95.6903450701932,1.21293530891082e-21,2.94559929379098e-20,ENSG00000139726,2,3,Decrease,in_cis,UpRegulated,In_cis_Decrease_UpRegulated
MAP7D2,1.19319528713153,7.87181532835252,95.4513362219514,1.35422512863708e-21,3.27918745641571e-20,ENSG00000184368,3,5,Decrease,in_cis,UpRegulated,In_cis_Decrease_UpRegulated
HSP90B1,0.684062491962727,9.55854622880483,93.1816080050291,3.86106481702398e-21,9.06048749478042e-20,ENSG00000166598,1,2,Decrease,in_cis,UpRegulated,In_cis_Decrease_UpRegulated
METTL16,1.12200567331034,7.89847590486626,92.7130779042068,4.79474746272656e-21,1.10956565937999e-19,ENSG00000127804,2,3,Decrease,in_cis,UpRegulated,In_cis_Decrease_UpRegulated
SSR2,-0.536180295997232,9.98594624779558,90.5646300329869,1.29614321727976e-20,2.88746144990804e-19,ENSG00000163479,8,7,Increase,in_cis,DownRegulated,In_cis_Increase_DownRegulated
CLIP1,1.09398665081383,7.91320079732029,87.5089115183293,5.35276414408674e-20,1.12072660801255e-18,ENSG00000130779,2,3,Decrease,in_cis,UpRegulated,In_cis_Decrease_UpRegulated
C12orf65,1.0164155077047,7.97034628464506,83.4965594051149,3.46992238410223e-19,6.86913071013982e-18,ENSG00000130921,2,3,Decrease,in_cis,UpRegulated,In_cis_Decrease_UpRegulated
MARCH9,1.1254200372228,7.77190097733161,81.5471503312598,8.62878717397496e-19,1.65332312044465e-17,ENSG00000139266,2,3,Decrease,in_cis,UpRegulated,In_cis_Decrease_UpRegulated
SHE,1.2846598181549,7.60815964486436,114.921178018106,9.71183370286984e-19,1.84812434518849e-17,ENSG00000169291,3,4,Decrease,in_cis,UpRegulated,In_cis_Decrease_UpRegulated
ERP29,0.898125946721828,8.16741919921577,78.3222046320537,3.9107597150328e-18,7.04105315934999e-17,ENSG00000089248,1,2,Decrease,in_cis,UpRegulated,In_cis_Decrease_UpRegulated
BCL7A,0.841428459509682,8.2174928340432,74.3451927112178,2.53973479256183e-17,4.27760976956886e-16,ENSG00000110987,2,3,Decrease,in_cis,UpRegulated,In_cis_Decrease_UpRegulated
VPS29,0.855612163289213,8.20511339180984,73.8908162223369,3.14662990708753e-17,5.22603305045909e-16,ENSG00000111237,1,2,Decrease,in_cis,UpRegulated,In_cis_Decrease_UpRegulated
TCHP,1.10558270084772,7.69989664532557,77.8247239568671,3.63537550994295e-17,6.02577916866338e-16,ENSG00000139437,1,2,Decrease,in_cis,UpRegulated,In_cis_Decrease_UpRegulated
DCTN2,0.847509653640086,8.2325642814053,72.947226134313,4.91184033586211e-17,7.9368499353563e-16,ENSG00000175203,2,3,Decrease,in_cis,UpRegulated,In_cis_Decrease_UpRegulated
RNF10,0.998935742704612,7.86510650674029,72.9166466912607,4.98327891896851e-17,8.03306182526766e-16,ENSG00000022840,2,3,Decrease,in_cis,UpRegulated,In_cis_Decrease_UpRegulated
NDUFB3,-1.02241233207965,8.13901604320877,72.5736268747413,5.85967011401559e-17,9.34192445276456e-16,ENSG00000119013,3,2,Increase,in_cis,DownRegulated,In_cis_Increase_DownRegulated
COL1A2,-1.33010748321332,7.81575592605532,72.0058331830662,7.66291902724515e-17,1.20330875100763e-15,ENSG00000164692,3,2,Increase,in_cis,DownRegulated,In_cis_Increase_DownRegulated
TBX3,1.23484482953484,7.6044916276731,101.460770252513,9.08513862836095e-17,1.41864015142668e-15,ENSG00000135111,1,2,Decrease,in_cis,UpRegulated,In_cis_Decrease_UpRegulated
ZNF664,0.99143665599725,7.88303400278799,71.457456315724,9.93117488712981e-17,1.53595306266655e-15,ENSG00000179195,2,3,Decrease,in_cis,UpRegulated,In_cis_Decrease_UpRegulated
ZNF891,0.987003339038974,7.99471170852453,71.1114516277059,1.16973214164207e-16,1.78646111723544e-15,ENSG00000214029,2,3,Decrease,in_cis,UpRegulated,In_cis_Decrease_UpRegulated
POGZ,0.748373569947354,8.42733520482619,71.1045869050621,1.17353768920774e-16,1.78900252840172e-15,ENSG00000143442,3,4,Decrease,in_cis,UpRegulated,In_cis_Decrease_UpRegulated
CCDC92,1.08029899803572,7.69042345649347,73.3898913064152,1.64573370174349e-16,2.4951831840953e-15,ENSG00000119242,2,3,Decrease,in_cis,UpRegulated,In_cis_Decrease_UpRegulated
PFDN6,-0.809380203564141,8.61287936863538,70.2857143875377,1.72919292693673e-16,2.61223828420063e-15,ENSG00000204220,5,4,Increase,in_cis,DownRegulated,In_cis_Increase_DownRegulated
SBNO1,0.79735083943857,8.26802651738664,69.0736816781035,3.07115563521245e-16,4.54096180116192e-15,ENSG00000139697,2,3,Decrease,in_cis,UpRegulated,In_cis_Decrease_UpRegulated
GAS2L3,1.12868770043667,7.65508651512336,78.9720693502269,3.38100204092895e-16,4.9726920862536e-15,ENSG00000139354,1,2,Decrease,in_cis,UpRegulated,In_cis_Decrease_UpRegulated
PTPN11,0.96064033745659,7.95726438611086,67.8898596300649,5.38622507304197e-16,7.69171354875088e-15,ENSG00000179295,1,2,Decrease,in_cis,UpRegulated,In_cis_Decrease_UpRegulated
TSTD1,-0.88745298380528,8.40057865389755,65.830681597836,1.4337126069716e-15,1.96993998661854e-14,ENSG00000215845,8,7,Increase,in_cis,DownRegulated,In_cis_Increase_DownRegulated
AAMP,-1.06721492498317,7.94735573868918,65.3885417288414,1.7696451791511e-15,2.4077550206235e-14,ENSG00000127837,3,2,Increase,in_cis,DownRegulated,In_cis_Increase_DownRegulated
SCNM1,0.757779505932464,8.3556433054288,64.5698367148147,2.61395856348564e-15,3.52209836118694e-14,ENSG00000163156,3,4,Decrease,in_cis,UpRegulated,In_cis_Decrease_UpRegulated
GLOD4,0.785366850272317,8.24293327665153,63.386998414347,4.59563622950771e-15,6.03646934926218e-14,ENSG00000167699,2,3,Decrease,in_cis,UpRegulated,In_cis_Decrease_UpRegulated
SDHC,-0.570882152112543,9.11535198795409,63.2036072294106,5.01613136458189e-15,6.56814442315315e-14,ENSG00000143252,8,7,Increase,in_cis,DownRegulated,In_cis_Increase_DownRegulated
EGFL6,1.14109715126208,7.60419141228587,84.9462133997838,6.96043761836321e-15,8.95955252138771e-14,ENSG00000198759,3,5,Decrease,in_cis,UpRegulated,In_cis_Decrease_UpRegulated
CACNA2D1,-1.26428865338275,7.75936099871576,62.3499069772286,7.54185274596643e-15,9.6190286778326e-14,ENSG00000153956,3,2,Increase,in_cis,DownRegulated,In_cis_Increase_DownRegulated
NEK2,1.09030837735691,8.04960961172258,62.2681206885804,7.84250553272407e-15,9.97203823750028e-14,ENSG00000117650,2,4,Decrease,in_cis,UpRegulated,In_cis_Decrease_UpRegulated
HIST1H1D,-1.28094287667562,8.42970597837906,61.3862623882282,1.19566894219411e-14,1.49754397947371e-13,ENSG00000124575,5,4,Increase,in_cis,DownRegulated,In_cis_Increase_DownRegulated
MYO1B,-1.17078329706556,7.72935308187687,63.5480974450148,1.24267773565608e-14,1.55176828156515e-13,ENSG00000128641,3,2,Increase,in_cis,DownRegulated,In_cis_Increase_DownRegulated
FOXM1,0.952084695770491,7.96903344738576,60.0491051454234,2.26827954925143e-14,2.77035195240445e-13,ENSG00000111206,3,5,Decrease,in_cis,UpRegulated,In_cis_Decrease_UpRegulated
SMC1A,0.549814046153532,9.2354940066955,59.6250420404009,2.77959234184076e-14,3.35895043629971e-13,ENSG00000072501,4,5,Decrease,in_cis,UpRegulated,In_cis_Decrease_UpRegulated
KDELR1,0.731056369861836,8.35746236338384,59.0658721915165,3.63464594737128e-14,4.31304435288916e-13,ENSG00000105438,2,3,Decrease,in_cis,UpRegulated,In_cis_Decrease_UpRegulated
ZNF268,1.02210992532521,7.67263936306787,65.6048608531494,3.6825887319262e-14,4.36373705907964e-13,ENSG00000090612,2,3,Decrease,in_cis,UpRegulated,In_cis_Decrease_UpRegulated
IGFBP5,-1.0510958645106,8.65449328237053,58.2680264116505,5.33087386338069e-14,6.25479217060144e-13,ENSG00000115461,3,2,Increase,in_cis,DownRegulated,In_cis_Increase_DownRegulated
ARHGEF26,-1.15927685747169,7.78612690271541,57.7013154702593,6.99915190252166e-14,8.12096041578694e-13,ENSG00000114790,3,2,Increase,in_cis,DownRegulated,In_cis_Increase_DownRegulated
ASH1L,0.731972314000507,8.39596519552209,56.9898956107546,9.8537781259223e-14,1.11391694809141e-12,ENSG00000116539,3,4,Decrease,in_cis,UpRegulated,In_cis_Decrease_UpRegulated
CKAP4,0.830769586348811,8.01126070491638,56.4727777623506,1.26376975945909e-13,1.40767100940283e-12,ENSG00000136026,1,2,Decrease,in_cis,UpRegulated,In_cis_Decrease_UpRegulated
ZCCHC8,0.958349927669737,7.71786828038797,57.4296093613602,2.04180959766946e-13,2.22389535579279e-12,ENSG00000033030,2,3,Decrease,in_cis,UpRegulated,In_cis_Decrease_UpRegulated
TIMP1,0.997371921023815,7.73906709892525,55.2978956102862,2.22560149808046e-13,2.40215438177831e-12,ENSG00000102265,4,5,Decrease,in_cis,UpRegulated,In_cis_Decrease_UpRegulated
SDHD,-0.832940456456792,8.20808553913685,55.2653787065922,2.26076223753916e-13,2.43695583643899e-12,ENSG00000204370,5,4,Increase,in_cis,DownRegulated,In_cis_Increase_DownRegulated
RNF145,0.801914217725358,8.04586178655947,54.2173790738581,3.74804266054086e-13,3.96845987150296e-12,ENSG00000145860,2,3,Decrease,in_cis,UpRegulated,In_cis_Decrease_UpRegulated
XAGE5,0.92846500022604,7.82372224925486,53.8169812160401,4.54738765760432e-13,4.7545527523938e-12,ENSG00000171405,4,5,Decrease,in_cis,UpRegulated,In_cis_Decrease_UpRegulated
C12orf49,0.942224533420346,7.75210337206865,52.3728610397474,9.13960685038328e-13,9.28859800828491e-12,ENSG00000111412,1,2,Decrease,in_cis,UpRegulated,In_cis_Decrease_UpRegulated
PI4KB,0.850637521641022,7.90076974614971,50.9334018483158,1.83516365214912e-12,1.78266943605276e-11,ENSG00000143393,3,4,Decrease,in_cis,UpRegulated,In_cis_Decrease_UpRegulated
KDM6A,0.90262190902387,7.75129965838646,50.8987153504029,1.86628106009484e-12,1.80659466697941e-11,ENSG00000147050,4,5,Decrease,in_cis,UpRegulated,In_cis_Decrease_UpRegulated
SUMO1,-0.649202808134951,8.65765346356457,50.859720600428,1.90189559369283e-12,1.83893932751272e-11,ENSG00000116030,3,2,Increase,in_cis,DownRegulated,In_cis_Increase_DownRegulated
AKAP17A,0.774874534022081,8.11333258321961,49.8626577157198,3.08490874355097e-12,2.8989119959083e-11,ENSG00000197976,1.5,2.5,Decrease,in_cis,UpRegulated,In_cis_Decrease_UpRegulated
ALDH2,0.971340909281289,7.63798137998777,60.1191879807915,3.2259455161215e-12,3.02124987014338e-11,ENSG00000111275,1,2,Decrease,in_cis,UpRegulated,In_cis_Decrease_UpRegulated
ANAPC7,0.829928097735778,7.85788257769023,49.6616049292808,3.4012017993253e-12,3.17470836106856e-11,ENSG00000196510,1,2,Decrease,in_cis,UpRegulated,In_cis_Decrease_UpRegulated
MCL1,0.742055550795441,8.24029865485506,49.601676237308,3.50162777247138e-12,3.25390416142669e-11,ENSG00000143384,3,4,Decrease,in_cis,UpRegulated,In_cis_Decrease_UpRegulated
CCDC144NL-AS1,0.869814323919472,7.76657378563985,49.5926571866653,3.51699681108405e-12,3.2645545955329e-11,ENSG00000233098,2,3,Decrease,in_cis,UpRegulated,In_cis_Decrease_UpRegulated
SART3,0.847033858122224,7.84094333521151,49.4043312902852,3.85383009052409e-12,3.56532630966094e-11,ENSG00000075856,1,2,Decrease,in_cis,UpRegulated,In_cis_Decrease_UpRegulated
HMGA1,-0.518961847082563,9.13445895667106,49.379749356877,3.90012001861884e-12,3.60415958357763e-11,ENSG00000137309,5,4,Increase,in_cis,DownRegulated,In_cis_Increase_DownRegulated
PPIL3,-1.13795025244805,7.62313943720711,63.5377530827324,1.22638140861373e-11,1.07055279911798e-10,ENSG00000240344,3,2,Increase,in_cis,DownRegulated,In_cis_Increase_DownRegulated
PRPF8,0.730962375688959,8.16737563538239,46.8784909334315,1.31703468686842e-11,1.1401562460206e-10,ENSG00000174231,2,3,Decrease,in_cis,UpRegulated,In_cis_Decrease_UpRegulated
RILPL1,0.939847822953062,7.65344736798967,56.6893413243299,1.51435432905065e-11,1.30019692342129e-10,ENSG00000188026,2,3,Decrease,in_cis,UpRegulated,In_cis_Decrease_UpRegulated
GATC,0.875741598019079,7.73424729118522,49.394044248036,1.57872968756628e-11,1.35407677720007e-10,ENSG00000257218,1,2,Decrease,in_cis,UpRegulated,In_cis_Decrease_UpRegulated
ANAPC5,0.626638604036573,8.36244462204506,46.493934641811,1.588596554526e-11,1.36114211451387e-10,ENSG00000089053,2,3,Decrease,in_cis,UpRegulated,In_cis_Decrease_UpRegulated
EIF1AX,0.378877522127165,9.89046735120196,46.4376040900296,1.63283860534974e-11,1.39618564064399e-10,ENSG00000173674,3,5,Decrease,in_cis,UpRegulated,In_cis_Decrease_UpRegulated
TTC19,0.777076742902689,7.97556027862109,45.9748195026009,2.04638115984543e-11,1.72507247319362e-10,ENSG00000011295,2,3,Decrease,in_cis,UpRegulated,In_cis_Decrease_UpRegulated
BRIX1,-0.520036845380511,8.96712872784264,45.70477170158,2.33467558474266e-11,1.95234032381784e-10,ENSG00000113460,7,5,Increase,in_cis,DownRegulated,In_cis_Increase_DownRegulated
BRAP,0.983126870110269,7.60635000383321,62.292762794697,3.07730021099403e-11,2.54532342593719e-10,ENSG00000089234,1,2,Decrease,in_cis,UpRegulated,In_cis_Decrease_UpRegulated
NAA38,0.585460101835292,8.54748181066323,45.0730361509133,3.17844639371335e-11,2.62119853633577e-10,ENSG00000183011,2,3,Decrease,in_cis,UpRegulated,In_cis_Decrease_UpRegulated
ZZEF1,0.982498246894598,7.6038359221608,64.1452977329012,3.69203319816731e-11,3.01497999388951e-10,ENSG00000074755,2,3,Decrease,in_cis,UpRegulated,In_cis_Decrease_UpRegulated
ZFX,0.731030692045271,8.05332202011863,44.6887985595855,3.83502328845748e-11,3.12563751724622e-10,ENSG00000005889,3,5,Decrease,in_cis,UpRegulated,In_cis_Decrease_UpRegulated
C12orf43,0.825476511783503,7.80371592807516,44.3334816816231,4.56270213955868e-11,3.68278392984282e-10,ENSG00000157895,2,3,Decrease,in_cis,UpRegulated,In_cis_Decrease_UpRegulated
TNNI1,0.978749438979651,7.667926624887,44.0192699510331,5.32082420394476e-11,4.26585080611848e-10,ENSG00000159173,3,4,Decrease,in_cis,UpRegulated,In_cis_Decrease_UpRegulated
VAMP2,0.788176512416329,7.89741028277403,43.6946064062608,6.23717100836709e-11,4.94750273823736e-10,ENSG00000220205,2,3,Decrease,in_cis,UpRegulated,In_cis_Decrease_UpRegulated
SNRNP48,0.79569174895569,7.91264011418301,42.9536324107902,8.96613890794847e-11,6.95479335533905e-10,ENSG00000168566,5,6,Decrease,in_cis,UpRegulated,In_cis_Decrease_UpRegulated
NDUFS2,-0.639409347608409,8.47342625133627,42.5968586047059,1.06796620578261e-10,8.20771819973127e-10,ENSG00000158864,8,7,Increase,in_cis,DownRegulated,In_cis_Increase_DownRegulated
EBPL,-0.778903446421268,8.10857310264942,42.4514504305412,1.14689624770603e-10,8.77854632604882e-10,ENSG00000123179,3,2,Increase,in_cis,DownRegulated,In_cis_Increase_DownRegulated
PLEKHO1,0.804547276913795,7.83190705159101,42.3771703328699,1.1894484056201e-10,9.08286287070416e-10,ENSG00000023902,3,4,Decrease,in_cis,UpRegulated,In_cis_Decrease_UpRegulated
CDYL,0.657354871690253,8.18397950222147,42.2434876214823,1.270059359447e-10,9.67190144833207e-10,ENSG00000153046,5,6,Decrease,in_cis,UpRegulated,In_cis_Decrease_UpRegulated
SERPINB6,0.81073657491752,7.79123383184967,41.938202922626,1.47529777859467e-10,1.11535182283981e-09,ENSG00000124570,5,6,Decrease,in_cis,UpRegulated,In_cis_Decrease_UpRegulated
SDC2,0.721576611339096,8.25321163807162,41.7922557714761,1.58486070670769e-10,1.19064085825864e-09,ENSG00000169439,10,11,Decrease,in_cis,UpRegulated,In_cis_Decrease_UpRegulated
CDCA7,-0.903403628887046,7.93417107724151,41.7338529088598,1.63095753196738e-10,1.22417063989717e-09,ENSG00000144354,3,2,Increase,in_cis,DownRegulated,In_cis_Increase_DownRegulated
DYNLT1,-0.697804927451906,8.25936697058138,41.220886061758,2.09823427072454e-10,1.55533709828153e-09,ENSG00000146425,4,3,Increase,in_cis,DownRegulated,In_cis_Increase_DownRegulated
SDHAF3,-0.823443119258912,7.96128353806283,41.1566752444605,2.16548633461134e-10,1.6037653226368e-09,ENSG00000196636,3,2,Increase,in_cis,DownRegulated,In_cis_Increase_DownRegulated
MTRNR2L1,0.420772988442411,10.1524123491994,40.8171614305581,2.55872500660828e-10,1.88331178019432e-09,ENSG00000256618,2,3,Decrease,in_cis,UpRegulated,In_cis_Decrease_UpRegulated
MED13L,0.783732944261589,7.79796862644846,40.3392874457042,3.23658386783032e-10,2.34912438156859e-09,ENSG00000123066,1,2,Decrease,in_cis,UpRegulated,In_cis_Decrease_UpRegulated
ENSA,0.522748724970013,8.63735619240713,39.9170080304836,3.98416845069004e-10,2.84963555111854e-09,ENSG00000143420,3,4,Decrease,in_cis,UpRegulated,In_cis_Decrease_UpRegulated
TMED2,0.591750704172879,8.3511358949022,39.756811519629,4.31112418285332e-10,3.07296343204408e-09,ENSG00000086598,2,3,Decrease,in_cis,UpRegulated,In_cis_Decrease_UpRegulated
FAM216A,0.873076821561496,7.65411645050598,46.1976042931288,4.46691062867153e-10,3.17341078109391e-09,ENSG00000204856,1,2,Decrease,in_cis,UpRegulated,In_cis_Decrease_UpRegulated
MPRIP,0.731861161665309,7.88193836949709,39.1096997655242,5.9297995842637e-10,4.16281896865033e-09,ENSG00000133030,2,3,Decrease,in_cis,UpRegulated,In_cis_Decrease_UpRegulated
SUV39H1,0.893135537927153,7.6121783160212,52.8809183134743,6.53552643183659e-10,4.57267904619455e-09,ENSG00000101945,4,5,Decrease,in_cis,UpRegulated,In_cis_Decrease_UpRegulated
RABEP1,0.712895670779043,7.97924126010224,38.6274380819517,7.52159308354329e-10,5.19730261537805e-09,ENSG00000029725,2,3,Decrease,in_cis,UpRegulated,In_cis_Decrease_UpRegulated
STMP1,-0.739648631963,8.11648392496478,38.6100010697934,7.58656504764379e-10,5.23353958778003e-09,ENSG00000243317,3,2,Increase,in_cis,DownRegulated,In_cis_Increase_DownRegulated
MAOB,0.924905493282255,7.57502755896918,59.1351647564044,7.99231497373111e-10,5.49529212267899e-09,ENSG00000069535,4,5,Decrease,in_cis,UpRegulated,In_cis_Decrease_UpRegulated
HSPE1,-0.455429115438186,9.38566939977487,38.4804020839361,8.08743917852547e-10,5.55155849608889e-09,ENSG00000115541,3,2,Increase,in_cis,DownRegulated,In_cis_Increase_DownRegulated
EMP3,0.871209042375779,7.76838891527679,38.2823809510205,8.91757560280404e-10,6.08639106093341e-09,ENSG00000142227,2,3,Decrease,in_cis,UpRegulated,In_cis_Decrease_UpRegulated
CHTOP,0.639879077787978,8.19613040930269,38.0283024683467,1.0109157338172e-09,6.81063712928133e-09,ENSG00000160679,3,4,Decrease,in_cis,UpRegulated,In_cis_Decrease_UpRegulated
ZNRD1,-0.709737499042484,8.12640419488066,37.7043888260725,1.1862759881109e-09,7.92811968374274e-09,ENSG00000066379,5,4,Increase,in_cis,DownRegulated,In_cis_Increase_DownRegulated
GATAD2B,0.83650020200653,7.68696220996401,43.173726466828,1.67279095416329e-09,1.10208956081073e-08,ENSG00000143614,3,4,Decrease,in_cis,UpRegulated,In_cis_Decrease_UpRegulated
PPP1CC,0.538127420462515,8.48432689945623,36.8615995148257,1.79932502638704e-09,1.1807982144884e-08,ENSG00000186298,1,2,Decrease,in_cis,UpRegulated,In_cis_Decrease_UpRegulated
MLLT11,0.685645745968114,8.16811381987213,36.7844108625858,1.86935669798253e-09,1.22483183176048e-08,ENSG00000213190,3,4,Decrease,in_cis,UpRegulated,In_cis_Decrease_UpRegulated
ALKBH5,0.701235659656128,7.94848351523936,35.8489985850772,2.97039434486812e-09,1.89280506155822e-08,ENSG00000091542,2,3,Decrease,in_cis,UpRegulated,In_cis_Decrease_UpRegulated
LSM8,-0.792077383666076,7.98731223046543,35.7092721886896,3.18334030092881e-09,2.01772571122605e-08,ENSG00000128534,3,2,Increase,in_cis,DownRegulated,In_cis_Increase_DownRegulated
UBE2S,0.581809789995089,9.34437935134959,35.602726895695,3.35595532507954e-09,2.11909680919989e-08,ENSG00000108106,2,3,Decrease,in_cis,UpRegulated,In_cis_Decrease_UpRegulated
ATIC,-0.673574052332789,8.15207935034031,35.5085782059217,3.51628748242868e-09,2.20865155099317e-08,ENSG00000138363,3,2,Increase,in_cis,DownRegulated,In_cis_Increase_DownRegulated
POLR2A,0.632247133317936,8.13821929810396,35.4413153620238,3.63552031427801e-09,2.27499151351899e-08,ENSG00000181222,2,3,Decrease,in_cis,UpRegulated,In_cis_Decrease_UpRegulated
CIT,0.879513422263994,7.60394905370663,48.4013936724833,4.28223030896194e-09,2.65975851309056e-08,ENSG00000122966,1,2,Decrease,in_cis,UpRegulated,In_cis_Decrease_UpRegulated
ATP5PD,-0.696605558729013,8.19227235128578,34.9769279976529,4.57717151403349e-09,2.82823157013578e-08,ENSG00000167863,4,3,Increase,in_cis,DownRegulated,In_cis_Increase_DownRegulated
DDX51,0.805160646107814,7.6780022701973,40.0997999458224,4.68676947731066e-09,2.88740945526941e-08,ENSG00000185163,2,3,Decrease,in_cis,UpRegulated,In_cis_Decrease_UpRegulated
NLRP1,0.813161159375433,7.69510621091271,38.3378750656404,4.82152672945771e-09,2.96387301676892e-08,ENSG00000091592,2,3,Decrease,in_cis,UpRegulated,In_cis_Decrease_UpRegulated
EMC9,0.742648748070833,7.81008152119355,34.7518908544451,5.11798584019265e-09,3.12998929055413e-08,ENSG00000100908,2,3,Decrease,in_cis,UpRegulated,In_cis_Decrease_UpRegulated
CAMKK2,0.759939186252591,7.72058992034144,34.7419049066884,5.14341732394299e-09,3.14324128194731e-08,ENSG00000110931,2,3,Decrease,in_cis,UpRegulated,In_cis_Decrease_UpRegulated
ATP2A2,0.698643505695541,7.92676756350784,34.4769501920414,5.8665358288007e-09,3.56948582037881e-08,ENSG00000174437,1,2,Decrease,in_cis,UpRegulated,In_cis_Decrease_UpRegulated
TSPYL2,0.769295715177884,7.74191111509342,34.1898763716797,6.76566074474088e-09,4.0808902427123e-08,ENSG00000184205,4,5,Decrease,in_cis,UpRegulated,In_cis_Decrease_UpRegulated
ATXN2,0.639138940234475,8.08172003510931,34.0690586132767,7.18426819614914e-09,4.32401848059293e-08,ENSG00000204842,1,2,Decrease,in_cis,UpRegulated,In_cis_Decrease_UpRegulated
ANXA7,0.75714448791958,7.72876053568266,35.1770324222721,7.41141426646054e-09,4.45111126824375e-08,ENSG00000138279,8,10,Decrease,in_cis,UpRegulated,In_cis_Decrease_UpRegulated
VPS53,0.76264274702351,7.72645813834735,35.5469486963181,7.41141462069315e-09,4.45111126824375e-08,ENSG00000141252,2,3,Decrease,in_cis,UpRegulated,In_cis_Decrease_UpRegulated
DDX54,0.748683325541561,7.73845399717082,34.7966205013994,8.52416297546761e-09,5.0756135065614e-08,ENSG00000123064,1,2,Decrease,in_cis,UpRegulated,In_cis_Decrease_UpRegulated
KCTD10,0.870418827164849,7.5732508381726,53.560667062647,1.21776882862537e-08,7.01602813402507e-08,ENSG00000110906,1,2,Decrease,in_cis,UpRegulated,In_cis_Decrease_UpRegulated
ARHGEF2,0.805581888507181,7.64919297391175,37.5533404425149,1.2884270162996e-08,7.39252698775195e-08,ENSG00000116584,3,4,Decrease,in_cis,UpRegulated,In_cis_Decrease_UpRegulated
TUBB2B,0.565968146672149,8.73019025928917,32.833971957178,1.32808939823857e-08,7.60964254656036e-08,ENSG00000137285,5,6,Decrease,in_cis,UpRegulated,In_cis_Decrease_UpRegulated
FLAD1,0.67935593924553,7.94542280907277,32.3876028848714,1.65886204623577e-08,9.35096729706721e-08,ENSG00000160688,3,4,Decrease,in_cis,UpRegulated,In_cis_Decrease_UpRegulated
CDK16,0.523022898905491,8.363987782321,32.0680639155459,1.94535135218271e-08,1.08054954761531e-07,ENSG00000102225,4,5,Decrease,in_cis,UpRegulated,In_cis_Decrease_UpRegulated
TIMM22,0.683856197279655,7.88089702270717,31.986597537153,2.02602066157845e-08,1.11890945569402e-07,ENSG00000177370,2,3,Decrease,in_cis,UpRegulated,In_cis_Decrease_UpRegulated
RNF187,0.584131803822156,8.20525525220429,31.7938098834107,2.23055322542394e-08,1.22030397152531e-07,ENSG00000168159,3,4,Decrease,in_cis,UpRegulated,In_cis_Decrease_UpRegulated
PDE4DIP,0.744070378363624,7.69340093603231,31.5372996457808,2.53518762323417e-08,1.37080630449827e-07,ENSG00000178104,3,4,Decrease,in_cis,UpRegulated,In_cis_Decrease_UpRegulated
DSTYK,0.747319259535235,7.70089851730422,32.8953558902904,2.61954971332849e-08,1.41276425468988e-07,ENSG00000133059,3,4,Decrease,in_cis,UpRegulated,In_cis_Decrease_UpRegulated
TMPO,0.553620075262426,8.40357295574466,31.2869834120039,2.87270120463072e-08,1.53935509066613e-07,ENSG00000120802,1,2,Decrease,in_cis,UpRegulated,In_cis_Decrease_UpRegulated
VTA1,-0.767334215908188,7.88248777215719,31.0073836503822,3.30332049748447e-08,1.75770314878887e-07,ENSG00000009844,4,3,Increase,in_cis,DownRegulated,In_cis_Increase_DownRegulated
NUAK1,0.799356469272244,7.63893505991132,34.7653844055921,3.51773047416993e-08,1.86230167181341e-07,ENSG00000074590,1,2,Decrease,in_cis,UpRegulated,In_cis_Decrease_UpRegulated
YY1AP1,0.711699968262684,7.73975988771415,31.2638053291534,3.55411210152038e-08,1.87918053772793e-07,ENSG00000163374,3,4,Decrease,in_cis,UpRegulated,In_cis_Decrease_UpRegulated
CRK,0.607947992036223,8.047940152833,30.680488934627,3.88966413687286e-08,2.04494991815204e-07,ENSG00000167193,2,3,Decrease,in_cis,UpRegulated,In_cis_Decrease_UpRegulated
CLNS1A,-0.501653028838346,8.5933221122084,30.511113865273,4.23347305732106e-08,2.20626537248036e-07,ENSG00000074201,3,2,Increase,in_cis,DownRegulated,In_cis_Increase_DownRegulated
GNPTAB,0.791267245660001,7.6414587263865,38.973442251912,4.43100124788471e-08,2.29916673446142e-07,ENSG00000111670,1,2,Decrease,in_cis,UpRegulated,In_cis_Decrease_UpRegulated
C1orf56,0.686950145059093,7.80084609269694,30.2711804767885,4.77337517896197e-08,2.46609624273644e-07,ENSG00000143443,3,4,Decrease,in_cis,UpRegulated,In_cis_Decrease_UpRegulated
ZNF264,0.839816484347466,7.57438655552777,48.3801167766334,4.9383254278075e-08,2.54659077925332e-07,ENSG00000083844,2,3,Decrease,in_cis,UpRegulated,In_cis_Decrease_UpRegulated
CASK,0.532930381548002,8.25836546618442,30.0940944451639,5.21573190647082e-08,2.68136765210199e-07,ENSG00000147044,4,5,Decrease,in_cis,UpRegulated,In_cis_Decrease_UpRegulated
ARID4B,0.564244936625029,8.25819458202929,29.8999893800586,5.74803130364111e-08,2.93874256490929e-07,ENSG00000054267,3,4,Decrease,in_cis,UpRegulated,In_cis_Decrease_UpRegulated
SAT2,0.612340355650488,8.05692327062045,29.8319905163273,5.94713404066661e-08,3.03681893494675e-07,ENSG00000141504,2,3,Decrease,in_cis,UpRegulated,In_cis_Decrease_UpRegulated
POLE,0.699685232764339,7.72545848987502,29.9730201093347,5.9574773766449e-08,3.04024227272398e-07,ENSG00000177084,2,3,Decrease,in_cis,UpRegulated,In_cis_Decrease_UpRegulated
UNC119B,0.786558582488636,7.65228123738319,34.9305901555384,6.11273254072582e-08,3.11186883883141e-07,ENSG00000175970,2,3,Decrease,in_cis,UpRegulated,In_cis_Decrease_UpRegulated
IRGQ,0.834869851259312,7.56639044339869,49.7307756580691,7.03513535998809e-08,3.55329629971829e-07,ENSG00000167378,2,3,Decrease,in_cis,UpRegulated,In_cis_Decrease_UpRegulated
PRMT5,0.564421970113932,8.14250018493675,29.476793144522,7.10540750712915e-08,3.58662080450495e-07,ENSG00000100462,2,3,Decrease,in_cis,UpRegulated,In_cis_Decrease_UpRegulated
ARL6IP4,0.398444107658222,8.8950275111556,29.336409407392,7.62337875532169e-08,3.82785174591649e-07,ENSG00000182196,2,3,Decrease,in_cis,UpRegulated,In_cis_Decrease_UpRegulated
NRAV,0.788666211152523,7.59688287257301,42.2658300366616,7.94193498815279e-08,3.98001948956379e-07,ENSG00000248008,1,2,Decrease,in_cis,UpRegulated,In_cis_Decrease_UpRegulated
ANP32E,0.527197634451718,8.50727381156095,29.0991547094635,8.58641717666877e-08,4.28756300620986e-07,ENSG00000143401,3,4,Decrease,in_cis,UpRegulated,In_cis_Decrease_UpRegulated
PCOLCE,-0.789975503840132,7.75070881910654,28.9169642078589,9.40810714841379e-08,4.68107963775157e-07,ENSG00000106333,3,2,Increase,in_cis,DownRegulated,In_cis_Increase_DownRegulated
CXCL16,0.802888703771059,7.60131780561499,39.9559658994042,9.6023546098255e-08,4.76637376176365e-07,ENSG00000161921,2,3,Decrease,in_cis,UpRegulated,In_cis_Decrease_UpRegulated
MTX2,-0.708311335229213,7.92064316434853,28.8576665273673,9.69222290954223e-08,4.80716554336264e-07,ENSG00000128654,3,2,Increase,in_cis,DownRegulated,In_cis_Increase_DownRegulated
PMP22,0.691987088213853,7.75129963768109,28.8131824446131,9.91100315781611e-08,4.90500713154003e-07,ENSG00000109099,2,3,Decrease,in_cis,UpRegulated,In_cis_Decrease_UpRegulated
TMEM107,0.679132991196636,7.85597626746222,28.7349315267356,1.03079569300952e-07,5.09844121930227e-07,ENSG00000179029,2,3,Decrease,in_cis,UpRegulated,In_cis_Decrease_UpRegulated
MYC,-0.646254677905596,8.31605517982938,28.7001337641311,1.04895707413779e-07,5.17871222050202e-07,ENSG00000136997,9,8,Increase,in_cis,DownRegulated,In_cis_Increase_DownRegulated
WDR46,-0.518041250510846,8.41031754540481,28.6992614460228,1.04941645210873e-07,5.17871222050202e-07,ENSG00000227057,5,4,Increase,in_cis,DownRegulated,In_cis_Increase_DownRegulated
ZNF84,0.670307011366253,7.797030648934,28.4476783916299,1.19070237255487e-07,5.84094399314353e-07,ENSG00000198040,2,3,Decrease,in_cis,UpRegulated,In_cis_Decrease_UpRegulated
CHFR,0.818743471413313,7.58515002740043,44.5276728942812,1.26393737065221e-07,6.17481449966584e-07,ENSG00000072609,2,3,Decrease,in_cis,UpRegulated,In_cis_Decrease_UpRegulated
PRDX4,0.336565884086884,9.71872750558246,28.2303424793373,1.32804834071966e-07,6.45029990603024e-07,ENSG00000123131,3,5,Decrease,in_cis,UpRegulated,In_cis_Decrease_UpRegulated
DEDD2,0.765607578314731,7.63138402219629,35.4867626861447,1.3573323888388e-07,6.57980577883195e-07,ENSG00000160570,2,3,Decrease,in_cis,UpRegulated,In_cis_Decrease_UpRegulated
GTF2H5,-0.541574630212261,8.34437768156834,28.1628426790045,1.37386130682828e-07,6.65347093173534e-07,ENSG00000272047,4,3,Increase,in_cis,DownRegulated,In_cis_Increase_DownRegulated
NOC4L,0.659435103987703,7.81129302371579,27.783711353176,1.66230433949417e-07,7.96723491229734e-07,ENSG00000184967,2,3,Decrease,in_cis,UpRegulated,In_cis_Decrease_UpRegulated
ANAPC16,0.382219626360412,8.97454079048473,27.4071784409938,2.00897994519236e-07,9.51957938861995e-07,ENSG00000166295,8,9,Decrease,in_cis,UpRegulated,In_cis_Decrease_UpRegulated
GOLGA3,0.619503586626629,7.91101849401239,26.6493801176577,2.94265228336472e-07,1.35967462252372e-06,ENSG00000090615,2,3,Decrease,in_cis,UpRegulated,In_cis_Decrease_UpRegulated
S100A13,0.637329200763419,7.83686162187383,26.568242989865,3.06551319878974e-07,1.41020359376043e-06,ENSG00000189171,3,4,Decrease,in_cis,UpRegulated,In_cis_Decrease_UpRegulated
GAGE12H,0.552605794643736,8.06964442256597,26.0014844353001,4.08016811835318e-07,1.82569493630008e-06,ENSG00000224902,4,5,Decrease,in_cis,UpRegulated,In_cis_Decrease_UpRegulated
OTUD5,0.614323819423073,7.85211860515485,25.8411254473826,4.42425843846336e-07,1.96701729616407e-06,ENSG00000068308,4,5,Decrease,in_cis,UpRegulated,In_cis_Decrease_UpRegulated
CYB5A,-0.689345914471751,7.79896341376419,25.1542523155084,6.26033570019299e-07,2.73529521126633e-06,ENSG00000166347,3,2,Increase,in_cis,DownRegulated,In_cis_Increase_DownRegulated
SAT1,0.688380250361094,7.8265318630859,25.0817257487897,6.49426231509405e-07,2.83453852561628e-06,ENSG00000130066,3,5,Decrease,in_cis,UpRegulated,In_cis_Decrease_UpRegulated
RITA1,0.681090228743437,7.67565519869462,27.8438359834127,7.47840325103325e-07,3.23032992549802e-06,ENSG00000139405,1,2,Decrease,in_cis,UpRegulated,In_cis_Decrease_UpRegulated
GALNT12,-0.821766798320496,7.59450837768887,35.987138638091,7.67752345647416e-07,3.31291482207568e-06,ENSG00000119514,4,3,Increase,in_cis,DownRegulated,In_cis_Increase_DownRegulated
PELP1,0.557273614048534,7.99192309758652,24.6237895730491,8.18820462201743e-07,3.51331594310907e-06,ENSG00000141456,2,3,Decrease,in_cis,UpRegulated,In_cis_Decrease_UpRegulated
PIP5K1A,0.563863568093774,7.95429432914377,24.584201254151,8.35402311645781e-07,3.5789491853789e-06,ENSG00000143398,3,4,Decrease,in_cis,UpRegulated,In_cis_Decrease_UpRegulated
RPA1,0.545064302768157,8.08758276745652,24.4543286117388,8.92206477697977e-07,3.80668688186358e-06,ENSG00000132383,2,3,Decrease,in_cis,UpRegulated,In_cis_Decrease_UpRegulated
GOLGB1,0.525222186628686,8.29892577136538,24.3443498275602,9.43334416434045e-07,4.00234419242763e-06,ENSG00000173230,2,3,Decrease,in_cis,UpRegulated,In_cis_Decrease_UpRegulated
EP400,0.602580326293001,7.89662478259248,24.2814908886705,9.73868565639916e-07,4.12351647103693e-06,ENSG00000183495,2,3,Decrease,in_cis,UpRegulated,In_cis_Decrease_UpRegulated
METTL5,-0.548085407452211,8.1746862510077,24.2250523457677,1.00212921900076e-06,4.23459155059806e-06,ENSG00000138382,3,2,Increase,in_cis,DownRegulated,In_cis_Increase_DownRegulated
PEG10,-0.697465531035091,8.30028195845935,24.1548564708676,1.03843125450767e-06,4.3791290763034e-06,ENSG00000242265,3,2,Increase,in_cis,DownRegulated,In_cis_Increase_DownRegulated
CENPF,0.595339246635412,9.751920952246,24.1471042574835,1.04252050511089e-06,4.39415554979636e-06,ENSG00000117724,2,4,Decrease,in_cis,UpRegulated,In_cis_Decrease_UpRegulated
MNT,0.689197903037557,7.6576407026828,27.8296705231097,1.08247689968607e-06,4.54194476141509e-06,ENSG00000070444,2,3,Decrease,in_cis,UpRegulated,In_cis_Decrease_UpRegulated
TMEM99,-0.737645503232437,7.69336072925624,25.413402654644,1.0994175471272e-06,4.60147003441916e-06,ENSG00000167920,4,3,Increase,in_cis,DownRegulated,In_cis_Increase_DownRegulated
PPP2R1A,0.422830298704512,8.49580784582492,23.4982073623678,1.44900831385257e-06,5.93490461182762e-06,ENSG00000105568,2,3,Decrease,in_cis,UpRegulated,In_cis_Decrease_UpRegulated
CLUH,0.67658296180035,7.65279892521008,27.352114938966,1.54846733174212e-06,6.32562155959593e-06,ENSG00000132361,2,3,Decrease,in_cis,UpRegulated,In_cis_Decrease_UpRegulated
RBM10,0.566239079561287,7.9554663881538,22.7739275598375,2.0938298948689e-06,8.3853571149256e-06,ENSG00000182872,4,5,Decrease,in_cis,UpRegulated,In_cis_Decrease_UpRegulated
ACLY,-0.645966997826557,7.81285893371185,22.7128850569658,2.15987607089542e-06,8.63330368242123e-06,ENSG00000131473,4,3,Increase,in_cis,DownRegulated,In_cis_Increase_DownRegulated
FDFT1,-0.587548661409786,8.12908326294652,22.6627649818512,2.21566723221588e-06,8.84784132788312e-06,ENSG00000079459,3,2,Increase,in_cis,DownRegulated,In_cis_Increase_DownRegulated
UTP23,0.66863689849665,7.66028705218056,26.0437997243347,2.26425543390675e-06,8.99457436750215e-06,ENSG00000147679,2,3,Decrease,in_cis,UpRegulated,In_cis_Decrease_UpRegulated
TIMM17B,0.376266882502558,8.76355674008394,22.4647834749059,2.45058217657284e-06,9.68301615472697e-06,ENSG00000126768,4,5,Decrease,in_cis,UpRegulated,In_cis_Decrease_UpRegulated
MDH2,-0.357262355403707,9.0105969378292,22.4537383866428,2.46440173304003e-06,9.72949531087732e-06,ENSG00000146701,3,2,Increase,in_cis,DownRegulated,In_cis_Increase_DownRegulated
IKBIP,0.631169456114885,7.69671500484459,24.4244570101264,3.00971115681735e-06,1.17108183530751e-05,ENSG00000166130,1,2,Decrease,in_cis,UpRegulated,In_cis_Decrease_UpRegulated
BRI3BP,0.593540110343138,7.81510088730222,22.0332269362823,3.05313438872669e-06,1.18742479904203e-05,ENSG00000184992,2,3,Decrease,in_cis,UpRegulated,In_cis_Decrease_UpRegulated
IGSF8,-0.695911460772941,7.69210183721866,23.0564784554259,3.23882222534653e-06,1.25220721238e-05,ENSG00000162729,8,7,Increase,in_cis,DownRegulated,In_cis_Increase_DownRegulated
SUDS3,0.580052869538724,7.79527040432885,21.7810914597116,3.47199287381778e-06,1.33972417865468e-05,ENSG00000111707,1,2,Decrease,in_cis,UpRegulated,In_cis_Decrease_UpRegulated
AURKB,0.626314501377946,7.92928039827262,21.760181968266,3.50922113218821e-06,1.3522155598847e-05,ENSG00000178999,2,3,Decrease,in_cis,UpRegulated,In_cis_Decrease_UpRegulated
MYO1C,0.692530547463305,7.62388068698755,29.4952693120439,4.1859668179758e-06,1.59605507975216e-05,ENSG00000197879,2,3,Decrease,in_cis,UpRegulated,In_cis_Decrease_UpRegulated
CEP350,0.491408790975704,8.23961473264521,21.2748274799757,4.49574960410165e-06,1.70328762778527e-05,ENSG00000135837,3,4,Decrease,in_cis,UpRegulated,In_cis_Decrease_UpRegulated
BCOR,0.680933984718135,7.62805040791396,27.9190899905214,4.52610963879806e-06,1.71401268914411e-05,ENSG00000183337,4,5,Decrease,in_cis,UpRegulated,In_cis_Decrease_UpRegulated
EMC10,0.517339453355808,8.05418265163622,21.1620557084219,4.76235377128104e-06,1.79371972070703e-05,ENSG00000161671,2,3,Decrease,in_cis,UpRegulated,In_cis_Decrease_UpRegulated
PRPF3,0.568761038601417,7.99301653847838,20.9133174538528,5.40797715402887e-06,2.01598577174285e-05,ENSG00000117360,3,4,Decrease,in_cis,UpRegulated,In_cis_Decrease_UpRegulated
CNBD2,-0.677072572276611,7.70829959213738,21.4654746189648,5.77144526724933e-06,2.1343361559363e-05,ENSG00000149646,4,3,Increase,in_cis,DownRegulated,In_cis_Increase_DownRegulated
MID1,0.611020748611226,7.69069355219827,20.7354128961862,5.92309747542887e-06,2.18461617261513e-05,ENSG00000101871,3,5,Decrease,in_cis,UpRegulated,In_cis_Decrease_UpRegulated
LGALS3BP,-0.729671315672054,7.60529743403641,27.0434495075614,7.48423312858895e-06,2.71368418212813e-05,ENSG00000108679,4,3,Increase,in_cis,DownRegulated,In_cis_Increase_DownRegulated
MAPKAPK5,0.599839844962798,7.6973738542082,21.6113178063615,7.53826476095983e-06,2.72853829346007e-05,ENSG00000089022,1,2,Decrease,in_cis,UpRegulated,In_cis_Decrease_UpRegulated
FXR2,0.602646057669111,7.70841329138731,20.8561211389645,8.75312541732317e-06,3.1518797300137e-05,ENSG00000129245,2,3,Decrease,in_cis,UpRegulated,In_cis_Decrease_UpRegulated
TUBB2A,0.552790036947511,7.86934124026851,19.8256248191881,9.43934663377516e-06,3.38003865317436e-05,ENSG00000137267,5,6,Decrease,in_cis,UpRegulated,In_cis_Decrease_UpRegulated
POLR2H,-0.444522689352525,8.40938283208425,19.8035444217853,9.5468660440995e-06,3.41268801593527e-05,ENSG00000163882,3,2,Increase,in_cis,DownRegulated,In_cis_Increase_DownRegulated
HDAC6,0.58141478764209,7.72817953934702,19.8931199541072,9.65114727320563e-06,3.44563661068057e-05,ENSG00000094631,4,5,Decrease,in_cis,UpRegulated,In_cis_Decrease_UpRegulated
TRIQK,-0.74077188914425,7.59800664581656,28.3194291316945,1.04776025308181e-05,3.72467623584912e-05,ENSG00000205133,3,1,Increase,in_cis,DownRegulated,In_cis_Increase_DownRegulated
FCGRT,0.66312977015579,7.595062087737,27.5133962303356,1.09061964989599e-05,3.86885955448803e-05,ENSG00000104870,2,3,Decrease,in_cis,UpRegulated,In_cis_Decrease_UpRegulated
TMEM116,0.685344005536246,7.55690653409849,32.7570667212552,1.1377265575744e-05,4.02735917880361e-05,ENSG00000198270,1,2,Decrease,in_cis,UpRegulated,In_cis_Decrease_UpRegulated
RBM23,0.57533089802934,7.74918449371889,19.1257614848903,1.35212069249611e-05,4.72422261192493e-05,ENSG00000100461,2,3,Decrease,in_cis,UpRegulated,In_cis_Decrease_UpRegulated
TFE3,0.662594933838374,7.60466699291714,27.0529717544858,1.41736632246327e-05,4.93567247097049e-05,ENSG00000068323,4,5,Decrease,in_cis,UpRegulated,In_cis_Decrease_UpRegulated
OS9,0.525110932285612,7.90194812206552,18.6851803249138,1.69607601005879e-05,5.82255409979885e-05,ENSG00000135506,2,3,Decrease,in_cis,UpRegulated,In_cis_Decrease_UpRegulated
JPT1,-0.408658298914958,8.72616317157087,18.5043145131208,1.86163005716029e-05,6.35029910748326e-05,ENSG00000189159,4,3,Increase,in_cis,DownRegulated,In_cis_Increase_DownRegulated
RFLNA,0.636755732824643,7.58494430038782,25.5307871434176,2.09232048173405e-05,7.04808344472063e-05,ENSG00000178882,2,3,Decrease,in_cis,UpRegulated,In_cis_Decrease_UpRegulated
SNAP47,0.540535195044476,7.7855912412158,18.2544716746297,2.11742124231795e-05,7.12688841995332e-05,ENSG00000143740,3,4,Decrease,in_cis,UpRegulated,In_cis_Decrease_UpRegulated
DUSP12,-0.457054113541222,8.21318424283638,17.9030652898778,2.53822963317023e-05,8.4546931242042e-05,ENSG00000081721,8,7,Increase,in_cis,DownRegulated,In_cis_Increase_DownRegulated
ATP6V1A,0.542897817571891,7.74880976184054,17.8900663739569,2.85753200373158e-05,9.43550290876428e-05,ENSG00000114573,3,4,Decrease,in_cis,UpRegulated,In_cis_Decrease_UpRegulated
RIT1,0.5772739655943,7.68616330036346,19.4230304204452,2.90586191600261e-05,9.57616191174983e-05,ENSG00000143622,3,4,Decrease,in_cis,UpRegulated,In_cis_Decrease_UpRegulated
WDR75,-0.587423189996633,7.74697964722061,17.3764128645186,3.33192045295244e-05,0.000108729935406112,ENSG00000115368,3,2,Increase,in_cis,DownRegulated,In_cis_Increase_DownRegulated
SCYL2,0.621248137257414,7.63252883212994,22.3523898777617,3.55199735174908e-05,0.000115460645433898,ENSG00000136021,1,2,Decrease,in_cis,UpRegulated,In_cis_Decrease_UpRegulated
ARL1,0.526606409909596,7.8230920735698,17.1546969653856,3.73686297492178e-05,0.000121092914245526,ENSG00000120805,1,2,Decrease,in_cis,UpRegulated,In_cis_Decrease_UpRegulated
OTUD7B,0.62260032974509,7.62514967748556,22.2876662590779,3.78380617590237e-05,0.000122471587731454,ENSG00000264522,3,4,Decrease,in_cis,UpRegulated,In_cis_Decrease_UpRegulated
MRPS23,-0.390758940358343,8.51430002070274,17.0905294461073,3.86305702331353e-05,0.000124843243221513,ENSG00000181610,4,3,Increase,in_cis,DownRegulated,In_cis_Increase_DownRegulated
NDUFB5,-0.427538815338096,8.32516370103979,17.0474952755148,3.95008553484958e-05,0.000127409322618276,ENSG00000136521,3,2,Increase,in_cis,DownRegulated,In_cis_Increase_DownRegulated
COQ5,0.527024217360815,7.70752730433989,17.0435439519276,3.95817465797899e-05,0.000127571724894894,ENSG00000110871,2,3,Decrease,in_cis,UpRegulated,In_cis_Decrease_UpRegulated
RNF167,0.510611347339506,7.83936819998295,17.0269281933613,3.99237332246694e-05,0.000128624322159232,ENSG00000108523,2,3,Decrease,in_cis,UpRegulated,In_cis_Decrease_UpRegulated
RAB35,0.623982552249198,7.58613496689974,25.3113004087289,4.00172735754263e-05,0.000128875984367429,ENSG00000111737,1,2,Decrease,in_cis,UpRegulated,In_cis_Decrease_UpRegulated
COPS3,0.366536078264768,8.4817233903735,17.0168202566856,4.01332297029071e-05,0.000129199615005043,ENSG00000141030,2,3,Decrease,in_cis,UpRegulated,In_cis_Decrease_UpRegulated
C12orf73,0.562672231231587,7.65693418847427,18.3438064251554,4.584119808026e-05,0.000146390431484133,ENSG00000204954,1,2,Decrease,in_cis,UpRegulated,In_cis_Decrease_UpRegulated
PLD6,0.584092168785432,7.61503793496328,20.6156293337014,5.07975718370914e-05,0.00016074352845722,ENSG00000179598,2,3,Decrease,in_cis,UpRegulated,In_cis_Decrease_UpRegulated
CREBRF,0.585596221298853,7.64062275150325,18.6319960816338,5.16759529517935e-05,0.000163213954994058,ENSG00000164463,2,3,Decrease,in_cis,UpRegulated,In_cis_Decrease_UpRegulated
SRSF1,-0.429810960472241,8.27264913947877,16.5204085920325,5.19084680011215e-05,0.000163886372517524,ENSG00000136450,4,3,Increase,in_cis,DownRegulated,In_cis_Increase_DownRegulated
ATP6AP2,0.364306073031358,8.47884294272843,16.380704906392,5.58112137875527e-05,0.000175610877582379,ENSG00000182220,4,5,Decrease,in_cis,UpRegulated,In_cis_Decrease_UpRegulated
SMIM30,-0.584104256003216,7.7113664164801,17.377250696881,5.5992336298735e-05,0.000176114449337211,ENSG00000214194,3,2,Increase,in_cis,DownRegulated,In_cis_Increase_DownRegulated
NECTIN3,0.568257356730221,7.65779133312864,19.2041951972168,5.86142512695089e-05,0.000183463274871295,ENSG00000177707,3,4,Decrease,in_cis,UpRegulated,In_cis_Decrease_UpRegulated
PRAF2,0.461464020012043,7.961912984619,16.1342495987408,6.34313563704395e-05,0.00019794753497148,ENSG00000243279,4,5,Decrease,in_cis,UpRegulated,In_cis_Decrease_UpRegulated
KCNAB3,0.583141495319834,7.61880560749238,20.7897143307138,6.4086509379858e-05,0.000199768171402736,ENSG00000170049,2,3,Decrease,in_cis,UpRegulated,In_cis_Decrease_UpRegulated
GCA,-0.655962575433785,7.58400151426456,24.2742981615084,6.69575783234228e-05,0.000208251529900921,ENSG00000115271,3,2,Increase,in_cis,DownRegulated,In_cis_Increase_DownRegulated
PRKAB2,0.519918591407228,7.72394557548189,16.1267200515402,7.19340767045986e-05,0.000222569361774154,ENSG00000131791,3,4,Decrease,in_cis,UpRegulated,In_cis_Decrease_UpRegulated
SHROOM2,0.600801497091464,7.58109166717158,23.1037720182697,7.5820916448531e-05,0.000233902487448681,ENSG00000146950,3,5,Decrease,in_cis,UpRegulated,In_cis_Decrease_UpRegulated
PXMP2,0.48971973898818,7.89848774620919,15.6258377547537,8.2630225043888e-05,0.000253411490461322,ENSG00000176894,2,3,Decrease,in_cis,UpRegulated,In_cis_Decrease_UpRegulated
IFNGR1,-0.606717599316319,7.65865493286304,18.4711292624522,8.98451225785724e-05,0.000273629658775572,ENSG00000027697,4,3,Increase,in_cis,DownRegulated,In_cis_Increase_DownRegulated
HMMR,0.58298259540123,7.63063463550638,16.9546158737483,9.00643281846614e-05,0.000273897851348621,ENSG00000072571,2,3,Decrease,in_cis,UpRegulated,In_cis_Decrease_UpRegulated
TDG,0.482765309642677,7.86051763045564,15.3998138062756,9.29540718048043e-05,0.000282069856831578,ENSG00000139372,1,2,Decrease,in_cis,UpRegulated,In_cis_Decrease_UpRegulated
FAM210B,-0.525285242222337,7.85759172670933,15.387601813284,9.35475279240976e-05,0.000283664627324106,ENSG00000124098,5,3,Increase,in_cis,DownRegulated,In_cis_Increase_DownRegulated
ZNF462,-0.563070593291412,7.75864042954189,15.3203826288209,9.68831760135274e-05,0.000293034776400075,ENSG00000148143,5,4,Increase,in_cis,DownRegulated,In_cis_Increase_DownRegulated
ABT1,-0.495147687285896,7.98791643071027,15.2932403444698,9.82638241772657e-05,0.000296459366983343,ENSG00000146109,5,4,Increase,in_cis,DownRegulated,In_cis_Increase_DownRegulated
RFLNB,0.59310667975374,7.6021521786146,21.2754274006943,0.000103149176413558,0.000309855526702216,ENSG00000183688,2,3,Decrease,in_cis,UpRegulated,In_cis_Decrease_UpRegulated
SHMT2,0.462567108285038,7.95963220878001,15.1891982803325,0.000103742451380908,0.000311525678948997,ENSG00000182199,2,3,Decrease,in_cis,UpRegulated,In_cis_Decrease_UpRegulated
CHD4,0.341252191346168,8.57902265150143,15.0712959036476,0.000110324302578671,0.000329749275041937,ENSG00000111642,3,5,Decrease,in_cis,UpRegulated,In_cis_Decrease_UpRegulated
ADAR,0.417757845874026,8.12821996740312,14.9442560709128,0.000117888571631818,0.00035060203895059,ENSG00000160710,3,4,Decrease,in_cis,UpRegulated,In_cis_Decrease_UpRegulated
SPPL3,0.444458539109281,7.9560027885123,14.871082843319,0.000122480727242135,0.00036270967578192,ENSG00000157837,2,3,Decrease,in_cis,UpRegulated,In_cis_Decrease_UpRegulated
NAA25,0.494448967760669,7.78921074038688,14.8567740134432,0.000123399585729441,0.000365171852349895,ENSG00000111300,1,2,Decrease,in_cis,UpRegulated,In_cis_Decrease_UpRegulated
RFC5,0.49673657377748,7.76435076591695,15.045342313966,0.000127247579906685,0.000375760439215428,ENSG00000111445,1,2,Decrease,in_cis,UpRegulated,In_cis_Decrease_UpRegulated
USP9X,0.327416078768322,8.54885582575512,14.7536916365241,0.000130227886830029,0.000383747360344996,ENSG00000124486,4,5,Decrease,in_cis,UpRegulated,In_cis_Decrease_UpRegulated
PRDM4,0.585345247448274,7.61239858807724,20.8826447645178,0.000135637493534615,0.000398423214130864,ENSG00000110851,1,2,Decrease,in_cis,UpRegulated,In_cis_Decrease_UpRegulated
ZFAS1,-0.335452181250868,8.97685255198996,14.6643103919099,0.000136456483657807,0.000400265963650746,ENSG00000177410,5,3,Increase,in_cis,DownRegulated,In_cis_Increase_DownRegulated
SETD1B,0.578049729897054,7.57745505741282,23.4691603421517,0.000142234064377896,0.000415546195564606,ENSG00000139718,2,3,Decrease,in_cis,UpRegulated,In_cis_Decrease_UpRegulated
TAGLN2,-0.415329335872882,8.34301559231504,14.5848282834921,0.000142247325364996,0.000415546195564606,ENSG00000158710,8,7,Increase,in_cis,DownRegulated,In_cis_Increase_DownRegulated
FZD2,-0.589133147851652,7.6785816916496,16.6934457648053,0.000146211321786695,0.000426037454553907,ENSG00000180340,4,3,Increase,in_cis,DownRegulated,In_cis_Increase_DownRegulated
PCGF2,-0.570030803099457,7.68961157450408,15.7677958268224,0.000159138376342387,0.000459537502925787,ENSG00000277258,4,3,Increase,in_cis,DownRegulated,In_cis_Increase_DownRegulated
ZNF674-AS1,0.525719617772164,7.66846215782985,14.7031825174346,0.000165478199601037,0.00047702031727642,ENSG00000230844,4,5,Decrease,in_cis,UpRegulated,In_cis_Decrease_UpRegulated
HOXD8,-0.605798637433636,7.62847581120046,18.0569701774377,0.000174597625171814,0.000501233182366094,ENSG00000175879,3,2,Increase,in_cis,DownRegulated,In_cis_Increase_DownRegulated
PPP1R15A,0.517298065314926,7.80534785736552,14.1895368560059,0.00017494891270199,0.000502069122883004,ENSG00000087074,2,3,Decrease,in_cis,UpRegulated,In_cis_Decrease_UpRegulated
ZBED1,0.43384714074943,7.98340461749621,14.0302907979863,0.000190178909767493,0.000542631825316445,ENSG00000214717,1.5,2.5,Decrease,in_cis,UpRegulated,In_cis_Decrease_UpRegulated
DDX55,0.444398484815488,7.94342112088842,13.9803628227285,0.000195224264316195,0.000556262774195683,ENSG00000111364,2,3,Decrease,in_cis,UpRegulated,In_cis_Decrease_UpRegulated
ZNF605,0.453736116316815,7.92095247569238,13.9756682845601,0.000195705553736965,0.00055723387727287,ENSG00000196458,2,3,Decrease,in_cis,UpRegulated,In_cis_Decrease_UpRegulated
ENY2,0.382079825690819,8.2455214340215,13.9719005756545,0.000196092689675809,0.000558145938518468,ENSG00000120533,2,3,Decrease,in_cis,UpRegulated,In_cis_Decrease_UpRegulated
MICU1,0.356288868668857,8.32885432172367,13.8107567437688,0.000213394620451199,0.000602670270199228,ENSG00000107745,8,9,Decrease,in_cis,UpRegulated,In_cis_Decrease_UpRegulated
KIAA1586,0.467856171233153,7.84347167251232,14.2203296838371,0.000222824937434421,0.00062760604427753,ENSG00000168116,5,8,Decrease,in_cis,UpRegulated,In_cis_Decrease_UpRegulated
RRS1,-0.483874339310654,7.92103187676002,13.725491954022,0.000223164828308207,0.000628139816606053,ENSG00000179041,4,3,Increase,in_cis,DownRegulated,In_cis_Increase_DownRegulated
ULK1,0.538594843284651,7.64650515114735,17.2024288170903,0.000232520091212455,0.000652712648517757,ENSG00000177169,2,3,Decrease,in_cis,UpRegulated,In_cis_Decrease_UpRegulated
PRKAB1,0.555099865813853,7.61286171833511,18.5416608194304,0.000238557188931964,0.000667864194483119,ENSG00000111725,1,2,Decrease,in_cis,UpRegulated,In_cis_Decrease_UpRegulated
CHPT1,0.470110767513808,7.77330441599651,13.5729722357666,0.000241782221052977,0.00067508311319404,ENSG00000111666,1,2,Decrease,in_cis,UpRegulated,In_cis_Decrease_UpRegulated
CWC22,-0.468215553429542,7.91329544118125,13.3508428915323,0.000271739824884476,0.000750699238454007,ENSG00000163510,3,2,Increase,in_cis,DownRegulated,In_cis_Increase_DownRegulated
SMG9,0.528274833337854,7.63268350198015,16.8679027987112,0.000275260827155074,0.000759696617662518,ENSG00000105771,2,3,Decrease,in_cis,UpRegulated,In_cis_Decrease_UpRegulated
MSTO1,0.534021459318796,7.59888023733919,18.4491962535412,0.000292868753181436,0.00080428190798084,ENSG00000125459,3,4,Decrease,in_cis,UpRegulated,In_cis_Decrease_UpRegulated
SMG6,0.484578999164433,7.72550212853313,13.9263866806004,0.000297629041809657,0.000816013460872291,ENSG00000070366,2,3,Decrease,in_cis,UpRegulated,In_cis_Decrease_UpRegulated
STRN3,0.463571715121275,7.76705860554453,13.0994113625624,0.000310202207702836,0.000847426174999834,ENSG00000196792,2,3,Decrease,in_cis,UpRegulated,In_cis_Decrease_UpRegulated
MRPL10,-0.49773862602668,7.79090063920841,12.842821366084,0.00035513677887985,0.000956419294249603,ENSG00000159111,4,3,Increase,in_cis,DownRegulated,In_cis_Increase_DownRegulated
NOSIP,0.370616780474391,8.18678400348372,12.8407234047399,0.000355530083195708,0.000956861570559582,ENSG00000142546,2,3,Decrease,in_cis,UpRegulated,In_cis_Decrease_UpRegulated
ZNF594,0.527082001148438,7.65812881062981,15.6565089950931,0.000356005054785267,0.000957739224281637,ENSG00000180626,2,3,Decrease,in_cis,UpRegulated,In_cis_Decrease_UpRegulated
USP22,0.396169747230837,8.05124870940996,12.8264854483198,0.000358210923724172,0.000963145818085527,ENSG00000124422,2,3,Decrease,in_cis,UpRegulated,In_cis_Decrease_UpRegulated
PIMREG,0.494911247109843,7.76484711311253,12.8141360044397,0.000360552716473218,0.000968507200455711,ENSG00000129195,2,3,Decrease,in_cis,UpRegulated,In_cis_Decrease_UpRegulated
GGH,-0.474225829697285,7.87235669427747,12.7428354218437,0.00037437900702218,0.00100306678148277,ENSG00000137563,4,3,Increase,in_cis,DownRegulated,In_cis_Increase_DownRegulated
UNG,0.474800848665747,7.7899221247534,12.7315303637136,0.000376619931089928,0.00100805196637334,ENSG00000076248,1,2,Decrease,in_cis,UpRegulated,In_cis_Decrease_UpRegulated
DHRS4L2,0.558984636577982,7.57376556204569,20.6275051099384,0.000379649099054934,0.00101555830083411,ENSG00000187630,2,3,Decrease,in_cis,UpRegulated,In_cis_Decrease_UpRegulated
SQLE,-0.327765998593246,8.88422839867029,12.6453625093863,0.000394151897258015,0.00105199519159535,ENSG00000104549,2,1,Increase,in_cis,DownRegulated,In_cis_Increase_DownRegulated
TMEM263,0.466389440891003,7.72432534521418,12.594947366878,0.000404789682794862,0.00107866443702337,ENSG00000151135,1,2,Decrease,in_cis,UpRegulated,In_cis_Decrease_UpRegulated
RBP1,0.53578177536184,7.57802535762913,18.3670513944051,0.000429977963862693,0.0011410533386623,ENSG00000114115,2,3,Decrease,in_cis,UpRegulated,In_cis_Decrease_UpRegulated
SECISBP2,-0.388371366251738,8.19720918608096,12.463371237003,0.000433940406590478,0.00115083751004979,ENSG00000187742,4,3,Increase,in_cis,DownRegulated,In_cis_Increase_DownRegulated
ERO1B,0.560633970712137,7.56121548719522,21.6657211069067,0.000444373422585893,0.00117589343436254,ENSG00000086619,3,4,Decrease,in_cis,UpRegulated,In_cis_Decrease_UpRegulated
MBTPS2,0.458443700822243,7.77533991963655,12.448759519924,0.000460729386401851,0.00121455768191892,ENSG00000012174,3,5,Decrease,in_cis,UpRegulated,In_cis_Decrease_UpRegulated
MRM3,0.483843862295106,7.69133852883511,13.604318619836,0.000470032445467684,0.00123713013529837,ENSG00000171861,2,3,Decrease,in_cis,UpRegulated,In_cis_Decrease_UpRegulated
ASPM,0.468883854101319,8.38726403685292,12.2374298605526,0.000489039385387129,0.00128150408579802,ENSG00000066279,3,4,Decrease,in_cis,UpRegulated,In_cis_Decrease_UpRegulated
RBBP5,0.457935010749537,7.75518577037556,12.1849275518476,0.000502825092989383,0.00131556555804363,ENSG00000117222,3,4,Decrease,in_cis,UpRegulated,In_cis_Decrease_UpRegulated
CITED2,-0.576194205836601,7.60758392161567,16.3903142039934,0.000511272917379472,0.00133599435464126,ENSG00000164442,4,3,Increase,in_cis,DownRegulated,In_cis_Increase_DownRegulated
HIST1H1B,-0.554264258137358,8.00930693943505,11.7627272711354,0.000628988094868452,0.00161430615807406,ENSG00000184357,5,4,Increase,in_cis,DownRegulated,In_cis_Increase_DownRegulated
COMMD6,-0.304416404958655,8.62813731182935,11.7128579187414,0.000645867115147255,0.00165254942724048,ENSG00000188243,4,3,Increase,in_cis,DownRegulated,In_cis_Increase_DownRegulated
C12orf76,0.502591970120982,7.6145834964116,14.9712782933377,0.000648511888612092,0.00165880842543338,ENSG00000174456,1,2,Decrease,in_cis,UpRegulated,In_cis_Decrease_UpRegulated
AP1S2,0.382966824210379,8.11031919985158,11.6539730704878,0.000666388812933517,0.00169881359269045,ENSG00000182287,3,5,Decrease,in_cis,UpRegulated,In_cis_Decrease_UpRegulated
CDKL5,0.500102121581526,7.63180808032195,14.6352027713468,0.000677654535977489,0.00172493775316328,ENSG00000008086,3,5,Decrease,in_cis,UpRegulated,In_cis_Decrease_UpRegulated
FAF2,0.373305673368426,8.12782239803704,11.6199203245597,0.000678556251286119,0.00172614461730945,ENSG00000113194,2,3,Decrease,in_cis,UpRegulated,In_cis_Decrease_UpRegulated
PTP4A1,0.365483618916059,8.22056699729615,11.5300880503739,0.000711744516941045,0.00180015552362261,ENSG00000112245,5,7,Decrease,in_cis,UpRegulated,In_cis_Decrease_UpRegulated
ASCC1,0.409317307663178,7.912983444841,11.4800998141933,0.000730919207440763,0.00184418576229542,ENSG00000138303,8,9,Decrease,in_cis,UpRegulated,In_cis_Decrease_UpRegulated
NCOR2,0.43678972257606,7.78466929541027,11.4775879393766,0.000731896404681039,0.00184609376953665,ENSG00000196498,2,3,Decrease,in_cis,UpRegulated,In_cis_Decrease_UpRegulated
MAP2K4,0.43713680662998,7.75259019100358,11.4036278045877,0.000767598671609902,0.00192625992869604,ENSG00000065559,2,3,Decrease,in_cis,UpRegulated,In_cis_Decrease_UpRegulated
ZNF140,0.508257819129381,7.59982650641047,16.0380948230399,0.0007858133839899,0.00196783123796512,ENSG00000196387,2,3,Decrease,in_cis,UpRegulated,In_cis_Decrease_UpRegulated
PFDN4,-0.329284474148129,8.43002842219656,11.2059743340221,0.000845762356406793,0.00210220134645116,ENSG00000101132,5,3,Increase,in_cis,DownRegulated,In_cis_Increase_DownRegulated
DCTN4,0.47675358986431,7.66008023236849,12.7901564696698,0.000852481026815996,0.00211764104523399,ENSG00000132912,2,3,Decrease,in_cis,UpRegulated,In_cis_Decrease_UpRegulated
CA5B,0.532101124972346,7.61362784790993,15.497233287446,0.000873923926574798,0.0021625475363169,ENSG00000169239,3,5,Decrease,in_cis,UpRegulated,In_cis_Decrease_UpRegulated
CHCHD3,-0.398761853588137,8.06923930941236,11.0714450038327,0.000908645652481961,0.0022396794771425,ENSG00000106554,3,2,Increase,in_cis,DownRegulated,In_cis_Increase_DownRegulated
KIF14,0.464429746464269,7.91293124803611,11.0710281908108,0.000908847669082246,0.0022396794771425,ENSG00000118193,3,4,Decrease,in_cis,UpRegulated,In_cis_Decrease_UpRegulated
UBE3B,0.516737006659792,7.57674609883545,17.1533084233952,0.000974558924717669,0.00238962878106587,ENSG00000151148,1,2,Decrease,in_cis,UpRegulated,In_cis_Decrease_UpRegulated
RIC8B,0.495151118354123,7.62086498303473,14.2184426488072,0.00101375251454476,0.00247990892100711,ENSG00000111785,1,2,Decrease,in_cis,UpRegulated,In_cis_Decrease_UpRegulated
FOXP4-AS1,-0.515224674857492,7.66182811143088,12.8865090371025,0.00104912163433123,0.00255446287764591,ENSG00000234753,5,4,Increase,in_cis,DownRegulated,In_cis_Increase_DownRegulated
CXorf38,0.401132115416577,7.90992026105058,10.8014825315557,0.00104950194446977,0.00255464430189407,ENSG00000185753,4,5,Decrease,in_cis,UpRegulated,In_cis_Decrease_UpRegulated
CELF2,0.395637273333917,8.02105980970722,10.7330062602284,0.0010886238191103,0.00264294198920298,ENSG00000048740,5,6,Decrease,in_cis,UpRegulated,In_cis_Decrease_UpRegulated
CLK2,0.523800382529092,7.57210707063506,17.6781994659259,0.0011058958603895,0.00268097911134472,ENSG00000176444,3,4,Decrease,in_cis,UpRegulated,In_cis_Decrease_UpRegulated
MOSPD2,0.452234096156308,7.6936928230933,11.1973576372125,0.00116949411317456,0.00282205093091642,ENSG00000130150,3,5,Decrease,in_cis,UpRegulated,In_cis_Decrease_UpRegulated
ITGAE,0.334982790658154,8.19102648148032,10.4511803237147,0.00126583678952771,0.00302832752157086,ENSG00000083457,2,3,Decrease,in_cis,UpRegulated,In_cis_Decrease_UpRegulated
TSPYL5,0.331220569654056,8.3467907794634,10.3778790137238,0.00131654649114651,0.00313703062950312,ENSG00000180543,10,11,Decrease,in_cis,UpRegulated,In_cis_Decrease_UpRegulated
KDM5C,0.38157519432738,7.90861795356808,10.1055610575963,0.00152367627977581,0.0035916454969659,ENSG00000126012,4,5,Decrease,in_cis,UpRegulated,In_cis_Decrease_UpRegulated
TCTN1,0.501030535751532,7.58407499096114,15.274253490797,0.0015750796004955,0.00370236774972971,ENSG00000204852,1,2,Decrease,in_cis,UpRegulated,In_cis_Decrease_UpRegulated
SMYD4,0.44702405703267,7.69755242738167,11.3026996112677,0.00158164600919244,0.00371466706797685,ENSG00000186532,2,3,Decrease,in_cis,UpRegulated,In_cis_Decrease_UpRegulated
LGALS8,0.483776279617759,7.59723150281399,14.5632504032464,0.0016407807827568,0.00384027345696555,ENSG00000116977,3,4,Decrease,in_cis,UpRegulated,In_cis_Decrease_UpRegulated
ELAC2,0.392691071058516,7.82583988135295,9.96692951094263,0.00164153024858332,0.00384027345696555,ENSG00000006744,2,3,Decrease,in_cis,UpRegulated,In_cis_Decrease_UpRegulated
C6orf136,-0.509501281967347,7.60646151295262,13.7732051033133,0.00166035743570682,0.00387989538962091,ENSG00000204564,5,4,Increase,in_cis,DownRegulated,In_cis_Increase_DownRegulated
GSPT2,0.350438167182922,8.0848225124421,9.9290631222872,0.00167530161593534,0.00390825738607199,ENSG00000189369,4,5,Decrease,in_cis,UpRegulated,In_cis_Decrease_UpRegulated
PPP6R1,0.413761159084584,7.73777190156551,9.90377309516276,0.00169824864667612,0.00395626580990861,ENSG00000105063,2,3,Decrease,in_cis,UpRegulated,In_cis_Decrease_UpRegulated
DPM1,-0.365460428800264,8.04882393126788,9.86305645473342,0.00173586546047169,0.00403636202057111,ENSG00000000419,5,3,Increase,in_cis,DownRegulated,In_cis_Increase_DownRegulated
NUP35,-0.50786704567699,7.59434120609667,14.5803504018618,0.0017729168996078,0.00410730664984014,ENSG00000163002,3,2,Increase,in_cis,DownRegulated,In_cis_Increase_DownRegulated
TCF4,-0.320586160132509,8.75945259726646,9.7670820836676,0.00182791564169153,0.00421717958317897,ENSG00000196628,3,2,Increase,in_cis,DownRegulated,In_cis_Increase_DownRegulated
MPHOSPH9,0.40407703371203,7.77759111375177,9.75393414794886,0.00184090633173633,0.00424480582261256,ENSG00000051825,2,3,Decrease,in_cis,UpRegulated,In_cis_Decrease_UpRegulated
CLTB,0.381416224116288,7.90286944355303,9.62689225590531,0.00197136235617449,0.00452190036339421,ENSG00000175416,2,3,Decrease,in_cis,UpRegulated,In_cis_Decrease_UpRegulated
RBM38,-0.464483566656402,7.69240845923626,10.806125793622,0.00200720259737797,0.00460109564605527,ENSG00000132819,5,3,Increase,in_cis,DownRegulated,In_cis_Increase_DownRegulated
WASHC3,0.461015193243604,7.61813652355659,12.9382311524299,0.00200754053505763,0.00460109564605527,ENSG00000120860,1,2,Decrease,in_cis,UpRegulated,In_cis_Decrease_UpRegulated
S100A11,0.437603729310951,7.73676474871359,9.54097545565352,0.00206487491427865,0.00472084428951391,ENSG00000163191,3,4,Decrease,in_cis,UpRegulated,In_cis_Decrease_UpRegulated
HDDC2,-0.318859000517591,8.28414698904453,9.4379783895,0.00218294038979548,0.00497205633807577,ENSG00000111906,5,3,Increase,in_cis,DownRegulated,In_cis_Increase_DownRegulated
TMEM120B,0.482819658375458,7.56519462272483,15.3537310570328,0.00223567998369403,0.00507385780597119,ENSG00000188735,2,3,Decrease,in_cis,UpRegulated,In_cis_Decrease_UpRegulated
SLC15A4,0.449722999827151,7.5994066036357,12.4498235076694,0.00240538182152015,0.00542949466008628,ENSG00000139370,2,3,Decrease,in_cis,UpRegulated,In_cis_Decrease_UpRegulated
MAPRE1,-0.295454972272005,8.38927208374068,9.23551904447034,0.00243541435258259,0.00548838724075396,ENSG00000101367,4,3,Increase,in_cis,DownRegulated,In_cis_Increase_DownRegulated
NCBP3,0.369223369919894,7.93675122992812,9.19045633210487,0.00249553592746125,0.00560874553080744,ENSG00000074356,2,3,Decrease,in_cis,UpRegulated,In_cis_Decrease_UpRegulated
NIT1,-0.375949259667645,8.00698849896509,9.1199025712049,0.00259271383126173,0.00580217823368886,ENSG00000158793,8,7,Increase,in_cis,DownRegulated,In_cis_Increase_DownRegulated
BBX,0.296413109462425,8.34617068481641,9.11839770589156,0.00259482797192369,0.00580535427891015,ENSG00000114439,3,4,Decrease,in_cis,UpRegulated,In_cis_Decrease_UpRegulated
WNT5B,0.47175418796762,7.55045520796851,15.9092742225594,0.0026162385047141,0.00585168847881704,ENSG00000111186,3,4,Decrease,in_cis,UpRegulated,In_cis_Decrease_UpRegulated
GNG11,-0.495681351032376,7.61144399752555,12.2849275588789,0.00265645531619376,0.00593528422345084,ENSG00000127920,3,2,Increase,in_cis,DownRegulated,In_cis_Increase_DownRegulated
POLR3B,0.46339322037293,7.59757907745145,13.4923731809876,0.00275676343598287,0.00614461092427986,ENSG00000013503,1,2,Decrease,in_cis,UpRegulated,In_cis_Decrease_UpRegulated
WASHC4,0.460109642133436,7.60242722075774,12.4058971203632,0.00289482764598937,0.00642150573677658,ENSG00000136051,1,2,Decrease,in_cis,UpRegulated,In_cis_Decrease_UpRegulated
RBM19,0.440125779980919,7.62620687955902,11.5485427210322,0.00293729921337773,0.00651053266876029,ENSG00000122965,1,2,Decrease,in_cis,UpRegulated,In_cis_Decrease_UpRegulated
LYSMD1,0.46828257982959,7.54730631468625,16.0515393146994,0.00296604194768712,0.00656901230937917,ENSG00000163155,3,4,Decrease,in_cis,UpRegulated,In_cis_Decrease_UpRegulated
PTS,-0.391010430516794,7.8594228206203,8.85121027317614,0.00299941948000709,0.0066376557181402,ENSG00000150787,5,4,Increase,in_cis,DownRegulated,In_cis_Increase_DownRegulated
DYNLRB1,-0.284986125292171,8.38285947119465,8.71064930562301,0.0032374781923627,0.0071267174753618,ENSG00000125971,4,3,Increase,in_cis,DownRegulated,In_cis_Increase_DownRegulated
TAOK3,0.45426286903136,7.61616538388253,11.9956793056057,0.00326182571383655,0.00717842255358023,ENSG00000135090,1,2,Decrease,in_cis,UpRegulated,In_cis_Decrease_UpRegulated
HORMAD1,0.37004309395624,7.84505377721305,8.65796823650602,0.00333158053559935,0.00732036396485979,ENSG00000143452,3,4,Decrease,in_cis,UpRegulated,In_cis_Decrease_UpRegulated
GEMIN4,0.450095131603361,7.60410699973725,12.4678354411116,0.0035417001124175,0.00774741103407589,ENSG00000179409,2,3,Decrease,in_cis,UpRegulated,In_cis_Decrease_UpRegulated
CCSAP,0.427632750070334,7.60350002663141,11.2003521513425,0.00361084085486309,0.00788626544331315,ENSG00000154429,3,4,Decrease,in_cis,UpRegulated,In_cis_Decrease_UpRegulated
CTNS,0.448970836333237,7.55768842032402,14.2583898877342,0.00361893091329823,0.00789567953665695,ENSG00000040531,2,3,Decrease,in_cis,UpRegulated,In_cis_Decrease_UpRegulated
FAM193B,0.460128108960982,7.55814690803314,14.1278956601211,0.0036189313321676,0.00789567953665695,ENSG00000146067,2,3,Decrease,in_cis,UpRegulated,In_cis_Decrease_UpRegulated
EMC6,0.285406784137354,8.30216811165464,8.50470036316137,0.00362151275195792,0.00789924739682936,ENSG00000127774,2,3,Decrease,in_cis,UpRegulated,In_cis_Decrease_UpRegulated
ZRSR2,0.411913183515991,7.71203460578327,9.24576715596161,0.00363807256396032,0.00793122604366506,ENSG00000169249,3,5,Decrease,in_cis,UpRegulated,In_cis_Decrease_UpRegulated
GABARAPL1,0.423110198822824,7.63918466980619,9.78876818962448,0.00367942341143051,0.00800883406804623,ENSG00000139112,3,5,Decrease,in_cis,UpRegulated,In_cis_Decrease_UpRegulated
CYB5D1,0.434873151041789,7.63960198963272,10.6249562022669,0.00367942364773299,0.00800883406804623,ENSG00000182224,2,3,Decrease,in_cis,UpRegulated,In_cis_Decrease_UpRegulated
PUS1,0.38105596501237,7.7239558501124,8.44186813090878,0.00374768260537655,0.00814665665392276,ENSG00000177192,2,3,Decrease,in_cis,UpRegulated,In_cis_Decrease_UpRegulated
THEM4,0.372837183721197,7.81926210260042,8.43266583178556,0.00376653365521062,0.00818138901602432,ENSG00000159445,3,4,Decrease,in_cis,UpRegulated,In_cis_Decrease_UpRegulated
CCDC22,0.41204725509227,7.62395711004187,10.2878975488647,0.00402829371871403,0.00870554555412898,ENSG00000101997,4,5,Decrease,in_cis,UpRegulated,In_cis_Decrease_UpRegulated
PWWP2A,0.396031057239015,7.68187735438812,8.80983309037194,0.0040957905737442,0.00882316515035044,ENSG00000170234,2,3,Decrease,in_cis,UpRegulated,In_cis_Decrease_UpRegulated
CCDC28A,-0.460098047628081,7.61646877576806,11.1230946464014,0.00427273427690865,0.00916651827151898,ENSG00000024862,4,3,Increase,in_cis,DownRegulated,In_cis_Increase_DownRegulated
TAX1BP3,0.416116692556424,7.65892318557268,9.65361988128201,0.00449154117867879,0.00958245013604832,ENSG00000213977,2,3,Decrease,in_cis,UpRegulated,In_cis_Decrease_UpRegulated
MINDY1,0.443834607947087,7.55866348473386,13.8600326730887,0.00449184479992284,0.00958245013604832,ENSG00000143409,3,4,Decrease,in_cis,UpRegulated,In_cis_Decrease_UpRegulated
OPA3,0.43986375904965,7.61482826165618,11.4178153917086,0.00449822281745453,0.00959360567194668,ENSG00000125741,2,3,Decrease,in_cis,UpRegulated,In_cis_Decrease_UpRegulated
LRRC75A,0.42131322678325,7.66149980373907,9.5953477195078,0.00451727271463758,0.00962200604535951,ENSG00000181350,2,3,Decrease,in_cis,UpRegulated,In_cis_Decrease_UpRegulated
