gene_symbol,logFC,logCPM,F,PValue,FDR,ensembl_gene_id,H,E,classified_gene_dlp,classified_gene,classified_gene_rna,Gene_Type
COX6B1,2.34292798950956,7.8563495309322,727.502401395435,4.83120479434063e-105,2.11008620827106e-102,ENSG00000126267,1,2,Decrease,in_cis,UpRegulated,In_cis_Decrease_UpRegulated
POLR2I,2.0649288950814,7.02693972063226,312.052112075547,2.19977088440888e-56,2.2418109501998e-54,ENSG00000105258,1,2,Decrease,in_cis,UpRegulated,In_cis_Decrease_UpRegulated
PABPC1,-1.11343208720411,10.5653600405222,253.228401588333,1.0359258641808e-47,7.85248927790602e-46,ENSG00000070756,5,3,Increase,in_cis,DownRegulated,In_cis_Increase_DownRegulated
FXYD3,1.47504786959471,8.65632758601699,184.590018120181,8.82627627691196e-37,4.35239817267938e-35,ENSG00000089356,1,3,Decrease,in_cis,UpRegulated,In_cis_Decrease_UpRegulated
TIMM8B,1.40509825551319,7.06704264044147,146.885856357177,2.39141639796715e-30,9.53655269658899e-29,ENSG00000150779,1,2,Decrease,in_cis,UpRegulated,In_cis_Decrease_UpRegulated
ATP5MG,0.873278558036348,8.08658609531003,114.636197310974,1.43389398975743e-24,4.21528066476127e-23,ENSG00000167283,1,2,Decrease,in_cis,UpRegulated,In_cis_Decrease_UpRegulated
PSENEN,1.31894162440577,6.93287733256864,113.020973518447,2.83868810011098e-24,8.18756202962828e-23,ENSG00000205155,1,2,Decrease,in_cis,UpRegulated,In_cis_Decrease_UpRegulated
GGPS1,-0.860255235496569,7.87731000796931,67.112390098185,1.59352401815084e-15,2.4605727768484e-14,ENSG00000152904,5,4,Increase,in_cis,DownRegulated,In_cis_Increase_DownRegulated
EIF3H,-0.60350186411534,8.84397204318554,64.665842976597,4.86777638866678e-15,7.18957246970237e-14,ENSG00000147677,5,4,Increase,in_cis,DownRegulated,In_cis_Increase_DownRegulated
CEP164,1.05435925730315,6.55277832826292,54.1552683448836,6.23638072875054e-13,7.62667787254666e-12,ENSG00000110274,1,2,Decrease,in_cis,UpRegulated,In_cis_Decrease_UpRegulated
TOMM20,-0.482264073325669,9.46082582441713,43.765086756765,8.30754255794695e-11,8.05462794307499e-10,ENSG00000173726,5,4,Increase,in_cis,DownRegulated,In_cis_Increase_DownRegulated
GNG4,-0.789619410059016,8.36757723699329,43.426645256859,9.7591721793317e-11,9.40242933075949e-10,ENSG00000168243,5,4,Increase,in_cis,DownRegulated,In_cis_Increase_DownRegulated
RBPMS,-1.08019187225954,7.02966483076589,42.1149870427975,1.82361985859282e-10,1.69293940718759e-09,ENSG00000157110,3,2,Increase,in_cis,DownRegulated,In_cis_Increase_DownRegulated
CTHRC1,-1.0813754130747,7.35182130506682,36.8281124676275,2.3069903732213e-09,1.846397530819e-08,ENSG00000164932,5,4,Increase,in_cis,DownRegulated,In_cis_Increase_DownRegulated
B3GALNT2,-0.752368378917423,8.33380060994057,36.8239784835654,2.31159931210768e-09,1.84699838357572e-08,ENSG00000162885,5,4,Increase,in_cis,DownRegulated,In_cis_Increase_DownRegulated
ZNF669,-1.0759722888399,6.85872096611032,33.7060148714762,1.04711632740779e-08,7.65270992429027e-08,ENSG00000188295,5,4,Increase,in_cis,DownRegulated,In_cis_Increase_DownRegulated
GPR137B,-0.998793364828636,6.8470049759706,32.004368319846,2.39933401508882e-08,1.65588349032315e-07,ENSG00000077585,5,4,Increase,in_cis,DownRegulated,In_cis_Increase_DownRegulated
NSUN6,0.920637750402113,6.50961487639528,35.1721718407946,3.0969313895302e-08,2.11033095874971e-07,ENSG00000241058,2,3,Decrease,in_cis,UpRegulated,In_cis_Decrease_UpRegulated
TBRG1,0.774682261182973,6.60708892884321,29.1196781977524,1.40053714092453e-07,8.66257156201995e-07,ENSG00000154144,1,2,Decrease,in_cis,UpRegulated,In_cis_Decrease_UpRegulated
SRPRA,0.540114797412297,7.47372238508599,27.9802685601897,1.72892579031092e-07,1.05507034921702e-06,ENSG00000182934,3,4,Decrease,in_cis,UpRegulated,In_cis_Decrease_UpRegulated
LAPTM4B,-0.489130573455184,8.7332349884546,27.6431406231645,2.04193956837496e-07,1.23214932375889e-06,ENSG00000104341,2,1,Increase,in_cis,DownRegulated,In_cis_Increase_DownRegulated
DCTN6,-0.490769524263914,7.80898479700934,25.99690543724,4.61211108105886e-07,2.62193878575083e-06,ENSG00000104671,3,2,Increase,in_cis,DownRegulated,In_cis_Increase_DownRegulated
TTF2,0.758065334377601,6.76098038708807,25.8996845195972,4.84003921387808e-07,2.73186705659629e-06,ENSG00000116830,1,2,Decrease,in_cis,UpRegulated,In_cis_Decrease_UpRegulated
OPN3,-0.90934760605167,6.76907353907546,24.1817019721253,1.1376980823742e-06,6.03177272343132e-06,ENSG00000054277,5,4,Increase,in_cis,DownRegulated,In_cis_Increase_DownRegulated
NCALD,-0.884579286506604,7.16068372767905,23.5815980813837,1.53509980157191e-06,7.93235796057329e-06,ENSG00000104490,5,4,Increase,in_cis,DownRegulated,In_cis_Increase_DownRegulated
OAF,0.770001802653628,6.46677867819822,29.5034005868434,4.44733088969297e-06,2.13007409505295e-05,ENSG00000184232,1,2,Decrease,in_cis,UpRegulated,In_cis_Decrease_UpRegulated
NFKBID,0.697437446663598,6.58818248751193,20.3138740685886,7.92653689825108e-06,3.59200575250785e-05,ENSG00000167604,1,2,Decrease,in_cis,UpRegulated,In_cis_Decrease_UpRegulated
KCNK1,-0.611627749177143,7.54822576312308,18.7091840809791,1.78735308485454e-05,7.61077181721719e-05,ENSG00000135750,5,4,Increase,in_cis,DownRegulated,In_cis_Increase_DownRegulated
CYP7B1,-0.812060072809026,6.50080841342837,22.3938379981825,2.63184277140653e-05,0.000108784415950161,ENSG00000172817,2,1,Increase,in_cis,DownRegulated,In_cis_Increase_DownRegulated
SARAF,-0.315259665394797,9.12779480765005,17.8361559255172,2.78775579927004e-05,0.000114711961376872,ENSG00000133872,3,2,Increase,in_cis,DownRegulated,In_cis_Increase_DownRegulated
NCAPD3,0.555643485755154,7.06295742410507,14.7038494440042,0.000139303270869436,0.000498318876916718,ENSG00000151503,3,4,Decrease,in_cis,UpRegulated,In_cis_Decrease_UpRegulated
EIF3E,-0.272936971687845,9.36445484780415,14.2831403972003,0.000173227947836157,0.000606661602731283,ENSG00000104408,5,4,Increase,in_cis,DownRegulated,In_cis_Increase_DownRegulated
ARID4B,-0.359808024608439,8.44226272382027,14.0020625606494,0.000200436869395726,0.00069009270499159,ENSG00000054267,5,4,Increase,in_cis,DownRegulated,In_cis_Increase_DownRegulated
SPARCL1,-0.748061619106686,6.51352305952811,13.3000708700201,0.000288837587095521,0.00095674239254596,ENSG00000152583,3,2,Increase,in_cis,DownRegulated,In_cis_Increase_DownRegulated
SCCPDH,-0.581399281995957,7.28707538028579,12.9766027718277,0.000341969950741104,0.00111819906887608,ENSG00000143653,5,4,Increase,in_cis,DownRegulated,In_cis_Increase_DownRegulated
ARL5B,0.538306247233378,7.21972297710749,12.1572399668783,0.000525297524231164,0.00164831641883279,ENSG00000165997,2,3,Decrease,in_cis,UpRegulated,In_cis_Decrease_UpRegulated
SBSN,0.688059352274308,7.03889112947405,10.6008987579149,0.001195030451573,0.00345005328984185,ENSG00000189001,1,2,Decrease,in_cis,UpRegulated,In_cis_Decrease_UpRegulated
U2AF1L4,0.542592519580314,6.47363194301788,13.2922174325627,0.00202259812954095,0.00554100061055842,ENSG00000161265,1,2,Decrease,in_cis,UpRegulated,In_cis_Decrease_UpRegulated
PDCD5,0.293329331832261,8.06650739553161,9.42972924521174,0.00223309121887486,0.00604721365796286,ENSG00000105185,2,3,Decrease,in_cis,UpRegulated,In_cis_Decrease_UpRegulated
FAM13A,-0.516376306355971,6.82510820976301,9.36704940724644,0.00230950178623181,0.00622655801978782,ENSG00000138640,3,2,Increase,in_cis,DownRegulated,In_cis_Increase_DownRegulated
