gene_symbol,logFC,logCPM,F,PValue,FDR,ensembl_gene_id,G,E,classified_gene_dlp,classified_gene,classified_gene_rna,Gene_Type
NDUFA1,2.45464609635986,7.3637935427112,468.239268937699,7.70032559308387e-77,1.8743875881165e-74,ENSG00000125356,1,2,Decrease,in_cis,UpRegulated,In_cis_Decrease_UpRegulated
ARF5,-0.899132550886591,8.55777616055017,107.400634237136,3.14006314091128e-23,1.18605057343989e-21,ENSG00000004059,4,3,Increase,in_cis,DownRegulated,In_cis_Increase_DownRegulated
PTN,-3.29850789527072,8.88946723932815,99.0936091166376,1.11209048653689e-21,3.74817266673952e-20,ENSG00000105894,4,3,Increase,in_cis,DownRegulated,In_cis_Increase_DownRegulated
ATP5MG,0.757710455733007,8.09392901935967,71.870090283494,1.85378721022259e-16,4.11259172738749e-15,ENSG00000167283,1,2,Decrease,in_cis,UpRegulated,In_cis_Decrease_UpRegulated
TIMM8B,0.960217779867266,7.07367119943177,50.6923613745201,3.1611127639406e-12,4.60912331953603e-11,ENSG00000150779,1,2,Decrease,in_cis,UpRegulated,In_cis_Decrease_UpRegulated
HIBADH,-1.17932778796893,7.23239890400827,48.7660854372535,7.81602237094069e-12,1.06188843467524e-10,ENSG00000106049,3,2,Increase,in_cis,DownRegulated,In_cis_Increase_DownRegulated
TMEM176B,-1.52336180233692,6.96847995767419,44.1876948642605,6.8142798466028e-11,8.16874614169361e-10,ENSG00000106565,2,1,Increase,in_cis,DownRegulated,In_cis_Increase_DownRegulated
PSMD10,0.896562859329293,6.74622317991486,30.094243224089,6.11920719042454e-08,4.52511498815952e-07,ENSG00000101843,1,2,Decrease,in_cis,UpRegulated,In_cis_Decrease_UpRegulated
RBM42,-0.676950661635958,7.49437121199471,24.550427750453,9.47557327258612e-07,5.64476197060994e-06,ENSG00000126254,3,2,Increase,in_cis,DownRegulated,In_cis_Increase_DownRegulated
TRPV6,-0.893460415288958,6.73088988585621,21.9600650803635,3.4615683363509e-06,1.86899096312033e-05,ENSG00000165125,2,1,Increase,in_cis,DownRegulated,In_cis_Increase_DownRegulated
SIPA1L2,0.790023328575457,6.96950422283974,21.5242446177265,4.30929883373653e-06,2.26664980072228e-05,ENSG00000116991,4,5,Decrease,in_cis,UpRegulated,In_cis_Decrease_UpRegulated
TSPAN33,-0.759198071945033,7.33360069147824,20.9065647359239,5.88140586429172e-06,2.98042096099294e-05,ENSG00000158457,4,3,Increase,in_cis,DownRegulated,In_cis_Increase_DownRegulated
TTF2,0.7110226045267,6.86170711089272,19.2026661934525,1.3920076879881e-05,6.53706504278655e-05,ENSG00000116830,1,2,Decrease,in_cis,UpRegulated,In_cis_Decrease_UpRegulated
SDHAF1,-0.7348309411189,6.89145695353433,16.6250369093402,5.18109215241964e-05,0.000215063575175769,ENSG00000205138,3,2,Increase,in_cis,DownRegulated,In_cis_Increase_DownRegulated
GGH,-0.686118535329144,7.16344513930287,15.5897209503897,8.82035271526572e-05,0.000346604263873872,ENSG00000137563,2,1,Increase,in_cis,DownRegulated,In_cis_Increase_DownRegulated
NKAP,0.516230506187893,7.05008620246813,13.2520707272291,0.000296247797328251,0.00103262507875396,ENSG00000101882,1,2,Decrease,in_cis,UpRegulated,In_cis_Decrease_UpRegulated
INSIG1,-0.67347490910351,7.51222799333617,12.3451739194497,0.000476073179128279,0.00157665505241917,ENSG00000186480,2,1,Increase,in_cis,DownRegulated,In_cis_Increase_DownRegulated
BEX2,0.506250334327403,7.31337730318282,12.119648238466,0.000535908149595248,0.00174903654186337,ENSG00000133134,1,2,Decrease,in_cis,UpRegulated,In_cis_Decrease_UpRegulated
AGK,-0.65003210423466,6.68070413759095,13.0529440378871,0.000870148267788016,0.0027020231292085,ENSG00000006530,4,3,Increase,in_cis,DownRegulated,In_cis_Increase_DownRegulated
DNAJB9,-0.507526541916406,7.81340235775534,10.7082875732311,0.00112901868475389,0.00341040700947891,ENSG00000128590,4,3,Increase,in_cis,DownRegulated,In_cis_Increase_DownRegulated
IMPDH1,-0.388646378077992,7.79252040558305,10.5615548591773,0.00122051100452064,0.00365028598382744,ENSG00000106348,4,3,Increase,in_cis,DownRegulated,In_cis_Increase_DownRegulated
APLP1,-0.547584205434824,6.87190768786524,8.84128063932417,0.00306546615974069,0.00823916423044893,ENSG00000105290,3,2,Increase,in_cis,DownRegulated,In_cis_Increase_DownRegulated
