gene_symbol,logFC,logCPM,F,PValue,FDR,ensembl_gene_id,A,G,classified_gene_dlp,classified_gene,classified_gene_rna,Gene_Type
TACC1,2.7970268255679,6.5154324422308,530.838065207129,4.14418666437754e-93,7.15839176493481e-90,ENSG00000147526,6,7,Decrease,in_cis,UpRegulated,In_cis_Decrease_UpRegulated
ISG15,1.48795936672813,6.70840771673777,126.824161868468,1.18521437397456e-27,9.90609820312283e-26,ENSG00000187608,3,4,Decrease,in_cis,UpRegulated,In_cis_Decrease_UpRegulated
MX1,1.52264615175754,6.20351765161455,117.744170836481,6.7354388163949e-26,4.78123889678882e-24,ENSG00000157601,3,4,Decrease,in_cis,UpRegulated,In_cis_Decrease_UpRegulated
NDUFA1,-0.639224098397949,7.85761783516954,114.755876465114,2.56683861699074e-25,1.73873957035896e-23,ENSG00000125356,2,1,Increase,in_cis,DownRegulated,In_cis_Increase_DownRegulated
TNFRSF18,1.01941662353593,6.48609156790994,93.4561961194764,4.01981149129665e-21,1.87663631963056e-19,ENSG00000186891,3,4,Decrease,in_cis,UpRegulated,In_cis_Decrease_UpRegulated
AKR1B1,1.15833282465701,6.09536922444555,90.2719777286755,1.73628870048572e-20,7.52924522670879e-19,ENSG00000085662,5,6,Decrease,in_cis,UpRegulated,In_cis_Decrease_UpRegulated
SDC1,0.63451852524697,8.43831753640543,70.5786044110145,1.66167716883803e-16,4.7182526514623e-15,ENSG00000115884,5,6,Decrease,in_cis,UpRegulated,In_cis_Decrease_UpRegulated
TSPAN15,0.656121928286464,7.1326148563276,70.0212422072293,2.16046006936692e-16,6.03531217221531e-15,ENSG00000099282,4,5,Decrease,in_cis,UpRegulated,In_cis_Decrease_UpRegulated
MNX1-AS1,1.05819546790993,5.90984380009208,94.8732371169972,1.91128284755462e-15,4.98955552444738e-14,ENSG00000243479,5,6,Decrease,in_cis,UpRegulated,In_cis_Decrease_UpRegulated
SAT1,-0.899352136436148,10.8890945850464,62.1435508794996,8.99692692534461e-15,2.17860165080074e-13,ENSG00000130066,2,1,Increase,in_cis,DownRegulated,In_cis_Increase_DownRegulated
KLRG2,0.920978010012665,6.03005082476924,64.1204866928024,1.56875307764288e-14,3.70354371223024e-13,ENSG00000188883,5,6,Decrease,in_cis,UpRegulated,In_cis_Decrease_UpRegulated
BLVRA,0.880157845740485,6.26169933930037,60.4490441515506,2.01621126096587e-14,4.7063093487951e-13,ENSG00000106605,3,4,Decrease,in_cis,UpRegulated,In_cis_Decrease_UpRegulated
CALD1,0.656031544618896,8.59309467448716,58.6623336079441,4.73005132974791e-14,1.0703548467578e-12,ENSG00000122786,5,6,Decrease,in_cis,UpRegulated,In_cis_Decrease_UpRegulated
ATP6V0E2,0.720581034047257,6.70669698314353,57.9807242431225,6.55189077469745e-14,1.45404274066305e-12,ENSG00000171130,5,6,Decrease,in_cis,UpRegulated,In_cis_Decrease_UpRegulated
TM2D2,0.64671714280888,6.8802193826379,56.603539483637,1.26663033511672e-13,2.71226380023754e-12,ENSG00000169490,6,7,Decrease,in_cis,UpRegulated,In_cis_Decrease_UpRegulated
ACTR3B,0.553339250984846,7.31885264043061,52.5835855674709,8.73542253098194e-13,1.70176539682513e-11,ENSG00000133627,5,6,Decrease,in_cis,UpRegulated,In_cis_Decrease_UpRegulated
UBE3C,0.453965554381073,7.83389971661902,48.9626974962417,5.01871031341907e-12,8.80100062407364e-11,ENSG00000009335,5,6,Decrease,in_cis,UpRegulated,In_cis_Decrease_UpRegulated
ROPN1,0.755093575157808,6.46222603840004,47.7703685235322,8.94269995265769e-12,1.52940828893308e-10,ENSG00000065371,3,5,Decrease,in_cis,UpRegulated,In_cis_Decrease_UpRegulated
LAPTM4A,0.434844992211582,8.38227257806313,47.2955658906295,1.12587487660441e-11,1.90041811419024e-10,ENSG00000068697,5,6,Decrease,in_cis,UpRegulated,In_cis_Decrease_UpRegulated
NET1,0.570725331460146,7.12322044023587,45.1904594949587,3.13169190815879e-11,4.89545323320629e-10,ENSG00000173848,4,5,Decrease,in_cis,UpRegulated,In_cis_Decrease_UpRegulated
CLSPN,0.838371712731487,6.49574918781626,39.0786905951136,6.21870297807443e-10,8.08223445304318e-09,ENSG00000092853,3,4,Decrease,in_cis,UpRegulated,In_cis_Decrease_UpRegulated
EFNB2,-0.743834744003741,6.64085181336069,39.0307769975073,6.36684468824822e-10,8.24824729362557e-09,ENSG00000125266,6,4,Increase,in_cis,DownRegulated,In_cis_Increase_DownRegulated
KIF15,0.755908295788591,5.99462915407831,35.3683081038806,3.8715799968124e-09,4.4832463784317e-08,ENSG00000163808,4,5,Decrease,in_cis,UpRegulated,In_cis_Decrease_UpRegulated
ACOT7,0.604972662451122,6.3714576126807,34.8099135073499,5.10325268989713e-09,5.78666420985709e-08,ENSG00000097021,3,4,Decrease,in_cis,UpRegulated,In_cis_Decrease_UpRegulated
TUBB,0.433967997295134,9.40701961161466,32.6217836291584,1.51035542764448e-08,1.56220794931212e-07,ENSG00000196230,3,4,Decrease,in_cis,UpRegulated,In_cis_Decrease_UpRegulated
COX20,-0.342200146935578,8.02117400574748,32.2977369905302,1.77429872181713e-08,1.80636856118986e-07,ENSG00000203667,6,5,Increase,in_cis,DownRegulated,In_cis_Increase_DownRegulated
TSPAN33,0.553985330794702,6.35689743994161,27.4999748065009,1.94934925905121e-07,1.63852844450988e-06,ENSG00000158457,5,6,Decrease,in_cis,UpRegulated,In_cis_Decrease_UpRegulated
DIRAS3,0.644782532280621,6.02198971066673,27.4332460156054,2.01576294553565e-07,1.68343006990584e-06,ENSG00000162595,3,4,Decrease,in_cis,UpRegulated,In_cis_Decrease_UpRegulated
VWA1,0.465640514164978,7.09677494760172,27.4037495349464,2.0458399721403e-07,1.70717274325781e-06,ENSG00000179403,3,4,Decrease,in_cis,UpRegulated,In_cis_Decrease_UpRegulated
CDCA3,0.663256295241562,6.32486371430471,21.6097493977282,3.82914066752693e-06,2.50960830472286e-05,ENSG00000111665,3,4,Decrease,in_cis,UpRegulated,In_cis_Decrease_UpRegulated
NINJ2,0.541821634635536,6.19695777405164,21.4899030136552,4.07022436558865e-06,2.65473916456644e-05,ENSG00000171840,3,4,Decrease,in_cis,UpRegulated,In_cis_Decrease_UpRegulated
PPP2R5D,0.530957857990736,6.00568217654855,21.9857432250505,6.05861105534859e-06,3.80323712765795e-05,ENSG00000112640,3,4,Decrease,in_cis,UpRegulated,In_cis_Decrease_UpRegulated
L1CAM,-0.630197461573806,6.0432575688265,20.0801482525297,8.3605359068725e-06,5.10899729592138e-05,ENSG00000198910,2,1,Increase,in_cis,DownRegulated,In_cis_Increase_DownRegulated
ROPN1B,0.549904510957372,6.41561566399349,19.980337829407,8.7986789553242e-06,5.35463938302878e-05,ENSG00000114547,3,5,Decrease,in_cis,UpRegulated,In_cis_Decrease_UpRegulated
RASA3,-0.657022735847961,5.99621615123487,23.521746515772,1.0398511693971e-05,6.19724986752821e-05,ENSG00000185989,7,6,Increase,in_cis,DownRegulated,In_cis_Increase_DownRegulated
TRIM24,0.3773823055791,7.11888493180921,19.2527499346523,1.27743139438288e-05,7.50101924724317e-05,ENSG00000122779,5,6,Decrease,in_cis,UpRegulated,In_cis_Decrease_UpRegulated
PDK4,0.635548808868156,6.22262223451422,19.2202013860301,1.29894229973296e-05,7.61917872803983e-05,ENSG00000004799,4,6,Decrease,in_cis,UpRegulated,In_cis_Decrease_UpRegulated
DEPDC1,0.648401351568491,6.41819189035048,19.1949001968329,1.31591503875951e-05,7.70081505460394e-05,ENSG00000024526,3,4,Decrease,in_cis,UpRegulated,In_cis_Decrease_UpRegulated
HES4,0.271833603972351,8.93678944432104,18.6998494682677,1.69682430847242e-05,9.75368116084754e-05,ENSG00000188290,3,4,Decrease,in_cis,UpRegulated,In_cis_Decrease_UpRegulated
MDC1,0.513161547880084,6.04273711378203,18.3201902673367,2.58092099961369e-05,0.000142204493567232,ENSG00000137337,3,4,Decrease,in_cis,UpRegulated,In_cis_Decrease_UpRegulated
AC005064.1,0.597665582486694,5.92069378529401,25.9681479090617,2.85783646477035e-05,0.000156298771086437,ENSG00000234715,4,6,Decrease,in_cis,UpRegulated,In_cis_Decrease_UpRegulated
HSPA1A,0.425854961698817,10.8526428438277,17.6587753905882,2.90022119625081e-05,0.000158282740800123,ENSG00000204389,3,4,Decrease,in_cis,UpRegulated,In_cis_Decrease_UpRegulated
SDHAF3,0.438798917109115,6.44605006701358,17.2637550078037,3.5562112532164e-05,0.000190629435611799,ENSG00000196636,4,6,Decrease,in_cis,UpRegulated,In_cis_Decrease_UpRegulated
PTMS,0.28395566281823,8.50842176874627,16.6279106931528,4.94091924201511e-05,0.000254384933056357,ENSG00000159335,3,4,Decrease,in_cis,UpRegulated,In_cis_Decrease_UpRegulated
KIAA1586,0.542016651804705,5.90431436853098,22.9870489780498,5.88545235148993e-05,0.000296966057306921,ENSG00000168116,3,4,Decrease,in_cis,UpRegulated,In_cis_Decrease_UpRegulated
CALML5,0.351026518817981,9.30128027749936,16.2879804101964,5.8925845037875e-05,0.000297159928109387,ENSG00000178372,4,5,Decrease,in_cis,UpRegulated,In_cis_Decrease_UpRegulated
HSPB1,0.384214481647179,9.76225543760906,16.164649515008,6.28182650358266e-05,0.000314516183010293,ENSG00000106211,2,4,Decrease,in_cis,UpRegulated,In_cis_Decrease_UpRegulated
RHNO1,0.409950549575672,6.42707608521361,15.8861320826321,7.25893644776901e-05,0.000357436505015774,ENSG00000171792,3,4,Decrease,in_cis,UpRegulated,In_cis_Decrease_UpRegulated
ZWINT,0.455027780561762,6.7015327328188,15.3884133373563,9.40280461955167e-05,0.000450383981918904,ENSG00000122952,4,5,Decrease,in_cis,UpRegulated,In_cis_Decrease_UpRegulated
POLR3K,0.376577435374857,6.50726910730407,15.2129785076763,0.000103021463187356,0.000488997076230931,ENSG00000161980,2,3,Decrease,in_cis,UpRegulated,In_cis_Decrease_UpRegulated
CDCA8,0.531454500544088,6.32224398009636,14.192153580456,0.000175544496777864,0.000788276934404587,ENSG00000134690,3,4,Decrease,in_cis,UpRegulated,In_cis_Decrease_UpRegulated
AMOT,-0.472817433594424,6.19801517268956,13.1290408812441,0.000306660866021456,0.00129039107407486,ENSG00000126016,2,1,Increase,in_cis,DownRegulated,In_cis_Increase_DownRegulated
HS6ST3,0.51110979276468,5.97549131348574,16.8648828371666,0.000316578158227626,0.00132727185755304,ENSG00000185352,6,7,Decrease,in_cis,UpRegulated,In_cis_Decrease_UpRegulated
MSL3,-0.41072325015358,6.40798162291951,13.0546210611905,0.000318910042499041,0.00133542774968083,ENSG00000005302,2,1,Increase,in_cis,DownRegulated,In_cis_Increase_DownRegulated
TSPAN2,0.51470813932947,5.90437753596099,15.7693077948496,0.00038685371963453,0.00158222255339079,ENSG00000134198,2,3,Decrease,in_cis,UpRegulated,In_cis_Decrease_UpRegulated
ADGRF4,0.481231817248345,5.93353006310064,14.418222192548,0.000484915966686623,0.00193220648932725,ENSG00000153294,3,4,Decrease,in_cis,UpRegulated,In_cis_Decrease_UpRegulated
BEX2,-0.425285685433158,6.27244604632708,12.1697854212522,0.00050869475074623,0.00202151548954522,ENSG00000133134,2,1,Increase,in_cis,DownRegulated,In_cis_Increase_DownRegulated
UPK1B,0.471343175356027,6.26515036160661,12.1300857002754,0.000519493724372462,0.00205991096320248,ENSG00000114638,3,5,Decrease,in_cis,UpRegulated,In_cis_Decrease_UpRegulated
AKT3,-0.285298685180863,7.31020402104347,11.9056274392226,0.000585063081018723,0.00229160762346109,ENSG00000117020,6,5,Increase,in_cis,DownRegulated,In_cis_Increase_DownRegulated
MAGI3,0.426861471758574,6.18075764490585,11.8417644779106,0.000605206258572964,0.00235802919693617,ENSG00000081026,2,3,Decrease,in_cis,UpRegulated,In_cis_Decrease_UpRegulated
STAG2,-0.352503626343007,6.54980799574734,11.7393802750577,0.000638974754242856,0.00247140642107365,ENSG00000101972,2,1,Increase,in_cis,DownRegulated,In_cis_Increase_DownRegulated
MDFIC,0.37421333884838,6.30556759221245,11.5906815459498,0.000691445790205346,0.00264922150450581,ENSG00000135272,5,6,Decrease,in_cis,UpRegulated,In_cis_Decrease_UpRegulated
TXNDC12,0.288451672524328,6.83728086834644,11.5595920801602,0.00070295621835581,0.00269133293204271,ENSG00000117862,3,4,Decrease,in_cis,UpRegulated,In_cis_Decrease_UpRegulated
ADPRHL1,-0.499025545419732,5.95797281731978,16.105825886824,0.000713165372695495,0.00272538566468146,ENSG00000153531,7,6,Increase,in_cis,DownRegulated,In_cis_Increase_DownRegulated
VPS26A,0.268240674034918,6.9328838096826,11.48414643848,0.000731702066062425,0.00278492846590928,ENSG00000122958,4,5,Decrease,in_cis,UpRegulated,In_cis_Decrease_UpRegulated
PLEKHO1,0.412598643401839,6.05492509445086,11.3461839734378,0.000787382634601417,0.00297391895955142,ENSG00000023902,4.5,5,Decrease,in_cis,UpRegulated,In_cis_Decrease_UpRegulated
WDR4,0.401313466362046,6.07828329749261,12.1440303267496,0.000812031602548635,0.00305366310914879,ENSG00000160193,3,4,Decrease,in_cis,UpRegulated,In_cis_Decrease_UpRegulated
SMS,-0.262766199912297,7.42764313607967,10.7729407860551,0.00106869029691225,0.00388764697690367,ENSG00000102172,2,1,Increase,in_cis,DownRegulated,In_cis_Increase_DownRegulated
TET1,0.433894356518617,5.96455809494461,10.9847209473809,0.00111345706829029,0.00403209960019588,ENSG00000138336,4,5,Decrease,in_cis,UpRegulated,In_cis_Decrease_UpRegulated
MECP2,-0.398847716298908,6.1373998163922,10.4963461697481,0.00128437557103211,0.00456021528543228,ENSG00000169057,2,1,Increase,in_cis,DownRegulated,In_cis_Increase_DownRegulated
LGALS8,-0.341278795337998,6.58844124616829,10.3909096584666,0.00131089497455782,0.00464165203837281,ENSG00000116977,6,5,Increase,in_cis,DownRegulated,In_cis_Increase_DownRegulated
FOXD3-AS1,0.412385924946749,6.09731320668344,10.2851632807439,0.00138729722415853,0.00487057873684927,ENSG00000230798,3,4,Decrease,in_cis,UpRegulated,In_cis_Decrease_UpRegulated
CCDC167,0.262119700379296,6.92593971509759,10.1432284524381,0.00149700043751964,0.00520984302701598,ENSG00000198937,3,4,Decrease,in_cis,UpRegulated,In_cis_Decrease_UpRegulated
TCF19,0.408069028965048,6.03741775146805,10.7900423918956,0.00166032036135695,0.0057181035605447,ENSG00000137310,3,4,Decrease,in_cis,UpRegulated,In_cis_Decrease_UpRegulated
NBDY,-0.404222356162165,6.06160249390245,10.0071408556585,0.0017907798352623,0.00610000068832786,ENSG00000204272,2,1,Increase,in_cis,DownRegulated,In_cis_Increase_DownRegulated
TTC39A,0.335082293168834,6.56577533325694,9.66031477971999,0.00194070871794125,0.00652823925762514,ENSG00000085831,3,4,Decrease,in_cis,UpRegulated,In_cis_Decrease_UpRegulated
MRPS18A,0.276008501849241,6.63687113212156,9.28879628563315,0.00237140785962933,0.0077653305078036,ENSG00000096080,3,4,Decrease,in_cis,UpRegulated,In_cis_Decrease_UpRegulated
POLQ,0.433829018671042,5.951339525269,11.8215419335959,0.00256860903857591,0.00833210143217549,ENSG00000051341,3,5,Decrease,in_cis,UpRegulated,In_cis_Decrease_UpRegulated
ARHGAP4,-0.442929227744905,5.95346980187416,11.8635870189436,0.00271412394763715,0.00874663575662669,ENSG00000089820,2,1,Increase,in_cis,DownRegulated,In_cis_Increase_DownRegulated
DDAH1,0.339986842790664,6.25168009153084,9.79460182458166,0.0027210445471256,0.00876379666436196,ENSG00000153904,3,4,Decrease,in_cis,UpRegulated,In_cis_Decrease_UpRegulated
ITGB5,0.344397888521408,6.22843998811747,8.96369599472246,0.00282758119875229,0.00906154964250733,ENSG00000082781,3,5,Decrease,in_cis,UpRegulated,In_cis_Decrease_UpRegulated
CDK1,0.430744927336593,6.72099064147233,8.78259130055867,0.00311947877478249,0.00986882723499563,ENSG00000170312,4,5,Decrease,in_cis,UpRegulated,In_cis_Decrease_UpRegulated
