gene_symbol,logFC,logCPM,F,PValue,FDR,ensembl_gene_id,R,H,classified_gene_dlp,classified_gene,classified_gene_rna,Gene_Type
ATP5MC3,-1.94486759509997,8.72876194807296,2181.51000571652,0,0,ENSG00000154518,3,2,Increase,in_cis,DownRegulated,In_cis_Increase_DownRegulated
TUBB2B,1.7813242988143,9.44441120243713,1172.55037116733,3.64000242511614e-223,5.03298245765312e-221,ENSG00000137285,5,6,Decrease,in_cis,UpRegulated,In_cis_Decrease_UpRegulated
KCNMA1,3.76502420858904,8.22990119191785,1123.269244523,5.17742014497954e-215,6.22904158741435e-213,ENSG00000156113,10,11,Decrease,in_cis,UpRegulated,In_cis_Decrease_UpRegulated
LHFPL6,-1.73909122086293,7.30970104158038,1016.16157600302,9.09825314361267e-186,8.18312787596386e-184,ENSG00000183722,3,2,Increase,in_cis,DownRegulated,In_cis_Increase_DownRegulated
EEF1A1,-0.631291476291702,12.793896859145,924.068182141997,3.56890842894694e-181,3.03324474181325e-179,ENSG00000156508,4,3,Increase,in_cis,DownRegulated,In_cis_Increase_DownRegulated
HMGA1,-0.915271074921836,9.09590123946322,831.882854771881,5.19575541447803e-165,3.82011731426385e-163,ENSG00000137309,5,4,Increase,in_cis,DownRegulated,In_cis_Increase_DownRegulated
ENY2,1.25030663427736,8.38383075099109,804.601549875559,3.65606624557815e-160,2.50887390363229e-158,ENSG00000120533,2,3,Decrease,in_cis,UpRegulated,In_cis_Decrease_UpRegulated
JPT1,-0.99359099807392,8.49914754097678,521.554152133366,4.95680525988233e-108,1.88196081670286e-106,ENSG00000189159,4,3,Increase,in_cis,DownRegulated,In_cis_Increase_DownRegulated
LINC01287,-1.24367841824091,7.34830961461513,483.097202749056,1.12883385302422e-100,3.85886229314256e-99,ENSG00000234722,3,2,Increase,in_cis,DownRegulated,In_cis_Increase_DownRegulated
TUBA1A,1.13004491304277,8.94720045787682,417.509273489867,5.78902194018145e-88,1.54998552756766e-86,ENSG00000167552,2,3,Decrease,in_cis,UpRegulated,In_cis_Decrease_UpRegulated
MAEL,1.0039288183824,8.42740158610482,391.239396682656,8.16644968476804e-83,1.93488465165451e-81,ENSG00000143194,7,8,Decrease,in_cis,UpRegulated,In_cis_Decrease_UpRegulated
EEF1B2,-0.528726733738854,9.87567833131514,353.1914941342,2.6996911193476e-75,5.50879703295952e-74,ENSG00000114942,3,2,Increase,in_cis,DownRegulated,In_cis_Increase_DownRegulated
MDH2,-0.530630106498585,9.12380770716509,329.689635831445,1.29636392904449e-70,2.38284036481512e-69,ENSG00000146701,3,2,Increase,in_cis,DownRegulated,In_cis_Increase_DownRegulated
CFL1,-0.447973967279612,10.0350408446627,326.170362453249,6.54935960184957e-70,1.180413761703e-68,ENSG00000172757,3,2,Increase,in_cis,DownRegulated,In_cis_Increase_DownRegulated
ZNF451,1.04968674233617,7.77406099850499,324.530922783189,1.3935686743305e-69,2.47793094030667e-68,ENSG00000112200,7,8,Decrease,in_cis,UpRegulated,In_cis_Decrease_UpRegulated
EBF1,1.34420640594013,7.34872447972777,322.565558935087,3.44695459412203e-69,6.08239759237076e-68,ENSG00000164330,2,3,Decrease,in_cis,UpRegulated,In_cis_Decrease_UpRegulated
RNASEH2B,-0.808684849744216,7.89404747296441,309.754991018938,1.27651931770298e-66,2.13075224490097e-65,ENSG00000136104,3,2,Increase,in_cis,DownRegulated,In_cis_Increase_DownRegulated
HSPA8,-0.590049374396711,9.81659391806589,286.014889746751,7.74401691574235e-62,1.16085069105885e-60,ENSG00000109971,3,2,Increase,in_cis,DownRegulated,In_cis_Increase_DownRegulated
EIF3K,-0.47313335713741,9.46597962178054,284.574259167142,1.51418453064735e-61,2.24798164934568e-60,ENSG00000178982,4,3,Increase,in_cis,DownRegulated,In_cis_Increase_DownRegulated
KIAA1586,0.978771606773488,7.71900462007375,274.234870153455,1.87709893828991e-59,2.6387624528555e-58,ENSG00000168116,7,8,Decrease,in_cis,UpRegulated,In_cis_Decrease_UpRegulated
ATIC,-0.731012302131811,7.91095153902261,257.276474318377,5.24136710568247e-56,6.8581956026896e-55,ENSG00000138363,3,2,Increase,in_cis,DownRegulated,In_cis_Increase_DownRegulated
RAD21,0.879550944374633,8.20852128458385,239.226406919382,2.53876388191552e-52,2.99606479007202e-51,ENSG00000164754,2,3,Decrease,in_cis,UpRegulated,In_cis_Decrease_UpRegulated
KLF10,1.25022774646367,7.34621778583009,235.168067921003,1.72064198605978e-51,2.00251599985651e-50,ENSG00000155090,2,5,Decrease,in_cis,UpRegulated,In_cis_Decrease_UpRegulated
DSP,1.14064520599916,7.48040962232027,230.846948906287,1.32308942794162e-50,1.50362797995222e-49,ENSG00000096696,5,6,Decrease,in_cis,UpRegulated,In_cis_Decrease_UpRegulated
PSAT1,-0.764117531842834,7.85980848160491,224.726165504887,2.3892121190169e-49,2.62870083973546e-48,ENSG00000135069,4,3,Increase,in_cis,DownRegulated,In_cis_Increase_DownRegulated
PSMC4,-0.528557345470862,8.61824429940492,221.679607013272,1.01051047891577e-48,1.09361788278921e-47,ENSG00000013275,4,3,Increase,in_cis,DownRegulated,In_cis_Increase_DownRegulated
WDR46,-0.590712264694183,8.090769708517,206.66095104,1.2581484142148e-45,1.24657614003058e-44,ENSG00000227057,5,4,Increase,in_cis,DownRegulated,In_cis_Increase_DownRegulated
MRPL47,-0.580607400663154,8.22573316715812,205.97793957394,1.74101873394295e-45,1.71400611596679e-44,ENSG00000136522,3,2,Increase,in_cis,DownRegulated,In_cis_Increase_DownRegulated
P4HA1,1.05176191481029,7.39942844773365,205.757001026533,1.9339385581743e-45,1.89788207658122e-44,ENSG00000122884,6,10,Decrease,in_cis,UpRegulated,In_cis_Decrease_UpRegulated
ZPR1,-0.729251296617259,7.66105151982614,203.656114443696,5.2548999308341e-45,5.11359169739991e-44,ENSG00000109917,3,2,Increase,in_cis,DownRegulated,In_cis_Increase_DownRegulated
NMB,-0.792693353967897,7.44334003845483,198.930067912113,4.98982467553482e-44,4.72655785216304e-43,ENSG00000197696,3,2,Increase,in_cis,DownRegulated,In_cis_Increase_DownRegulated
UBE2G2,-0.592899326867083,8.1900998042628,197.853477124385,8.33579810090119e-44,7.79241509654376e-43,ENSG00000184787,4,3,Increase,in_cis,DownRegulated,In_cis_Increase_DownRegulated
GLO1,-0.446939523246943,9.00430452262788,197.033054516226,1.23261157993275e-43,1.1418913676497e-42,ENSG00000124767,5,4,Increase,in_cis,DownRegulated,In_cis_Increase_DownRegulated
CLNS1A,-0.528590079678576,8.39786091523155,196.192921228006,1.84004200586976e-43,1.69613424302263e-42,ENSG00000074201,3,2,Increase,in_cis,DownRegulated,In_cis_Increase_DownRegulated
PRPF4B,0.575601223777863,8.56556465392475,191.974468949189,1.37768237842085e-42,1.23790975302529e-41,ENSG00000112739,5,6,Decrease,in_cis,UpRegulated,In_cis_Decrease_UpRegulated
RABGGTB,-0.699644348957184,7.7172199173014,190.439597658069,2.86767520710935e-42,2.55443683833279e-41,ENSG00000137955,4,3,Increase,in_cis,DownRegulated,In_cis_Increase_DownRegulated
PCOLCE,-0.831475210734762,7.3079529496153,200.453163918454,1.01253396426732e-40,8.60560976602978e-40,ENSG00000106333,3,2,Increase,in_cis,DownRegulated,In_cis_Increase_DownRegulated
UBL7,-0.698000369249791,7.56716643945294,176.619701366627,2.14073762385317e-39,1.75347421285374e-38,ENSG00000138629,3,2,Increase,in_cis,DownRegulated,In_cis_Increase_DownRegulated
LINC00467,0.920593389944932,7.32264147195156,179.065291469731,7.56024100506118e-39,6.0796938082367e-38,ENSG00000153363,3,4,Decrease,in_cis,UpRegulated,In_cis_Decrease_UpRegulated
CPE,-0.666588543279567,7.83277224865932,169.392326431676,6.88142407679077e-38,5.33915516309797e-37,ENSG00000109472,3,2,Increase,in_cis,DownRegulated,In_cis_Increase_DownRegulated
PPID,-0.645823990435879,7.7475318611285,162.711247567651,1.71291453212274e-36,1.28385438718325e-35,ENSG00000171497,3,2,Increase,in_cis,DownRegulated,In_cis_Increase_DownRegulated
TGFB2,0.962940013176931,7.23775298568564,192.243948895783,1.86643561481052e-36,1.39666070562234e-35,ENSG00000092969,3,4,Decrease,in_cis,UpRegulated,In_cis_Decrease_UpRegulated
CTSA,-0.719744100060958,7.39439133725176,158.785656095802,1.13582558163417e-35,8.29833453332727e-35,ENSG00000064601,4,3,Increase,in_cis,DownRegulated,In_cis_Increase_DownRegulated
SMC1A,0.515721339775672,9.02889185048165,151.969447410957,3.04904856475409e-34,2.12698689035255e-33,ENSG00000072501,4,5,Decrease,in_cis,UpRegulated,In_cis_Decrease_UpRegulated
MRPS7,-0.551694862557848,7.91180040409863,148.878527281439,1.35855028486434e-33,9.30888301699941e-33,ENSG00000125445,4,3,Increase,in_cis,DownRegulated,In_cis_Increase_DownRegulated
UTP23,0.801174800186,7.46395635414874,147.360015971835,2.83203484801569e-33,1.92204914520274e-32,ENSG00000147679,2,3,Decrease,in_cis,UpRegulated,In_cis_Decrease_UpRegulated
EIF4EBP1,-0.51239084094046,8.25333958771106,146.932833020664,3.48234615475423e-33,2.35306015883612e-32,ENSG00000187840,3,2,Increase,in_cis,DownRegulated,In_cis_Increase_DownRegulated
ARL2,-0.525658356675684,8.04115890316259,144.830869260438,9.63331669260344e-33,6.3927683266675e-32,ENSG00000213465,3,2,Increase,in_cis,DownRegulated,In_cis_Increase_DownRegulated
FOXD3-AS1,0.91510880611133,7.22106562621988,205.571961369131,1.90956862733272e-32,1.25819656924682e-31,ENSG00000230798,1,2,Decrease,in_cis,UpRegulated,In_cis_Decrease_UpRegulated
WDR12,-0.62643164940236,7.58647584274827,138.803588782175,1.78859257782186e-31,1.15066122506539e-30,ENSG00000138442,3,2,Increase,in_cis,DownRegulated,In_cis_Increase_DownRegulated
ATOX1,0.601166010977182,7.83104753682455,130.750668287124,8.94115051727682e-30,5.43152907488869e-29,ENSG00000177556,2,3,Decrease,in_cis,UpRegulated,In_cis_Decrease_UpRegulated
PSMB3,-0.36569933798951,8.88416697246741,129.794161012214,1.4238754702666e-29,8.61579513817753e-29,ENSG00000277791,4,3,Increase,in_cis,DownRegulated,In_cis_Increase_DownRegulated
ARL4C,0.860379116543619,7.42302307517062,126.654178324149,6.56575561227615e-29,3.86928498677648e-28,ENSG00000188042,2,3,Decrease,in_cis,UpRegulated,In_cis_Decrease_UpRegulated
ALCAM,0.842074170804049,7.20059669593836,196.863626073992,2.10480930894632e-28,1.21944674409498e-27,ENSG00000170017,3,4,Decrease,in_cis,UpRegulated,In_cis_Decrease_UpRegulated
NR4A1,0.857402649565252,7.74091143640366,118.143925536229,4.16704134387928e-27,2.27883536066692e-26,ENSG00000123358,2,3,Decrease,in_cis,UpRegulated,In_cis_Decrease_UpRegulated
NDUFB5,-0.399056485547944,8.43030986643545,117.234633565872,6.49715934051273e-27,3.50551450963948e-26,ENSG00000136521,3,2,Increase,in_cis,DownRegulated,In_cis_Increase_DownRegulated
FAM120C,-0.606647948777431,7.44989044107187,115.336255225787,1.64297834793856e-26,8.74744334212804e-26,ENSG00000184083,4.5,4,Increase,in_cis,DownRegulated,In_cis_Increase_DownRegulated
CTSC,-0.536428165110643,8.04845252564032,114.722895069721,2.21750846412682e-26,1.17187669205196e-25,ENSG00000109861,4,3,Increase,in_cis,DownRegulated,In_cis_Increase_DownRegulated
POLR2H,-0.418118159537369,8.27312224711411,113.7887865117,3.50150234336788e-26,1.84097149313053e-25,ENSG00000163882,3,2,Increase,in_cis,DownRegulated,In_cis_Increase_DownRegulated
KHDRBS2,0.805419578888362,7.19992154403695,186.114626788686,4.94146588712332e-26,2.58193682900792e-25,ENSG00000112232,7,8,Decrease,in_cis,UpRegulated,In_cis_Decrease_UpRegulated
BAK1,-0.671203745459936,7.28084579800174,134.953552694361,4.25419502912149e-25,2.13956909607934e-24,ENSG00000030110,5,4,Increase,in_cis,DownRegulated,In_cis_Increase_DownRegulated
DCUN1D5,-0.439721549765618,8.07552223008902,105.05530406465,2.52451089088712e-24,1.22638012025057e-23,ENSG00000137692,4,3,Increase,in_cis,DownRegulated,In_cis_Increase_DownRegulated
RAE1,-0.475009734316803,7.87201620699956,103.815099878781,4.63950148668777e-24,2.23158576182116e-23,ENSG00000101146,4,3,Increase,in_cis,DownRegulated,In_cis_Increase_DownRegulated
HIKESHI,-0.429262525432111,8.11562427246359,102.299239657673,9.76488165292745e-24,4.64383283535523e-23,ENSG00000149196,4,3,Increase,in_cis,DownRegulated,In_cis_Increase_DownRegulated
SUMO1,-0.337198924596922,8.74461982133787,101.402403298686,1.51692188799142e-23,7.16977773997575e-23,ENSG00000116030,3,2,Increase,in_cis,DownRegulated,In_cis_Increase_DownRegulated
COL2A1,0.764203894686698,7.1971006752969,161.34354535236,1.56224283334495e-23,7.37270382481284e-23,ENSG00000139219,2,3,Decrease,in_cis,UpRegulated,In_cis_Decrease_UpRegulated
SYNGR2,-0.67642938266211,7.24434348013988,140.458161562185,1.70117773776731e-23,8.00391597901289e-23,ENSG00000108639,4,3,Increase,in_cis,DownRegulated,In_cis_Increase_DownRegulated
NFS1,-0.557909233148021,7.45499267773897,98.8000837642838,5.44992424189727e-23,2.51309597695054e-22,ENSG00000244005,4,3,Increase,in_cis,DownRegulated,In_cis_Increase_DownRegulated
HOXC12,0.750669743543574,7.21670985984788,140.256599730948,6.36271603915721e-23,2.92527054028548e-22,ENSG00000123407,2,3,Decrease,in_cis,UpRegulated,In_cis_Decrease_UpRegulated
AC020928.2,-0.592561070285927,7.33326937870609,105.735846361907,8.11349682602419e-23,3.72280508153978e-22,ENSG00000267260,4,3,Increase,in_cis,DownRegulated,In_cis_Increase_DownRegulated
NELFE,-0.326063793378168,8.74216780498891,97.1907636774845,1.202649579851e-22,5.46680358574075e-22,ENSG00000204356,5,4,Increase,in_cis,DownRegulated,In_cis_Increase_DownRegulated
NMI,-0.664713593309899,7.21579725970715,148.566103228845,2.71786604117644e-22,1.21575620499558e-21,ENSG00000123609,3,2,Increase,in_cis,DownRegulated,In_cis_Increase_DownRegulated
NCOA7,0.673594448805316,7.31460538763131,94.1088691191743,5.48272210896538e-22,2.41306108316777e-21,ENSG00000111912,2,3,Decrease,in_cis,UpRegulated,In_cis_Decrease_UpRegulated
WWC2,-0.576198473057762,7.38268809228581,92.959631467409,9.65778308094846e-22,4.21629135070247e-21,ENSG00000151718,3,2,Increase,in_cis,DownRegulated,In_cis_Increase_DownRegulated
HOXD8,-0.611834395391316,7.27566852979716,103.307704608571,1.18318508405199e-21,5.14602188669373e-21,ENSG00000175879,3,2,Increase,in_cis,DownRegulated,In_cis_Increase_DownRegulated
MTMR12,0.655870867952624,7.31704732753056,96.6166580958971,1.6151568954493e-21,6.998509578785e-21,ENSG00000150712,4,5,Decrease,in_cis,UpRegulated,In_cis_Decrease_UpRegulated
METTL23,-0.515074506448508,7.56315468315387,91.2500079694268,2.24311323534973e-21,9.63831215782926e-21,ENSG00000181038,4,3,Increase,in_cis,DownRegulated,In_cis_Increase_DownRegulated
MRPL45,-0.488377115646861,7.6805613324786,89.7765323564592,4.63942898601908e-21,1.9509609680654e-20,ENSG00000278845,4,3,Increase,in_cis,DownRegulated,In_cis_Increase_DownRegulated
EIF3H,0.348512754996439,8.64679120265954,87.2326096548387,1.62849276828044e-20,6.68129185356509e-20,ENSG00000147677,2,3,Decrease,in_cis,UpRegulated,In_cis_Decrease_UpRegulated
DAXX,-0.429360429562464,7.90888588684342,86.3170535483864,2.55964055753882e-20,1.04190139601644e-19,ENSG00000204209,5,4,Increase,in_cis,DownRegulated,In_cis_Increase_DownRegulated
CSNK2B,-0.262070475320467,9.25025748447151,85.8372321625609,3.24438413655148e-20,1.31248797559008e-19,ENSG00000204435,5,4,Increase,in_cis,DownRegulated,In_cis_Increase_DownRegulated
PSMD14,-0.389729896472362,8.14936014434794,85.693651570324,3.48292045343671e-20,1.40652899218124e-19,ENSG00000115233,3,2,Increase,in_cis,DownRegulated,In_cis_Increase_DownRegulated
SUCO,0.518138124386391,7.81072434700407,85.1194114685682,4.6258183474172e-20,1.8575457811215e-19,ENSG00000094975,7,8,Decrease,in_cis,UpRegulated,In_cis_Decrease_UpRegulated
PDGFC,-0.602977771753881,7.27223589495472,96.0701758053122,7.0761002088385e-20,2.82069674417728e-19,ENSG00000145431,3,2,Increase,in_cis,DownRegulated,In_cis_Increase_DownRegulated
RHOD,-0.519786622295954,7.45546435021198,83.9718831949323,8.15753111048483e-20,3.24340636083826e-19,ENSG00000173156,3,2,Increase,in_cis,DownRegulated,In_cis_Increase_DownRegulated
RC3H1,0.596917982041878,7.38298454966404,83.0865936592982,1.26387654067099e-19,4.98024341674863e-19,ENSG00000135870,7,8,Decrease,in_cis,UpRegulated,In_cis_Decrease_UpRegulated
MAPRE1,-0.363929309925184,8.28805135531564,83.0132431932924,1.3105759501995e-19,5.16206445690824e-19,ENSG00000101367,4,3,Increase,in_cis,DownRegulated,In_cis_Increase_DownRegulated
CA12,-0.62428526400475,7.20863754341271,127.855373226274,1.24079865770369e-18,4.66508066760023e-18,ENSG00000074410,3,2,Increase,in_cis,DownRegulated,In_cis_Increase_DownRegulated
MESP2,-0.587477880972074,7.22836680682679,110.239953365412,4.7829702061733e-18,1.75344028452669e-17,ENSG00000188095,4,3,Increase,in_cis,DownRegulated,In_cis_Increase_DownRegulated
UPF2,0.459167788492716,7.83655032594216,75.6445718919568,5.04514333472146e-18,1.84882151316691e-17,ENSG00000151461,4,5,Decrease,in_cis,UpRegulated,In_cis_Decrease_UpRegulated
TMEM45A,0.607333714604422,7.29315729682357,81.0249747074788,6.32341226174069e-18,2.30539516697229e-17,ENSG00000181458,3,4,Decrease,in_cis,UpRegulated,In_cis_Decrease_UpRegulated
NOS1AP,0.621652687050805,7.27807874567451,83.5392378588922,7.19108468989031e-18,2.61350367073926e-17,ENSG00000198929,7,8,Decrease,in_cis,UpRegulated,In_cis_Decrease_UpRegulated
HLA-DPA1,-0.577219009455137,7.24910035418079,97.0062116699885,1.06433997008172e-17,3.83212028093163e-17,ENSG00000231389,5,4,Increase,in_cis,DownRegulated,In_cis_Increase_DownRegulated
NDUFB4,0.337054961319434,8.54245813983448,74.0537962561325,1.11119118054285e-17,3.99614716480938e-17,ENSG00000065518,2,3,Decrease,in_cis,UpRegulated,In_cis_Decrease_UpRegulated
COX5A,-0.272037615639385,9.02463635335033,72.2465639042037,2.72681319077218e-17,9.64167839668454e-17,ENSG00000178741,3,2,Increase,in_cis,DownRegulated,In_cis_Increase_DownRegulated
PPIL1,-0.368313526512808,8.02310075832979,70.7458160897353,5.74969501630511e-17,2.00094570364578e-16,ENSG00000137168,5,4,Increase,in_cis,DownRegulated,In_cis_Increase_DownRegulated
SOX2,-0.564175797739693,7.38526731028952,70.5736886216788,6.26352299487526e-17,2.17730870636114e-16,ENSG00000181449,3,2,Increase,in_cis,DownRegulated,In_cis_Increase_DownRegulated
SUMF2,0.541876805264509,7.42475993833482,70.4960351014882,6.5101386041732e-17,2.2604919051372e-16,ENSG00000129103,3,4,Decrease,in_cis,UpRegulated,In_cis_Decrease_UpRegulated
DDIT4,0.754225579823239,7.83818210648501,70.274634396007,7.26794255139545e-17,2.51795885550215e-16,ENSG00000168209,6,9,Decrease,in_cis,UpRegulated,In_cis_Decrease_UpRegulated
TEX10,-0.461272162714817,7.51961110721035,69.8973736033842,8.76816603297792e-17,3.02526220221629e-16,ENSG00000136891,4,3,Increase,in_cis,DownRegulated,In_cis_Increase_DownRegulated
MRPL58,-0.497924736665587,7.33412305914013,72.505403658003,9.86596351508649e-17,3.39140207806164e-16,ENSG00000167862,4,3,Increase,in_cis,DownRegulated,In_cis_Increase_DownRegulated
GAR1,-0.378317115688548,7.97807460707451,68.8590012475195,1.46992433230397e-16,5.0119171933986e-16,ENSG00000109534,3,2,Increase,in_cis,DownRegulated,In_cis_Increase_DownRegulated
MYO1B,-0.507551867730511,7.32307360728422,71.1282110666353,1.85317397894714e-16,6.27019859056476e-16,ENSG00000128641,3,2,Increase,in_cis,DownRegulated,In_cis_Increase_DownRegulated
EEF1AKMT4,-0.47013126767693,7.50537442444699,67.7030733526831,2.61343585707791e-16,8.79435880129668e-16,ENSG00000284753,3,2,Increase,in_cis,DownRegulated,In_cis_Increase_DownRegulated
ERGIC3,-0.339922426644087,8.11654258684084,66.3444327615852,5.14198239442128e-16,1.70308633900317e-15,ENSG00000125991,4,3,Increase,in_cis,DownRegulated,In_cis_Increase_DownRegulated
SLC17A5,-0.54506722383275,7.25370731525305,87.0513096551122,5.98211554899769e-16,1.97358683924197e-15,ENSG00000119899,4,3,Increase,in_cis,DownRegulated,In_cis_Increase_DownRegulated
CISD3,-0.46426822935627,7.49721231000851,66.0060946148403,6.08630856810068e-16,2.00581866150426e-15,ENSG00000277972,4,3,Increase,in_cis,DownRegulated,In_cis_Increase_DownRegulated
TSPYL4,0.526712758202091,7.41584226295283,65.4225542890032,8.14089738694202e-16,2.66680598983843e-15,ENSG00000187189,2,3,Decrease,in_cis,UpRegulated,In_cis_Decrease_UpRegulated
EBAG9,0.528710540063765,7.3532809515973,64.6471619383438,1.55666274157058e-15,5.03172492599786e-15,ENSG00000147654,2,3,Decrease,in_cis,UpRegulated,In_cis_Decrease_UpRegulated
RAB38,-0.496393474959039,7.31498321747409,70.7097507359291,1.97860952351865e-15,6.37116392974515e-15,ENSG00000123892,4,3,Increase,in_cis,DownRegulated,In_cis_Increase_DownRegulated
EIF6,-0.302470282394114,8.44210058173117,63.4133111981307,2.21761801567782e-15,7.11850772600115e-15,ENSG00000242372,4,3,Increase,in_cis,DownRegulated,In_cis_Increase_DownRegulated
ZMIZ1,0.500368672467889,7.48074240424073,62.1245518868572,4.21958051350184e-15,1.33596014617502e-14,ENSG00000108175,10,11,Decrease,in_cis,UpRegulated,In_cis_Decrease_UpRegulated
PPP1R11,-0.369647557728499,7.9612840275455,61.812556341253,4.93097025734529e-15,1.55587562888443e-14,ENSG00000204619,5,4,Increase,in_cis,DownRegulated,In_cis_Increase_DownRegulated
COA4,-0.33314419856423,8.15061090453228,61.0770328244952,7.12015877834456e-15,2.22390933656723e-14,ENSG00000181924,3,2,Increase,in_cis,DownRegulated,In_cis_Increase_DownRegulated
FAM181B,-0.551822441390545,7.21200205977083,95.3908002939216,7.28615587397464e-15,2.27422331591985e-14,ENSG00000182103,4,3,Increase,in_cis,DownRegulated,In_cis_Increase_DownRegulated
KDM5C,0.4426721645923,7.72202620402467,60.926855439939,7.6749425639171e-15,2.39154617935177e-14,ENSG00000126012,4,5,Decrease,in_cis,UpRegulated,In_cis_Decrease_UpRegulated
ILDR2,0.523177321208483,7.35561791386724,60.832887472448,8.0438798050355e-15,2.50482361391089e-14,ENSG00000143195,7,8,Decrease,in_cis,UpRegulated,In_cis_Decrease_UpRegulated
TRIP12,-0.45786255870597,7.3826464003069,60.3207364752124,1.03900235793147e-14,3.22348219821741e-14,ENSG00000153827,3,2,Increase,in_cis,DownRegulated,In_cis_Increase_DownRegulated
VARS,-0.366487317664279,7.91928794838917,60.2777112964195,1.0615868795418e-14,3.29134566669183e-14,ENSG00000204394,5,4,Increase,in_cis,DownRegulated,In_cis_Increase_DownRegulated
RND2,-0.430541227276051,7.55978918446722,59.8378129917668,1.3226702825509e-14,4.08304481757798e-14,ENSG00000108830,4,3,Increase,in_cis,DownRegulated,In_cis_Increase_DownRegulated
TMEM147,-0.272962050652716,8.59030181406186,59.7509101894527,1.38140063150508e-14,4.25583486872732e-14,ENSG00000105677,4,3,Increase,in_cis,DownRegulated,In_cis_Increase_DownRegulated
VCL,0.502950227967919,7.62728573796327,59.3369167757227,1.69909030639358e-14,5.2172265821777e-14,ENSG00000035403,6,10,Decrease,in_cis,UpRegulated,In_cis_Decrease_UpRegulated
MRPS23,-0.282367611671456,8.43941746809279,58.9582925287797,2.0532901981476e-14,6.28608076524764e-14,ENSG00000181610,4,3,Increase,in_cis,DownRegulated,In_cis_Increase_DownRegulated
GDAP1,-0.440900790291534,7.46517703432272,58.8008949563131,2.22147076726448e-14,6.78302741856892e-14,ENSG00000104381,4,3,Increase,in_cis,DownRegulated,In_cis_Increase_DownRegulated
DNM3,0.562032375750308,7.22175019006356,77.1083224944668,6.46869824989539e-14,1.92626231395149e-13,ENSG00000197959,7,8,Decrease,in_cis,UpRegulated,In_cis_Decrease_UpRegulated
MYBL2,-0.468844306352737,7.5968482299757,56.4095686409826,7.35274742497564e-14,2.18600295715579e-13,ENSG00000101057,4,3,Increase,in_cis,DownRegulated,In_cis_Increase_DownRegulated
C6orf136,-0.467771140830216,7.33542175697496,62.4158913828439,7.46992686564883e-14,2.21799366933881e-13,ENSG00000204564,5,4,Increase,in_cis,DownRegulated,In_cis_Increase_DownRegulated
PLK1,-0.562582344978842,7.75033009764182,53.8610644005737,2.63748947620713e-13,7.61886576475923e-13,ENSG00000166851,3,2,Increase,in_cis,DownRegulated,In_cis_Increase_DownRegulated
TOMM34,-0.408923520480603,7.53208188375912,53.6108652849705,2.99017346244649e-13,8.60545727123463e-13,ENSG00000025772,4,3,Increase,in_cis,DownRegulated,In_cis_Increase_DownRegulated
CPLANE1,0.458876363101433,7.51241569357731,53.202152874633,3.67072025747217e-13,1.05345577649387e-12,ENSG00000197603,3,4,Decrease,in_cis,UpRegulated,In_cis_Decrease_UpRegulated
PSMG1,-0.292976427057521,8.30733333192486,51.8166815361291,7.35860183287214e-13,2.07835632255267e-12,ENSG00000183527,4,3,Increase,in_cis,DownRegulated,In_cis_Increase_DownRegulated
STARD3,-0.472055290860861,7.25310507028339,67.8594330406762,1.96246554339612e-12,5.41240869128362e-12,ENSG00000131748,4,3,Increase,in_cis,DownRegulated,In_cis_Increase_DownRegulated
MTCH2,-0.302597674133342,8.0881518023527,49.623044466143,2.21590759202666e-12,6.10049567088706e-12,ENSG00000109919,3,2,Increase,in_cis,DownRegulated,In_cis_Increase_DownRegulated
NIF3L1,-0.405565417583827,7.36822943224236,48.7745685101906,3.39553447744685e-12,9.26545843860608e-12,ENSG00000196290,3,2,Increase,in_cis,DownRegulated,In_cis_Increase_DownRegulated
CBX5,0.281328956129524,8.4911789504182,48.7591495021116,3.42198022773552e-12,9.3348718579923e-12,ENSG00000094916,2,3,Decrease,in_cis,UpRegulated,In_cis_Decrease_UpRegulated
GPR161,0.370130413333513,7.84105121784331,48.6028706372539,3.70193989908182e-12,1.00778052380529e-11,ENSG00000143147,7,8,Decrease,in_cis,UpRegulated,In_cis_Decrease_UpRegulated
RAB5C,-0.279773172353865,8.2176998917008,47.7345614645935,5.73121066787655e-12,1.54522513466846e-11,ENSG00000108774,4,3,Increase,in_cis,DownRegulated,In_cis_Increase_DownRegulated
KALRN,0.513615502073266,7.18547642451368,79.4049871101847,1.01922785798656e-11,2.71247540258187e-11,ENSG00000160145,2,3,Decrease,in_cis,UpRegulated,In_cis_Decrease_UpRegulated
CCDC14,0.411039617268268,7.79039593520783,45.5478360802697,1.72492396212698e-11,4.53968624577965e-11,ENSG00000175455,2,3,Decrease,in_cis,UpRegulated,In_cis_Decrease_UpRegulated
WASF1,0.44090730058561,7.56782903866578,44.8543579865417,2.44724235616994e-11,6.39166991473311e-11,ENSG00000112290,2,3,Decrease,in_cis,UpRegulated,In_cis_Decrease_UpRegulated
PYGB,-0.459109904309068,7.23341893842378,64.037417800134,3.09757232719671e-11,8.03581910925521e-11,ENSG00000100994,4,3,Increase,in_cis,DownRegulated,In_cis_Increase_DownRegulated
METTL21A,-0.38481366058319,7.43268062444089,43.8327874014655,4.09818356764973e-11,1.05665384276947e-10,ENSG00000144401,3,2,Increase,in_cis,DownRegulated,In_cis_Increase_DownRegulated
PWWP2A,0.419137892095116,7.43430737302959,43.7264393347547,4.32425305711835e-11,1.11370253881413e-10,ENSG00000170234,2,3,Decrease,in_cis,UpRegulated,In_cis_Decrease_UpRegulated
SENP7,0.475498544374928,7.272517107215,53.300524629873,4.43414325347908e-11,1.14136991109281e-10,ENSG00000138468,3,4,Decrease,in_cis,UpRegulated,In_cis_Decrease_UpRegulated
TRIM27,-0.330936362502187,7.75030740848817,43.2283168453085,5.56112317979555e-11,1.42276291459889e-10,ENSG00000204713,5,4,Increase,in_cis,DownRegulated,In_cis_Increase_DownRegulated
LAMP1,-0.32850993728586,7.79103070381498,42.7318174716566,7.14658661832339e-11,1.8133656103026e-10,ENSG00000185896,4,2,Increase,in_cis,DownRegulated,In_cis_Increase_DownRegulated
NFKBIZ,0.456672228469609,7.26162048939447,43.1720219132314,9.25702059049768e-11,2.33861572812573e-10,ENSG00000144802,3,4,Decrease,in_cis,UpRegulated,In_cis_Decrease_UpRegulated
EDEM2,-0.405231894011861,7.31129936623474,47.4814743488074,9.86076895426362e-11,2.4891052749945e-10,ENSG00000088298,4,3,Increase,in_cis,DownRegulated,In_cis_Increase_DownRegulated
PFDN6,-0.25419813977335,8.37056636570273,41.8629815370907,1.1087361943091e-10,2.79264059382259e-10,ENSG00000204220,5,4,Increase,in_cis,DownRegulated,In_cis_Increase_DownRegulated
LRWD1,-0.367326728713907,7.45687884665586,41.6228934363851,1.25186020905487e-10,3.1428815654971e-10,ENSG00000161036,3,2,Increase,in_cis,DownRegulated,In_cis_Increase_DownRegulated
EXTL2,-0.341873221879019,7.65014652582257,41.339496529474,1.44479979698218e-10,3.61063537071565e-10,ENSG00000162694,4,3,Increase,in_cis,DownRegulated,In_cis_Increase_DownRegulated
FDFT1,-0.337833387115402,7.94828426325725,41.3277087632279,1.4534406815441e-10,3.63124985809723e-10,ENSG00000079459,3,2,Increase,in_cis,DownRegulated,In_cis_Increase_DownRegulated
SPG21,-0.344491950763072,7.66646380789883,41.179938462639,1.56625636870995e-10,3.90363169215201e-10,ENSG00000090487,3,2,Increase,in_cis,DownRegulated,In_cis_Increase_DownRegulated
PSME3,-0.332010122512168,7.68741669230217,41.0328183333303,1.68728851337601e-10,4.19287574783137e-10,ENSG00000131467,4,3,Increase,in_cis,DownRegulated,In_cis_Increase_DownRegulated
SOBP,0.439184237296584,7.31311082784925,40.9926587113108,1.72192499297045e-10,4.2755060667055e-10,ENSG00000112320,2,3,Decrease,in_cis,UpRegulated,In_cis_Decrease_UpRegulated
PTPMT1,-0.370446195136686,7.44766262467148,40.9618383646407,1.74898885694646e-10,4.34037845452774e-10,ENSG00000110536,3,2,Increase,in_cis,DownRegulated,In_cis_Increase_DownRegulated
CDYL,0.343859114405855,7.73315074268094,40.7992957593031,1.8989292333261e-10,4.70617453652569e-10,ENSG00000153046,5,6,Decrease,in_cis,UpRegulated,In_cis_Decrease_UpRegulated
GOLGB1,0.36226913327,7.95625938810725,40.7220345490196,1.97464941630839e-10,4.88599150445538e-10,ENSG00000173230,2,3,Decrease,in_cis,UpRegulated,In_cis_Decrease_UpRegulated
TSPYL2,0.433528827400353,7.42786435373311,39.8575123525546,3.05897692657222e-10,7.48701776691281e-10,ENSG00000184205,4,5,Decrease,in_cis,UpRegulated,In_cis_Decrease_UpRegulated
BYSL,-0.323081122677153,7.71516131197824,39.7177164133074,3.28342036119187e-10,8.01517950621382e-10,ENSG00000112578,5,4,Increase,in_cis,DownRegulated,In_cis_Increase_DownRegulated
KCTD14,-0.434150365208576,7.22032982951373,58.4981021673238,4.33789077851381e-10,1.05089487897887e-09,ENSG00000151364,4,3,Increase,in_cis,DownRegulated,In_cis_Increase_DownRegulated
RBPMS2,-0.397798718298151,7.30055762268415,44.3262661970416,4.50311724920668e-10,1.08978260701804e-09,ENSG00000166831,3,2,Increase,in_cis,DownRegulated,In_cis_Increase_DownRegulated
OPTN,0.421841271822323,7.31958617339603,38.5367167718197,5.97380244994931e-10,1.43297011642492e-09,ENSG00000123240,4,5,Decrease,in_cis,UpRegulated,In_cis_Decrease_UpRegulated
SFT2D2,0.339753428101814,7.71443033688158,38.0556931444578,7.62420468102002e-10,1.81383236170954e-09,ENSG00000213064,7,8,Decrease,in_cis,UpRegulated,In_cis_Decrease_UpRegulated
PHLDB2,0.466596863534735,7.18093297671998,65.3129439822248,7.73221155796396e-10,1.83905540110342e-09,ENSG00000144824,3,4,Decrease,in_cis,UpRegulated,In_cis_Decrease_UpRegulated
CHCHD1,0.314782176254978,7.80894855752209,37.8019023133634,8.67179816816016e-10,2.05094557645738e-09,ENSG00000172586,6,10,Decrease,in_cis,UpRegulated,In_cis_Decrease_UpRegulated
AEN,-0.395544850583413,7.28982598054221,42.9412854963045,8.69354415724689e-10,2.05556388649146e-09,ENSG00000181026,4,3,Increase,in_cis,DownRegulated,In_cis_Increase_DownRegulated
STRADB,-0.389716783085785,7.31111584188186,43.1362663724087,9.18162416509659e-10,2.1682020460223e-09,ENSG00000082146,3,2,Increase,in_cis,DownRegulated,In_cis_Increase_DownRegulated
EPHX4,-0.407800513117075,7.24095358640119,49.9688775395807,9.95008745386887e-10,2.34369718211648e-09,ENSG00000172031,4,3,Increase,in_cis,DownRegulated,In_cis_Increase_DownRegulated
CXXC1,-0.356886105868217,7.4069368350003,37.0167357166339,1.29174252162663e-09,3.02495013153415e-09,ENSG00000154832,3,2,Increase,in_cis,DownRegulated,In_cis_Increase_DownRegulated
SPESP1,-0.357481087531004,7.39756022571974,36.6738808244211,1.53740078114602e-09,3.58481772880361e-09,ENSG00000258484,3,2,Increase,in_cis,DownRegulated,In_cis_Increase_DownRegulated
SLC35C2,-0.340066521491099,7.50189762825539,35.9456742489287,2.22567450657828e-09,5.13924442396341e-09,ENSG00000080189,4,3,Increase,in_cis,DownRegulated,In_cis_Increase_DownRegulated
NUDCD1,0.382188353188128,7.35273783534645,35.9591297352017,2.24629815421795e-09,5.18428153977955e-09,ENSG00000120526,2,3,Decrease,in_cis,UpRegulated,In_cis_Decrease_UpRegulated
OLFML2B,0.436795721416971,7.2886187863667,35.8429502134582,2.34496319873696e-09,5.40391519231324e-09,ENSG00000162745,7,8,Decrease,in_cis,UpRegulated,In_cis_Decrease_UpRegulated
CCAR2,-0.370377621224108,7.31066618141263,38.5429946777618,3.3365593591116e-09,7.58897272349862e-09,ENSG00000158941,3,2,Increase,in_cis,DownRegulated,In_cis_Increase_DownRegulated
PIANP,0.404301375519464,7.30191374951863,38.8422916422494,3.64577072297813e-09,8.27196178733026e-09,ENSG00000139200,3,5,Decrease,in_cis,UpRegulated,In_cis_Decrease_UpRegulated
ALG8,-0.322874939541335,7.57607279640238,34.7196653902933,4.15171381072252e-09,9.37856053219542e-09,ENSG00000159063,4,3,Increase,in_cis,DownRegulated,In_cis_Increase_DownRegulated
TUBB2A,0.293187829811275,8.17277857577738,34.4306304576891,4.80960036974243e-09,1.08172220988817e-08,ENSG00000137267,5,6,Decrease,in_cis,UpRegulated,In_cis_Decrease_UpRegulated
MTX2,-0.280400117526589,7.86549948119255,34.3219140020987,5.08325602923211e-09,1.14022479067328e-08,ENSG00000128654,3,2,Increase,in_cis,DownRegulated,In_cis_Increase_DownRegulated
DLX5,-0.421166873903754,7.20542007823601,53.4932725602362,5.27351684616886e-09,1.18175762126048e-08,ENSG00000105880,3,2,Increase,in_cis,DownRegulated,In_cis_Increase_DownRegulated
RNF145,0.345932992097872,7.55811615873231,34.0890333849756,5.72310631043622e-09,1.28003034427526e-08,ENSG00000145860,2,3,Decrease,in_cis,UpRegulated,In_cis_Decrease_UpRegulated
WDR74,-0.311158291587946,7.65342902270122,33.879736337312,6.36675035842755e-09,1.41884953862095e-08,ENSG00000133316,3,2,Increase,in_cis,DownRegulated,In_cis_Increase_DownRegulated
KIFAP3,0.268470072419564,8.11944513670765,33.6828293884696,7.03838333648943e-09,1.56288550405652e-08,ENSG00000075945,7,8,Decrease,in_cis,UpRegulated,In_cis_Decrease_UpRegulated
RETREG2,-0.362242985950064,7.33477834065781,36.0028769160464,7.52940541184535e-09,1.67031637297259e-08,ENSG00000144567,3,2,Increase,in_cis,DownRegulated,In_cis_Increase_DownRegulated
NEFL,-0.361104461414602,8.93876388873927,33.5219163773333,7.63964059639338e-09,1.69395956163208e-08,ENSG00000277586,3,2,Increase,in_cis,DownRegulated,In_cis_Increase_DownRegulated
ZC3HC1,-0.346481721500161,7.32501386545064,34.8460697417256,8.12299950982442e-09,1.7989832048533e-08,ENSG00000091732,3,2,Increase,in_cis,DownRegulated,In_cis_Increase_DownRegulated
MED24,-0.380606969883125,7.25560388622811,42.8328660331612,1.03167643884485e-08,2.26587257692241e-08,ENSG00000008838,4,3,Increase,in_cis,DownRegulated,In_cis_Increase_DownRegulated
USF3,0.416464737299155,7.25169603009352,43.3123130292792,1.07925782719188e-08,2.36756914778725e-08,ENSG00000176542,3,4,Decrease,in_cis,UpRegulated,In_cis_Decrease_UpRegulated
FKBP10,-0.318198402450097,7.57971267120136,32.7918798525127,1.10830858376346e-08,2.42899709486271e-08,ENSG00000141756,4,3,Increase,in_cis,DownRegulated,In_cis_Increase_DownRegulated
IMP3,-0.274303552545086,7.88881085837799,32.3069337350338,1.41928661062979e-08,3.0842766035361e-08,ENSG00000177971,3,2,Increase,in_cis,DownRegulated,In_cis_Increase_DownRegulated
GDF6,0.41981569875968,7.23461953839759,40.1453845900188,1.66190501115544e-08,3.59297270089708e-08,ENSG00000156466,2,3,Decrease,in_cis,UpRegulated,In_cis_Decrease_UpRegulated
FAM184A,0.343226684393605,7.52459990729049,31.0870569261044,2.64554552040639e-08,5.6276311598266e-08,ENSG00000111879,2,3,Decrease,in_cis,UpRegulated,In_cis_Decrease_UpRegulated
CEBPB,-0.356951866795091,7.37749225532309,30.9701611607274,2.80834726498934e-08,5.96162444153558e-08,ENSG00000172216,4,3,Increase,in_cis,DownRegulated,In_cis_Increase_DownRegulated
INTS14,-0.333792409656896,7.35407889235331,32.2823586293873,3.11559283293627e-08,6.5911970779451e-08,ENSG00000138614,3,2,Increase,in_cis,DownRegulated,In_cis_Increase_DownRegulated
FAM83D,-0.392430421967351,7.42524836175826,30.6165081858659,3.36462996022238e-08,7.10021228963557e-08,ENSG00000101447,4,3,Increase,in_cis,DownRegulated,In_cis_Increase_DownRegulated
ATF3,0.447119762406851,7.42352062945872,30.3823888465165,3.79239735065329e-08,7.97746799646959e-08,ENSG00000162772,3,4,Decrease,in_cis,UpRegulated,In_cis_Decrease_UpRegulated
TADA1,0.335827235844635,7.47094549911203,29.926811406365,4.78738458228468e-08,1.00091019567333e-07,ENSG00000152382,7,8,Decrease,in_cis,UpRegulated,In_cis_Decrease_UpRegulated
AGPS,-0.323635971989101,7.35084985540622,29.8822133034971,4.89786340714107e-08,1.02377722481396e-07,ENSG00000018510,3,2,Increase,in_cis,DownRegulated,In_cis_Increase_DownRegulated
IARS,-0.251807916064999,8.02694675593154,29.7966668108234,5.11698390747533e-08,1.06765177745161e-07,ENSG00000196305,4,3,Increase,in_cis,DownRegulated,In_cis_Increase_DownRegulated
CCNE1,-0.337020135608699,7.41685602208179,29.4228593464128,6.19574213830548e-08,1.28607114428102e-07,ENSG00000105173,4,3,Increase,in_cis,DownRegulated,In_cis_Increase_DownRegulated
CDKN1B,0.342661960438274,7.58032639335231,29.275621200963,6.68079281373413e-08,1.38365447409866e-07,ENSG00000111276,3,5,Decrease,in_cis,UpRegulated,In_cis_Decrease_UpRegulated
MED20,-0.33215031214734,7.31520241419036,30.8035918871194,7.04544665058624e-08,1.45722299109245e-07,ENSG00000124641,5,4,Increase,in_cis,DownRegulated,In_cis_Increase_DownRegulated
MRPL10,-0.283050626683471,7.66262472475451,28.9210267903013,8.01103130197089e-08,1.65103879825269e-07,ENSG00000159111,4,3,Increase,in_cis,DownRegulated,In_cis_Increase_DownRegulated
CCDC85B,-0.278200099114569,7.7894375125478,28.9027548060687,8.08635915410652e-08,1.66582235276057e-07,ENSG00000175602,3,2,Increase,in_cis,DownRegulated,In_cis_Increase_DownRegulated
WBP2,-0.316107779955916,7.37136734356498,28.8955058532434,8.1164399688793e-08,1.67090444159329e-07,ENSG00000132471,4,3,Increase,in_cis,DownRegulated,In_cis_Increase_DownRegulated
TAP2,-0.34165115749568,7.30197822931118,32.5983800482862,9.14402363186129e-08,1.87619567941446e-07,ENSG00000204267,5,4,Increase,in_cis,DownRegulated,In_cis_Increase_DownRegulated
FIBP,-0.255260774737003,7.80402525351973,27.4288276911595,1.72168782154901e-07,3.46657595714629e-07,ENSG00000172500,3,2,Increase,in_cis,DownRegulated,In_cis_Increase_DownRegulated
PEPD,-0.263297518845331,7.7605537123202,27.221539656347,1.91498294492173e-07,3.84324133486892e-07,ENSG00000124299,4,3,Increase,in_cis,DownRegulated,In_cis_Increase_DownRegulated
NQO2,0.327164718229356,7.43014967762034,26.9454683715848,2.20663441889414e-07,4.41803787694733e-07,ENSG00000124588,5,6,Decrease,in_cis,UpRegulated,In_cis_Decrease_UpRegulated
PSMB9,-0.335772356980498,7.37968654076483,26.9143094574872,2.24223196686211e-07,4.48737026161386e-07,ENSG00000240065,5,4,Increase,in_cis,DownRegulated,In_cis_Increase_DownRegulated
ZBTB11,0.334995573525184,7.37719001506693,26.6987028895761,2.50484747406025e-07,4.99890284353602e-07,ENSG00000066422,3,4,Decrease,in_cis,UpRegulated,In_cis_Decrease_UpRegulated
SNRNP48,0.301156794479605,7.62598596224252,26.4851061513881,2.7954300945577e-07,5.55607474704623e-07,ENSG00000168566,5,6,Decrease,in_cis,UpRegulated,In_cis_Decrease_UpRegulated
NDRG3,-0.25864841638548,7.74806461061676,26.4536290909954,2.84102131499783e-07,5.64184811621435e-07,ENSG00000101079,4,3,Increase,in_cis,DownRegulated,In_cis_Increase_DownRegulated
RBP1,0.35581581436304,7.27966432798088,27.3308366898298,3.3393306052487e-07,6.58483582950702e-07,ENSG00000114115,2,3,Decrease,in_cis,UpRegulated,In_cis_Decrease_UpRegulated
MIR4458HG,0.342684002254696,7.30705216441291,27.4438818653243,6.07596708841399e-07,1.17609191615268e-06,ENSG00000247516,1,2,Decrease,in_cis,UpRegulated,In_cis_Decrease_UpRegulated
LASP1,-0.341023034748437,7.23966786395973,34.0970715393821,6.14245069830123e-07,1.1879679179345e-06,ENSG00000002834,4,3,Increase,in_cis,DownRegulated,In_cis_Increase_DownRegulated
OSGEP,0.314344150887811,7.37362829694985,24.7157967173712,6.94858368860218e-07,1.33662124774108e-06,ENSG00000092094,1,2,Decrease,in_cis,UpRegulated,In_cis_Decrease_UpRegulated
SLC19A1,-0.315373474778985,7.31911478643409,27.4562244847434,8.90192736580832e-07,1.69930878048317e-06,ENSG00000173638,4,3,Increase,in_cis,DownRegulated,In_cis_Increase_DownRegulated
TMEM223,-0.262396908688991,7.64285953841812,23.7853711759779,1.12280941825231e-06,2.12975152553018e-06,ENSG00000168569,3,2,Increase,in_cis,DownRegulated,In_cis_Increase_DownRegulated
RBM38,-0.283496492837947,7.47187374209888,23.2595048026955,1.47314654957991e-06,2.77044856583604e-06,ENSG00000132819,4,3,Increase,in_cis,DownRegulated,In_cis_Increase_DownRegulated
BCS1L,-0.289048988164297,7.3307098095573,23.8505415675825,1.52484820621425e-06,2.86419176447057e-06,ENSG00000074582,3,2,Increase,in_cis,DownRegulated,In_cis_Increase_DownRegulated
CHN1,-0.284428728906694,7.35301916664073,22.9882875969775,1.69479646099442e-06,3.17440242916545e-06,ENSG00000128656,3,2,Increase,in_cis,DownRegulated,In_cis_Increase_DownRegulated
GALNT12,-0.331902998148885,7.23791850150837,32.4893720742177,1.81243782387096e-06,3.38858203841383e-06,ENSG00000119514,4,3,Increase,in_cis,DownRegulated,In_cis_Increase_DownRegulated
IMPDH1,-0.304878603809259,7.30649169569772,25.5040161957974,1.89897555137268e-06,3.54366374013157e-06,ENSG00000106348,3,2,Increase,in_cis,DownRegulated,In_cis_Increase_DownRegulated
CEP97,0.31756631720157,7.34280766038748,23.6264552446379,1.90943952830536e-06,3.5613142319752e-06,ENSG00000182504,3,4,Decrease,in_cis,UpRegulated,In_cis_Decrease_UpRegulated
KAT2A,-0.315061924037695,7.28473416338821,27.0687814132825,1.9303531035071e-06,3.59814711285509e-06,ENSG00000108773,4,3,Increase,in_cis,DownRegulated,In_cis_Increase_DownRegulated
R3HDM2,0.30530956421902,7.37515496312614,22.516447946574,2.16316471068171e-06,4.01997149042234e-06,ENSG00000179912,2,3,Decrease,in_cis,UpRegulated,In_cis_Decrease_UpRegulated
RPF1,-0.252503110453975,7.63114565493459,22.3546868074247,2.35202468758278e-06,4.35870308176974e-06,ENSG00000117133,4,3,Increase,in_cis,DownRegulated,In_cis_Increase_DownRegulated
COX17,0.274416386789079,7.62461678610437,22.3468374339339,2.36159890658599e-06,4.37382092575223e-06,ENSG00000138495,2,3,Decrease,in_cis,UpRegulated,In_cis_Decrease_UpRegulated
CEBPA,-0.33587476379651,7.19797277808831,37.4471058296015,2.39847840122808e-06,4.43946132047491e-06,ENSG00000245848,4,3,Increase,in_cis,DownRegulated,In_cis_Increase_DownRegulated
ICE1,0.300088166518524,7.41277002687542,22.2110885632811,2.533506108911e-06,4.68003999859451e-06,ENSG00000164151,1,2,Decrease,in_cis,UpRegulated,In_cis_Decrease_UpRegulated
PXDC1,0.355950233174612,7.18390338346075,37.981967939561,3.01155679378486e-06,5.53223520476363e-06,ENSG00000168994,5,6,Decrease,in_cis,UpRegulated,In_cis_Decrease_UpRegulated
GATB,-0.304410538250092,7.30148807780149,25.7627986186259,3.12076729190719e-06,5.72490855291648e-06,ENSG00000059691,3,2,Increase,in_cis,DownRegulated,In_cis_Increase_DownRegulated
LMBRD2,0.344046810933018,7.21009106739031,33.0261875037525,3.36874291581451e-06,6.16029103278831e-06,ENSG00000164187,4,5,Decrease,in_cis,UpRegulated,In_cis_Decrease_UpRegulated
PPP3CB,0.29160162203423,7.3753129253054,21.4868582652316,3.68692785028812e-06,6.72488671098034e-06,ENSG00000107758,6,10,Decrease,in_cis,UpRegulated,In_cis_Decrease_UpRegulated
HIST1H3H,-0.35260686003738,7.22504461895029,30.2317523906378,4.36242065341309e-06,7.91489716670954e-06,ENSG00000278828,5,4,Increase,in_cis,DownRegulated,In_cis_Increase_DownRegulated
CPSF4,-0.265592310198286,7.4313174249499,20.8224737768896,5.20422435964254e-06,9.39071571245198e-06,ENSG00000160917,3,2,Increase,in_cis,DownRegulated,In_cis_Increase_DownRegulated
U2AF1,0.337354714449159,7.19627373114205,33.5365907316099,6.77164866595587e-06,1.21269192424928e-05,ENSG00000160201,2.89041095890411,3,Decrease,in_cis,UpRegulated,In_cis_Decrease_UpRegulated
ZBTB37,0.287002407555278,7.46396149519547,20.1413106521501,7.41397729525472e-06,1.32413891774127e-05,ENSG00000185278,7,8,Decrease,in_cis,UpRegulated,In_cis_Decrease_UpRegulated
FAIM,0.33571263702807,7.20989333753748,30.9358074082353,7.52034795565044e-06,1.34210178118177e-05,ENSG00000158234,2,3,Decrease,in_cis,UpRegulated,In_cis_Decrease_UpRegulated
TSPAN31,0.329489718956304,7.25756955209633,26.1991638903857,8.34118236996529e-06,1.48572800375617e-05,ENSG00000135452,2,3,Decrease,in_cis,UpRegulated,In_cis_Decrease_UpRegulated
MTO1,-0.278564965920606,7.33644755270928,21.6412697307191,9.11072824636115e-06,1.61937426082674e-05,ENSG00000135297,4,3,Increase,in_cis,DownRegulated,In_cis_Increase_DownRegulated
IDH1,-0.26736300700983,7.38618084676043,19.6527648724252,9.5594161359741e-06,1.69652166826943e-05,ENSG00000138413,3,2,Increase,in_cis,DownRegulated,In_cis_Increase_DownRegulated
SLC25A19,-0.304747666639225,7.24080794407886,27.4345145790083,1.09834015988437e-05,1.94105746683877e-05,ENSG00000125454,4,3,Increase,in_cis,DownRegulated,In_cis_Increase_DownRegulated
BEND7,0.253633568149501,7.73038515488463,18.9824568578411,1.35546261121615e-05,2.3773202632159e-05,ENSG00000165626,4,5,Decrease,in_cis,UpRegulated,In_cis_Decrease_UpRegulated
CHKA,-0.258987354685672,7.35991371713289,18.7574564040514,1.52422842230668e-05,2.66524199778201e-05,ENSG00000110721,3,2,Increase,in_cis,DownRegulated,In_cis_Increase_DownRegulated
ZNF678,0.312575174054752,7.25230510243675,24.3556357080593,1.89845183229547e-05,3.29781694625638e-05,ENSG00000181450,3,4,Decrease,in_cis,UpRegulated,In_cis_Decrease_UpRegulated
KPNA5,0.273834526658201,7.38349991861345,18.2971513371899,1.93821096218195e-05,3.36435944419217e-05,ENSG00000196911,2,3,Decrease,in_cis,UpRegulated,In_cis_Decrease_UpRegulated
STRN3,0.27166053182158,7.39823400327991,18.2345329284049,2.00265616045671e-05,3.47232017040444e-05,ENSG00000196792,2,3,Decrease,in_cis,UpRegulated,In_cis_Decrease_UpRegulated
DDIAS,-0.29423792936331,7.20468287724099,27.4799928045195,2.03099593322816e-05,3.52013963057542e-05,ENSG00000165490,4,3,Increase,in_cis,DownRegulated,In_cis_Increase_DownRegulated
MX2,-0.25336671430677,7.44962601511366,17.980895059419,2.28649426930679e-05,3.94525664199257e-05,ENSG00000183486,4,3,Increase,in_cis,DownRegulated,In_cis_Increase_DownRegulated
FAM173B,0.310346404440932,7.17870567358859,31.4926333895865,2.60864872923974e-05,4.48192170394601e-05,ENSG00000150756,1,2,Decrease,in_cis,UpRegulated,In_cis_Decrease_UpRegulated
DDIT3,0.321050590304223,7.57238393939808,17.5148376415274,2.91774976335477e-05,4.98709110843517e-05,ENSG00000175197,2,3,Decrease,in_cis,UpRegulated,In_cis_Decrease_UpRegulated
SLC30A7,-0.265820054234128,7.33006838042443,19.0778829434648,3.02047622159284e-05,5.15506479676419e-05,ENSG00000162695,4,3,Increase,in_cis,DownRegulated,In_cis_Increase_DownRegulated
ZNF354C,0.302460766661958,7.22881256711705,24.2968855825727,3.82608343108107e-05,6.46331818116978e-05,ENSG00000177932,2,3,Decrease,in_cis,UpRegulated,In_cis_Decrease_UpRegulated
HOXD13,-0.256327625295007,7.34845507962084,17.9511774260843,4.49189992075159e-05,7.53721442960383e-05,ENSG00000128714,3,2,Increase,in_cis,DownRegulated,In_cis_Increase_DownRegulated
CACNA2D1,-0.266976762278498,7.30681879400248,16.1104400019601,6.09505897920155e-05,0.000101318188378473,ENSG00000153956,3,2,Increase,in_cis,DownRegulated,In_cis_Increase_DownRegulated
HIST1H2BG,-0.269716549154952,7.31063055958104,16.1234795346211,6.86782144139819e-05,0.000113674285926591,ENSG00000273802,5,4,Increase,in_cis,DownRegulated,In_cis_Increase_DownRegulated
SLC39A14,-0.256039740297831,7.29007665777138,17.9420738178805,6.9984479206327e-05,0.000115774324172752,ENSG00000104635,3,2,Increase,in_cis,DownRegulated,In_cis_Increase_DownRegulated
PRPF18,0.269713549015032,7.29307190531943,17.2649248409861,8.19740312909472e-05,0.000134766180280272,ENSG00000165630,4,5,Decrease,in_cis,UpRegulated,In_cis_Decrease_UpRegulated
FPGT,-0.284620127256765,7.19811224676958,25.9982672172697,8.271558536562e-05,0.000135912944807929,ENSG00000254685,4,3,Increase,in_cis,DownRegulated,In_cis_Increase_DownRegulated
RICTOR,0.258242441082287,7.33593499184992,15.714416172625,9.5749392251972e-05,0.000156496536665891,ENSG00000164327,3,4,Decrease,in_cis,UpRegulated,In_cis_Decrease_UpRegulated
RREB1,0.278652492657007,7.240042955833,20.2800743902315,0.000112105356567426,0.000182200705831691,ENSG00000124782,5,6,Decrease,in_cis,UpRegulated,In_cis_Decrease_UpRegulated
LRRC8D,-0.25463993423683,7.26836313171792,18.2565017566187,0.000160806387385603,0.000258226793680054,ENSG00000171492,4,3,Increase,in_cis,DownRegulated,In_cis_Increase_DownRegulated
RIBC1,0.277410865493016,7.22025927413492,20.7804575615204,0.000220551995575039,0.000351184889482153,ENSG00000158423,4,5,Decrease,in_cis,UpRegulated,In_cis_Decrease_UpRegulated
MXD3,0.262785024045437,7.40680717653535,13.6320794580894,0.000225596987204192,0.000358847954920953,ENSG00000213347,2,3,Decrease,in_cis,UpRegulated,In_cis_Decrease_UpRegulated
NIPSNAP3A,-0.259004435084921,7.19615587381121,22.0270446388324,0.000251589242341428,0.000398141909984794,ENSG00000136783,4,3,Increase,in_cis,DownRegulated,In_cis_Increase_DownRegulated
TROAP,0.261112660922969,7.51865322453816,13.2515903417288,0.000276115018229928,0.000435688899485957,ENSG00000135451,2,3,Decrease,in_cis,UpRegulated,In_cis_Decrease_UpRegulated
TRIM14,-0.261771571893994,7.18981143891304,22.6646070938506,0.000290017335571033,0.00045653706828197,ENSG00000106785,4,3,Increase,in_cis,DownRegulated,In_cis_Increase_DownRegulated
GRB14,-0.255421426527385,7.21360845257318,19.7773602587587,0.000454059726177693,0.000702238614909874,ENSG00000115290,3,2,Increase,in_cis,DownRegulated,In_cis_Increase_DownRegulated
