gene_symbol,logFC,logCPM,F,PValue,FDR,ensembl_gene_id,R,H,classified_gene_dlp,classified_gene,classified_gene_rna,Gene_Type
EEF1A1,-0.965911714052469,12.651310331758,728.084442982334,1.23314276825071e-125,9.62748190339734e-123,ENSG00000156508,4,3,Increase,in_cis,DownRegulated,In_cis_Increase_DownRegulated
TRMT112,-1.10041809689933,9.27419356497624,349.186062608518,1.43737634153365e-68,3.52691086316885e-66,ENSG00000173113,3,2,Increase,in_cis,DownRegulated,In_cis_Increase_DownRegulated
ATP5MC3,-1.2736431407607,9.0126542064944,338.54849880996,9.05402347075839e-67,1.99374239915059e-64,ENSG00000154518,3,2,Increase,in_cis,DownRegulated,In_cis_Increase_DownRegulated
EEF1B2,-0.856537216497273,9.74707783665488,282.353007097542,4.75280654667233e-57,6.00251509159147e-55,ENSG00000114942,3,2,Increase,in_cis,DownRegulated,In_cis_Increase_DownRegulated
TUBA1A,1.45561097839247,8.73202806774599,260.77622535986,3.2306941345753e-53,3.42533348490527e-51,ENSG00000167552,2,3,Decrease,in_cis,UpRegulated,In_cis_Decrease_UpRegulated
NDUFS6,0.851251288649332,9.15169440065518,208.631967011577,1.03731665697866e-43,7.81445214923924e-42,ENSG00000145494,1,2,Decrease,in_cis,UpRegulated,In_cis_Decrease_UpRegulated
RAD21,1.23333999427939,8.34977123558223,196.834371202279,1.64858264416156e-41,1.08907905754303e-39,ENSG00000164754,2,3,Decrease,in_cis,UpRegulated,In_cis_Decrease_UpRegulated
TUBB2B,1.10724027503399,8.98819837673091,195.072953126562,3.52703596864084e-41,2.27745751117951e-39,ENSG00000137285,5,6,Decrease,in_cis,UpRegulated,In_cis_Decrease_UpRegulated
MAEL,1.10182786052384,8.51593811581833,188.216778319584,6.87403334398944e-40,4.09959710820703e-38,ENSG00000143194,7,8,Decrease,in_cis,UpRegulated,In_cis_Decrease_UpRegulated
EBF1,1.56034300321015,7.68190153891529,185.425195949146,2.31351031138231e-39,1.30713332593101e-37,ENSG00000164330,2,3,Decrease,in_cis,UpRegulated,In_cis_Decrease_UpRegulated
DDIT3,1.66266426950681,8.19252926725339,170.066459920781,1.92319357169068e-36,9.17577021871085e-35,ENSG00000175197,2,3,Decrease,in_cis,UpRegulated,In_cis_Decrease_UpRegulated
OPTN,1.40667663139576,7.6875322951243,154.86846776214,1.73544044421798e-33,7.09712501664e-32,ENSG00000123240,4,5,Decrease,in_cis,UpRegulated,In_cis_Decrease_UpRegulated
COL1A2,-1.47761336962587,7.74940248938548,153.254360862866,3.30904389399683e-33,1.32794714774041e-31,ENSG00000164692,3,2,Increase,in_cis,DownRegulated,In_cis_Increase_DownRegulated
DSP,1.36907556345419,7.84810874947567,151.954030793296,5.91195716766808e-33,2.31835105734856e-31,ENSG00000096696,5,6,Decrease,in_cis,UpRegulated,In_cis_Decrease_UpRegulated
PFDN6,-0.913556475230758,8.52196691360496,146.326358321676,7.33590546496131e-32,2.69234000568751e-30,ENSG00000204220,5,4,Increase,in_cis,DownRegulated,In_cis_Increase_DownRegulated
PRDX6,0.521938074973673,9.99530278412242,142.507286296468,4.07804616763045e-31,1.45320582936142e-29,ENSG00000117592,7,8,Decrease,in_cis,UpRegulated,In_cis_Decrease_UpRegulated
POLR1D,-0.933926330534024,8.37168967894909,136.479955868181,6.17784986724967e-30,2.04059133307462e-28,ENSG00000186184,3,2,Increase,in_cis,DownRegulated,In_cis_Increase_DownRegulated
ARL4C,1.33526928023471,7.70458238569058,131.1337924397,6.96000043768263e-29,2.08266493933165e-27,ENSG00000188042,2,3,Decrease,in_cis,UpRegulated,In_cis_Decrease_UpRegulated
NCOA7,1.15295446365799,7.71193756453892,112.396928396058,4.13311612372999e-25,9.69814242365934e-24,ENSG00000111912,2,3,Decrease,in_cis,UpRegulated,In_cis_Decrease_UpRegulated
ZNF451,0.949130419916868,8.10829509847268,111.783462725648,4.8763512875748e-25,1.13184067182952e-23,ENSG00000112200,7,8,Decrease,in_cis,UpRegulated,In_cis_Decrease_UpRegulated
DNAJC21,0.757089119574807,8.52800585536411,110.535470851285,8.67433052308287e-25,1.96039869821673e-23,ENSG00000168724,4,5,Decrease,in_cis,UpRegulated,In_cis_Decrease_UpRegulated
BEND7,0.952159851063088,8.13174703304642,110.480770717421,8.89622577223149e-25,2.00526999821323e-23,ENSG00000165626,4,5,Decrease,in_cis,UpRegulated,In_cis_Decrease_UpRegulated
MPZL1,0.802442098969034,8.35269749876566,105.205793366129,1.02203887406996e-23,2.14079752451532e-22,ENSG00000197965,7,8,Decrease,in_cis,UpRegulated,In_cis_Decrease_UpRegulated
HIST1H1D,-1.2747794534562,8.33279581974864,104.175673135001,1.64845230516106e-23,3.40310297998154e-22,ENSG00000124575,5,4,Increase,in_cis,DownRegulated,In_cis_Increase_DownRegulated
CYR61,-1.26350556663137,7.92383788950919,101.342847317647,6.15102591879676e-23,1.20330320251997e-21,ENSG00000142871,4,3,Increase,in_cis,DownRegulated,In_cis_Increase_DownRegulated
MPC2,0.552213557372475,9.14388893119031,96.7904248847988,5.13924623949177e-22,9.29175720100112e-21,ENSG00000143158,7,8,Decrease,in_cis,UpRegulated,In_cis_Decrease_UpRegulated
CD63,0.666250582890213,8.81698949016862,96.1158722333941,7.04402040576789e-22,1.26556584194005e-20,ENSG00000135404,2,3,Decrease,in_cis,UpRegulated,In_cis_Decrease_UpRegulated
SDC2,0.910383334568781,8.35740065211263,95.197577017371,1.08229851962789e-21,1.91250610834658e-20,ENSG00000169439,8,11,Decrease,in_cis,UpRegulated,In_cis_Decrease_UpRegulated
DCTN2,0.798781497965804,8.28006417119453,94.8379002115134,1.28069751206989e-21,2.25844563319429e-20,ENSG00000175203,2,3,Decrease,in_cis,UpRegulated,In_cis_Decrease_UpRegulated
NIPBL,0.675195663826016,8.61211251086719,94.2237124442136,1.70736175389616e-21,2.97480234824983e-20,ENSG00000164190,4,5,Decrease,in_cis,UpRegulated,In_cis_Decrease_UpRegulated
CACNA2D1,-1.12994216034264,7.71474648914589,92.7296303256436,3.43867269881817e-21,5.87103799949313e-20,ENSG00000153956,3,2,Increase,in_cis,DownRegulated,In_cis_Increase_DownRegulated
HMGA1,-0.578654969471325,9.05814110913105,92.4164048652487,3.98278928826293e-21,6.73310913535472e-20,ENSG00000137309,5,4,Increase,in_cis,DownRegulated,In_cis_Increase_DownRegulated
CPLANE1,0.885568711211225,8.0045835998288,92.2525890558051,4.30090380776408e-21,7.24238468648586e-20,ENSG00000197603,3,4,Decrease,in_cis,UpRegulated,In_cis_Decrease_UpRegulated
RNF145,0.854795253980241,8.102751248923,90.4930336904972,9.82474698329476e-21,1.60408606639801e-19,ENSG00000145860,2,3,Decrease,in_cis,UpRegulated,In_cis_Decrease_UpRegulated
MARCH9,1.0220281176972,7.79718812417595,90.0506319923581,1.20951909397534e-20,1.95987735453966e-19,ENSG00000139266,2,3,Decrease,in_cis,UpRegulated,In_cis_Decrease_UpRegulated
WASF1,0.929988444929583,7.95475463494678,87.5582395376211,3.90808361783975e-20,6.09121998366748e-19,ENSG00000112290,2,3,Decrease,in_cis,UpRegulated,In_cis_Decrease_UpRegulated
RC3H1,0.964565826918723,7.83363298330899,84.7348920049269,1.48025335539435e-19,2.19558131539321e-18,ENSG00000135870,7,8,Decrease,in_cis,UpRegulated,In_cis_Decrease_UpRegulated
HIKESHI,-0.896848984718974,8.02562150184496,84.165273930533,1.93733359066427e-19,2.81996964010588e-18,ENSG00000149196,4,3,Increase,in_cis,DownRegulated,In_cis_Increase_DownRegulated
CSTB,-0.838874677472816,8.13432107427673,82.8512141560949,3.60613651373824e-19,5.09366782565527e-18,ENSG00000160213,4,3,Increase,in_cis,DownRegulated,In_cis_Increase_DownRegulated
ZNRD1,-0.791361420590432,8.06358862798291,73.7779196854037,2.68682672546813e-17,3.20478721087782e-16,ENSG00000066379,5,4,Increase,in_cis,DownRegulated,In_cis_Increase_DownRegulated
MTMR12,0.958580075472652,7.69024799184516,81.4147611820085,3.42233234560918e-17,4.06514387055209e-16,ENSG00000150712,4,5,Decrease,in_cis,UpRegulated,In_cis_Decrease_UpRegulated
TSPYL2,0.965908377541518,7.79486406231544,72.195622384656,5.71985723591407e-17,6.65611571030218e-16,ENSG00000184205,4,5,Decrease,in_cis,UpRegulated,In_cis_Decrease_UpRegulated
SDHAF3,-0.855485958380703,7.90799888049748,71.7023016993997,7.24094701245628e-17,8.28032662356518e-16,ENSG00000196636,3,2,Increase,in_cis,DownRegulated,In_cis_Increase_DownRegulated
AAMP,-0.812130846998081,7.91234086843715,66.2350923265404,9.95577649775032e-16,1.02150786813238e-14,ENSG00000127837,3,2,Increase,in_cis,DownRegulated,In_cis_Increase_DownRegulated
FAM229B,0.788236239199028,7.94545484789004,65.4517365301336,1.45103599382792e-15,1.46605848411696e-14,ENSG00000203778,2,3,Decrease,in_cis,UpRegulated,In_cis_Decrease_UpRegulated
MYL6,0.501343884801773,9.0756844620785,64.2664041706863,2.56732031266678e-15,2.53426975231981e-14,ENSG00000092841,2,3,Decrease,in_cis,UpRegulated,In_cis_Decrease_UpRegulated
IRX2,0.931976712287068,7.65912081312692,69.7430857418191,2.85660423526855e-15,2.8069241616117e-14,ENSG00000170561,1,2,Decrease,in_cis,UpRegulated,In_cis_Decrease_UpRegulated
GOPC,0.696669333257462,8.07104688537943,58.7512604975276,3.68506045073614e-14,3.25589497437469e-13,ENSG00000047932,2,3,Decrease,in_cis,UpRegulated,In_cis_Decrease_UpRegulated
GPR161,0.680989144698404,8.10621860601099,57.9032843581721,5.55812177374312e-14,4.80212774576518e-13,ENSG00000143147,7,8,Decrease,in_cis,UpRegulated,In_cis_Decrease_UpRegulated
DLG5,0.610948026874385,8.28695417812204,57.7681193662283,5.93461816236682e-14,5.10175182967029e-13,ENSG00000151208,10,11,Decrease,in_cis,UpRegulated,In_cis_Decrease_UpRegulated
PRRC2C,0.318637368489758,10.3055900082228,57.6672786961043,6.23206183323229e-14,5.33077161591623e-13,ENSG00000117523,7,8,Decrease,in_cis,UpRegulated,In_cis_Decrease_UpRegulated
NDUFB3,-0.69937782750172,8.10979643030014,57.1257650619701,8.10446417733237e-14,6.89120181731984e-13,ENSG00000119013,3,2,Increase,in_cis,DownRegulated,In_cis_Increase_DownRegulated
CENPL,0.702559399021376,8.14382591842993,57.0459487301174,8.42454782594407e-14,7.14921113924977e-13,ENSG00000120334,7,8,Decrease,in_cis,UpRegulated,In_cis_Decrease_UpRegulated
RNF187,0.634234362130468,8.25603052755384,56.9297908432488,8.91314405246912e-14,7.54148582488718e-13,ENSG00000168159,3,4,Decrease,in_cis,UpRegulated,In_cis_Decrease_UpRegulated
FDFT1,-0.752194190238546,8.06173924296599,56.4693339906013,1.11459883967825e-13,9.34782698745779e-13,ENSG00000079459,3,2,Increase,in_cis,DownRegulated,In_cis_Increase_DownRegulated
ZFAS1,-0.546572516421575,8.89080483727127,55.433192689631,1.84402943544532e-13,1.50824045634328e-12,ENSG00000177410,4,3,Increase,in_cis,DownRegulated,In_cis_Increase_DownRegulated
TUBB2A,0.731924150259495,7.91866780729798,53.8841111346452,3.91854012654046e-13,3.11596505617865e-12,ENSG00000137267,5,6,Decrease,in_cis,UpRegulated,In_cis_Decrease_UpRegulated
ABT1,-0.754515092127853,7.92375453634096,53.360945767133,5.05601742271375e-13,3.97265120093922e-12,ENSG00000146109,5,4,Increase,in_cis,DownRegulated,In_cis_Increase_DownRegulated
SEC61A2,0.822048168329494,7.69737812396595,56.058768260007,6.3494201994509e-13,4.91250636692652e-12,ENSG00000065665,4,5,Decrease,in_cis,UpRegulated,In_cis_Decrease_UpRegulated
ZFR,0.534218602601567,8.50201788983964,52.7410285056838,6.83984813779741e-13,5.26821666434118e-12,ENSG00000056097,4,5,Decrease,in_cis,UpRegulated,In_cis_Decrease_UpRegulated
COX8A,-0.457463811620015,8.85542817908342,52.6361559189351,7.19875345156979e-13,5.5248341950028e-12,ENSG00000176340,3,2,Increase,in_cis,DownRegulated,In_cis_Increase_DownRegulated
OSTM1,0.805772188242394,7.68398750525182,52.9282406575713,7.24165592593979e-13,5.55279831178312e-12,ENSG00000081087,2,3,Decrease,in_cis,UpRegulated,In_cis_Decrease_UpRegulated
SMARCD1,0.616824468339474,8.15396964772498,51.4607647405777,1.2775357746874e-12,9.5737148630152e-12,ENSG00000066117,2,3,Decrease,in_cis,UpRegulated,In_cis_Decrease_UpRegulated
ALDH9A1,0.555092834695389,8.33303926269097,51.0768235924752,1.54105877923502e-12,1.1468468627444e-11,ENSG00000143149,7,8,Decrease,in_cis,UpRegulated,In_cis_Decrease_UpRegulated
ZMIZ1,0.745925877969098,7.75930941178923,50.7022366246261,1.85061354420429e-12,1.36070797239952e-11,ENSG00000108175,10,11,Decrease,in_cis,UpRegulated,In_cis_Decrease_UpRegulated
MSMO1,-0.806357145171323,7.79591025449682,49.2511861528699,3.76349282622352e-12,2.68892482459298e-11,ENSG00000052802,3,2,Increase,in_cis,DownRegulated,In_cis_Increase_DownRegulated
SMC1A,0.417047998281184,9.25042397131705,49.2418250110736,3.78078138674805e-12,2.69678991274022e-11,ENSG00000072501,4,5,Decrease,in_cis,UpRegulated,In_cis_Decrease_UpRegulated
POLR3A,0.603410812054797,8.1688709061572,48.5523422931846,5.29965837288724e-12,3.71842043352578e-11,ENSG00000148606,10,11,Decrease,in_cis,UpRegulated,In_cis_Decrease_UpRegulated
RBP1,0.847161953319878,7.60717940772623,60.0478710328153,1.00333317537659e-11,6.85491273678137e-11,ENSG00000114115,2,3,Decrease,in_cis,UpRegulated,In_cis_Decrease_UpRegulated
TSPYL1,0.758417299167657,7.72576264471932,47.2349097326531,1.01117618583218e-11,6.90300563110235e-11,ENSG00000189241,2,3,Decrease,in_cis,UpRegulated,In_cis_Decrease_UpRegulated
KRT18,0.576255935359721,8.25914929491793,46.5969639794651,1.38309861594517e-11,9.2797272763571e-11,ENSG00000111057,2,3,Decrease,in_cis,UpRegulated,In_cis_Decrease_UpRegulated
MRPL10,-0.759576903918409,7.74070033545159,46.5925378769646,1.38610865092961e-11,9.28541427003395e-11,ENSG00000159111,4,3,Increase,in_cis,DownRegulated,In_cis_Increase_DownRegulated
MIF,0.630898226573451,8.06637302190216,45.9145624802363,1.93408702436585e-11,1.2786712367401e-10,ENSG00000240972,1,2,Decrease,in_cis,UpRegulated,In_cis_Decrease_UpRegulated
ILDR2,0.717213378101683,7.78291491554266,44.1347516990403,4.64370180133376e-11,2.93884385186841e-10,ENSG00000143195,7,8,Decrease,in_cis,UpRegulated,In_cis_Decrease_UpRegulated
SFT2D2,0.587394531685053,8.08868003169036,42.9921168781112,8.15688978312473e-11,5.04692863526478e-10,ENSG00000213064,7,8,Decrease,in_cis,UpRegulated,In_cis_Decrease_UpRegulated
CTSC,-0.619545258344246,8.15517367222958,42.514347532889,1.03259765514057e-10,6.28932529244486e-10,ENSG00000109861,4,3,Increase,in_cis,DownRegulated,In_cis_Increase_DownRegulated
OTULIN,0.790434425216635,7.61503873097028,57.0853527204074,1.40609372714815e-10,8.43263472677957e-10,ENSG00000154124,1,2,Decrease,in_cis,UpRegulated,In_cis_Decrease_UpRegulated
PEG10,-0.698062582322057,8.24151892637487,41.4946365143222,1.70888706975623e-10,1.01364524729636e-09,ENSG00000242265,3,2,Increase,in_cis,DownRegulated,In_cis_Increase_DownRegulated
CEP85L,0.815460024649473,7.58456062135085,61.5029388843564,1.94540191370561e-10,1.14736051459555e-09,ENSG00000111860,2,3,Decrease,in_cis,UpRegulated,In_cis_Decrease_UpRegulated
CDYL,0.54670960624163,8.19969435741087,40.8861191882293,2.308945097628e-10,1.35076433913006e-09,ENSG00000153046,5,6,Decrease,in_cis,UpRegulated,In_cis_Decrease_UpRegulated
AC020928.2,-0.760832235054892,7.67280649848376,46.77871811109,2.38900115722654e-10,1.3938004034145e-09,ENSG00000267260,4,3,Increase,in_cis,DownRegulated,In_cis_Increase_DownRegulated
DPM1,-0.589963350644097,7.98904925132176,37.5950253968556,1.18080669993829e-09,6.34591235235923e-09,ENSG00000000419,4,3,Increase,in_cis,DownRegulated,In_cis_Increase_DownRegulated
SUMF2,0.67608956824882,7.69429465043719,39.1718924346239,1.43386434846311e-09,7.63487745623819e-09,ENSG00000129103,3,4,Decrease,in_cis,UpRegulated,In_cis_Decrease_UpRegulated
COA4,-0.523049162561643,8.21277252769669,36.9904415632545,1.59492158586397e-09,8.43942487948231e-09,ENSG00000181924,3,2,Increase,in_cis,DownRegulated,In_cis_Increase_DownRegulated
ATP5PD,-0.541721932744433,8.15906825856386,36.640223127223,1.89854958442395e-09,9.89365523727725e-09,ENSG00000167863,4,3,Increase,in_cis,DownRegulated,In_cis_Increase_DownRegulated
NEFH,0.722585648068605,7.63266548829992,44.0114081290553,2.14983709209531e-09,1.11471580434189e-08,ENSG00000100285,1,2,Decrease,in_cis,UpRegulated,In_cis_Decrease_UpRegulated
PSENEN,-0.601037860953339,7.92470699359395,35.4274217928761,3.47386649206252e-09,1.75392901381538e-08,ENSG00000205155,4,3,Increase,in_cis,DownRegulated,In_cis_Increase_DownRegulated
ENY2,0.49052800314645,8.29490038127261,34.6607276777561,5.09256153885958e-09,2.50629905419633e-08,ENSG00000120533,2,3,Decrease,in_cis,UpRegulated,In_cis_Decrease_UpRegulated
MRPL55,0.461683454363171,8.28778153265375,33.7212527576004,8.14264411279413e-09,3.91759258491182e-08,ENSG00000162910,3,4,Decrease,in_cis,UpRegulated,In_cis_Decrease_UpRegulated
AQP5,0.708481787476987,7.61386189546585,43.9397862578235,8.94663834142951e-09,4.27804733163678e-08,ENSG00000161798,2,3,Decrease,in_cis,UpRegulated,In_cis_Decrease_UpRegulated
ATIC,-0.50444697996712,8.12406018067554,33.2241603247752,1.04408837316551e-08,4.95941977253617e-08,ENSG00000138363,3,2,Increase,in_cis,DownRegulated,In_cis_Increase_DownRegulated
PCGF2,-0.683914216755359,7.65422193996954,37.4821515948615,1.05144969047243e-08,4.98886737114763e-08,ENSG00000277258,4,3,Increase,in_cis,DownRegulated,In_cis_Increase_DownRegulated
ZBTB20,0.654351095000594,7.70523390741446,33.2070111916728,1.05308565648628e-08,4.99387057863291e-08,ENSG00000181722,3,4,Decrease,in_cis,UpRegulated,In_cis_Decrease_UpRegulated
MYO1B,-0.639797663841676,7.71671482231872,33.0521852418118,1.13791916307832e-08,5.37242978148249e-08,ENSG00000128641,3,2,Increase,in_cis,DownRegulated,In_cis_Increase_DownRegulated
PRAME,0.4359305982126,8.41044507089066,32.8235696696961,1.27588319951747e-08,5.96802010754684e-08,ENSG00000185686,1,2,Decrease,in_cis,UpRegulated,In_cis_Decrease_UpRegulated
TYW3,-0.586054865446587,7.90810391307481,32.6241026782228,1.40990157165471e-08,6.56628779683875e-08,ENSG00000162623,4,3,Increase,in_cis,DownRegulated,In_cis_Increase_DownRegulated
ARHGEF26,-0.648306145348532,7.77372322702321,32.0589229971836,1.87143570810756e-08,8.58999992582988e-08,ENSG00000114790,3,2,Increase,in_cis,DownRegulated,In_cis_Increase_DownRegulated
PTGES3,0.267403520497521,9.83189765682551,31.8996540904287,2.02699864627633e-08,9.26443021512567e-08,ENSG00000110958,2,3,Decrease,in_cis,UpRegulated,In_cis_Decrease_UpRegulated
CPE,-0.543968645016859,8.119957474313,31.4302143668627,2.56519949543505e-08,1.15400383796732e-07,ENSG00000109472,3,2,Increase,in_cis,DownRegulated,In_cis_Increase_DownRegulated
UHMK1,0.498463889801683,8.23116864746596,31.4215229046927,2.57641221032853e-08,1.15844125980636e-07,ENSG00000152332,7,8,Decrease,in_cis,UpRegulated,In_cis_Decrease_UpRegulated
TMCO1,0.316964436225544,9.27944395226345,31.3715476514448,2.64184549325321e-08,1.18599943000829e-07,ENSG00000143183,7,8,Decrease,in_cis,UpRegulated,In_cis_Decrease_UpRegulated
TMEM99,-0.645506228756291,7.66651777277495,33.3058073551396,3.25653456355433e-08,1.43789814045268e-07,ENSG00000167920,4,3,Increase,in_cis,DownRegulated,In_cis_Increase_DownRegulated
PSMC4,-0.389909206394487,8.63323954779985,30.9447846540988,3.27308931866793e-08,1.44372321873242e-07,ENSG00000013275,4,3,Increase,in_cis,DownRegulated,In_cis_Increase_DownRegulated
CLNS1A,-0.396576735740551,8.56216237176371,30.941921003975,3.27780014744871e-08,1.44505891510726e-07,ENSG00000074201,3,2,Increase,in_cis,DownRegulated,In_cis_Increase_DownRegulated
SCAF11,0.421615705106109,8.3926488173939,30.8673439632952,3.40290753867406e-08,1.49484245228301e-07,ENSG00000139218,2,3,Decrease,in_cis,UpRegulated,In_cis_Decrease_UpRegulated
PPIL3,-0.709408022084743,7.60405830529956,42.903251864441,4.03844272815713e-08,1.75962182391748e-07,ENSG00000240344,3,2,Increase,in_cis,DownRegulated,In_cis_Increase_DownRegulated
TUBB,-0.28880190708006,10.9408045634507,29.7679912922819,5.91426052692194e-08,2.49959002978374e-07,ENSG00000196230,5,4,Increase,in_cis,DownRegulated,In_cis_Increase_DownRegulated
SPEF2,0.582263060859677,7.75817567492236,29.3928392204505,7.14372030386677e-08,2.98977923828498e-07,ENSG00000152582,4,5,Decrease,in_cis,UpRegulated,In_cis_Decrease_UpRegulated
UTP23,0.612887332506245,7.66497879890039,31.9288805606753,1.37827916214144e-07,5.58596575954254e-07,ENSG00000147679,2,3,Decrease,in_cis,UpRegulated,In_cis_Decrease_UpRegulated
SRSF1,-0.450542883150392,8.23329241971645,27.7784685855758,1.61265228855449e-07,6.47473485465451e-07,ENSG00000136450,4,3,Increase,in_cis,DownRegulated,In_cis_Increase_DownRegulated
EMC9,0.562044938222508,7.8056234517893,27.7347286290557,1.64868110971843e-07,6.60703377053749e-07,ENSG00000100908,2,3,Decrease,in_cis,UpRegulated,In_cis_Decrease_UpRegulated
HIST1H1B,-0.669857105454902,7.95464466233098,27.3837758010518,1.96861211437223e-07,7.7802304823878e-07,ENSG00000184357,5,4,Increase,in_cis,DownRegulated,In_cis_Increase_DownRegulated
KIAA1586,0.527609905829356,7.8653409419948,27.0761362451122,2.29996467158523e-07,9.01510570496302e-07,ENSG00000168116,7,8,Decrease,in_cis,UpRegulated,In_cis_Decrease_UpRegulated
XAGE5,0.555759285916874,7.80011055638436,27.0429300873493,2.33892368907271e-07,9.1511055315519e-07,ENSG00000171405,4,5,Decrease,in_cis,UpRegulated,In_cis_Decrease_UpRegulated
RAI14,0.455529253893626,8.16851394766961,26.7905442961277,2.65752351659139e-07,1.0317726926079e-06,ENSG00000039560,4,5,Decrease,in_cis,UpRegulated,In_cis_Decrease_UpRegulated
PHYH,0.504549668345929,7.95489139485404,26.6065455237132,2.91694329912893e-07,1.12587456417615e-06,ENSG00000107537,4,5,Decrease,in_cis,UpRegulated,In_cis_Decrease_UpRegulated
NDUFB5,-0.423798129188779,8.28606295945086,26.5811243356826,2.95473026238644e-07,1.13994714705188e-06,ENSG00000136521,3,2,Increase,in_cis,DownRegulated,In_cis_Increase_DownRegulated
YAF2,0.537775430156401,7.83526203871611,26.4560056334379,3.14799710225292e-07,1.20853818123147e-06,ENSG00000015153,2,3,Decrease,in_cis,UpRegulated,In_cis_Decrease_UpRegulated
SQLE,-0.385054184716757,8.83177310116722,26.4244990356691,3.19863327815402e-07,1.22578592560405e-06,ENSG00000104549,2,1,Increase,in_cis,DownRegulated,In_cis_Increase_DownRegulated
HPF1,-0.429636553243766,8.28175818444116,26.0247608115614,3.91677696516315e-07,1.48508965019078e-06,ENSG00000056050,3,2,Increase,in_cis,DownRegulated,In_cis_Increase_DownRegulated
REV3L,0.516507746468646,7.91775102398927,25.2954515192354,5.67029343808067e-07,2.10261140096014e-06,ENSG00000009413,2,3,Decrease,in_cis,UpRegulated,In_cis_Decrease_UpRegulated
SMAP1,-0.374472210226009,8.41896111241554,24.9102552367261,6.8955691765302e-07,2.52211022521471e-06,ENSG00000112305,4,3,Increase,in_cis,DownRegulated,In_cis_Increase_DownRegulated
FOXO3,0.491316426693228,7.96136464892201,24.7756455281651,7.38377337352545e-07,2.68694261575579e-06,ENSG00000118689,2,3,Decrease,in_cis,UpRegulated,In_cis_Decrease_UpRegulated
SERPINB6,0.526696225135576,7.77472356788826,24.6750670498762,7.77108483880389e-07,2.81833093731621e-06,ENSG00000124570,5,6,Decrease,in_cis,UpRegulated,In_cis_Decrease_UpRegulated
PCOLCE,-0.555182401807327,7.73139702002594,24.5106906665346,8.44849390579597e-07,3.04727701230474e-06,ENSG00000106333,3,2,Increase,in_cis,DownRegulated,In_cis_Increase_DownRegulated
FAM184A,0.498253712367062,7.90598558542437,24.4158662152071,8.86593356279537e-07,3.18980466850803e-06,ENSG00000111879,2,3,Decrease,in_cis,UpRegulated,In_cis_Decrease_UpRegulated
CLTB,0.491117244569649,7.93264708001548,23.7525389955997,1.24270374664853e-06,4.36496514364726e-06,ENSG00000175416,2,3,Decrease,in_cis,UpRegulated,In_cis_Decrease_UpRegulated
RMDN1,-0.621556802794,7.58075853118756,34.5530667701186,1.47262076972985e-06,5.12226292848924e-06,ENSG00000176623,2,1,Increase,in_cis,DownRegulated,In_cis_Increase_DownRegulated
TENT4A,0.606423544769067,7.56609185769057,35.0079220075749,1.81815185060252e-06,6.23573805629971e-06,ENSG00000112941,1,2,Decrease,in_cis,UpRegulated,In_cis_Decrease_UpRegulated
POLR2H,-0.377534669992366,8.38098396791671,22.8425768404611,1.97651937073964e-06,6.74388095189195e-06,ENSG00000163882,3,2,Increase,in_cis,DownRegulated,In_cis_Increase_DownRegulated
NEK2,0.573118667364446,7.99408825732794,22.4515388808221,2.4134641999561e-06,8.1090886342813e-06,ENSG00000117650,3,4,Decrease,in_cis,UpRegulated,In_cis_Decrease_UpRegulated
ZFP14,-0.531793999258886,7.70754843838525,23.5288793551995,2.6278946851808e-06,8.79172557706766e-06,ENSG00000142065,4,3,Increase,in_cis,DownRegulated,In_cis_Increase_DownRegulated
RNF5,-0.412387520131228,8.1099957692201,22.1942859006715,2.75264402248498e-06,9.17690483893674e-06,ENSG00000204308,5,4,Increase,in_cis,DownRegulated,In_cis_Increase_DownRegulated
UAP1,0.392600612953982,8.23485279975193,22.1870829251037,2.76280104006552e-06,9.20362115286371e-06,ENSG00000117143,7,8,Decrease,in_cis,UpRegulated,In_cis_Decrease_UpRegulated
NECTIN3,0.537809740865665,7.66140065414073,24.2364553054812,3.04661069804128e-06,1.0113758281708e-05,ENSG00000177707,3,4,Decrease,in_cis,UpRegulated,In_cis_Decrease_UpRegulated
HOXC9,0.566563747038381,7.651914987338,25.9579084375739,3.04921206605278e-06,1.01184826983235e-05,ENSG00000180806,2,3,Decrease,in_cis,UpRegulated,In_cis_Decrease_UpRegulated
TAP2,-0.600211256797268,7.57724723812186,31.9123399651273,3.690583033751e-06,1.2115721366152e-05,ENSG00000204267,5,4,Increase,in_cis,DownRegulated,In_cis_Increase_DownRegulated
MDH2,-0.274909336242304,8.98725272424038,21.6147204171978,3.70294199469488e-06,1.21516491595107e-05,ENSG00000146701,3,2,Increase,in_cis,DownRegulated,In_cis_Increase_DownRegulated
SUCO,0.422178799284904,8.15327527126587,21.4936996756705,3.93972126067636e-06,1.28696562140314e-05,ENSG00000094975,7,8,Decrease,in_cis,UpRegulated,In_cis_Decrease_UpRegulated
TARS,0.393276473192361,8.28043247388105,21.4718410071867,3.98408331621261e-06,1.29898661805747e-05,ENSG00000113407,4,5,Decrease,in_cis,UpRegulated,In_cis_Decrease_UpRegulated
STMP1,-0.420194287667265,8.10730772719221,21.2112034769693,4.55338220511956e-06,1.4723059630108e-05,ENSG00000243317,3,2,Increase,in_cis,DownRegulated,In_cis_Increase_DownRegulated
PARP2,0.503258734719615,7.72244149615848,21.7762508219764,4.61521927619491e-06,1.49117769540865e-05,ENSG00000129484,1,2,Decrease,in_cis,UpRegulated,In_cis_Decrease_UpRegulated
KIF21A,0.473620390562498,7.8205026788967,21.0869252217742,4.85295956439745e-06,1.56387304836943e-05,ENSG00000139116,2,3,Decrease,in_cis,UpRegulated,In_cis_Decrease_UpRegulated
RNASEH2B,-0.417077203823241,8.11406762922894,20.9942406342032,5.08920991507934e-06,1.63570863587954e-05,ENSG00000136104,3,2,Increase,in_cis,DownRegulated,In_cis_Increase_DownRegulated
KLHL20,0.469259855473895,7.85138874995672,20.8438558863363,5.49739037667773e-06,1.75573032930117e-05,ENSG00000076321,7,8,Decrease,in_cis,UpRegulated,In_cis_Decrease_UpRegulated
SNRNP48,0.473763353281214,7.89101498662343,20.7842744952341,5.66807086922817e-06,1.80822409453683e-05,ENSG00000168566,5,6,Decrease,in_cis,UpRegulated,In_cis_Decrease_UpRegulated
CREBRF,0.550865148193652,7.64487019782308,22.56270479143,5.88088841277014e-06,1.87125119262208e-05,ENSG00000164463,2,3,Decrease,in_cis,UpRegulated,In_cis_Decrease_UpRegulated
CERS5,0.57959742676624,7.58831490221974,29.3544728906159,5.97839559296817e-06,1.89875972167273e-05,ENSG00000139624,2,3,Decrease,in_cis,UpRegulated,In_cis_Decrease_UpRegulated
OSGEP,0.528570718087313,7.67315098686151,23.1644383596994,6.01942922384002e-06,1.9075593422265e-05,ENSG00000092094,1,2,Decrease,in_cis,UpRegulated,In_cis_Decrease_UpRegulated
TUBA1C,0.414332304845677,8.56223460176584,20.5940078317247,6.24962214926021e-06,1.97467825672725e-05,ENSG00000167553,2,3,Decrease,in_cis,UpRegulated,In_cis_Decrease_UpRegulated
SHMT2,0.439361665715013,7.97163355722245,20.3103455678629,7.22995121891982e-06,2.26196069464785e-05,ENSG00000182199,2,3,Decrease,in_cis,UpRegulated,In_cis_Decrease_UpRegulated
GSPT2,0.39911418299914,8.1110071524969,20.0135046362064,8.42191397903737e-06,2.60921346507839e-05,ENSG00000189369,4,5,Decrease,in_cis,UpRegulated,In_cis_Decrease_UpRegulated
TSPYL4,0.497642788524021,7.77827130973119,19.7561019708908,9.61449096506123e-06,2.94995528431389e-05,ENSG00000187189,2,3,Decrease,in_cis,UpRegulated,In_cis_Decrease_UpRegulated
SMIM30,-0.514632863563257,7.68457088455382,22.3940367343735,1.18598667215543e-05,3.59014929167108e-05,ENSG00000214194,3,2,Increase,in_cis,DownRegulated,In_cis_Increase_DownRegulated
FAM193B,0.558604828446582,7.56271392769289,29.2457092739685,1.30691692232208e-05,3.92029621830791e-05,ENSG00000146067,2,3,Decrease,in_cis,UpRegulated,In_cis_Decrease_UpRegulated
LMBRD2,0.58313218018582,7.56604242525161,30.8190408454017,1.30691756788723e-05,3.92029621830791e-05,ENSG00000164187,4,5,Decrease,in_cis,UpRegulated,In_cis_Decrease_UpRegulated
CBX5,0.257349956980912,9.03089469974438,19.118288038374,1.33545676514895e-05,4.00031485842315e-05,ENSG00000094916,2,3,Decrease,in_cis,UpRegulated,In_cis_Decrease_UpRegulated
DAXX,-0.394744580674672,8.12782658909511,19.050786224205,1.3827654579026e-05,4.12762938910933e-05,ENSG00000204209,5,4,Increase,in_cis,DownRegulated,In_cis_Increase_DownRegulated
LHFPL6,-0.491840306483007,7.71887651241641,18.7775572977699,1.59212350481682e-05,4.72139387409077e-05,ENSG00000183722,3,2,Increase,in_cis,DownRegulated,In_cis_Increase_DownRegulated
HSPA13,0.450510194022051,7.82559693219221,18.6385901494484,1.71055856487646e-05,5.03781788585701e-05,ENSG00000155304,2,3,Decrease,in_cis,UpRegulated,In_cis_Decrease_UpRegulated
FOXM1,0.461045798137314,7.91906440472849,18.5327566417596,1.80666879930558e-05,5.30631725322718e-05,ENSG00000111206,3,5,Decrease,in_cis,UpRegulated,In_cis_Decrease_UpRegulated
RAB38,-0.52386962787011,7.59823713751932,23.8836945720349,1.90346995094918e-05,5.56398945978409e-05,ENSG00000123892,4,3,Increase,in_cis,DownRegulated,In_cis_Increase_DownRegulated
NFS1,-0.508958045427276,7.64172079788904,21.9311273341374,2.32676248041547e-05,6.68302213438395e-05,ENSG00000244005,4,3,Increase,in_cis,DownRegulated,In_cis_Increase_DownRegulated
DGCR6L,0.475699890671563,7.67753342894508,19.2209004715418,2.33079744138592e-05,6.6923732619934e-05,ENSG00000128185,1,2,Decrease,in_cis,UpRegulated,In_cis_Decrease_UpRegulated
CRKL,0.535114382483573,7.61369365799816,24.2672199330572,2.36690325127711e-05,6.79150187837215e-05,ENSG00000099942,1,2,Decrease,in_cis,UpRegulated,In_cis_Decrease_UpRegulated
MAGED1,0.296772275958738,8.62738372267816,17.9484486289289,2.44396685125159e-05,6.99626243951622e-05,ENSG00000179222,4,5,Decrease,in_cis,UpRegulated,In_cis_Decrease_UpRegulated
MRPS23,-0.309703578702984,8.49137626626917,17.7072086768013,2.76912925434618e-05,7.8537919538722e-05,ENSG00000181610,4,3,Increase,in_cis,DownRegulated,In_cis_Increase_DownRegulated
MTX2,-0.422868124780294,7.90763261492886,17.6128808591525,2.90781488389158e-05,8.22100299347713e-05,ENSG00000128654,3,2,Increase,in_cis,DownRegulated,In_cis_Increase_DownRegulated
CDCA7,-0.443175878533983,7.93179947882597,17.5631097825483,2.98378724981289e-05,8.42088889299805e-05,ENSG00000144354,3,2,Increase,in_cis,DownRegulated,In_cis_Increase_DownRegulated
POGK,0.337233496885801,8.27755236999686,17.5279219295251,3.03870196252126e-05,8.56461189830411e-05,ENSG00000143157,7,8,Decrease,in_cis,UpRegulated,In_cis_Decrease_UpRegulated
RHBDD3,0.54181099963468,7.5719064063021,26.8550109622253,3.28304801170862e-05,9.2109821380443e-05,ENSG00000100263,1,2,Decrease,in_cis,UpRegulated,In_cis_Decrease_UpRegulated
CDC40,0.369575304524864,8.27551652952677,17.3739350905387,3.29123899592743e-05,9.22793356089611e-05,ENSG00000168438,2,3,Decrease,in_cis,UpRegulated,In_cis_Decrease_UpRegulated
STRN3,0.437221506650656,7.77228631087099,17.211296511989,3.58095404783624e-05,9.98805890315609e-05,ENSG00000196792,2,3,Decrease,in_cis,UpRegulated,In_cis_Decrease_UpRegulated
SPATS2,0.366802639396132,8.1290444881696,17.0898466775416,3.8139291269725e-05,0.000106068728440544,ENSG00000123352,2,3,Decrease,in_cis,UpRegulated,In_cis_Decrease_UpRegulated
KPNA5,0.451655821582737,7.73591094069839,17.0401507734607,3.91360575971092e-05,0.000108629755217832,ENSG00000196911,2,3,Decrease,in_cis,UpRegulated,In_cis_Decrease_UpRegulated
F12,0.517794147507305,7.58381377957704,24.7883860397593,3.93440291839362e-05,0.000109171735906832,ENSG00000131187,2,3,Decrease,in_cis,UpRegulated,In_cis_Decrease_UpRegulated
MRPL50,-0.382082784560806,8.03766048890744,17.0037951592334,3.98818295897784e-05,0.000110402497489308,ENSG00000136897,4,3,Increase,in_cis,DownRegulated,In_cis_Increase_DownRegulated
SVIL,0.499917362303428,7.62875130864196,20.536120500435,4.0064323478973e-05,0.000110776693508506,ENSG00000197321,1,2,Decrease,in_cis,UpRegulated,In_cis_Decrease_UpRegulated
GDF11,0.451792506291138,7.72174962924184,17.0866815474163,4.92424463104845e-05,0.00013416691907184,ENSG00000135414,2,3,Decrease,in_cis,UpRegulated,In_cis_Decrease_UpRegulated
PPP1R11,-0.378569160176355,8.05504339734164,16.5149691535697,5.14170297452506e-05,0.000139692961547679,ENSG00000204619,5,4,Increase,in_cis,DownRegulated,In_cis_Increase_DownRegulated
WDR46,-0.310024684328578,8.4016682352544,16.3981232554543,5.46398257588598e-05,0.000147701235006952,ENSG00000227057,5,4,Increase,in_cis,DownRegulated,In_cis_Increase_DownRegulated
GOLGB1,0.365340814781468,8.29499457165341,16.2811255151457,5.80707582693155e-05,0.00015618906107638,ENSG00000173230,2,3,Decrease,in_cis,UpRegulated,In_cis_Decrease_UpRegulated
EIF4A3,-0.349809638385437,8.16119164535489,16.0863290188055,6.42715330863471e-05,0.00017131096404269,ENSG00000141543,4,3,Increase,in_cis,DownRegulated,In_cis_Increase_DownRegulated
THAP7,0.421869652612432,7.7593476577001,16.0220694953013,6.64600670194212e-05,0.000176541619413173,ENSG00000184436,1,2,Decrease,in_cis,UpRegulated,In_cis_Decrease_UpRegulated
RABGGTB,-0.446531249845164,7.76635613297311,15.9001423601523,7.08211835642276e-05,0.00018719985363176,ENSG00000137955,4,3,Increase,in_cis,DownRegulated,In_cis_Increase_DownRegulated
PBX1,0.291563649474303,8.69418054337763,15.8600119176934,7.23187575785277e-05,0.000190864625102765,ENSG00000185630,7,8,Decrease,in_cis,UpRegulated,In_cis_Decrease_UpRegulated
WDR75,-0.443200885827567,7.72579406970923,16.6067249697259,7.92400069336167e-05,0.00020810800597734,ENSG00000115368,3,2,Increase,in_cis,DownRegulated,In_cis_Increase_DownRegulated
FYN,0.443963793311021,7.67526264526262,16.2184021087073,8.89228829010617e-05,0.000231625634927,ENSG00000010810,2,3,Decrease,in_cis,UpRegulated,In_cis_Decrease_UpRegulated
ZNF462,-0.441882481401438,7.73841413385226,15.3882833286944,9.25092862563374e-05,0.00024038419073205,ENSG00000148143,6,4,Increase,in_cis,DownRegulated,In_cis_Increase_DownRegulated
DCTN4,0.448526722456374,7.66056250965571,16.9557750915505,9.92328577108196e-05,0.000256535756177158,ENSG00000132912,2,3,Decrease,in_cis,UpRegulated,In_cis_Decrease_UpRegulated
HIC2,0.479063672740211,7.61750020468675,20.0548474740544,0.000100108941597689,0.000258644882804137,ENSG00000169635,1,2,Decrease,in_cis,UpRegulated,In_cis_Decrease_UpRegulated
TRIO,0.476036821528174,7.58916110727342,20.4536072428129,0.000101617483370719,0.000262463442763228,ENSG00000038382,1,2,Decrease,in_cis,UpRegulated,In_cis_Decrease_UpRegulated
ALG5,-0.41406827280797,7.77394623714969,14.8972182793571,0.000119597674237491,0.000306506961012109,ENSG00000120697,3,2,Increase,in_cis,DownRegulated,In_cis_Increase_DownRegulated
CCDC127,0.478555459942271,7.62036035907375,19.43970478791,0.000125607812004773,0.000320285002819772,ENSG00000164366,1,2,Decrease,in_cis,UpRegulated,In_cis_Decrease_UpRegulated
ANXA7,0.429364276650328,7.7064220368645,16.0452830779243,0.000131354028430996,0.00033374804620278,ENSG00000138279,6,10,Decrease,in_cis,UpRegulated,In_cis_Decrease_UpRegulated
DDX23,0.380795712175954,7.90037422685442,14.65302366193,0.000135917185124967,0.000344425135985015,ENSG00000174243,2,3,Decrease,in_cis,UpRegulated,In_cis_Decrease_UpRegulated
HINT3,0.427954673253631,7.67224031680278,15.7226672220694,0.000136710160043303,0.000346230272619252,ENSG00000111911,2,3,Decrease,in_cis,UpRegulated,In_cis_Decrease_UpRegulated
GAR1,-0.331324696773941,8.18038076023688,14.5705546573422,0.000141921623370536,0.00035837192046638,ENSG00000109534,3,2,Increase,in_cis,DownRegulated,In_cis_Increase_DownRegulated
CTNND1,-0.475527772230562,7.59158233623735,19.9141277477013,0.000153403848135564,0.000385665177923954,ENSG00000198561,3,2,Increase,in_cis,DownRegulated,In_cis_Increase_DownRegulated
CDK8,-0.477833313845127,7.59655361625194,19.9305139912057,0.000155918415493328,0.000391414017029145,ENSG00000132964,3,2,Increase,in_cis,DownRegulated,In_cis_Increase_DownRegulated
TROAP,0.421428361364104,7.68149410458717,14.2181142792928,0.000170749793258112,0.00042455102041131,ENSG00000135451,2,3,Decrease,in_cis,UpRegulated,In_cis_Decrease_UpRegulated
CNPY2,0.338017630760615,8.08059285563679,14.1830404219695,0.00017392403461345,0.000431818331673984,ENSG00000257727,2,3,Decrease,in_cis,UpRegulated,In_cis_Decrease_UpRegulated
SNAP47,0.399766141772257,7.77923513667399,14.1322892881064,0.000178622792970562,0.000442972147280158,ENSG00000143740,3,4,Decrease,in_cis,UpRegulated,In_cis_Decrease_UpRegulated
LARP4,0.36117484543999,7.98552919953833,14.0812552972607,0.000183476910486365,0.00045369988691532,ENSG00000161813,2,3,Decrease,in_cis,UpRegulated,In_cis_Decrease_UpRegulated
ITM2B,0.332136164227536,8.12330137126381,13.9568091972666,0.000195879144980577,0.000481594645603549,ENSG00000136156,1,2,Decrease,in_cis,UpRegulated,In_cis_Decrease_UpRegulated
PMPCB,-0.374904786426382,7.90432492198568,13.8217409940787,0.000210299636361725,0.000513667029884668,ENSG00000105819,3,2,Increase,in_cis,DownRegulated,In_cis_Increase_DownRegulated
BCR,0.456427691308993,7.58929776604836,19.3374238988174,0.000228947302703238,0.000554953270001526,ENSG00000186716,1,2,Decrease,in_cis,UpRegulated,In_cis_Decrease_UpRegulated
MCM7,-0.327219980354055,8.16557412561832,13.5484374347706,0.00024284203952444,0.00058681509849238,ENSG00000166508,3,2,Increase,in_cis,DownRegulated,In_cis_Increase_DownRegulated
CCNE1,-0.417432863315462,7.71786465115787,13.5227482111404,0.000246150931336142,0.000594138335670262,ENSG00000105173,4,3,Increase,in_cis,DownRegulated,In_cis_Increase_DownRegulated
APP,0.318085355592499,8.14962585989378,13.4038096769739,0.000262074034475072,0.000630976116644776,ENSG00000142192,2,3,Decrease,in_cis,UpRegulated,In_cis_Decrease_UpRegulated
GUCD1,0.466154387444965,7.58378735075902,20.1174644328265,0.000276775912981819,0.000663582227997728,ENSG00000138867,1,2,Decrease,in_cis,UpRegulated,In_cis_Decrease_UpRegulated
SYT14,0.397053173321797,7.7300751799636,13.2300926157327,0.000287219117729194,0.000686321030344551,ENSG00000143469,3,4,Decrease,in_cis,UpRegulated,In_cis_Decrease_UpRegulated
MAPRE1,-0.279784750956291,8.36195950419419,13.1926062789984,0.00029295713301497,0.000698991698025336,ENSG00000101367,4,3,Increase,in_cis,DownRegulated,In_cis_Increase_DownRegulated
GOLPH3,0.370837423908162,7.83210003477191,13.0952309356801,0.000308409173129337,0.000733486009092979,ENSG00000113384,4,5,Decrease,in_cis,UpRegulated,In_cis_Decrease_UpRegulated
DHRS4L2,0.459473514601469,7.56699471434413,20.0476548804159,0.000346933188977368,0.000819093699542479,ENSG00000187630,2,3,Decrease,in_cis,UpRegulated,In_cis_Decrease_UpRegulated
CCDC90B,-0.316116154353644,8.08859972167831,12.8687618688096,0.000347607322018839,0.000820349459054078,ENSG00000137500,4,3,Increase,in_cis,DownRegulated,In_cis_Increase_DownRegulated
MRPL45,-0.373134398517366,7.840684136827,12.6948304608316,0.00038109969591686,0.00089301069264229,ENSG00000278845,4,3,Increase,in_cis,DownRegulated,In_cis_Increase_DownRegulated
BRD9,0.406545143471118,7.67419785668929,13.8985064490037,0.000386279570649794,0.000904408111434142,ENSG00000028310,1,2,Decrease,in_cis,UpRegulated,In_cis_Decrease_UpRegulated
NENF,0.258353058730545,8.51878680402635,12.3980090900968,0.000445966297358449,0.00103428532587479,ENSG00000117691,3,4,Decrease,in_cis,UpRegulated,In_cis_Decrease_UpRegulated
CHCHD10,0.385871014031423,7.77507941248674,12.121551040094,0.000516398292208554,0.00118451616813223,ENSG00000250479,1,2,Decrease,in_cis,UpRegulated,In_cis_Decrease_UpRegulated
MIPEP,-0.448701973818838,7.56932874146196,18.4724366144692,0.0005287028180485,0.00121079994704014,ENSG00000027001,3,2,Increase,in_cis,DownRegulated,In_cis_Increase_DownRegulated
METTL23,-0.368429671066071,7.7819509223562,11.9987397869388,0.000551197611464284,0.00125749421243341,ENSG00000181038,4,3,Increase,in_cis,DownRegulated,In_cis_Increase_DownRegulated
TSC22D2,0.436737271497568,7.58293847168656,17.4803194225089,0.000592432947893219,0.00134384948666322,ENSG00000196428,2,3,Decrease,in_cis,UpRegulated,In_cis_Decrease_UpRegulated
PIP4P1,0.429723947761516,7.58166461632823,16.8941881077843,0.000745413161465061,0.00165801818975963,ENSG00000165782,1,2,Decrease,in_cis,UpRegulated,In_cis_Decrease_UpRegulated
DNM1L,0.289071580625942,8.11194831019793,11.4075991571966,0.00075496878153782,0.00167753477253475,ENSG00000087470,2,3,Decrease,in_cis,UpRegulated,In_cis_Decrease_UpRegulated
OSTC,-0.255265445953216,8.40217375049375,11.1921932910724,0.000846912897112953,0.0018668494681573,ENSG00000198856,3,2,Increase,in_cis,DownRegulated,In_cis_Increase_DownRegulated
ADAMTS12,0.418197123876036,7.57371667791721,17.00656899545,0.000920897146951619,0.00200982584447789,ENSG00000151388,4,5,Decrease,in_cis,UpRegulated,In_cis_Decrease_UpRegulated
NT5C,-0.333114613750092,7.89864144848346,10.9890064983847,0.000944021869110808,0.00205559325860132,ENSG00000125458,4,3,Increase,in_cis,DownRegulated,In_cis_Increase_DownRegulated
COPZ1,0.253368285905009,8.40335785298021,10.92758012744,0.000975543932018582,0.0021199320061173,ENSG00000111481,2,3,Decrease,in_cis,UpRegulated,In_cis_Decrease_UpRegulated
MICU1,0.254339313694047,8.32653338294856,10.8737622311032,0.00100403680020605,0.00217909225174868,ENSG00000107745,6,9,Decrease,in_cis,UpRegulated,In_cis_Decrease_UpRegulated
LINC01287,-0.368698195680284,7.75597273607732,10.8171506338847,0.0010349191891864,0.00224102017063358,ENSG00000234722,3,2,Increase,in_cis,DownRegulated,In_cis_Increase_DownRegulated
PPIL1,-0.307987260663276,8.00588797309427,10.6631891450604,0.00112386470300633,0.00241959139368724,ENSG00000137168,5,4,Increase,in_cis,DownRegulated,In_cis_Increase_DownRegulated
SRRD,0.370459715819569,7.66259238781185,12.013449461714,0.00124046291892427,0.00265332392222208,ENSG00000100104,1,2,Decrease,in_cis,UpRegulated,In_cis_Decrease_UpRegulated
MFSD4B,0.367138742906765,7.69735940863713,11.1050230276149,0.00126393628101667,0.00269882764330462,ENSG00000173214,2,3,Decrease,in_cis,UpRegulated,In_cis_Decrease_UpRegulated
TRIP12,-0.331889413921683,7.86514623938488,10.3321048217632,0.0013422992167164,0.00285197072567057,ENSG00000153827,3,2,Increase,in_cis,DownRegulated,In_cis_Increase_DownRegulated
PARL,-0.337438876415418,7.84436910790034,10.25897561746,0.00139608570289388,0.00295966033484391,ENSG00000175193,3,2,Increase,in_cis,DownRegulated,In_cis_Increase_DownRegulated
GRASP,0.38904000400486,7.57103348411137,14.0286222469306,0.00145256810675547,0.00306577903681888,ENSG00000161835,2,3,Decrease,in_cis,UpRegulated,In_cis_Decrease_UpRegulated
CREG1,0.334352109310706,7.78550242391388,10.1649059353127,0.00146850190788749,0.00309636493614972,ENSG00000143162,7,8,Decrease,in_cis,UpRegulated,In_cis_Decrease_UpRegulated
OS9,0.320194803059724,7.88517238427805,10.1330124883654,0.00149390931031784,0.00314376210659387,ENSG00000135506,2,3,Decrease,in_cis,UpRegulated,In_cis_Decrease_UpRegulated
LPCAT1,0.359686033953406,7.66603594107164,11.3713391495809,0.0015106924961112,0.00317519022731402,ENSG00000153395,1,2,Decrease,in_cis,UpRegulated,In_cis_Decrease_UpRegulated
SLC48A1,0.409748190549007,7.56316874780063,15.4859473663158,0.00162126716482401,0.00339265165972432,ENSG00000211584,2,3,Decrease,in_cis,UpRegulated,In_cis_Decrease_UpRegulated
SLC16A10,0.349817533732561,7.69672734616184,9.97062151047212,0.00163036240851126,0.00341002249495731,ENSG00000112394,2,3,Decrease,in_cis,UpRegulated,In_cis_Decrease_UpRegulated
KDM5C,0.312865118828125,7.90971168651113,9.95231172270004,0.00164652069536599,0.00344214209634934,ENSG00000126012,4,5,Decrease,in_cis,UpRegulated,In_cis_Decrease_UpRegulated
ULK3,-0.406832481884497,7.55256929291364,16.2525945996989,0.00171705228797087,0.00358000608135319,ENSG00000140474,3,2,Increase,in_cis,DownRegulated,In_cis_Increase_DownRegulated
CD247,0.394462727324039,7.54519558435185,16.1073643210012,0.00173965313981743,0.00362448983899871,ENSG00000198821,7,8,Decrease,in_cis,UpRegulated,In_cis_Decrease_UpRegulated
PTPN14,0.402264149210091,7.59328431895209,14.4840741753515,0.00177040154202255,0.00368229800021546,ENSG00000152104,3,4,Decrease,in_cis,UpRegulated,In_cis_Decrease_UpRegulated
C5orf22,0.369702445615263,7.70209353068856,11.2489598417437,0.00179265418825208,0.0037267766082568,ENSG00000082213,4,5,Decrease,in_cis,UpRegulated,In_cis_Decrease_UpRegulated
GALNT12,-0.390703859470382,7.58664053066222,13.4448416740354,0.00188135818694004,0.00389797445342367,ENSG00000119514,4,3,Increase,in_cis,DownRegulated,In_cis_Increase_DownRegulated
SOX2,-0.380433967788894,7.70022353425437,9.67165799430919,0.00191556226055359,0.00396692758467186,ENSG00000181449,3,2,Increase,in_cis,DownRegulated,In_cis_Increase_DownRegulated
NUP35,-0.403901950661147,7.57539598758915,15.0948034882399,0.0019318805521919,0.00399879252403568,ENSG00000163002,3,2,Increase,in_cis,DownRegulated,In_cis_Increase_DownRegulated
CENPW,0.284265947460938,8.3012468293353,9.63171270051131,0.00195732813100512,0.00404366947054895,ENSG00000203760,2,3,Decrease,in_cis,UpRegulated,In_cis_Decrease_UpRegulated
SECISBP2,-0.267969881943919,8.18317628795159,9.61753840145653,0.00197236970534457,0.0040718055359373,ENSG00000187742,4,3,Increase,in_cis,DownRegulated,In_cis_Increase_DownRegulated
ACLY,-0.322112912498369,7.8066934720606,9.60058213344426,0.00199051774499624,0.00410828319971827,ENSG00000131473,4,3,Increase,in_cis,DownRegulated,In_cis_Increase_DownRegulated
NADK2,0.341401113741937,7.72983938651887,10.1452785533694,0.00200470457775887,0.00413061490254156,ENSG00000152620,4,5,Decrease,in_cis,UpRegulated,In_cis_Decrease_UpRegulated
DDIT4,0.394191472481727,7.89866900332842,9.30341812277475,0.00233759673486849,0.00476394892241353,ENSG00000168209,6,9,Decrease,in_cis,UpRegulated,In_cis_Decrease_UpRegulated
SMARCC2,0.300052221137924,7.91367310023464,9.28715692833143,0.00235827518383845,0.00479925764900583,ENSG00000139613,2,3,Decrease,in_cis,UpRegulated,In_cis_Decrease_UpRegulated
TTC28,0.397085712122412,7.53765853864644,17.099912949883,0.00250167332605069,0.00506229277194235,ENSG00000100154,1,2,Decrease,in_cis,UpRegulated,In_cis_Decrease_UpRegulated
ARF3,0.308830866761466,7.79901375213223,9.04053828428111,0.00269569506384859,0.00541408540887084,ENSG00000134287,2,3,Decrease,in_cis,UpRegulated,In_cis_Decrease_UpRegulated
LMBR1L,0.378517394854131,7.59111810185054,12.8438447432003,0.00272797841852099,0.00547508264974485,ENSG00000139636,2,3,Decrease,in_cis,UpRegulated,In_cis_Decrease_UpRegulated
TARBP2,0.35566213890908,7.63538749742051,10.7514525072621,0.00312846265060464,0.00621351462613152,ENSG00000139546,2,3,Decrease,in_cis,UpRegulated,In_cis_Decrease_UpRegulated
HAUS1,-0.281151883323325,7.95283729083438,8.70980657008601,0.0032267217539935,0.00638504295467654,ENSG00000152240,3,2,Increase,in_cis,DownRegulated,In_cis_Increase_DownRegulated
TADA1,0.320601778223955,7.76716071798325,9.20019306510678,0.00322939017489041,0.00638737973789933,ENSG00000152382,7,8,Decrease,in_cis,UpRegulated,In_cis_Decrease_UpRegulated
C9orf40,-0.323956738032627,7.73036992939382,8.66634512742036,0.00330401265788117,0.00652295648411114,ENSG00000135045,4,3,Increase,in_cis,DownRegulated,In_cis_Increase_DownRegulated
STK25,0.286552071508215,7.9629050548271,8.5949000148507,0.00343518804357906,0.00676172241995346,ENSG00000115694,2,3,Decrease,in_cis,UpRegulated,In_cis_Decrease_UpRegulated
RREB1,0.357931220643122,7.60980861785429,11.3464917031863,0.00367181545299175,0.00719123172412615,ENSG00000124782,5,6,Decrease,in_cis,UpRegulated,In_cis_Decrease_UpRegulated
DAB2,0.367438693948406,7.63967093133616,9.98941325450499,0.00378547162704167,0.00739191230855704,ENSG00000153071,3,4,Decrease,in_cis,UpRegulated,In_cis_Decrease_UpRegulated
ZNF280B,0.387691595256711,7.55274354971336,13.9095889532871,0.00388260203014448,0.00757296984666837,ENSG00000275004,1,2,Decrease,in_cis,UpRegulated,In_cis_Decrease_UpRegulated
PDGFC,-0.349691910646286,7.66204352058473,8.9301868625462,0.00392506779322017,0.00765058606631294,ENSG00000145431,3,2,Increase,in_cis,DownRegulated,In_cis_Increase_DownRegulated
WDR70,0.312326169205403,7.71405396958807,8.43029953536513,0.00397046214669124,0.00773204756891862,ENSG00000082068,3,4,Decrease,in_cis,UpRegulated,In_cis_Decrease_UpRegulated
INTS14,-0.366464351608133,7.58476797620896,12.2775626386019,0.00436038272063451,0.00844541425458033,ENSG00000138614,3,2,Increase,in_cis,DownRegulated,In_cis_Increase_DownRegulated
ELOVL6,-0.364819374742482,7.563505575957,12.1853087678068,0.00439163477732899,0.0084963639260422,ENSG00000170522,3,2,Increase,in_cis,DownRegulated,In_cis_Increase_DownRegulated
AKAP11,0.33741121263504,7.64122740700557,9.45889684725512,0.00456094826980552,0.00879421278425905,ENSG00000023516,1,2,Decrease,in_cis,UpRegulated,In_cis_Decrease_UpRegulated
MAPK1,0.317468311667546,7.71563692086522,8.71113064311377,0.00457165856367506,0.00881288524014398,ENSG00000100030,1,2,Decrease,in_cis,UpRegulated,In_cis_Decrease_UpRegulated
KBTBD6,0.385162027547726,7.5715647555635,13.1416474156128,0.00471220706597271,0.00906957290062162,ENSG00000165572,1,2,Decrease,in_cis,UpRegulated,In_cis_Decrease_UpRegulated
POU2F1,0.268772912336669,8.02437990330092,7.94275668383014,0.00490756272464945,0.00942234488694154,ENSG00000143190,7,8,Decrease,in_cis,UpRegulated,In_cis_Decrease_UpRegulated
