gene_symbol,logFC,logCPM,F,PValue,FDR,ensembl_gene_id,A,G,classified_gene_dlp,classified_gene,classified_gene_rna,Gene_Type
TACC1,2.69445261901202,6.8562365848564,419.247333478384,1.94986953047248e-76,9.32817583378035e-73,ENSG00000147526,6,7,Decrease,in_cis,UpRegulated,In_cis_Decrease_UpRegulated
HSPA1A,1.32564272534557,10.3980650219709,205.732474724062,4.61360526983901e-42,1.83929063424248e-39,ENSG00000204389,3,4,Decrease,in_cis,UpRegulated,In_cis_Decrease_UpRegulated
HSPB1,1.0346055534594,9.44322190563052,126.783715368513,1.46387338046051e-27,1.89274871679002e-25,ENSG00000106211,2,4,Decrease,in_cis,UpRegulated,In_cis_Decrease_UpRegulated
DNAJB4,1.14232261430887,6.6325580682285,71.7988838763258,1.00127440855379e-16,4.54037608580222e-15,ENSG00000162616,3,4,Decrease,in_cis,UpRegulated,In_cis_Decrease_UpRegulated
PGK1,-0.722660941164573,8.11968511747233,69.2961406284652,3.23900092968218e-16,1.34159138074455e-14,ENSG00000102144,2,1,Increase,in_cis,DownRegulated,In_cis_Increase_DownRegulated
NET1,0.795745121946185,7.32489403215429,65.2531859458186,2.17487725410987e-15,8.12860373723565e-14,ENSG00000173848,4,5,Decrease,in_cis,UpRegulated,In_cis_Decrease_UpRegulated
SRSF3,0.535228406891504,8.71501428898516,63.2051755286552,5.72803614583475e-15,2.04499439713981e-13,ENSG00000112081,3,4,Decrease,in_cis,UpRegulated,In_cis_Decrease_UpRegulated
XRCC2,1.12372781477765,6.58662105089414,62.2824717495903,8.86855887976618e-15,3.06333470619505e-13,ENSG00000196584,5,6,Decrease,in_cis,UpRegulated,In_cis_Decrease_UpRegulated
DDX39B,0.917190452358757,6.98907808063644,60.7568022621543,1.82921144103091e-14,5.95302553325977e-13,ENSG00000198563,3,4,Decrease,in_cis,UpRegulated,In_cis_Decrease_UpRegulated
HSPA1B,0.793327054769508,7.78103219899721,49.2551620310566,4.50338878279269e-12,1.05868363326193e-10,ENSG00000204388,3,4,Decrease,in_cis,UpRegulated,In_cis_Decrease_UpRegulated
AKR1B1,1.01554958972811,6.49205708319976,61.6271877856116,5.80700078465505e-12,1.34206240356472e-10,ENSG00000085662,5,6,Decrease,in_cis,UpRegulated,In_cis_Decrease_UpRegulated
IRAK1,-0.746527606069606,7.40920818711251,47.551116658962,1.02597760122493e-11,2.27235039086115e-10,ENSG00000184216,2,1,Increase,in_cis,DownRegulated,In_cis_Increase_DownRegulated
PLAT,1.14165777133247,6.92284580981703,44.9544943530751,3.61239338607309e-11,7.36959060084164e-10,ENSG00000104368,6,11,Decrease,in_cis,UpRegulated,In_cis_Decrease_UpRegulated
ISG15,1.05494850157375,7.04568553212655,42.6809694801148,1.09199324868913e-10,2.04465585194866e-09,ENSG00000187608,3,4,Decrease,in_cis,UpRegulated,In_cis_Decrease_UpRegulated
ATAD2B,0.84639001311319,6.68649311255981,41.7650210187341,1.70709378372496e-10,3.08178741937367e-09,ENSG00000119778,5,6,Decrease,in_cis,UpRegulated,In_cis_Decrease_UpRegulated
RBM15,0.807756527195862,6.75473721576782,40.2788800592223,3.52935391224145e-10,6.0844789607795e-09,ENSG00000162775,2,3,Decrease,in_cis,UpRegulated,In_cis_Decrease_UpRegulated
TNFRSF18,0.837174797824219,6.71353704739274,39.9822509224097,4.08081836370212e-10,6.91066727502688e-09,ENSG00000186891,3,4,Decrease,in_cis,UpRegulated,In_cis_Decrease_UpRegulated
NDUFA1,-0.487285601601483,8.02025130995575,38.3652828489207,9.0157226953546e-10,1.43531505406244e-08,ENSG00000125356,2,1,Increase,in_cis,DownRegulated,In_cis_Increase_DownRegulated
POLQ,0.886789069358438,6.4742524287926,43.9354594929786,5.72564997984742e-09,7.95109129276925e-08,ENSG00000051341,3,5,Decrease,in_cis,UpRegulated,In_cis_Decrease_UpRegulated
ANP32E,0.638191669366909,7.63589118333146,34.1441234169804,7.214940915723e-09,9.86179352594823e-08,ENSG00000143401,4.5,5,Decrease,in_cis,UpRegulated,In_cis_Decrease_UpRegulated
CD2AP,0.551525150738608,7.35233329385031,33.5754927437987,9.55945951783252e-09,1.27566120873949e-07,ENSG00000198087,3,4,Decrease,in_cis,UpRegulated,In_cis_Decrease_UpRegulated
TCIM,1.01133083827334,7.78358072801942,32.4825009107233,1.64319432486088e-08,2.09907654209198e-07,ENSG00000176907,7,11,Decrease,in_cis,UpRegulated,In_cis_Decrease_UpRegulated
ZNHIT6,0.678514300486449,6.97020347964444,31.9631811148483,2.12637744429855e-08,2.65602864060686e-07,ENSG00000117174,3,4,Decrease,in_cis,UpRegulated,In_cis_Decrease_UpRegulated
EZH2,0.637303479107814,7.10028703130728,31.6524057527474,2.48135813678501e-08,3.0594890016442e-07,ENSG00000106462,5,6,Decrease,in_cis,UpRegulated,In_cis_Decrease_UpRegulated
GGACT,-0.756163391039593,6.81481846467964,30.8499748743966,3.69830685237624e-08,4.42871088404704e-07,ENSG00000134864,7,6,Increase,in_cis,DownRegulated,In_cis_Increase_DownRegulated
GEN1,0.763023565210764,6.6243041505613,30.7559874373301,3.87544058352461e-08,4.62346826722737e-07,ENSG00000178295,5,6,Decrease,in_cis,UpRegulated,In_cis_Decrease_UpRegulated
RIMKLB,0.685952879403587,6.80748410978342,29.9962483615972,5.65852852714844e-08,6.49949591209559e-07,ENSG00000166532,3,4,Decrease,in_cis,UpRegulated,In_cis_Decrease_UpRegulated
ZRANB2,0.534413325423605,7.46149845917675,29.9410829492314,5.81633556489987e-08,6.64882899461911e-07,ENSG00000132485,3,4,Decrease,in_cis,UpRegulated,In_cis_Decrease_UpRegulated
UBE2H,0.487478643373288,7.85935141839026,29.3690440481884,7.73755851770593e-08,8.64871026838906e-07,ENSG00000186591,5,6,Decrease,in_cis,UpRegulated,In_cis_Decrease_UpRegulated
NOM1,0.603802883013726,7.06503488888299,29.0577000786576,9.03922675486577e-08,9.92965804713613e-07,ENSG00000146909,5,6,Decrease,in_cis,UpRegulated,In_cis_Decrease_UpRegulated
CBWD5,0.794029247917536,6.54254231123806,34.5429298596518,1.44923569126027e-07,1.53218641922412e-06,ENSG00000147996,1,2,Decrease,in_cis,UpRegulated,In_cis_Decrease_UpRegulated
CALD1,0.484351932225391,8.61090374119657,27.3953858653567,2.0770080285566e-07,2.11524108855035e-06,ENSG00000122786,5,6,Decrease,in_cis,UpRegulated,In_cis_Decrease_UpRegulated
LAMP1,-0.355380684773317,8.48337898757925,26.5015241647226,3.25292416759747e-07,3.16622364553129e-06,ENSG00000185896,7,6,Increase,in_cis,DownRegulated,In_cis_Increase_DownRegulated
CCNL2,0.478969770307497,7.67027574855405,26.2483320722239,3.69432642014616e-07,3.53473151879584e-06,ENSG00000221978,3,4,Decrease,in_cis,UpRegulated,In_cis_Decrease_UpRegulated
LDOC1,-0.76169725186642,6.69478074925706,26.0994488375668,3.98148943586007e-07,3.77177137844645e-06,ENSG00000182195,2,1,Increase,in_cis,DownRegulated,In_cis_Increase_DownRegulated
FAM208B,0.480502815662469,7.45173577511641,24.3755019544237,9.49153931059283e-07,8.36234328947994e-06,ENSG00000108021,4,5,Decrease,in_cis,UpRegulated,In_cis_Decrease_UpRegulated
PEX1,0.616404080434878,6.80861395332024,24.2149702702259,1.02932216915068e-06,9.02708938078246e-06,ENSG00000127980,4,6,Decrease,in_cis,UpRegulated,In_cis_Decrease_UpRegulated
DNA2,0.763074413917326,6.48455269888065,31.7999893832791,1.18641491686162e-06,1.02822626128007e-05,ENSG00000138346,4,5,Decrease,in_cis,UpRegulated,In_cis_Decrease_UpRegulated
NCAPG2,0.674047424770827,6.6482200920372,23.4278636351296,1.53258014664508e-06,1.30344238605334e-05,ENSG00000146918,5,6,Decrease,in_cis,UpRegulated,In_cis_Decrease_UpRegulated
PLP2,-0.448364590264913,7.76878594378983,23.341148520276,1.60136405859482e-06,1.35232579987954e-05,ENSG00000102007,2,1,Increase,in_cis,DownRegulated,In_cis_Increase_DownRegulated
ABCF1,0.374075497664142,7.8537773522059,22.3492202485565,2.64795400041201e-06,2.12710412666825e-05,ENSG00000204574,3,4,Decrease,in_cis,UpRegulated,In_cis_Decrease_UpRegulated
SSBP1,0.254527962490424,9.33964761604639,22.1697937340262,2.90056817746842e-06,2.29930706893271e-05,ENSG00000106028,5,6,Decrease,in_cis,UpRegulated,In_cis_Decrease_UpRegulated
IL34,-0.696728119957158,6.76960516781928,22.1556687318288,2.92145497703796e-06,2.31203318612897e-05,ENSG00000157368,3,2,Increase,in_cis,DownRegulated,In_cis_Increase_DownRegulated
GADD45A,0.746815614351722,6.71140186503437,21.9973315633344,3.16620073215801e-06,2.48313185289244e-05,ENSG00000116717,3,4,Decrease,in_cis,UpRegulated,In_cis_Decrease_UpRegulated
SMKR1,0.729162590729003,6.4680197054917,32.9678427283527,6.11148699184893e-06,4.51891093802245e-05,ENSG00000240204,5,6,Decrease,in_cis,UpRegulated,In_cis_Decrease_UpRegulated
PPP1R10,0.556723391444604,6.96496132164717,20.6209159544746,6.38169269121928e-06,4.70054162198507e-05,ENSG00000204569,3,4,Decrease,in_cis,UpRegulated,In_cis_Decrease_UpRegulated
RNF8,0.523452872155659,6.88921878469474,19.9024648694563,9.21135110914936e-06,6.57227497482036e-05,ENSG00000112130,3,4,Decrease,in_cis,UpRegulated,In_cis_Decrease_UpRegulated
SRPK1,0.372545844854287,7.6575972564859,19.298508863988,1.25484620319422e-05,8.61565946395051e-05,ENSG00000096063,3,4,Decrease,in_cis,UpRegulated,In_cis_Decrease_UpRegulated
OPN3,-0.584633466696382,6.86907312471156,19.2688477448704,1.27406426587503e-05,8.7197760342577e-05,ENSG00000054277,6,5,Increase,in_cis,DownRegulated,In_cis_Increase_DownRegulated
ARHGEF9,-0.750812549987561,6.55547381093488,23.4320460021312,1.55315045051256e-05,0.000104357749371518,ENSG00000131089,3,1,Increase,in_cis,DownRegulated,In_cis_Increase_DownRegulated
CLSPN,0.670169039236364,6.97158894696554,18.8667613952783,1.56580048202183e-05,0.000104913018291211,ENSG00000092853,3,4,Decrease,in_cis,UpRegulated,In_cis_Decrease_UpRegulated
NASP,0.404071670836692,8.05610741566824,18.7978126180694,1.62219674930226e-05,0.000108086201234847,ENSG00000132780,3,4,Decrease,in_cis,UpRegulated,In_cis_Decrease_UpRegulated
RBM33,0.474293372227397,7.15999705481673,18.6762461369259,1.72665942084657e-05,0.000114329946980346,ENSG00000184863,5,6,Decrease,in_cis,UpRegulated,In_cis_Decrease_UpRegulated
TUT4,0.474879026920928,7.1663073712173,18.529496074565,1.86182785860192e-05,0.000122348687850984,ENSG00000134744,3,4,Decrease,in_cis,UpRegulated,In_cis_Decrease_UpRegulated
MAGI3,0.577593999570699,6.65873150250166,18.5078530429985,1.88264501273755e-05,0.000123377722478581,ENSG00000081026,2,3,Decrease,in_cis,UpRegulated,In_cis_Decrease_UpRegulated
PUM2,0.420191246765652,7.26551972119886,18.4900117076184,1.89998163545869e-05,0.000124258539221249,ENSG00000055917,5,6,Decrease,in_cis,UpRegulated,In_cis_Decrease_UpRegulated
PSORS1C2,0.667184866428764,6.5002776391098,18.4736738154554,1.91599829566709e-05,0.000125134960361384,ENSG00000204538,3,4,Decrease,in_cis,UpRegulated,In_cis_Decrease_UpRegulated
TM9SF3,0.449337903566389,7.1032440450123,18.465253189171,1.92430637119544e-05,0.000125420731332411,ENSG00000077147,2,3,Decrease,in_cis,UpRegulated,In_cis_Decrease_UpRegulated
SRSF11,0.292966164899309,8.47905863560856,18.3173857659923,2.07625384417325e-05,0.000134317760520958,ENSG00000116754,3,4,Decrease,in_cis,UpRegulated,In_cis_Decrease_UpRegulated
CCAR1,0.404031293341461,7.3488970571189,17.7708509988672,2.75058518980736e-05,0.000171450156977699,ENSG00000060339,4,5,Decrease,in_cis,UpRegulated,In_cis_Decrease_UpRegulated
RBM28,0.394533851054095,7.38670813595363,17.3662889038604,3.38841410428282e-05,0.00020623629866271,ENSG00000106344,5,6,Decrease,in_cis,UpRegulated,In_cis_Decrease_UpRegulated
EFNB2,-0.5943397538115,6.9769836525064,17.3228248706007,3.46525416376471e-05,0.000210244463150924,ENSG00000125266,6,4,Increase,in_cis,DownRegulated,In_cis_Increase_DownRegulated
GAS6,-0.443173985151364,7.47716367558824,17.296650579172,3.51237203173206e-05,0.000212698579744382,ENSG00000183087,7,6,Increase,in_cis,DownRegulated,In_cis_Increase_DownRegulated
ZNF248,0.662018505545581,6.46132258673817,27.1600883370145,3.52108152762972e-05,0.000213091132551304,ENSG00000198105,2,3,Decrease,in_cis,UpRegulated,In_cis_Decrease_UpRegulated
KIF15,0.649769937755731,6.48285417829609,21.2893296787965,4.08904434586929e-05,0.000243763092219797,ENSG00000163808,4,5,Decrease,in_cis,UpRegulated,In_cis_Decrease_UpRegulated
BEX3,-0.403429238195794,7.49621241683238,16.84321771191,4.43918674029011e-05,0.000261540263122511,ENSG00000166681,2,1,Increase,in_cis,DownRegulated,In_cis_Increase_DownRegulated
CCDC14,0.497295850059121,7.09645907854923,16.808074235133,4.52057169675315e-05,0.0002656807739222,ENSG00000175455,3,5,Decrease,in_cis,UpRegulated,In_cis_Decrease_UpRegulated
RPAP2,0.506766230700686,6.92740708973819,16.6494547494935,4.9070222721125e-05,0.000286807508244181,ENSG00000122484,3,4,Decrease,in_cis,UpRegulated,In_cis_Decrease_UpRegulated
SLC25A5,-0.280948438995634,8.80372037381475,16.5029142981185,5.2935827330601e-05,0.00030808393911143,ENSG00000005022,2,1,Increase,in_cis,DownRegulated,In_cis_Increase_DownRegulated
FAM3A,-0.61486710349205,6.62018197317249,17.1225060898796,7.38251365927864e-05,0.000411151866658778,ENSG00000071889,2,1,Increase,in_cis,DownRegulated,In_cis_Increase_DownRegulated
FAM84A,0.555734669724761,6.85939666985369,15.7387316878098,7.86685407962092e-05,0.000434835700946349,ENSG00000162981,5,6,Decrease,in_cis,UpRegulated,In_cis_Decrease_UpRegulated
ARHGEF35,0.446406351248383,7.24658554633473,15.3680521587003,9.5379983419294e-05,0.000515299650680861,ENSG00000213214,5,6,Decrease,in_cis,UpRegulated,In_cis_Decrease_UpRegulated
FIGNL1,0.526344393693271,6.59652401445297,14.7869338378052,0.00012908695231513,0.000677140328810948,ENSG00000132436,3,4,Decrease,in_cis,UpRegulated,In_cis_Decrease_UpRegulated
PAXIP1-AS1,0.525084743140714,6.70751009509955,14.5553813874978,0.000145662445200025,0.000748674009748078,ENSG00000273344,5,6,Decrease,in_cis,UpRegulated,In_cis_Decrease_UpRegulated
PLEKHN1,0.522677114504197,6.63936185601491,14.3668660307167,0.000160732571627942,0.00081455998163991,ENSG00000187583,3,4,Decrease,in_cis,UpRegulated,In_cis_Decrease_UpRegulated
PAXIP1,0.491248895617713,6.70794106117655,14.3575289361143,0.000161518621705408,0.000818110202476096,ENSG00000157212,5,6,Decrease,in_cis,UpRegulated,In_cis_Decrease_UpRegulated
ZFYVE9,0.614022962403503,6.45787498482563,21.9576135155613,0.000180427891116359,0.000900539416902098,ENSG00000157077,3,4,Decrease,in_cis,UpRegulated,In_cis_Decrease_UpRegulated
SYDE2,0.534548717184431,6.61577828204928,15.2043285977069,0.000207564281114761,0.00101607997567503,ENSG00000097096,3,4,Decrease,in_cis,UpRegulated,In_cis_Decrease_UpRegulated
RARRES2,0.491798330363469,6.74909116767747,13.742421166581,0.000222850144699173,0.00108345029699273,ENSG00000106538,5,6,Decrease,in_cis,UpRegulated,In_cis_Decrease_UpRegulated
ZNF35,0.485038215382684,6.67402852937084,13.8185307491623,0.000245823948500791,0.00118312049258328,ENSG00000169981,4,5,Decrease,in_cis,UpRegulated,In_cis_Decrease_UpRegulated
ADAM32,0.59025635729492,6.47707658058128,20.4497358833344,0.000255009985242011,0.00122118895835614,ENSG00000197140,6,7,Decrease,in_cis,UpRegulated,In_cis_Decrease_UpRegulated
UGGT2,0.421730316613556,6.98434548582264,13.4299853825408,0.000262533491295705,0.00125173794413934,ENSG00000102595,6,7,Decrease,in_cis,UpRegulated,In_cis_Decrease_UpRegulated
SIRT1,0.551342739892406,6.54991947021067,17.5292983997173,0.000262828337142133,0.00125173794413934,ENSG00000096717,4,5,Decrease,in_cis,UpRegulated,In_cis_Decrease_UpRegulated
PDIA4,0.320446399376385,7.57477101629297,13.3503647089217,0.00027374152836048,0.00129405086134045,ENSG00000155660,5,6,Decrease,in_cis,UpRegulated,In_cis_Decrease_UpRegulated
SRRT,0.424228336780874,6.92230654974672,13.0961050821621,0.000312875600048602,0.00145249575024989,ENSG00000087087,4,6,Decrease,in_cis,UpRegulated,In_cis_Decrease_UpRegulated
CDK11A,0.422263136089974,6.98899487795092,12.758757948374,0.000373672783993953,0.00169204978573315,ENSG00000008128,3,4,Decrease,in_cis,UpRegulated,In_cis_Decrease_UpRegulated
NBPF19,0.522831608816167,6.53952560332102,14.6965461832847,0.000563397020577632,0.0024194715856763,ENSG00000271383,4,5,Decrease,in_cis,UpRegulated,In_cis_Decrease_UpRegulated
ARAF,-0.610407948148322,6.49854154395877,17.0270739362161,0.000654951092963798,0.00275696086998576,ENSG00000078061,2,1,Increase,in_cis,DownRegulated,In_cis_Increase_DownRegulated
NRDC,0.309266204615433,7.51030553442871,11.6362380615265,0.000676406224812175,0.0028360450302379,ENSG00000078618,3,4,Decrease,in_cis,UpRegulated,In_cis_Decrease_UpRegulated
WDR60,0.38657043944063,7.05995712874966,11.5420350668055,0.000711078315518519,0.00295755929334437,ENSG00000126870,5,6,Decrease,in_cis,UpRegulated,In_cis_Decrease_UpRegulated
KIN,0.363114620991171,7.04894760166949,11.5366390958764,0.000713117977405917,0.00296399340044301,ENSG00000151657,4,5,Decrease,in_cis,UpRegulated,In_cis_Decrease_UpRegulated
VPS26A,0.326026575939109,7.2203200843894,11.5093894484951,0.000723509112650111,0.00299745060136624,ENSG00000122958,4,5,Decrease,in_cis,UpRegulated,In_cis_Decrease_UpRegulated
PDZD11,-0.456298430904586,6.77184237414446,11.4666686077882,0.00074010937294679,0.00305626520515964,ENSG00000120509,2,1,Increase,in_cis,DownRegulated,In_cis_Increase_DownRegulated
MAGED2,-0.381584990598846,7.1691107772764,11.0916110073575,0.000903462015384816,0.00360932132075237,ENSG00000102316,2,1,Increase,in_cis,DownRegulated,In_cis_Increase_DownRegulated
FUNDC2,-0.415074416842274,6.95119090176952,11.0665655276576,0.000915591415491388,0.00365015777642567,ENSG00000165775,2,1,Increase,in_cis,DownRegulated,In_cis_Increase_DownRegulated
SSX2IP,0.406013147371576,6.87652889465447,11.0059973350881,0.000945610774449996,0.00375731058552224,ENSG00000117155,3,4,Decrease,in_cis,UpRegulated,In_cis_Decrease_UpRegulated
SOSTDC1,0.491355182871148,7.12189439582746,10.7939416111472,0.0010587971526888,0.00415357571009695,ENSG00000171243,4,6,Decrease,in_cis,UpRegulated,In_cis_Decrease_UpRegulated
OTUD7B,0.457918175279642,6.57546274332786,11.269898385746,0.00110037911771945,0.00428681897326536,ENSG00000264522,4,5,Decrease,in_cis,UpRegulated,In_cis_Decrease_UpRegulated
CFAP44,0.53298491798867,6.46497722352967,16.1627604538229,0.00127153912914147,0.00486213659632077,ENSG00000206530,3,5,Decrease,in_cis,UpRegulated,In_cis_Decrease_UpRegulated
ZDHHC9,-0.427580057320471,6.73682066728533,10.328846285292,0.00135759605594861,0.00515136450320598,ENSG00000188706,2,1,Increase,in_cis,DownRegulated,In_cis_Increase_DownRegulated
WDR13,-0.361840710361617,7.06478707714685,9.9445472789649,0.00166826928495985,0.0061700813755299,ENSG00000101940,2,1,Increase,in_cis,DownRegulated,In_cis_Increase_DownRegulated
ZNF326,0.352077155900746,7.10386651751774,9.81885310876206,0.00178483520126704,0.00654553591633693,ENSG00000162664,3,4,Decrease,in_cis,UpRegulated,In_cis_Decrease_UpRegulated
ZNF197,0.431098380664316,6.62022012479157,9.93640144622262,0.00193856959475189,0.00703117281371725,ENSG00000186448,4,5,Decrease,in_cis,UpRegulated,In_cis_Decrease_UpRegulated
NPW,0.467646994220214,6.66823266813018,9.65157143658073,0.00195291219154386,0.00707246928413763,ENSG00000183971,2,3,Decrease,in_cis,UpRegulated,In_cis_Decrease_UpRegulated
C6orf106,0.370556246394805,6.90215038835449,9.55300471580154,0.00205938936626653,0.00740779975528709,ENSG00000196821,3,4,Decrease,in_cis,UpRegulated,In_cis_Decrease_UpRegulated
RUFY2,0.399109424084383,6.76009870255535,9.21258133142116,0.00247468986307397,0.00863839205030709,ENSG00000204130,4,5,Decrease,in_cis,UpRegulated,In_cis_Decrease_UpRegulated
VEGFA,0.492242766231483,6.84300790551443,9.16051372793991,0.0025453357447338,0.0088494812520396,ENSG00000112715,3,4,Decrease,in_cis,UpRegulated,In_cis_Decrease_UpRegulated
DHX16,0.40447674227547,6.67948673418005,9.35914168343441,0.00290048658713956,0.00992555638975368,ENSG00000204560,3,4,Decrease,in_cis,UpRegulated,In_cis_Decrease_UpRegulated
