gene_symbol,logFC,logCPM,F,PValue,FDR,ensembl_gene_id,G,E,classified_gene_dlp,classified_gene,classified_gene_rna,Gene_Type
TMEM176B,-1.28331131913265,6.74732485028849,61.6471645428181,1.91276172589555e-14,7.57489064968081e-13,ENSG00000106565,2,1,Increase,in_cis,DownRegulated,In_cis_Increase_DownRegulated
HILPDA,-1.09078646870365,8.45355368159087,42.0198504741896,1.893471163487e-10,4.04918808311694e-09,ENSG00000135245,4,3,Increase,in_cis,DownRegulated,In_cis_Increase_DownRegulated
SLC25A5,0.522059246879776,9.10758901438592,40.3314038558124,4.24810789363e-10,8.71422420194508e-09,ENSG00000005022,1,2,Decrease,in_cis,UpRegulated,In_cis_Decrease_UpRegulated
ALG13,0.852343943812338,6.70260079413376,36.2838741324692,2.98293023515399e-09,5.29377286960731e-08,ENSG00000101901,1,2,Decrease,in_cis,UpRegulated,In_cis_Decrease_UpRegulated
C1GALT1C1,0.816803523302677,6.85836051124239,33.3522664871397,1.23744724036911e-08,1.9422245310307e-07,ENSG00000171155,1,2,Decrease,in_cis,UpRegulated,In_cis_Decrease_UpRegulated
FDX1,0.662049477939955,6.8920053131672,26.4929748389784,3.59471932559651e-07,4.19498350766064e-06,ENSG00000137714,1,2,Decrease,in_cis,UpRegulated,In_cis_Decrease_UpRegulated
PCNX2,0.764772478215082,6.69686385615621,23.6702988830769,1.46463694552287e-06,1.48441995639841e-05,ENSG00000135749,4,5,Decrease,in_cis,UpRegulated,In_cis_Decrease_UpRegulated
PGRMC1,0.413479488471348,8.26932882830172,22.8514278906028,2.20643158578032e-06,2.14882162200857e-05,ENSG00000101856,1,2,Decrease,in_cis,UpRegulated,In_cis_Decrease_UpRegulated
TTF2,0.598751397474021,6.8936834070627,19.7366138455983,1.05936263220538e-05,8.68819554734886e-05,ENSG00000116830,1,2,Decrease,in_cis,UpRegulated,In_cis_Decrease_UpRegulated
STAM,0.528010685955063,6.88307764876348,15.7066055000036,8.29139990606038e-05,0.000515648394693813,ENSG00000136738,2,3,Decrease,in_cis,UpRegulated,In_cis_Decrease_UpRegulated
U2AF1L4,-0.644295452057003,6.605277492559,20.4490884313723,0.000109325849216028,0.000651688720692618,ENSG00000161265,3,2,Increase,in_cis,DownRegulated,In_cis_Increase_DownRegulated
NFKBID,-0.592576946478495,6.85500629918682,14.4748833528759,0.000156670492929206,0.000886756988634942,ENSG00000167604,3,2,Increase,in_cis,DownRegulated,In_cis_Increase_DownRegulated
TMEM164,0.616259581083752,6.5980304172165,20.9618507053961,0.000209565231675306,0.00114837987940459,ENSG00000157600,1,2,Decrease,in_cis,UpRegulated,In_cis_Decrease_UpRegulated
PSMD10,0.509090292744289,6.81112145489767,13.9082977062801,0.000210234872183793,0.00115131184165183,ENSG00000101843,1,2,Decrease,in_cis,UpRegulated,In_cis_Decrease_UpRegulated
CCNE1,0.497505518693175,7.17102659644543,13.1629467816791,0.000309980953138861,0.00162773300991395,ENSG00000105173,3,4,Decrease,in_cis,UpRegulated,In_cis_Decrease_UpRegulated
