gene_symbol,logFC,logCPM,F,PValue,FDR,ensembl_gene_id,H,E,classified_gene_dlp,classified_gene,classified_gene_rna,Gene_Type
PABPC1,-0.692223249616758,10.0185225375705,122.817802277533,9.73267872155206e-26,6.53807752783928e-24,ENSG00000070756,5,3,Increase,in_cis,DownRegulated,In_cis_Increase_DownRegulated
APLP1,1.32655577522742,6.81580755072758,98.4578050944382,2.3959655299808e-21,9.84880061602685e-20,ENSG00000105290,1,2,Decrease,in_cis,UpRegulated,In_cis_Decrease_UpRegulated
KCNK1,-0.949090956080659,7.38015644674715,55.425047256734,4.12613534326142e-13,6.2329429655274e-12,ENSG00000135750,5,4,Increase,in_cis,DownRegulated,In_cis_Increase_DownRegulated
STT3A,0.853261477651841,6.75467226240974,36.3471121028607,3.15726283038335e-09,2.53470396242044e-08,ENSG00000134910,3,4,Decrease,in_cis,UpRegulated,In_cis_Decrease_UpRegulated
FXYD3,0.550870286989664,9.19779694195712,34.3638667200573,8.18498648018471e-09,6.12798900223986e-08,ENSG00000089356,1,3,Decrease,in_cis,UpRegulated,In_cis_Decrease_UpRegulated
GNG4,-0.656581231498236,8.23186642723573,33.7492478328899,1.10065990963655e-08,8.07087669587696e-08,ENSG00000168243,5,4,Increase,in_cis,DownRegulated,In_cis_Increase_DownRegulated
FDX1,0.790879472064726,6.75214984338271,33.4868520643692,1.24920307270499e-08,9.05142904375222e-08,ENSG00000137714,1,2,Decrease,in_cis,UpRegulated,In_cis_Decrease_UpRegulated
ZNF669,-0.938190381012634,6.7196909069064,31.2111103790587,3.75899417345354e-08,2.5011206368115e-07,ENSG00000188295,5,4,Increase,in_cis,DownRegulated,In_cis_Increase_DownRegulated
COX20,-0.503823923997553,8.1373555633441,27.2295902343422,2.62660027836295e-07,1.50016248363415e-06,ENSG00000203667,5,4,Increase,in_cis,DownRegulated,In_cis_Increase_DownRegulated
ZNF146,0.706874439826521,6.79978446734852,26.9042768337044,3.08185954007175e-07,1.74653402579272e-06,ENSG00000167635,1,2,Decrease,in_cis,UpRegulated,In_cis_Decrease_UpRegulated
SDHD,0.695783306421923,6.82307358735952,26.852116722551,3.16191116248691e-07,1.78562354288396e-06,ENSG00000204370,1,2,Decrease,in_cis,UpRegulated,In_cis_Decrease_UpRegulated
FAM118B,0.760684963034248,6.60273566832564,25.3021995261938,6.78722156539259e-07,3.60663420659457e-06,ENSG00000197798,3,4,Decrease,in_cis,UpRegulated,In_cis_Decrease_UpRegulated
ZNF670,-0.834234349727567,6.58765724566869,24.8839677729308,8.34615522399103e-07,4.34325180554615e-06,ENSG00000277462,5,4,Increase,in_cis,DownRegulated,In_cis_Increase_DownRegulated
TBCB,0.48205534241582,7.55659548896644,23.2661596702577,1.8620220133276e-06,9.04561830338124e-06,ENSG00000105254,1,2,Decrease,in_cis,UpRegulated,In_cis_Decrease_UpRegulated
STAM,0.616691222861274,6.73580276920843,22.4340067491433,2.81827556230284e-06,1.32542662583549e-05,ENSG00000136738,2,3,Decrease,in_cis,UpRegulated,In_cis_Decrease_UpRegulated
ZNF695,-0.641531547218513,6.59450681138153,16.5627331576993,5.44821944196986e-05,0.000199666850530829,ENSG00000197472,5,4,Increase,in_cis,DownRegulated,In_cis_Increase_DownRegulated
CTHRC1,-0.560875665513569,6.94294922894423,14.2589610794228,0.000177927242956982,0.000579976335220051,ENSG00000164932,5,4,Increase,in_cis,DownRegulated,In_cis_Increase_DownRegulated
RBM42,0.412104191257645,7.42311417119315,14.1031416139139,0.000192856936174964,0.000623884526786205,ENSG00000126254,1,2,Decrease,in_cis,UpRegulated,In_cis_Decrease_UpRegulated
NCALD,-0.633997531042441,7.10676941955735,13.0336200472563,0.00033595846255843,0.00102660645277862,ENSG00000104490,5,4,Increase,in_cis,DownRegulated,In_cis_Increase_DownRegulated
POLR2I,0.367659175842722,7.32072882070534,11.3145056047428,0.000826491153329906,0.0022868929970779,ENSG00000105258,1,2,Decrease,in_cis,UpRegulated,In_cis_Decrease_UpRegulated
AP001783.1,0.551649619421532,6.48313514264903,10.4039097053882,0.00133759962780275,0.00352977679559059,ENSG00000254607,3,4,Decrease,in_cis,UpRegulated,In_cis_Decrease_UpRegulated
ST3GAL4,0.434283510112869,7.15525435491389,10.2141483204659,0.00147943110933924,0.00385997436217594,ENSG00000110080,3,4,Decrease,in_cis,UpRegulated,In_cis_Decrease_UpRegulated
CHML,-0.419811534663565,7.11747002755653,8.86071724057791,0.0030511995059961,0.0073861143194413,ENSG00000203668,5,4,Increase,in_cis,DownRegulated,In_cis_Increase_DownRegulated
