Sample,Barcode,cell_id,id,clone
.cache/SCRNA10X_SA_CHIP0206_002/filtered_feature_bc_matrix,AAACCCAGTACTAACC-1,SA535X10XB03696_AAACCCAGTACTAACC-1,SA535X10XB03696,H
.cache/SCRNA10X_SA_CHIP0206_002/filtered_feature_bc_matrix,AAACGAACAAATTAGG-1,SA535X10XB03696_AAACGAACAAATTAGG-1,SA535X10XB03696,A
.cache/SCRNA10X_SA_CHIP0206_002/filtered_feature_bc_matrix,AAACGAACACCTGAAT-1,SA535X10XB03696_AAACGAACACCTGAAT-1,SA535X10XB03696,A
.cache/SCRNA10X_SA_CHIP0206_002/filtered_feature_bc_matrix,AAAGAACCACTCCGGA-1,SA535X10XB03696_AAAGAACCACTCCGGA-1,SA535X10XB03696,H
.cache/SCRNA10X_SA_CHIP0206_002/filtered_feature_bc_matrix,AAAGGGCAGCGAACTG-1,SA535X10XB03696_AAAGGGCAGCGAACTG-1,SA535X10XB03696,H
.cache/SCRNA10X_SA_CHIP0206_002/filtered_feature_bc_matrix,AAAGGGCTCATAGACC-1,SA535X10XB03696_AAAGGGCTCATAGACC-1,SA535X10XB03696,A
.cache/SCRNA10X_SA_CHIP0206_002/filtered_feature_bc_matrix,AAAGGTATCCTGCTAC-1,SA535X10XB03696_AAAGGTATCCTGCTAC-1,SA535X10XB03696,H
.cache/SCRNA10X_SA_CHIP0206_002/filtered_feature_bc_matrix,AAAGTCCCAGTCGTTA-1,SA535X10XB03696_AAAGTCCCAGTCGTTA-1,SA535X10XB03696,H
.cache/SCRNA10X_SA_CHIP0206_002/filtered_feature_bc_matrix,AACAACCCAGGCCCTA-1,SA535X10XB03696_AACAACCCAGGCCCTA-1,SA535X10XB03696,A
.cache/SCRNA10X_SA_CHIP0206_002/filtered_feature_bc_matrix,AACAACCGTGATTCTG-1,SA535X10XB03696_AACAACCGTGATTCTG-1,SA535X10XB03696,A
.cache/SCRNA10X_SA_CHIP0206_002/filtered_feature_bc_matrix,AACAACCTCTGGACTA-1,SA535X10XB03696_AACAACCTCTGGACTA-1,SA535X10XB03696,A
.cache/SCRNA10X_SA_CHIP0206_002/filtered_feature_bc_matrix,AACACACTCAAGTCGT-1,SA535X10XB03696_AACACACTCAAGTCGT-1,SA535X10XB03696,H
.cache/SCRNA10X_SA_CHIP0206_002/filtered_feature_bc_matrix,AACCACACAATGGCAG-1,SA535X10XB03696_AACCACACAATGGCAG-1,SA535X10XB03696,J
.cache/SCRNA10X_SA_CHIP0206_002/filtered_feature_bc_matrix,AACCACAGTCCTCAGG-1,SA535X10XB03696_AACCACAGTCCTCAGG-1,SA535X10XB03696,J
.cache/SCRNA10X_SA_CHIP0206_002/filtered_feature_bc_matrix,AACCCAAGTGATAGTA-1,SA535X10XB03696_AACCCAAGTGATAGTA-1,SA535X10XB03696,H
.cache/SCRNA10X_SA_CHIP0206_002/filtered_feature_bc_matrix,AACGAAAGTCGCATCG-1,SA535X10XB03696_AACGAAAGTCGCATCG-1,SA535X10XB03696,D
.cache/SCRNA10X_SA_CHIP0206_002/filtered_feature_bc_matrix,AACTTCTCATTACGGT-1,SA535X10XB03696_AACTTCTCATTACGGT-1,SA535X10XB03696,D
.cache/SCRNA10X_SA_CHIP0206_002/filtered_feature_bc_matrix,AAGACAACAGTCGAGA-1,SA535X10XB03696_AAGACAACAGTCGAGA-1,SA535X10XB03696,A
.cache/SCRNA10X_SA_CHIP0206_002/filtered_feature_bc_matrix,AAGACTCGTTATGGTC-1,SA535X10XB03696_AAGACTCGTTATGGTC-1,SA535X10XB03696,A
.cache/SCRNA10X_SA_CHIP0206_002/filtered_feature_bc_matrix,AAGACTCTCACTTTGT-1,SA535X10XB03696_AAGACTCTCACTTTGT-1,SA535X10XB03696,A
.cache/SCRNA10X_SA_CHIP0206_002/filtered_feature_bc_matrix,AAGATAGAGTTCACTG-1,SA535X10XB03696_AAGATAGAGTTCACTG-1,SA535X10XB03696,A
.cache/SCRNA10X_SA_CHIP0206_002/filtered_feature_bc_matrix,AAGCATCAGTGTACAA-1,SA535X10XB03696_AAGCATCAGTGTACAA-1,SA535X10XB03696,A
.cache/SCRNA10X_SA_CHIP0206_002/filtered_feature_bc_matrix,AAGCGTTAGGTGAGCT-1,SA535X10XB03696_AAGCGTTAGGTGAGCT-1,SA535X10XB03696,E
.cache/SCRNA10X_SA_CHIP0206_002/filtered_feature_bc_matrix,AAGCGTTCAATGTTGC-1,SA535X10XB03696_AAGCGTTCAATGTTGC-1,SA535X10XB03696,H
.cache/SCRNA10X_SA_CHIP0206_002/filtered_feature_bc_matrix,AAGCGTTGTCAGTTTG-1,SA535X10XB03696_AAGCGTTGTCAGTTTG-1,SA535X10XB03696,H
.cache/SCRNA10X_SA_CHIP0206_002/filtered_feature_bc_matrix,AAGGAATCACGCGTCA-1,SA535X10XB03696_AAGGAATCACGCGTCA-1,SA535X10XB03696,A
.cache/SCRNA10X_SA_CHIP0206_002/filtered_feature_bc_matrix,AAGGTAAAGGTGCGAT-1,SA535X10XB03696_AAGGTAAAGGTGCGAT-1,SA535X10XB03696,J
.cache/SCRNA10X_SA_CHIP0206_002/filtered_feature_bc_matrix,AAGTCGTTCAAGCTGT-1,SA535X10XB03696_AAGTCGTTCAAGCTGT-1,SA535X10XB03696,A
.cache/SCRNA10X_SA_CHIP0206_002/filtered_feature_bc_matrix,AAGTGAAAGACGTCCC-1,SA535X10XB03696_AAGTGAAAGACGTCCC-1,SA535X10XB03696,A
.cache/SCRNA10X_SA_CHIP0206_002/filtered_feature_bc_matrix,AAGTGAATCAGCTTGA-1,SA535X10XB03696_AAGTGAATCAGCTTGA-1,SA535X10XB03696,A
.cache/SCRNA10X_SA_CHIP0206_002/filtered_feature_bc_matrix,AAGTTCGTCTACTCAT-1,SA535X10XB03696_AAGTTCGTCTACTCAT-1,SA535X10XB03696,D
.cache/SCRNA10X_SA_CHIP0206_002/filtered_feature_bc_matrix,AATCGACTCTGCCTGT-1,SA535X10XB03696_AATCGACTCTGCCTGT-1,SA535X10XB03696,H
.cache/SCRNA10X_SA_CHIP0206_002/filtered_feature_bc_matrix,AATCGTGAGCGCTGCT-1,SA535X10XB03696_AATCGTGAGCGCTGCT-1,SA535X10XB03696,A
.cache/SCRNA10X_SA_CHIP0206_002/filtered_feature_bc_matrix,AATCGTGTCGGCTGAC-1,SA535X10XB03696_AATCGTGTCGGCTGAC-1,SA535X10XB03696,J
.cache/SCRNA10X_SA_CHIP0206_002/filtered_feature_bc_matrix,AATGACCAGGGCGAGA-1,SA535X10XB03696_AATGACCAGGGCGAGA-1,SA535X10XB03696,H
.cache/SCRNA10X_SA_CHIP0206_002/filtered_feature_bc_matrix,AATGGAAAGTCCTACA-1,SA535X10XB03696_AATGGAAAGTCCTACA-1,SA535X10XB03696,A
.cache/SCRNA10X_SA_CHIP0206_002/filtered_feature_bc_matrix,AATGGCTAGTGGACTG-1,SA535X10XB03696_AATGGCTAGTGGACTG-1,SA535X10XB03696,A
.cache/SCRNA10X_SA_CHIP0206_002/filtered_feature_bc_matrix,AATGGCTGTGACTCTA-1,SA535X10XB03696_AATGGCTGTGACTCTA-1,SA535X10XB03696,A
.cache/SCRNA10X_SA_CHIP0206_002/filtered_feature_bc_matrix,AATGGCTGTTCTCTAT-1,SA535X10XB03696_AATGGCTGTTCTCTAT-1,SA535X10XB03696,A
.cache/SCRNA10X_SA_CHIP0206_002/filtered_feature_bc_matrix,AATTCCTGTCGTTGCG-1,SA535X10XB03696_AATTCCTGTCGTTGCG-1,SA535X10XB03696,H
.cache/SCRNA10X_SA_CHIP0206_002/filtered_feature_bc_matrix,AATTCCTTCAAGCTTG-1,SA535X10XB03696_AATTCCTTCAAGCTTG-1,SA535X10XB03696,A
.cache/SCRNA10X_SA_CHIP0206_002/filtered_feature_bc_matrix,ACAAAGAAGCTTCGTA-1,SA535X10XB03696_ACAAAGAAGCTTCGTA-1,SA535X10XB03696,A
.cache/SCRNA10X_SA_CHIP0206_002/filtered_feature_bc_matrix,ACAAAGATCGGACAAG-1,SA535X10XB03696_ACAAAGATCGGACAAG-1,SA535X10XB03696,H
.cache/SCRNA10X_SA_CHIP0206_002/filtered_feature_bc_matrix,ACAAGCTAGCGGGTTA-1,SA535X10XB03696_ACAAGCTAGCGGGTTA-1,SA535X10XB03696,H
.cache/SCRNA10X_SA_CHIP0206_002/filtered_feature_bc_matrix,ACACAGTTCCTCTCGA-1,SA535X10XB03696_ACACAGTTCCTCTCGA-1,SA535X10XB03696,A
.cache/SCRNA10X_SA_CHIP0206_002/filtered_feature_bc_matrix,ACACGCGGTATTCCTT-1,SA535X10XB03696_ACACGCGGTATTCCTT-1,SA535X10XB03696,A
.cache/SCRNA10X_SA_CHIP0206_002/filtered_feature_bc_matrix,ACAGAAACAACTACGT-1,SA535X10XB03696_ACAGAAACAACTACGT-1,SA535X10XB03696,A
.cache/SCRNA10X_SA_CHIP0206_002/filtered_feature_bc_matrix,ACAGCCGAGGCGTTGA-1,SA535X10XB03696_ACAGCCGAGGCGTTGA-1,SA535X10XB03696,H
.cache/SCRNA10X_SA_CHIP0206_002/filtered_feature_bc_matrix,ACAGCCGGTCGAATTC-1,SA535X10XB03696_ACAGCCGGTCGAATTC-1,SA535X10XB03696,H
.cache/SCRNA10X_SA_CHIP0206_002/filtered_feature_bc_matrix,ACATCCCGTCTTGCTC-1,SA535X10XB03696_ACATCCCGTCTTGCTC-1,SA535X10XB03696,E
.cache/SCRNA10X_SA_CHIP0206_002/filtered_feature_bc_matrix,ACATCCCTCATCCTAT-1,SA535X10XB03696_ACATCCCTCATCCTAT-1,SA535X10XB03696,H
.cache/SCRNA10X_SA_CHIP0206_002/filtered_feature_bc_matrix,ACATGCATCGTCTCAC-1,SA535X10XB03696_ACATGCATCGTCTCAC-1,SA535X10XB03696,H
.cache/SCRNA10X_SA_CHIP0206_002/filtered_feature_bc_matrix,ACCAAACTCTTCCGTG-1,SA535X10XB03696_ACCAAACTCTTCCGTG-1,SA535X10XB03696,A
.cache/SCRNA10X_SA_CHIP0206_002/filtered_feature_bc_matrix,ACCCTCAAGTACCGGA-1,SA535X10XB03696_ACCCTCAAGTACCGGA-1,SA535X10XB03696,A
.cache/SCRNA10X_SA_CHIP0206_002/filtered_feature_bc_matrix,ACCGTTCAGCCAAGCA-1,SA535X10XB03696_ACCGTTCAGCCAAGCA-1,SA535X10XB03696,H
.cache/SCRNA10X_SA_CHIP0206_002/filtered_feature_bc_matrix,ACCGTTCAGCCTCAGC-1,SA535X10XB03696_ACCGTTCAGCCTCAGC-1,SA535X10XB03696,A
.cache/SCRNA10X_SA_CHIP0206_002/filtered_feature_bc_matrix,ACCTACCGTATGTCAC-1,SA535X10XB03696_ACCTACCGTATGTCAC-1,SA535X10XB03696,E
.cache/SCRNA10X_SA_CHIP0206_002/filtered_feature_bc_matrix,ACCTACCGTGACAGCA-1,SA535X10XB03696_ACCTACCGTGACAGCA-1,SA535X10XB03696,H
.cache/SCRNA10X_SA_CHIP0206_002/filtered_feature_bc_matrix,ACCTGTCAGCCTCCAG-1,SA535X10XB03696_ACCTGTCAGCCTCCAG-1,SA535X10XB03696,H
.cache/SCRNA10X_SA_CHIP0206_002/filtered_feature_bc_matrix,ACGATCATCGAGGCAA-1,SA535X10XB03696_ACGATCATCGAGGCAA-1,SA535X10XB03696,A
.cache/SCRNA10X_SA_CHIP0206_002/filtered_feature_bc_matrix,ACGATGTAGGAAAGAC-1,SA535X10XB03696_ACGATGTAGGAAAGAC-1,SA535X10XB03696,A
.cache/SCRNA10X_SA_CHIP0206_002/filtered_feature_bc_matrix,ACGGAAGAGGCTAAAT-1,SA535X10XB03696_ACGGAAGAGGCTAAAT-1,SA535X10XB03696,A
.cache/SCRNA10X_SA_CHIP0206_002/filtered_feature_bc_matrix,ACGGGTCAGGTCGAGT-1,SA535X10XB03696_ACGGGTCAGGTCGAGT-1,SA535X10XB03696,A
.cache/SCRNA10X_SA_CHIP0206_002/filtered_feature_bc_matrix,ACGGGTCAGTGCAACG-1,SA535X10XB03696_ACGGGTCAGTGCAACG-1,SA535X10XB03696,A
.cache/SCRNA10X_SA_CHIP0206_002/filtered_feature_bc_matrix,ACTACGAGTGCCGTAC-1,SA535X10XB03696_ACTACGAGTGCCGTAC-1,SA535X10XB03696,A
.cache/SCRNA10X_SA_CHIP0206_002/filtered_feature_bc_matrix,ACTATCTCAACTGATC-1,SA535X10XB03696_ACTATCTCAACTGATC-1,SA535X10XB03696,A
.cache/SCRNA10X_SA_CHIP0206_002/filtered_feature_bc_matrix,ACTATCTGTCCGATCG-1,SA535X10XB03696_ACTATCTGTCCGATCG-1,SA535X10XB03696,H
.cache/SCRNA10X_SA_CHIP0206_002/filtered_feature_bc_matrix,ACTATGGTCATTTGTC-1,SA535X10XB03696_ACTATGGTCATTTGTC-1,SA535X10XB03696,D
.cache/SCRNA10X_SA_CHIP0206_002/filtered_feature_bc_matrix,ACTCCCAGTATCACGT-1,SA535X10XB03696_ACTCCCAGTATCACGT-1,SA535X10XB03696,A
.cache/SCRNA10X_SA_CHIP0206_002/filtered_feature_bc_matrix,ACTGATGCACGCACCA-1,SA535X10XB03696_ACTGATGCACGCACCA-1,SA535X10XB03696,A
.cache/SCRNA10X_SA_CHIP0206_002/filtered_feature_bc_matrix,ACTTAGGGTTGCTAGT-1,SA535X10XB03696_ACTTAGGGTTGCTAGT-1,SA535X10XB03696,H
.cache/SCRNA10X_SA_CHIP0206_002/filtered_feature_bc_matrix,ACTTAGGTCCTGTACC-1,SA535X10XB03696_ACTTAGGTCCTGTACC-1,SA535X10XB03696,H
.cache/SCRNA10X_SA_CHIP0206_002/filtered_feature_bc_matrix,ACTTATCGTTAACAGA-1,SA535X10XB03696_ACTTATCGTTAACAGA-1,SA535X10XB03696,A
.cache/SCRNA10X_SA_CHIP0206_002/filtered_feature_bc_matrix,ACTTTCACAGTAGATA-1,SA535X10XB03696_ACTTTCACAGTAGATA-1,SA535X10XB03696,H
.cache/SCRNA10X_SA_CHIP0206_002/filtered_feature_bc_matrix,ACTTTGTCAAGTGGTG-1,SA535X10XB03696_ACTTTGTCAAGTGGTG-1,SA535X10XB03696,D
.cache/SCRNA10X_SA_CHIP0206_002/filtered_feature_bc_matrix,AGAACCTCACGCAGTC-1,SA535X10XB03696_AGAACCTCACGCAGTC-1,SA535X10XB03696,H
.cache/SCRNA10X_SA_CHIP0206_002/filtered_feature_bc_matrix,AGACACTGTGCTCTCT-1,SA535X10XB03696_AGACACTGTGCTCTCT-1,SA535X10XB03696,H
.cache/SCRNA10X_SA_CHIP0206_002/filtered_feature_bc_matrix,AGACAGGCATTAGGAA-1,SA535X10XB03696_AGACAGGCATTAGGAA-1,SA535X10XB03696,A
.cache/SCRNA10X_SA_CHIP0206_002/filtered_feature_bc_matrix,AGACCCGCACAATGAA-1,SA535X10XB03696_AGACCCGCACAATGAA-1,SA535X10XB03696,D
.cache/SCRNA10X_SA_CHIP0206_002/filtered_feature_bc_matrix,AGACCCGCATAACTCG-1,SA535X10XB03696_AGACCCGCATAACTCG-1,SA535X10XB03696,H
.cache/SCRNA10X_SA_CHIP0206_002/filtered_feature_bc_matrix,AGACTCAAGGAACTAT-1,SA535X10XB03696_AGACTCAAGGAACTAT-1,SA535X10XB03696,A
.cache/SCRNA10X_SA_CHIP0206_002/filtered_feature_bc_matrix,AGAGAGCGTCTAGGTT-1,SA535X10XB03696_AGAGAGCGTCTAGGTT-1,SA535X10XB03696,H
.cache/SCRNA10X_SA_CHIP0206_002/filtered_feature_bc_matrix,AGATCGTAGACGGTTG-1,SA535X10XB03696_AGATCGTAGACGGTTG-1,SA535X10XB03696,J
.cache/SCRNA10X_SA_CHIP0206_002/filtered_feature_bc_matrix,AGATGCTCAGCCTACG-1,SA535X10XB03696_AGATGCTCAGCCTACG-1,SA535X10XB03696,J
.cache/SCRNA10X_SA_CHIP0206_002/filtered_feature_bc_matrix,AGCCAGCGTCCACTTC-1,SA535X10XB03696_AGCCAGCGTCCACTTC-1,SA535X10XB03696,H
.cache/SCRNA10X_SA_CHIP0206_002/filtered_feature_bc_matrix,AGCGCCAAGGAACGCT-1,SA535X10XB03696_AGCGCCAAGGAACGCT-1,SA535X10XB03696,H
.cache/SCRNA10X_SA_CHIP0206_002/filtered_feature_bc_matrix,AGCGTATTCCTCGATC-1,SA535X10XB03696_AGCGTATTCCTCGATC-1,SA535X10XB03696,J
.cache/SCRNA10X_SA_CHIP0206_002/filtered_feature_bc_matrix,AGCTTCCGTCTGTCAA-1,SA535X10XB03696_AGCTTCCGTCTGTCAA-1,SA535X10XB03696,E
.cache/SCRNA10X_SA_CHIP0206_002/filtered_feature_bc_matrix,AGGAATAAGACATAGT-1,SA535X10XB03696_AGGAATAAGACATAGT-1,SA535X10XB03696,A
.cache/SCRNA10X_SA_CHIP0206_002/filtered_feature_bc_matrix,AGGACTTAGTGTTGTC-1,SA535X10XB03696_AGGACTTAGTGTTGTC-1,SA535X10XB03696,A
.cache/SCRNA10X_SA_CHIP0206_002/filtered_feature_bc_matrix,AGGATAAAGCTAAATG-1,SA535X10XB03696_AGGATAAAGCTAAATG-1,SA535X10XB03696,E
.cache/SCRNA10X_SA_CHIP0206_002/filtered_feature_bc_matrix,AGGATCTCACAAGCTT-1,SA535X10XB03696_AGGATCTCACAAGCTT-1,SA535X10XB03696,A
.cache/SCRNA10X_SA_CHIP0206_002/filtered_feature_bc_matrix,AGGATCTGTGCAGGAT-1,SA535X10XB03696_AGGATCTGTGCAGGAT-1,SA535X10XB03696,A
.cache/SCRNA10X_SA_CHIP0206_002/filtered_feature_bc_matrix,AGGGAGTAGGGATGTC-1,SA535X10XB03696_AGGGAGTAGGGATGTC-1,SA535X10XB03696,H
.cache/SCRNA10X_SA_CHIP0206_002/filtered_feature_bc_matrix,AGGGTGACACCCTTGT-1,SA535X10XB03696_AGGGTGACACCCTTGT-1,SA535X10XB03696,D
.cache/SCRNA10X_SA_CHIP0206_002/filtered_feature_bc_matrix,AGGGTTTGTCATCCCT-1,SA535X10XB03696_AGGGTTTGTCATCCCT-1,SA535X10XB03696,A
.cache/SCRNA10X_SA_CHIP0206_002/filtered_feature_bc_matrix,AGGGTTTGTCTGTGGC-1,SA535X10XB03696_AGGGTTTGTCTGTGGC-1,SA535X10XB03696,A
.cache/SCRNA10X_SA_CHIP0206_002/filtered_feature_bc_matrix,AGGTCATAGACGACGT-1,SA535X10XB03696_AGGTCATAGACGACGT-1,SA535X10XB03696,H
.cache/SCRNA10X_SA_CHIP0206_002/filtered_feature_bc_matrix,AGGTTACGTCATCTAG-1,SA535X10XB03696_AGGTTACGTCATCTAG-1,SA535X10XB03696,A
.cache/SCRNA10X_SA_CHIP0206_002/filtered_feature_bc_matrix,AGTAACCGTGCCCTTT-1,SA535X10XB03696_AGTAACCGTGCCCTTT-1,SA535X10XB03696,unassigned
.cache/SCRNA10X_SA_CHIP0206_002/filtered_feature_bc_matrix,AGTAACCGTTGGTACT-1,SA535X10XB03696_AGTAACCGTTGGTACT-1,SA535X10XB03696,A
.cache/SCRNA10X_SA_CHIP0206_002/filtered_feature_bc_matrix,AGTACCAGTGAACCGA-1,SA535X10XB03696_AGTACCAGTGAACCGA-1,SA535X10XB03696,J
.cache/SCRNA10X_SA_CHIP0206_002/filtered_feature_bc_matrix,AGTAGCTAGACTAAGT-1,SA535X10XB03696_AGTAGCTAGACTAAGT-1,SA535X10XB03696,H
.cache/SCRNA10X_SA_CHIP0206_002/filtered_feature_bc_matrix,AGTAGTCGTCCGCAGT-1,SA535X10XB03696_AGTAGTCGTCCGCAGT-1,SA535X10XB03696,A
.cache/SCRNA10X_SA_CHIP0206_002/filtered_feature_bc_matrix,AGTCACAAGTTGGAGC-1,SA535X10XB03696_AGTCACAAGTTGGAGC-1,SA535X10XB03696,H
.cache/SCRNA10X_SA_CHIP0206_002/filtered_feature_bc_matrix,AGTCATGAGTTCATGC-1,SA535X10XB03696_AGTCATGAGTTCATGC-1,SA535X10XB03696,A
.cache/SCRNA10X_SA_CHIP0206_002/filtered_feature_bc_matrix,AGTCTCCCACAAACGG-1,SA535X10XB03696_AGTCTCCCACAAACGG-1,SA535X10XB03696,H
.cache/SCRNA10X_SA_CHIP0206_002/filtered_feature_bc_matrix,AGTCTCCTCCACACCT-1,SA535X10XB03696_AGTCTCCTCCACACCT-1,SA535X10XB03696,H
.cache/SCRNA10X_SA_CHIP0206_002/filtered_feature_bc_matrix,AGTGACTGTTGTGTTG-1,SA535X10XB03696_AGTGACTGTTGTGTTG-1,SA535X10XB03696,E
.cache/SCRNA10X_SA_CHIP0206_002/filtered_feature_bc_matrix,AGTTCCCAGCGGTATG-1,SA535X10XB03696_AGTTCCCAGCGGTATG-1,SA535X10XB03696,J
.cache/SCRNA10X_SA_CHIP0206_002/filtered_feature_bc_matrix,ATACTTCAGGAAAGAC-1,SA535X10XB03696_ATACTTCAGGAAAGAC-1,SA535X10XB03696,A
.cache/SCRNA10X_SA_CHIP0206_002/filtered_feature_bc_matrix,ATAGACCTCGGCGATC-1,SA535X10XB03696_ATAGACCTCGGCGATC-1,SA535X10XB03696,A
.cache/SCRNA10X_SA_CHIP0206_002/filtered_feature_bc_matrix,ATAGAGAGTGAATAAC-1,SA535X10XB03696_ATAGAGAGTGAATAAC-1,SA535X10XB03696,H
.cache/SCRNA10X_SA_CHIP0206_002/filtered_feature_bc_matrix,ATAGGCTTCGCCGTGA-1,SA535X10XB03696_ATAGGCTTCGCCGTGA-1,SA535X10XB03696,A
.cache/SCRNA10X_SA_CHIP0206_002/filtered_feature_bc_matrix,ATATCCTAGTTGAATG-1,SA535X10XB03696_ATATCCTAGTTGAATG-1,SA535X10XB03696,D
.cache/SCRNA10X_SA_CHIP0206_002/filtered_feature_bc_matrix,ATCACAGTCCACATAG-1,SA535X10XB03696_ATCACAGTCCACATAG-1,SA535X10XB03696,A
.cache/SCRNA10X_SA_CHIP0206_002/filtered_feature_bc_matrix,ATCCTATGTCATCCCT-1,SA535X10XB03696_ATCCTATGTCATCCCT-1,SA535X10XB03696,A
.cache/SCRNA10X_SA_CHIP0206_002/filtered_feature_bc_matrix,ATCGATGAGACTCTAC-1,SA535X10XB03696_ATCGATGAGACTCTAC-1,SA535X10XB03696,A
.cache/SCRNA10X_SA_CHIP0206_002/filtered_feature_bc_matrix,ATCGCCTAGATGCTAA-1,SA535X10XB03696_ATCGCCTAGATGCTAA-1,SA535X10XB03696,H
.cache/SCRNA10X_SA_CHIP0206_002/filtered_feature_bc_matrix,ATCGCCTCAAAGAACT-1,SA535X10XB03696_ATCGCCTCAAAGAACT-1,SA535X10XB03696,A
.cache/SCRNA10X_SA_CHIP0206_002/filtered_feature_bc_matrix,ATCGCCTCAGGAGGAG-1,SA535X10XB03696_ATCGCCTCAGGAGGAG-1,SA535X10XB03696,A
.cache/SCRNA10X_SA_CHIP0206_002/filtered_feature_bc_matrix,ATCGGCGAGTCACTGT-1,SA535X10XB03696_ATCGGCGAGTCACTGT-1,SA535X10XB03696,A
.cache/SCRNA10X_SA_CHIP0206_002/filtered_feature_bc_matrix,ATCGGCGCAGTAACGG-1,SA535X10XB03696_ATCGGCGCAGTAACGG-1,SA535X10XB03696,A
.cache/SCRNA10X_SA_CHIP0206_002/filtered_feature_bc_matrix,ATCGGCGGTCGAGTTT-1,SA535X10XB03696_ATCGGCGGTCGAGTTT-1,SA535X10XB03696,H
.cache/SCRNA10X_SA_CHIP0206_002/filtered_feature_bc_matrix,ATCGGCGTCTGTTGGA-1,SA535X10XB03696_ATCGGCGTCTGTTGGA-1,SA535X10XB03696,A
.cache/SCRNA10X_SA_CHIP0206_002/filtered_feature_bc_matrix,ATCGTGATCCGCGGAT-1,SA535X10XB03696_ATCGTGATCCGCGGAT-1,SA535X10XB03696,D
.cache/SCRNA10X_SA_CHIP0206_002/filtered_feature_bc_matrix,ATGAGTCGTTAACCTG-1,SA535X10XB03696_ATGAGTCGTTAACCTG-1,SA535X10XB03696,A
.cache/SCRNA10X_SA_CHIP0206_002/filtered_feature_bc_matrix,ATGATCGCAAATTAGG-1,SA535X10XB03696_ATGATCGCAAATTAGG-1,SA535X10XB03696,A
.cache/SCRNA10X_SA_CHIP0206_002/filtered_feature_bc_matrix,ATGATCGTCAGACCTA-1,SA535X10XB03696_ATGATCGTCAGACCTA-1,SA535X10XB03696,A
.cache/SCRNA10X_SA_CHIP0206_002/filtered_feature_bc_matrix,ATGCATGGTGGTAATA-1,SA535X10XB03696_ATGCATGGTGGTAATA-1,SA535X10XB03696,A
.cache/SCRNA10X_SA_CHIP0206_002/filtered_feature_bc_matrix,ATGCATGTCTCGCGTT-1,SA535X10XB03696_ATGCATGTCTCGCGTT-1,SA535X10XB03696,A
.cache/SCRNA10X_SA_CHIP0206_002/filtered_feature_bc_matrix,ATGCCTCAGCCGCACT-1,SA535X10XB03696_ATGCCTCAGCCGCACT-1,SA535X10XB03696,A
.cache/SCRNA10X_SA_CHIP0206_002/filtered_feature_bc_matrix,ATGCCTCCAGGAGGTT-1,SA535X10XB03696_ATGCCTCCAGGAGGTT-1,SA535X10XB03696,A
.cache/SCRNA10X_SA_CHIP0206_002/filtered_feature_bc_matrix,ATGCCTCTCGTTCCCA-1,SA535X10XB03696_ATGCCTCTCGTTCCCA-1,SA535X10XB03696,A
.cache/SCRNA10X_SA_CHIP0206_002/filtered_feature_bc_matrix,ATGGTTGGTGAACGGT-1,SA535X10XB03696_ATGGTTGGTGAACGGT-1,SA535X10XB03696,A
.cache/SCRNA10X_SA_CHIP0206_002/filtered_feature_bc_matrix,ATTATCCAGTCTTCGA-1,SA535X10XB03696_ATTATCCAGTCTTCGA-1,SA535X10XB03696,H
.cache/SCRNA10X_SA_CHIP0206_002/filtered_feature_bc_matrix,ATTCACTAGTTTCTTC-1,SA535X10XB03696_ATTCACTAGTTTCTTC-1,SA535X10XB03696,A
.cache/SCRNA10X_SA_CHIP0206_002/filtered_feature_bc_matrix,ATTCACTGTCCATCTC-1,SA535X10XB03696_ATTCACTGTCCATCTC-1,SA535X10XB03696,H
.cache/SCRNA10X_SA_CHIP0206_002/filtered_feature_bc_matrix,ATTCATCAGCCTCGTG-1,SA535X10XB03696_ATTCATCAGCCTCGTG-1,SA535X10XB03696,A
.cache/SCRNA10X_SA_CHIP0206_002/filtered_feature_bc_matrix,ATTGGGTAGCTTGTTG-1,SA535X10XB03696_ATTGGGTAGCTTGTTG-1,SA535X10XB03696,H
.cache/SCRNA10X_SA_CHIP0206_002/filtered_feature_bc_matrix,ATTGTTCTCAGTGTGT-1,SA535X10XB03696_ATTGTTCTCAGTGTGT-1,SA535X10XB03696,J
.cache/SCRNA10X_SA_CHIP0206_002/filtered_feature_bc_matrix,ATTTCACAGATCACTC-1,SA535X10XB03696_ATTTCACAGATCACTC-1,SA535X10XB03696,A
.cache/SCRNA10X_SA_CHIP0206_002/filtered_feature_bc_matrix,ATTTCACGTTAGAAGT-1,SA535X10XB03696_ATTTCACGTTAGAAGT-1,SA535X10XB03696,A
.cache/SCRNA10X_SA_CHIP0206_002/filtered_feature_bc_matrix,ATTTCTGCAGAGGACT-1,SA535X10XB03696_ATTTCTGCAGAGGACT-1,SA535X10XB03696,H
.cache/SCRNA10X_SA_CHIP0206_002/filtered_feature_bc_matrix,CAAAGAAAGAGCGACT-1,SA535X10XB03696_CAAAGAAAGAGCGACT-1,SA535X10XB03696,H
.cache/SCRNA10X_SA_CHIP0206_002/filtered_feature_bc_matrix,CAACAACGTATCTCGA-1,SA535X10XB03696_CAACAACGTATCTCGA-1,SA535X10XB03696,H
.cache/SCRNA10X_SA_CHIP0206_002/filtered_feature_bc_matrix,CAACAGTGTACATTGC-1,SA535X10XB03696_CAACAGTGTACATTGC-1,SA535X10XB03696,A
.cache/SCRNA10X_SA_CHIP0206_002/filtered_feature_bc_matrix,CAAGCTAGTACCAGAG-1,SA535X10XB03696_CAAGCTAGTACCAGAG-1,SA535X10XB03696,H
.cache/SCRNA10X_SA_CHIP0206_002/filtered_feature_bc_matrix,CAAGCTAGTCTGGTTA-1,SA535X10XB03696_CAAGCTAGTCTGGTTA-1,SA535X10XB03696,A
.cache/SCRNA10X_SA_CHIP0206_002/filtered_feature_bc_matrix,CAATTTCTCTGAGTCA-1,SA535X10XB03696_CAATTTCTCTGAGTCA-1,SA535X10XB03696,H
.cache/SCRNA10X_SA_CHIP0206_002/filtered_feature_bc_matrix,CACAACAAGCATTTGC-1,SA535X10XB03696_CACAACAAGCATTTGC-1,SA535X10XB03696,D
.cache/SCRNA10X_SA_CHIP0206_002/filtered_feature_bc_matrix,CACAACAAGGACAGCT-1,SA535X10XB03696_CACAACAAGGACAGCT-1,SA535X10XB03696,E
.cache/SCRNA10X_SA_CHIP0206_002/filtered_feature_bc_matrix,CACAACACACTTGAAC-1,SA535X10XB03696_CACAACACACTTGAAC-1,SA535X10XB03696,A
.cache/SCRNA10X_SA_CHIP0206_002/filtered_feature_bc_matrix,CACACAATCGTCCTCA-1,SA535X10XB03696_CACACAATCGTCCTCA-1,SA535X10XB03696,A
.cache/SCRNA10X_SA_CHIP0206_002/filtered_feature_bc_matrix,CACAGATCATCCGAGC-1,SA535X10XB03696_CACAGATCATCCGAGC-1,SA535X10XB03696,H
.cache/SCRNA10X_SA_CHIP0206_002/filtered_feature_bc_matrix,CACAGGCGTAGCTTAC-1,SA535X10XB03696_CACAGGCGTAGCTTAC-1,SA535X10XB03696,A
.cache/SCRNA10X_SA_CHIP0206_002/filtered_feature_bc_matrix,CACATGAGTCACTCAA-1,SA535X10XB03696_CACATGAGTCACTCAA-1,SA535X10XB03696,A
.cache/SCRNA10X_SA_CHIP0206_002/filtered_feature_bc_matrix,CACCAAATCTCATGGA-1,SA535X10XB03696_CACCAAATCTCATGGA-1,SA535X10XB03696,J
.cache/SCRNA10X_SA_CHIP0206_002/filtered_feature_bc_matrix,CACCGTTAGAGGGTCT-1,SA535X10XB03696_CACCGTTAGAGGGTCT-1,SA535X10XB03696,H
.cache/SCRNA10X_SA_CHIP0206_002/filtered_feature_bc_matrix,CACCGTTAGAGTTCGG-1,SA535X10XB03696_CACCGTTAGAGTTCGG-1,SA535X10XB03696,A
.cache/SCRNA10X_SA_CHIP0206_002/filtered_feature_bc_matrix,CACGTGGAGTTGTAAG-1,SA535X10XB03696_CACGTGGAGTTGTAAG-1,SA535X10XB03696,A
.cache/SCRNA10X_SA_CHIP0206_002/filtered_feature_bc_matrix,CACTAAGCAGACTGCC-1,SA535X10XB03696_CACTAAGCAGACTGCC-1,SA535X10XB03696,A
.cache/SCRNA10X_SA_CHIP0206_002/filtered_feature_bc_matrix,CACTGAATCCTTGGAA-1,SA535X10XB03696_CACTGAATCCTTGGAA-1,SA535X10XB03696,A
.cache/SCRNA10X_SA_CHIP0206_002/filtered_feature_bc_matrix,CACTGTCCATTACTCT-1,SA535X10XB03696_CACTGTCCATTACTCT-1,SA535X10XB03696,A
.cache/SCRNA10X_SA_CHIP0206_002/filtered_feature_bc_matrix,CACTTCGAGGCATCTT-1,SA535X10XB03696_CACTTCGAGGCATCTT-1,SA535X10XB03696,A
.cache/SCRNA10X_SA_CHIP0206_002/filtered_feature_bc_matrix,CAGAGCCTCGTCAGAT-1,SA535X10XB03696_CAGAGCCTCGTCAGAT-1,SA535X10XB03696,H
.cache/SCRNA10X_SA_CHIP0206_002/filtered_feature_bc_matrix,CAGATACGTGACCGTC-1,SA535X10XB03696_CAGATACGTGACCGTC-1,SA535X10XB03696,A
.cache/SCRNA10X_SA_CHIP0206_002/filtered_feature_bc_matrix,CAGATTGTCGCCTTTG-1,SA535X10XB03696_CAGATTGTCGCCTTTG-1,SA535X10XB03696,A
.cache/SCRNA10X_SA_CHIP0206_002/filtered_feature_bc_matrix,CAGCCAGAGAACGCGT-1,SA535X10XB03696_CAGCCAGAGAACGCGT-1,SA535X10XB03696,H
.cache/SCRNA10X_SA_CHIP0206_002/filtered_feature_bc_matrix,CAGCCAGAGAAGTCCG-1,SA535X10XB03696_CAGCCAGAGAAGTCCG-1,SA535X10XB03696,A
.cache/SCRNA10X_SA_CHIP0206_002/filtered_feature_bc_matrix,CAGGCCAAGAGCCGTA-1,SA535X10XB03696_CAGGCCAAGAGCCGTA-1,SA535X10XB03696,A
.cache/SCRNA10X_SA_CHIP0206_002/filtered_feature_bc_matrix,CAGTTCCAGTCTGCGC-1,SA535X10XB03696_CAGTTCCAGTCTGCGC-1,SA535X10XB03696,A
.cache/SCRNA10X_SA_CHIP0206_002/filtered_feature_bc_matrix,CATACTTAGACCAAAT-1,SA535X10XB03696_CATACTTAGACCAAAT-1,SA535X10XB03696,A
.cache/SCRNA10X_SA_CHIP0206_002/filtered_feature_bc_matrix,CATACTTGTACTGCGC-1,SA535X10XB03696_CATACTTGTACTGCGC-1,SA535X10XB03696,A
.cache/SCRNA10X_SA_CHIP0206_002/filtered_feature_bc_matrix,CATACTTTCATGAGGG-1,SA535X10XB03696_CATACTTTCATGAGGG-1,SA535X10XB03696,A
.cache/SCRNA10X_SA_CHIP0206_002/filtered_feature_bc_matrix,CATCCACTCTTAGTTC-1,SA535X10XB03696_CATCCACTCTTAGTTC-1,SA535X10XB03696,A
.cache/SCRNA10X_SA_CHIP0206_002/filtered_feature_bc_matrix,CATCCCATCATGCTAG-1,SA535X10XB03696_CATCCCATCATGCTAG-1,SA535X10XB03696,A
.cache/SCRNA10X_SA_CHIP0206_002/filtered_feature_bc_matrix,CATCGCTGTTTAAGGA-1,SA535X10XB03696_CATCGCTGTTTAAGGA-1,SA535X10XB03696,A
.cache/SCRNA10X_SA_CHIP0206_002/filtered_feature_bc_matrix,CATCGGGTCTGCTGAA-1,SA535X10XB03696_CATCGGGTCTGCTGAA-1,SA535X10XB03696,A
.cache/SCRNA10X_SA_CHIP0206_002/filtered_feature_bc_matrix,CATCGTCAGGTACAAT-1,SA535X10XB03696_CATCGTCAGGTACAAT-1,SA535X10XB03696,A
.cache/SCRNA10X_SA_CHIP0206_002/filtered_feature_bc_matrix,CATCGTCCATACAGAA-1,SA535X10XB03696_CATCGTCCATACAGAA-1,SA535X10XB03696,A
.cache/SCRNA10X_SA_CHIP0206_002/filtered_feature_bc_matrix,CATGCGGAGCGAGGAG-1,SA535X10XB03696_CATGCGGAGCGAGGAG-1,SA535X10XB03696,H
.cache/SCRNA10X_SA_CHIP0206_002/filtered_feature_bc_matrix,CATGGATCAGTCAGCC-1,SA535X10XB03696_CATGGATCAGTCAGCC-1,SA535X10XB03696,H
.cache/SCRNA10X_SA_CHIP0206_002/filtered_feature_bc_matrix,CATTCCGGTTAGAAAC-1,SA535X10XB03696_CATTCCGGTTAGAAAC-1,SA535X10XB03696,A
.cache/SCRNA10X_SA_CHIP0206_002/filtered_feature_bc_matrix,CATTGAGAGATGCAGC-1,SA535X10XB03696_CATTGAGAGATGCAGC-1,SA535X10XB03696,H
.cache/SCRNA10X_SA_CHIP0206_002/filtered_feature_bc_matrix,CATTGTTTCCGTGGCA-1,SA535X10XB03696_CATTGTTTCCGTGGCA-1,SA535X10XB03696,D
.cache/SCRNA10X_SA_CHIP0206_002/filtered_feature_bc_matrix,CATTGTTTCTGCAGCG-1,SA535X10XB03696_CATTGTTTCTGCAGCG-1,SA535X10XB03696,H
.cache/SCRNA10X_SA_CHIP0206_002/filtered_feature_bc_matrix,CATTTCACACATACTG-1,SA535X10XB03696_CATTTCACACATACTG-1,SA535X10XB03696,A
.cache/SCRNA10X_SA_CHIP0206_002/filtered_feature_bc_matrix,CCAAGCGCATGACAGG-1,SA535X10XB03696_CCAAGCGCATGACAGG-1,SA535X10XB03696,H
.cache/SCRNA10X_SA_CHIP0206_002/filtered_feature_bc_matrix,CCAATGATCCTCACCA-1,SA535X10XB03696_CCAATGATCCTCACCA-1,SA535X10XB03696,J
.cache/SCRNA10X_SA_CHIP0206_002/filtered_feature_bc_matrix,CCACCATGTGGCCACT-1,SA535X10XB03696_CCACCATGTGGCCACT-1,SA535X10XB03696,A
.cache/SCRNA10X_SA_CHIP0206_002/filtered_feature_bc_matrix,CCACGAGGTTATCCAG-1,SA535X10XB03696_CCACGAGGTTATCCAG-1,SA535X10XB03696,D
.cache/SCRNA10X_SA_CHIP0206_002/filtered_feature_bc_matrix,CCACGAGTCCTACTGC-1,SA535X10XB03696_CCACGAGTCCTACTGC-1,SA535X10XB03696,A
.cache/SCRNA10X_SA_CHIP0206_002/filtered_feature_bc_matrix,CCACGTTCATCGAGCC-1,SA535X10XB03696_CCACGTTCATCGAGCC-1,SA535X10XB03696,H
.cache/SCRNA10X_SA_CHIP0206_002/filtered_feature_bc_matrix,CCCTAACAGTCACACT-1,SA535X10XB03696_CCCTAACAGTCACACT-1,SA535X10XB03696,A
.cache/SCRNA10X_SA_CHIP0206_002/filtered_feature_bc_matrix,CCGCAAGAGCACTCAT-1,SA535X10XB03696_CCGCAAGAGCACTCAT-1,SA535X10XB03696,H
.cache/SCRNA10X_SA_CHIP0206_002/filtered_feature_bc_matrix,CCGCAAGAGCGGGTTA-1,SA535X10XB03696_CCGCAAGAGCGGGTTA-1,SA535X10XB03696,A
.cache/SCRNA10X_SA_CHIP0206_002/filtered_feature_bc_matrix,CCGGTAGGTCGTTCAA-1,SA535X10XB03696_CCGGTAGGTCGTTCAA-1,SA535X10XB03696,A
.cache/SCRNA10X_SA_CHIP0206_002/filtered_feature_bc_matrix,CCGTTCAAGCGATGCA-1,SA535X10XB03696_CCGTTCAAGCGATGCA-1,SA535X10XB03696,A
.cache/SCRNA10X_SA_CHIP0206_002/filtered_feature_bc_matrix,CCTCAGTAGGAACATT-1,SA535X10XB03696_CCTCAGTAGGAACATT-1,SA535X10XB03696,A
.cache/SCRNA10X_SA_CHIP0206_002/filtered_feature_bc_matrix,CCTCCAACAACTGATC-1,SA535X10XB03696_CCTCCAACAACTGATC-1,SA535X10XB03696,A
.cache/SCRNA10X_SA_CHIP0206_002/filtered_feature_bc_matrix,CCTGTTGTCGGACAAG-1,SA535X10XB03696_CCTGTTGTCGGACAAG-1,SA535X10XB03696,A
.cache/SCRNA10X_SA_CHIP0206_002/filtered_feature_bc_matrix,CCTTGTGAGGATCACG-1,SA535X10XB03696_CCTTGTGAGGATCACG-1,SA535X10XB03696,J
.cache/SCRNA10X_SA_CHIP0206_002/filtered_feature_bc_matrix,CCTTGTGGTGCTGATT-1,SA535X10XB03696_CCTTGTGGTGCTGATT-1,SA535X10XB03696,A
.cache/SCRNA10X_SA_CHIP0206_002/filtered_feature_bc_matrix,CCTTTGGCAATATCCG-1,SA535X10XB03696_CCTTTGGCAATATCCG-1,SA535X10XB03696,D
.cache/SCRNA10X_SA_CHIP0206_002/filtered_feature_bc_matrix,CCTTTGGGTCTCAAGT-1,SA535X10XB03696_CCTTTGGGTCTCAAGT-1,SA535X10XB03696,J
.cache/SCRNA10X_SA_CHIP0206_002/filtered_feature_bc_matrix,CCTTTGGGTTGTACGT-1,SA535X10XB03696_CCTTTGGGTTGTACGT-1,SA535X10XB03696,J
.cache/SCRNA10X_SA_CHIP0206_002/filtered_feature_bc_matrix,CGAATTGGTGTTCGTA-1,SA535X10XB03696_CGAATTGGTGTTCGTA-1,SA535X10XB03696,D
.cache/SCRNA10X_SA_CHIP0206_002/filtered_feature_bc_matrix,CGACAGCTCCCAAGCG-1,SA535X10XB03696_CGACAGCTCCCAAGCG-1,SA535X10XB03696,H
.cache/SCRNA10X_SA_CHIP0206_002/filtered_feature_bc_matrix,CGAGTGCAGGTCGTCC-1,SA535X10XB03696_CGAGTGCAGGTCGTCC-1,SA535X10XB03696,A
.cache/SCRNA10X_SA_CHIP0206_002/filtered_feature_bc_matrix,CGATCGGAGGCTGAAC-1,SA535X10XB03696_CGATCGGAGGCTGAAC-1,SA535X10XB03696,D
.cache/SCRNA10X_SA_CHIP0206_002/filtered_feature_bc_matrix,CGATGCGCACACGGAA-1,SA535X10XB03696_CGATGCGCACACGGAA-1,SA535X10XB03696,A
.cache/SCRNA10X_SA_CHIP0206_002/filtered_feature_bc_matrix,CGCAGGTAGACATAAC-1,SA535X10XB03696_CGCAGGTAGACATAAC-1,SA535X10XB03696,A
.cache/SCRNA10X_SA_CHIP0206_002/filtered_feature_bc_matrix,CGCAGGTTCGCGCCAA-1,SA535X10XB03696_CGCAGGTTCGCGCCAA-1,SA535X10XB03696,H
.cache/SCRNA10X_SA_CHIP0206_002/filtered_feature_bc_matrix,CGCATGGAGTACTGTC-1,SA535X10XB03696_CGCATGGAGTACTGTC-1,SA535X10XB03696,A
.cache/SCRNA10X_SA_CHIP0206_002/filtered_feature_bc_matrix,CGCCATTAGCCTGTGC-1,SA535X10XB03696_CGCCATTAGCCTGTGC-1,SA535X10XB03696,A
.cache/SCRNA10X_SA_CHIP0206_002/filtered_feature_bc_matrix,CGCCATTCATAATGCC-1,SA535X10XB03696_CGCCATTCATAATGCC-1,SA535X10XB03696,H
.cache/SCRNA10X_SA_CHIP0206_002/filtered_feature_bc_matrix,CGGACACAGCTGGCTC-1,SA535X10XB03696_CGGACACAGCTGGCTC-1,SA535X10XB03696,A
.cache/SCRNA10X_SA_CHIP0206_002/filtered_feature_bc_matrix,CGGCAGTTCTCATTGT-1,SA535X10XB03696_CGGCAGTTCTCATTGT-1,SA535X10XB03696,A
.cache/SCRNA10X_SA_CHIP0206_002/filtered_feature_bc_matrix,CGTAAGTCAATCACGT-1,SA535X10XB03696_CGTAAGTCAATCACGT-1,SA535X10XB03696,E
.cache/SCRNA10X_SA_CHIP0206_002/filtered_feature_bc_matrix,CGTAATGCAGGCCCTA-1,SA535X10XB03696_CGTAATGCAGGCCCTA-1,SA535X10XB03696,H
.cache/SCRNA10X_SA_CHIP0206_002/filtered_feature_bc_matrix,CGTCCATAGGTAACTA-1,SA535X10XB03696_CGTCCATAGGTAACTA-1,SA535X10XB03696,A
.cache/SCRNA10X_SA_CHIP0206_002/filtered_feature_bc_matrix,CGTCCATCATTACGGT-1,SA535X10XB03696_CGTCCATCATTACGGT-1,SA535X10XB03696,D
.cache/SCRNA10X_SA_CHIP0206_002/filtered_feature_bc_matrix,CGTCCATGTATCGTGT-1,SA535X10XB03696_CGTCCATGTATCGTGT-1,SA535X10XB03696,A
.cache/SCRNA10X_SA_CHIP0206_002/filtered_feature_bc_matrix,CGTGATAAGACATCAA-1,SA535X10XB03696_CGTGATAAGACATCAA-1,SA535X10XB03696,E
.cache/SCRNA10X_SA_CHIP0206_002/filtered_feature_bc_matrix,CGTGCTTGTGTTGAGG-1,SA535X10XB03696_CGTGCTTGTGTTGAGG-1,SA535X10XB03696,A
.cache/SCRNA10X_SA_CHIP0206_002/filtered_feature_bc_matrix,CGTTGGGCATCATGAC-1,SA535X10XB03696_CGTTGGGCATCATGAC-1,SA535X10XB03696,J
.cache/SCRNA10X_SA_CHIP0206_002/filtered_feature_bc_matrix,CTAACCCGTTGCCATA-1,SA535X10XB03696_CTAACCCGTTGCCATA-1,SA535X10XB03696,H
.cache/SCRNA10X_SA_CHIP0206_002/filtered_feature_bc_matrix,CTAAGTGGTCCGTACG-1,SA535X10XB03696_CTAAGTGGTCCGTACG-1,SA535X10XB03696,A
.cache/SCRNA10X_SA_CHIP0206_002/filtered_feature_bc_matrix,CTACAGACAAGACAAT-1,SA535X10XB03696_CTACAGACAAGACAAT-1,SA535X10XB03696,A
.cache/SCRNA10X_SA_CHIP0206_002/filtered_feature_bc_matrix,CTACGGGTCATTTGCT-1,SA535X10XB03696_CTACGGGTCATTTGCT-1,SA535X10XB03696,A
.cache/SCRNA10X_SA_CHIP0206_002/filtered_feature_bc_matrix,CTACTATAGGGAACAA-1,SA535X10XB03696_CTACTATAGGGAACAA-1,SA535X10XB03696,H
.cache/SCRNA10X_SA_CHIP0206_002/filtered_feature_bc_matrix,CTACTATAGTCTGCGC-1,SA535X10XB03696_CTACTATAGTCTGCGC-1,SA535X10XB03696,H
.cache/SCRNA10X_SA_CHIP0206_002/filtered_feature_bc_matrix,CTATCCGGTCTGTGCG-1,SA535X10XB03696_CTATCCGGTCTGTGCG-1,SA535X10XB03696,H
.cache/SCRNA10X_SA_CHIP0206_002/filtered_feature_bc_matrix,CTATCTAAGTCTACCA-1,SA535X10XB03696_CTATCTAAGTCTACCA-1,SA535X10XB03696,D
.cache/SCRNA10X_SA_CHIP0206_002/filtered_feature_bc_matrix,CTATCTAGTGGAAATT-1,SA535X10XB03696_CTATCTAGTGGAAATT-1,SA535X10XB03696,A
.cache/SCRNA10X_SA_CHIP0206_002/filtered_feature_bc_matrix,CTATCTATCCCACAGG-1,SA535X10XB03696_CTATCTATCCCACAGG-1,SA535X10XB03696,A
.cache/SCRNA10X_SA_CHIP0206_002/filtered_feature_bc_matrix,CTCAACCGTGGCTTAT-1,SA535X10XB03696_CTCAACCGTGGCTTAT-1,SA535X10XB03696,A
.cache/SCRNA10X_SA_CHIP0206_002/filtered_feature_bc_matrix,CTCAACCGTTGGCCGT-1,SA535X10XB03696_CTCAACCGTTGGCCGT-1,SA535X10XB03696,A
.cache/SCRNA10X_SA_CHIP0206_002/filtered_feature_bc_matrix,CTCAAGAAGAGGCGTT-1,SA535X10XB03696_CTCAAGAAGAGGCGTT-1,SA535X10XB03696,D
.cache/SCRNA10X_SA_CHIP0206_002/filtered_feature_bc_matrix,CTCACTGTCCAACCAA-1,SA535X10XB03696_CTCACTGTCCAACCAA-1,SA535X10XB03696,A
.cache/SCRNA10X_SA_CHIP0206_002/filtered_feature_bc_matrix,CTCAGAACAGGCGTTC-1,SA535X10XB03696_CTCAGAACAGGCGTTC-1,SA535X10XB03696,A
.cache/SCRNA10X_SA_CHIP0206_002/filtered_feature_bc_matrix,CTCAGAATCCTACCGT-1,SA535X10XB03696_CTCAGAATCCTACCGT-1,SA535X10XB03696,A
.cache/SCRNA10X_SA_CHIP0206_002/filtered_feature_bc_matrix,CTCAGGGGTTCGCGTG-1,SA535X10XB03696_CTCAGGGGTTCGCGTG-1,SA535X10XB03696,H
.cache/SCRNA10X_SA_CHIP0206_002/filtered_feature_bc_matrix,CTCAGGGTCAGGAACG-1,SA535X10XB03696_CTCAGGGTCAGGAACG-1,SA535X10XB03696,H
.cache/SCRNA10X_SA_CHIP0206_002/filtered_feature_bc_matrix,CTCATCGTCTGTGCTC-1,SA535X10XB03696_CTCATCGTCTGTGCTC-1,SA535X10XB03696,H
.cache/SCRNA10X_SA_CHIP0206_002/filtered_feature_bc_matrix,CTCATGCCACAAGCCC-1,SA535X10XB03696_CTCATGCCACAAGCCC-1,SA535X10XB03696,A
.cache/SCRNA10X_SA_CHIP0206_002/filtered_feature_bc_matrix,CTCATGCTCGGAATGG-1,SA535X10XB03696_CTCATGCTCGGAATGG-1,SA535X10XB03696,A
.cache/SCRNA10X_SA_CHIP0206_002/filtered_feature_bc_matrix,CTCATTACAGGTGACA-1,SA535X10XB03696_CTCATTACAGGTGACA-1,SA535X10XB03696,A
.cache/SCRNA10X_SA_CHIP0206_002/filtered_feature_bc_matrix,CTCCCTCAGTTCCTGA-1,SA535X10XB03696_CTCCCTCAGTTCCTGA-1,SA535X10XB03696,H
.cache/SCRNA10X_SA_CHIP0206_002/filtered_feature_bc_matrix,CTCCCTCCAACTCCCT-1,SA535X10XB03696_CTCCCTCCAACTCCCT-1,SA535X10XB03696,A
.cache/SCRNA10X_SA_CHIP0206_002/filtered_feature_bc_matrix,CTCCCTCCAAGCTACT-1,SA535X10XB03696_CTCCCTCCAAGCTACT-1,SA535X10XB03696,E
.cache/SCRNA10X_SA_CHIP0206_002/filtered_feature_bc_matrix,CTCCGATCAGTAGTGG-1,SA535X10XB03696_CTCCGATCAGTAGTGG-1,SA535X10XB03696,H
.cache/SCRNA10X_SA_CHIP0206_002/filtered_feature_bc_matrix,CTCCTCCAGATGGGCT-1,SA535X10XB03696_CTCCTCCAGATGGGCT-1,SA535X10XB03696,A
.cache/SCRNA10X_SA_CHIP0206_002/filtered_feature_bc_matrix,CTCCTCCAGATTACCC-1,SA535X10XB03696_CTCCTCCAGATTACCC-1,SA535X10XB03696,H
.cache/SCRNA10X_SA_CHIP0206_002/filtered_feature_bc_matrix,CTCCTCCAGTCACAGG-1,SA535X10XB03696_CTCCTCCAGTCACAGG-1,SA535X10XB03696,A
.cache/SCRNA10X_SA_CHIP0206_002/filtered_feature_bc_matrix,CTCCTCCTCCCTTTGG-1,SA535X10XB03696_CTCCTCCTCCCTTTGG-1,SA535X10XB03696,A
.cache/SCRNA10X_SA_CHIP0206_002/filtered_feature_bc_matrix,CTCCTTTCATCCGCGA-1,SA535X10XB03696_CTCCTTTCATCCGCGA-1,SA535X10XB03696,A
.cache/SCRNA10X_SA_CHIP0206_002/filtered_feature_bc_matrix,CTCGAGGAGAGTATAC-1,SA535X10XB03696_CTCGAGGAGAGTATAC-1,SA535X10XB03696,H
.cache/SCRNA10X_SA_CHIP0206_002/filtered_feature_bc_matrix,CTCGAGGCAGCAGACA-1,SA535X10XB03696_CTCGAGGCAGCAGACA-1,SA535X10XB03696,A
.cache/SCRNA10X_SA_CHIP0206_002/filtered_feature_bc_matrix,CTCTCAGCAGCTGTGC-1,SA535X10XB03696_CTCTCAGCAGCTGTGC-1,SA535X10XB03696,D
.cache/SCRNA10X_SA_CHIP0206_002/filtered_feature_bc_matrix,CTCTCAGTCAAGTGGG-1,SA535X10XB03696_CTCTCAGTCAAGTGGG-1,SA535X10XB03696,H
.cache/SCRNA10X_SA_CHIP0206_002/filtered_feature_bc_matrix,CTCTCGACATGTGCCG-1,SA535X10XB03696_CTCTCGACATGTGCCG-1,SA535X10XB03696,H
.cache/SCRNA10X_SA_CHIP0206_002/filtered_feature_bc_matrix,CTGAGCGCATTGCTTT-1,SA535X10XB03696_CTGAGCGCATTGCTTT-1,SA535X10XB03696,E
.cache/SCRNA10X_SA_CHIP0206_002/filtered_feature_bc_matrix,CTGAGCGGTCTATGAC-1,SA535X10XB03696_CTGAGCGGTCTATGAC-1,SA535X10XB03696,A
.cache/SCRNA10X_SA_CHIP0206_002/filtered_feature_bc_matrix,CTGATCCTCCTGGGAC-1,SA535X10XB03696_CTGATCCTCCTGGGAC-1,SA535X10XB03696,A
.cache/SCRNA10X_SA_CHIP0206_002/filtered_feature_bc_matrix,CTGATCCTCTCTCTTC-1,SA535X10XB03696_CTGATCCTCTCTCTTC-1,SA535X10XB03696,A
.cache/SCRNA10X_SA_CHIP0206_002/filtered_feature_bc_matrix,CTGCCTAGTACTCCCT-1,SA535X10XB03696_CTGCCTAGTACTCCCT-1,SA535X10XB03696,A
.cache/SCRNA10X_SA_CHIP0206_002/filtered_feature_bc_matrix,CTGCTCAGTAGAGATT-1,SA535X10XB03696_CTGCTCAGTAGAGATT-1,SA535X10XB03696,A
.cache/SCRNA10X_SA_CHIP0206_002/filtered_feature_bc_matrix,CTGGCAGTCAAGGCTT-1,SA535X10XB03696_CTGGCAGTCAAGGCTT-1,SA535X10XB03696,A
.cache/SCRNA10X_SA_CHIP0206_002/filtered_feature_bc_matrix,CTGGTCTCATAGCACT-1,SA535X10XB03696_CTGGTCTCATAGCACT-1,SA535X10XB03696,A
.cache/SCRNA10X_SA_CHIP0206_002/filtered_feature_bc_matrix,CTGGTCTGTATGTCTG-1,SA535X10XB03696_CTGGTCTGTATGTCTG-1,SA535X10XB03696,A
.cache/SCRNA10X_SA_CHIP0206_002/filtered_feature_bc_matrix,CTGTAGAAGGTCCCGT-1,SA535X10XB03696_CTGTAGAAGGTCCCGT-1,SA535X10XB03696,A
.cache/SCRNA10X_SA_CHIP0206_002/filtered_feature_bc_matrix,CTGTGAAGTAGATCGG-1,SA535X10XB03696_CTGTGAAGTAGATCGG-1,SA535X10XB03696,A
.cache/SCRNA10X_SA_CHIP0206_002/filtered_feature_bc_matrix,CTGTGAATCACTGAAC-1,SA535X10XB03696_CTGTGAATCACTGAAC-1,SA535X10XB03696,A
.cache/SCRNA10X_SA_CHIP0206_002/filtered_feature_bc_matrix,CTTACCGGTGTTGATC-1,SA535X10XB03696_CTTACCGGTGTTGATC-1,SA535X10XB03696,A
.cache/SCRNA10X_SA_CHIP0206_002/filtered_feature_bc_matrix,CTTAGGAAGCTCGTGC-1,SA535X10XB03696_CTTAGGAAGCTCGTGC-1,SA535X10XB03696,H
.cache/SCRNA10X_SA_CHIP0206_002/filtered_feature_bc_matrix,CTTAGGAAGGCCTGAA-1,SA535X10XB03696_CTTAGGAAGGCCTGAA-1,SA535X10XB03696,A
.cache/SCRNA10X_SA_CHIP0206_002/filtered_feature_bc_matrix,CTTCCGAAGGTAATCA-1,SA535X10XB03696_CTTCCGAAGGTAATCA-1,SA535X10XB03696,H
.cache/SCRNA10X_SA_CHIP0206_002/filtered_feature_bc_matrix,CTTCCGACACCATTCC-1,SA535X10XB03696_CTTCCGACACCATTCC-1,SA535X10XB03696,A
.cache/SCRNA10X_SA_CHIP0206_002/filtered_feature_bc_matrix,CTTCCTTGTTCCTACC-1,SA535X10XB03696_CTTCCTTGTTCCTACC-1,SA535X10XB03696,H
.cache/SCRNA10X_SA_CHIP0206_002/filtered_feature_bc_matrix,CTTTCAAGTGGCCTCA-1,SA535X10XB03696_CTTTCAAGTGGCCTCA-1,SA535X10XB03696,A
.cache/SCRNA10X_SA_CHIP0206_002/filtered_feature_bc_matrix,CTTTCGGCAGCGCGTT-1,SA535X10XB03696_CTTTCGGCAGCGCGTT-1,SA535X10XB03696,A
.cache/SCRNA10X_SA_CHIP0206_002/filtered_feature_bc_matrix,CTTTCGGCAGGCTATT-1,SA535X10XB03696_CTTTCGGCAGGCTATT-1,SA535X10XB03696,J
.cache/SCRNA10X_SA_CHIP0206_002/filtered_feature_bc_matrix,CTTTCGGGTTACTCAG-1,SA535X10XB03696_CTTTCGGGTTACTCAG-1,SA535X10XB03696,H
.cache/SCRNA10X_SA_CHIP0206_002/filtered_feature_bc_matrix,GAACGTTAGATTGATG-1,SA535X10XB03696_GAACGTTAGATTGATG-1,SA535X10XB03696,A
.cache/SCRNA10X_SA_CHIP0206_002/filtered_feature_bc_matrix,GAACGTTGTATGAAGT-1,SA535X10XB03696_GAACGTTGTATGAAGT-1,SA535X10XB03696,H
.cache/SCRNA10X_SA_CHIP0206_002/filtered_feature_bc_matrix,GAAGCCCTCCGTAATG-1,SA535X10XB03696_GAAGCCCTCCGTAATG-1,SA535X10XB03696,A
.cache/SCRNA10X_SA_CHIP0206_002/filtered_feature_bc_matrix,GAAGGACCAATTGAAG-1,SA535X10XB03696_GAAGGACCAATTGAAG-1,SA535X10XB03696,J
.cache/SCRNA10X_SA_CHIP0206_002/filtered_feature_bc_matrix,GAAGGGTCACTGGAAG-1,SA535X10XB03696_GAAGGGTCACTGGAAG-1,SA535X10XB03696,H
.cache/SCRNA10X_SA_CHIP0206_002/filtered_feature_bc_matrix,GAAGTAACAGCTGTAT-1,SA535X10XB03696_GAAGTAACAGCTGTAT-1,SA535X10XB03696,D
.cache/SCRNA10X_SA_CHIP0206_002/filtered_feature_bc_matrix,GAATAGACAATAGGGC-1,SA535X10XB03696_GAATAGACAATAGGGC-1,SA535X10XB03696,D
.cache/SCRNA10X_SA_CHIP0206_002/filtered_feature_bc_matrix,GAATCGTAGTTGCCCG-1,SA535X10XB03696_GAATCGTAGTTGCCCG-1,SA535X10XB03696,A
.cache/SCRNA10X_SA_CHIP0206_002/filtered_feature_bc_matrix,GAATCGTGTGCATACT-1,SA535X10XB03696_GAATCGTGTGCATACT-1,SA535X10XB03696,A
.cache/SCRNA10X_SA_CHIP0206_002/filtered_feature_bc_matrix,GACACGCAGAGTAACT-1,SA535X10XB03696_GACACGCAGAGTAACT-1,SA535X10XB03696,D
.cache/SCRNA10X_SA_CHIP0206_002/filtered_feature_bc_matrix,GACACGCGTGGTCCCA-1,SA535X10XB03696_GACACGCGTGGTCCCA-1,SA535X10XB03696,D
.cache/SCRNA10X_SA_CHIP0206_002/filtered_feature_bc_matrix,GACAGCCGTCACGACC-1,SA535X10XB03696_GACAGCCGTCACGACC-1,SA535X10XB03696,A
.cache/SCRNA10X_SA_CHIP0206_002/filtered_feature_bc_matrix,GACATCAAGGTGCTGA-1,SA535X10XB03696_GACATCAAGGTGCTGA-1,SA535X10XB03696,A
.cache/SCRNA10X_SA_CHIP0206_002/filtered_feature_bc_matrix,GACCAATTCTACGCGG-1,SA535X10XB03696_GACCAATTCTACGCGG-1,SA535X10XB03696,H
.cache/SCRNA10X_SA_CHIP0206_002/filtered_feature_bc_matrix,GACCCAGGTGCACGCT-1,SA535X10XB03696_GACCCAGGTGCACGCT-1,SA535X10XB03696,J
.cache/SCRNA10X_SA_CHIP0206_002/filtered_feature_bc_matrix,GACCCAGTCCGGCAGT-1,SA535X10XB03696_GACCCAGTCCGGCAGT-1,SA535X10XB03696,E
.cache/SCRNA10X_SA_CHIP0206_002/filtered_feature_bc_matrix,GACCCAGTCTATACTC-1,SA535X10XB03696_GACCCAGTCTATACTC-1,SA535X10XB03696,H
.cache/SCRNA10X_SA_CHIP0206_002/filtered_feature_bc_matrix,GACCCTTTCGTTCTGC-1,SA535X10XB03696_GACCCTTTCGTTCTGC-1,SA535X10XB03696,H
.cache/SCRNA10X_SA_CHIP0206_002/filtered_feature_bc_matrix,GACCTTCCACGTATAC-1,SA535X10XB03696_GACCTTCCACGTATAC-1,SA535X10XB03696,A
.cache/SCRNA10X_SA_CHIP0206_002/filtered_feature_bc_matrix,GACCTTCGTGACTCGC-1,SA535X10XB03696_GACCTTCGTGACTCGC-1,SA535X10XB03696,A
.cache/SCRNA10X_SA_CHIP0206_002/filtered_feature_bc_matrix,GACCTTCTCGAACGCC-1,SA535X10XB03696_GACCTTCTCGAACGCC-1,SA535X10XB03696,A
.cache/SCRNA10X_SA_CHIP0206_002/filtered_feature_bc_matrix,GACGCTGAGGCACCAA-1,SA535X10XB03696_GACGCTGAGGCACCAA-1,SA535X10XB03696,E
.cache/SCRNA10X_SA_CHIP0206_002/filtered_feature_bc_matrix,GACTGATTCGAGTCCG-1,SA535X10XB03696_GACTGATTCGAGTCCG-1,SA535X10XB03696,A
.cache/SCRNA10X_SA_CHIP0206_002/filtered_feature_bc_matrix,GACTTCCCAGTAGGAC-1,SA535X10XB03696_GACTTCCCAGTAGGAC-1,SA535X10XB03696,J
.cache/SCRNA10X_SA_CHIP0206_002/filtered_feature_bc_matrix,GACTTCCGTTTACTGG-1,SA535X10XB03696_GACTTCCGTTTACTGG-1,SA535X10XB03696,A
.cache/SCRNA10X_SA_CHIP0206_002/filtered_feature_bc_matrix,GAGAGGTAGGTCGAGT-1,SA535X10XB03696_GAGAGGTAGGTCGAGT-1,SA535X10XB03696,H
.cache/SCRNA10X_SA_CHIP0206_002/filtered_feature_bc_matrix,GAGAGGTCAAGAGTAT-1,SA535X10XB03696_GAGAGGTCAAGAGTAT-1,SA535X10XB03696,A
.cache/SCRNA10X_SA_CHIP0206_002/filtered_feature_bc_matrix,GAGAGGTGTGAGCCAA-1,SA535X10XB03696_GAGAGGTGTGAGCCAA-1,SA535X10XB03696,H
.cache/SCRNA10X_SA_CHIP0206_002/filtered_feature_bc_matrix,GAGAGGTGTTACGTAC-1,SA535X10XB03696_GAGAGGTGTTACGTAC-1,SA535X10XB03696,A
.cache/SCRNA10X_SA_CHIP0206_002/filtered_feature_bc_matrix,GAGAGGTTCTCCGAAA-1,SA535X10XB03696_GAGAGGTTCTCCGAAA-1,SA535X10XB03696,A
.cache/SCRNA10X_SA_CHIP0206_002/filtered_feature_bc_matrix,GAGCTGCTCACTAGCA-1,SA535X10XB03696_GAGCTGCTCACTAGCA-1,SA535X10XB03696,H
.cache/SCRNA10X_SA_CHIP0206_002/filtered_feature_bc_matrix,GAGGCCTCATCCGGCA-1,SA535X10XB03696_GAGGCCTCATCCGGCA-1,SA535X10XB03696,A
.cache/SCRNA10X_SA_CHIP0206_002/filtered_feature_bc_matrix,GATCAGTAGCCACAAG-1,SA535X10XB03696_GATCAGTAGCCACAAG-1,SA535X10XB03696,H
.cache/SCRNA10X_SA_CHIP0206_002/filtered_feature_bc_matrix,GATGACTAGCAGGCAT-1,SA535X10XB03696_GATGACTAGCAGGCAT-1,SA535X10XB03696,A
.cache/SCRNA10X_SA_CHIP0206_002/filtered_feature_bc_matrix,GATGACTCAGATTTCG-1,SA535X10XB03696_GATGACTCAGATTTCG-1,SA535X10XB03696,H
.cache/SCRNA10X_SA_CHIP0206_002/filtered_feature_bc_matrix,GATGAGGGTATATGGA-1,SA535X10XB03696_GATGAGGGTATATGGA-1,SA535X10XB03696,A
.cache/SCRNA10X_SA_CHIP0206_002/filtered_feature_bc_matrix,GATGCTAGTATCAGGG-1,SA535X10XB03696_GATGCTAGTATCAGGG-1,SA535X10XB03696,E
.cache/SCRNA10X_SA_CHIP0206_002/filtered_feature_bc_matrix,GATGGAGCAAGAGTGC-1,SA535X10XB03696_GATGGAGCAAGAGTGC-1,SA535X10XB03696,A
.cache/SCRNA10X_SA_CHIP0206_002/filtered_feature_bc_matrix,GATGGAGGTATCTTCT-1,SA535X10XB03696_GATGGAGGTATCTTCT-1,SA535X10XB03696,J
.cache/SCRNA10X_SA_CHIP0206_002/filtered_feature_bc_matrix,GCAACCGAGACCTCCG-1,SA535X10XB03696_GCAACCGAGACCTCCG-1,SA535X10XB03696,E
.cache/SCRNA10X_SA_CHIP0206_002/filtered_feature_bc_matrix,GCAGCTGAGGTAATCA-1,SA535X10XB03696_GCAGCTGAGGTAATCA-1,SA535X10XB03696,A
.cache/SCRNA10X_SA_CHIP0206_002/filtered_feature_bc_matrix,GCATGATCAACTCGTA-1,SA535X10XB03696_GCATGATCAACTCGTA-1,SA535X10XB03696,A
.cache/SCRNA10X_SA_CHIP0206_002/filtered_feature_bc_matrix,GCCAGGTCATCCAATG-1,SA535X10XB03696_GCCAGGTCATCCAATG-1,SA535X10XB03696,D
.cache/SCRNA10X_SA_CHIP0206_002/filtered_feature_bc_matrix,GCCATGGGTGAGTGAC-1,SA535X10XB03696_GCCATGGGTGAGTGAC-1,SA535X10XB03696,A
.cache/SCRNA10X_SA_CHIP0206_002/filtered_feature_bc_matrix,GCCATTCAGCAAATGT-1,SA535X10XB03696_GCCATTCAGCAAATGT-1,SA535X10XB03696,J
.cache/SCRNA10X_SA_CHIP0206_002/filtered_feature_bc_matrix,GCCATTCCACCGTGAC-1,SA535X10XB03696_GCCATTCCACCGTGAC-1,SA535X10XB03696,A
.cache/SCRNA10X_SA_CHIP0206_002/filtered_feature_bc_matrix,GCCCAGAAGCACTGGA-1,SA535X10XB03696_GCCCAGAAGCACTGGA-1,SA535X10XB03696,A
.cache/SCRNA10X_SA_CHIP0206_002/filtered_feature_bc_matrix,GCCGATGTCGCGAAGA-1,SA535X10XB03696_GCCGATGTCGCGAAGA-1,SA535X10XB03696,H
.cache/SCRNA10X_SA_CHIP0206_002/filtered_feature_bc_matrix,GCGAGAAGTACTGCGC-1,SA535X10XB03696_GCGAGAAGTACTGCGC-1,SA535X10XB03696,A
.cache/SCRNA10X_SA_CHIP0206_002/filtered_feature_bc_matrix,GCGATCGTCCCAGCGA-1,SA535X10XB03696_GCGATCGTCCCAGCGA-1,SA535X10XB03696,H
.cache/SCRNA10X_SA_CHIP0206_002/filtered_feature_bc_matrix,GCGGATCAGACGGTTG-1,SA535X10XB03696_GCGGATCAGACGGTTG-1,SA535X10XB03696,H
.cache/SCRNA10X_SA_CHIP0206_002/filtered_feature_bc_matrix,GCTACAAAGGACTGGT-1,SA535X10XB03696_GCTACAAAGGACTGGT-1,SA535X10XB03696,D
.cache/SCRNA10X_SA_CHIP0206_002/filtered_feature_bc_matrix,GCTACAAGTTTCGACA-1,SA535X10XB03696_GCTACAAGTTTCGACA-1,SA535X10XB03696,J
.cache/SCRNA10X_SA_CHIP0206_002/filtered_feature_bc_matrix,GCTACCTCATAATCGC-1,SA535X10XB03696_GCTACCTCATAATCGC-1,SA535X10XB03696,A
.cache/SCRNA10X_SA_CHIP0206_002/filtered_feature_bc_matrix,GCTGCAGCACAGCATT-1,SA535X10XB03696_GCTGCAGCACAGCATT-1,SA535X10XB03696,A
.cache/SCRNA10X_SA_CHIP0206_002/filtered_feature_bc_matrix,GCTTCACCATCGGTTA-1,SA535X10XB03696_GCTTCACCATCGGTTA-1,SA535X10XB03696,A
.cache/SCRNA10X_SA_CHIP0206_002/filtered_feature_bc_matrix,GCTTCACGTGTTGATC-1,SA535X10XB03696_GCTTCACGTGTTGATC-1,SA535X10XB03696,H
.cache/SCRNA10X_SA_CHIP0206_002/filtered_feature_bc_matrix,GCTTGGGGTTGTAGCT-1,SA535X10XB03696_GCTTGGGGTTGTAGCT-1,SA535X10XB03696,A
.cache/SCRNA10X_SA_CHIP0206_002/filtered_feature_bc_matrix,GCTTGGGTCAATGCAC-1,SA535X10XB03696_GCTTGGGTCAATGCAC-1,SA535X10XB03696,E
.cache/SCRNA10X_SA_CHIP0206_002/filtered_feature_bc_matrix,GCTTGGGTCCTACTGC-1,SA535X10XB03696_GCTTGGGTCCTACTGC-1,SA535X10XB03696,A
.cache/SCRNA10X_SA_CHIP0206_002/filtered_feature_bc_matrix,GCTTTCGAGATAGTCA-1,SA535X10XB03696_GCTTTCGAGATAGTCA-1,SA535X10XB03696,A
.cache/SCRNA10X_SA_CHIP0206_002/filtered_feature_bc_matrix,GCTTTCGAGATGACCG-1,SA535X10XB03696_GCTTTCGAGATGACCG-1,SA535X10XB03696,H
.cache/SCRNA10X_SA_CHIP0206_002/filtered_feature_bc_matrix,GGAATCTCACCATTCC-1,SA535X10XB03696_GGAATCTCACCATTCC-1,SA535X10XB03696,A
.cache/SCRNA10X_SA_CHIP0206_002/filtered_feature_bc_matrix,GGACGTCGTAGGTGCA-1,SA535X10XB03696_GGACGTCGTAGGTGCA-1,SA535X10XB03696,E
.cache/SCRNA10X_SA_CHIP0206_002/filtered_feature_bc_matrix,GGAGGTAGTGAGTCAG-1,SA535X10XB03696_GGAGGTAGTGAGTCAG-1,SA535X10XB03696,A
.cache/SCRNA10X_SA_CHIP0206_002/filtered_feature_bc_matrix,GGAGGTAGTGTGCCTG-1,SA535X10XB03696_GGAGGTAGTGTGCCTG-1,SA535X10XB03696,H
.cache/SCRNA10X_SA_CHIP0206_002/filtered_feature_bc_matrix,GGCGTCAAGAGTCCGA-1,SA535X10XB03696_GGCGTCAAGAGTCCGA-1,SA535X10XB03696,A
.cache/SCRNA10X_SA_CHIP0206_002/filtered_feature_bc_matrix,GGCGTCAAGGTGCTTT-1,SA535X10XB03696_GGCGTCAAGGTGCTTT-1,SA535X10XB03696,D
.cache/SCRNA10X_SA_CHIP0206_002/filtered_feature_bc_matrix,GGGACAAGTCATCAGT-1,SA535X10XB03696_GGGACAAGTCATCAGT-1,SA535X10XB03696,H
.cache/SCRNA10X_SA_CHIP0206_002/filtered_feature_bc_matrix,GGGACCTCAATGAAAC-1,SA535X10XB03696_GGGACCTCAATGAAAC-1,SA535X10XB03696,J
.cache/SCRNA10X_SA_CHIP0206_002/filtered_feature_bc_matrix,GGGACCTTCGCTAATG-1,SA535X10XB03696_GGGACCTTCGCTAATG-1,SA535X10XB03696,A
.cache/SCRNA10X_SA_CHIP0206_002/filtered_feature_bc_matrix,GGGACTCGTACCACGC-1,SA535X10XB03696_GGGACTCGTACCACGC-1,SA535X10XB03696,A
.cache/SCRNA10X_SA_CHIP0206_002/filtered_feature_bc_matrix,GGGACTCGTCGTCGGT-1,SA535X10XB03696_GGGACTCGTCGTCGGT-1,SA535X10XB03696,A
.cache/SCRNA10X_SA_CHIP0206_002/filtered_feature_bc_matrix,GGGAGATGTGGCTTGC-1,SA535X10XB03696_GGGAGATGTGGCTTGC-1,SA535X10XB03696,A
.cache/SCRNA10X_SA_CHIP0206_002/filtered_feature_bc_matrix,GGGAGATTCGTACACA-1,SA535X10XB03696_GGGAGATTCGTACACA-1,SA535X10XB03696,A
.cache/SCRNA10X_SA_CHIP0206_002/filtered_feature_bc_matrix,GGGCGTTTCAGCTGTA-1,SA535X10XB03696_GGGCGTTTCAGCTGTA-1,SA535X10XB03696,E
.cache/SCRNA10X_SA_CHIP0206_002/filtered_feature_bc_matrix,GGGCTCAAGTGTACAA-1,SA535X10XB03696_GGGCTCAAGTGTACAA-1,SA535X10XB03696,A
.cache/SCRNA10X_SA_CHIP0206_002/filtered_feature_bc_matrix,GGGCTCATCTGATGGT-1,SA535X10XB03696_GGGCTCATCTGATGGT-1,SA535X10XB03696,H
.cache/SCRNA10X_SA_CHIP0206_002/filtered_feature_bc_matrix,GGGTGTCAGCAAATCA-1,SA535X10XB03696_GGGTGTCAGCAAATCA-1,SA535X10XB03696,H
.cache/SCRNA10X_SA_CHIP0206_002/filtered_feature_bc_matrix,GGGTTATTCATCGTAG-1,SA535X10XB03696_GGGTTATTCATCGTAG-1,SA535X10XB03696,A
.cache/SCRNA10X_SA_CHIP0206_002/filtered_feature_bc_matrix,GGTAACTAGCTGCCTG-1,SA535X10XB03696_GGTAACTAGCTGCCTG-1,SA535X10XB03696,J
.cache/SCRNA10X_SA_CHIP0206_002/filtered_feature_bc_matrix,GGTAATCCAAATGGCG-1,SA535X10XB03696_GGTAATCCAAATGGCG-1,SA535X10XB03696,H
.cache/SCRNA10X_SA_CHIP0206_002/filtered_feature_bc_matrix,GGTAATCGTGGTTTGT-1,SA535X10XB03696_GGTAATCGTGGTTTGT-1,SA535X10XB03696,A
.cache/SCRNA10X_SA_CHIP0206_002/filtered_feature_bc_matrix,GGTCACGGTCGTACTA-1,SA535X10XB03696_GGTCACGGTCGTACTA-1,SA535X10XB03696,H
.cache/SCRNA10X_SA_CHIP0206_002/filtered_feature_bc_matrix,GGTGTTATCAGTCACA-1,SA535X10XB03696_GGTGTTATCAGTCACA-1,SA535X10XB03696,F
.cache/SCRNA10X_SA_CHIP0206_002/filtered_feature_bc_matrix,GGTTAACAGAGTCTTC-1,SA535X10XB03696_GGTTAACAGAGTCTTC-1,SA535X10XB03696,A
.cache/SCRNA10X_SA_CHIP0206_002/filtered_feature_bc_matrix,GTAACACTCATCTCTA-1,SA535X10XB03696_GTAACACTCATCTCTA-1,SA535X10XB03696,A
.cache/SCRNA10X_SA_CHIP0206_002/filtered_feature_bc_matrix,GTAACACTCTGATGGT-1,SA535X10XB03696_GTAACACTCTGATGGT-1,SA535X10XB03696,H
.cache/SCRNA10X_SA_CHIP0206_002/filtered_feature_bc_matrix,GTAACCAAGAATGTTG-1,SA535X10XB03696_GTAACCAAGAATGTTG-1,SA535X10XB03696,H
.cache/SCRNA10X_SA_CHIP0206_002/filtered_feature_bc_matrix,GTAACCAAGGCGAAGG-1,SA535X10XB03696_GTAACCAAGGCGAAGG-1,SA535X10XB03696,H
.cache/SCRNA10X_SA_CHIP0206_002/filtered_feature_bc_matrix,GTAAGTCCATATGAAG-1,SA535X10XB03696_GTAAGTCCATATGAAG-1,SA535X10XB03696,A
.cache/SCRNA10X_SA_CHIP0206_002/filtered_feature_bc_matrix,GTAATCGTCTTGGGCG-1,SA535X10XB03696_GTAATCGTCTTGGGCG-1,SA535X10XB03696,A
.cache/SCRNA10X_SA_CHIP0206_002/filtered_feature_bc_matrix,GTACAACAGAGCTGCA-1,SA535X10XB03696_GTACAACAGAGCTGCA-1,SA535X10XB03696,A
.cache/SCRNA10X_SA_CHIP0206_002/filtered_feature_bc_matrix,GTAGAAAAGTTGGACG-1,SA535X10XB03696_GTAGAAAAGTTGGACG-1,SA535X10XB03696,A
.cache/SCRNA10X_SA_CHIP0206_002/filtered_feature_bc_matrix,GTAGAAAGTCCTGAAT-1,SA535X10XB03696_GTAGAAAGTCCTGAAT-1,SA535X10XB03696,A
.cache/SCRNA10X_SA_CHIP0206_002/filtered_feature_bc_matrix,GTATTGGCAATTTCTC-1,SA535X10XB03696_GTATTGGCAATTTCTC-1,SA535X10XB03696,H
.cache/SCRNA10X_SA_CHIP0206_002/filtered_feature_bc_matrix,GTCAAACCATGGCGCT-1,SA535X10XB03696_GTCAAACCATGGCGCT-1,SA535X10XB03696,A
.cache/SCRNA10X_SA_CHIP0206_002/filtered_feature_bc_matrix,GTCACTCAGCGACTGA-1,SA535X10XB03696_GTCACTCAGCGACTGA-1,SA535X10XB03696,A
.cache/SCRNA10X_SA_CHIP0206_002/filtered_feature_bc_matrix,GTCATTTAGTGGTGAC-1,SA535X10XB03696_GTCATTTAGTGGTGAC-1,SA535X10XB03696,H
.cache/SCRNA10X_SA_CHIP0206_002/filtered_feature_bc_matrix,GTCCCATTCGCAACAT-1,SA535X10XB03696_GTCCCATTCGCAACAT-1,SA535X10XB03696,A
.cache/SCRNA10X_SA_CHIP0206_002/filtered_feature_bc_matrix,GTCGAATCAGCAGACA-1,SA535X10XB03696_GTCGAATCAGCAGACA-1,SA535X10XB03696,H
.cache/SCRNA10X_SA_CHIP0206_002/filtered_feature_bc_matrix,GTCTGTCCAACAACAA-1,SA535X10XB03696_GTCTGTCCAACAACAA-1,SA535X10XB03696,A
.cache/SCRNA10X_SA_CHIP0206_002/filtered_feature_bc_matrix,GTGACGCTCCTGTTGC-1,SA535X10XB03696_GTGACGCTCCTGTTGC-1,SA535X10XB03696,H
.cache/SCRNA10X_SA_CHIP0206_002/filtered_feature_bc_matrix,GTGAGGATCCCATGGG-1,SA535X10XB03696_GTGAGGATCCCATGGG-1,SA535X10XB03696,E
.cache/SCRNA10X_SA_CHIP0206_002/filtered_feature_bc_matrix,GTGCACGTCACAACCA-1,SA535X10XB03696_GTGCACGTCACAACCA-1,SA535X10XB03696,A
.cache/SCRNA10X_SA_CHIP0206_002/filtered_feature_bc_matrix,GTGCAGCAGGTTATAG-1,SA535X10XB03696_GTGCAGCAGGTTATAG-1,SA535X10XB03696,A
.cache/SCRNA10X_SA_CHIP0206_002/filtered_feature_bc_matrix,GTGCGTGTCCACGTCT-1,SA535X10XB03696_GTGCGTGTCCACGTCT-1,SA535X10XB03696,A
.cache/SCRNA10X_SA_CHIP0206_002/filtered_feature_bc_matrix,GTGCTTCCAGAGGACT-1,SA535X10XB03696_GTGCTTCCAGAGGACT-1,SA535X10XB03696,A
.cache/SCRNA10X_SA_CHIP0206_002/filtered_feature_bc_matrix,GTGCTTCTCGCGGTAC-1,SA535X10XB03696_GTGCTTCTCGCGGTAC-1,SA535X10XB03696,J
.cache/SCRNA10X_SA_CHIP0206_002/filtered_feature_bc_matrix,GTGGCGTAGTCTGCAT-1,SA535X10XB03696_GTGGCGTAGTCTGCAT-1,SA535X10XB03696,A
.cache/SCRNA10X_SA_CHIP0206_002/filtered_feature_bc_matrix,GTGGCGTCATAGATGA-1,SA535X10XB03696_GTGGCGTCATAGATGA-1,SA535X10XB03696,A
.cache/SCRNA10X_SA_CHIP0206_002/filtered_feature_bc_matrix,GTGGTTAGTCTTGAAC-1,SA535X10XB03696_GTGGTTAGTCTTGAAC-1,SA535X10XB03696,A
.cache/SCRNA10X_SA_CHIP0206_002/filtered_feature_bc_matrix,GTGGTTATCGTACACA-1,SA535X10XB03696_GTGGTTATCGTACACA-1,SA535X10XB03696,H
.cache/SCRNA10X_SA_CHIP0206_002/filtered_feature_bc_matrix,GTGTAACCAAGTGTCT-1,SA535X10XB03696_GTGTAACCAAGTGTCT-1,SA535X10XB03696,D
.cache/SCRNA10X_SA_CHIP0206_002/filtered_feature_bc_matrix,GTGTCCTAGTCTCCTC-1,SA535X10XB03696_GTGTCCTAGTCTCCTC-1,SA535X10XB03696,D
.cache/SCRNA10X_SA_CHIP0206_002/filtered_feature_bc_matrix,GTGTTAGCATTGAAGA-1,SA535X10XB03696_GTGTTAGCATTGAAGA-1,SA535X10XB03696,E
.cache/SCRNA10X_SA_CHIP0206_002/filtered_feature_bc_matrix,GTTACCCAGAAATGGG-1,SA535X10XB03696_GTTACCCAGAAATGGG-1,SA535X10XB03696,A
.cache/SCRNA10X_SA_CHIP0206_002/filtered_feature_bc_matrix,GTTACCCGTTGTACGT-1,SA535X10XB03696_GTTACCCGTTGTACGT-1,SA535X10XB03696,E
.cache/SCRNA10X_SA_CHIP0206_002/filtered_feature_bc_matrix,GTTACCCTCGCTTGAA-1,SA535X10XB03696_GTTACCCTCGCTTGAA-1,SA535X10XB03696,A
.cache/SCRNA10X_SA_CHIP0206_002/filtered_feature_bc_matrix,GTTACGAAGTACCATC-1,SA535X10XB03696_GTTACGAAGTACCATC-1,SA535X10XB03696,J
.cache/SCRNA10X_SA_CHIP0206_002/filtered_feature_bc_matrix,GTTACGATCACACCCT-1,SA535X10XB03696_GTTACGATCACACCCT-1,SA535X10XB03696,A
.cache/SCRNA10X_SA_CHIP0206_002/filtered_feature_bc_matrix,GTTAGACGTTTCCAAG-1,SA535X10XB03696_GTTAGACGTTTCCAAG-1,SA535X10XB03696,A
.cache/SCRNA10X_SA_CHIP0206_002/filtered_feature_bc_matrix,GTTATGGAGCCTCTTC-1,SA535X10XB03696_GTTATGGAGCCTCTTC-1,SA535X10XB03696,A
.cache/SCRNA10X_SA_CHIP0206_002/filtered_feature_bc_matrix,GTTATGGGTGATACAA-1,SA535X10XB03696_GTTATGGGTGATACAA-1,SA535X10XB03696,H
.cache/SCRNA10X_SA_CHIP0206_002/filtered_feature_bc_matrix,GTTGAACCAATTGAAG-1,SA535X10XB03696_GTTGAACCAATTGAAG-1,SA535X10XB03696,H
.cache/SCRNA10X_SA_CHIP0206_002/filtered_feature_bc_matrix,GTTGAACTCTACTGCC-1,SA535X10XB03696_GTTGAACTCTACTGCC-1,SA535X10XB03696,A
.cache/SCRNA10X_SA_CHIP0206_002/filtered_feature_bc_matrix,GTTGCTCAGACCCTTA-1,SA535X10XB03696_GTTGCTCAGACCCTTA-1,SA535X10XB03696,H
.cache/SCRNA10X_SA_CHIP0206_002/filtered_feature_bc_matrix,GTTGTAGCATGAATAG-1,SA535X10XB03696_GTTGTAGCATGAATAG-1,SA535X10XB03696,D
.cache/SCRNA10X_SA_CHIP0206_002/filtered_feature_bc_matrix,GTTTACTCATCCTCAC-1,SA535X10XB03696_GTTTACTCATCCTCAC-1,SA535X10XB03696,A
.cache/SCRNA10X_SA_CHIP0206_002/filtered_feature_bc_matrix,TAACCAGGTGTGTCGC-1,SA535X10XB03696_TAACCAGGTGTGTCGC-1,SA535X10XB03696,A
.cache/SCRNA10X_SA_CHIP0206_002/filtered_feature_bc_matrix,TAACTTCCAAACTCGT-1,SA535X10XB03696_TAACTTCCAAACTCGT-1,SA535X10XB03696,A
.cache/SCRNA10X_SA_CHIP0206_002/filtered_feature_bc_matrix,TAACTTCGTGCCAAGA-1,SA535X10XB03696_TAACTTCGTGCCAAGA-1,SA535X10XB03696,A
.cache/SCRNA10X_SA_CHIP0206_002/filtered_feature_bc_matrix,TAAGCACCATCCGAGC-1,SA535X10XB03696_TAAGCACCATCCGAGC-1,SA535X10XB03696,A
.cache/SCRNA10X_SA_CHIP0206_002/filtered_feature_bc_matrix,TAAGCACTCGCGCCAA-1,SA535X10XB03696_TAAGCACTCGCGCCAA-1,SA535X10XB03696,A
.cache/SCRNA10X_SA_CHIP0206_002/filtered_feature_bc_matrix,TAAGCGTAGTAGTGCG-1,SA535X10XB03696_TAAGCGTAGTAGTGCG-1,SA535X10XB03696,J
.cache/SCRNA10X_SA_CHIP0206_002/filtered_feature_bc_matrix,TAAGCGTGTATACAGA-1,SA535X10XB03696_TAAGCGTGTATACAGA-1,SA535X10XB03696,J
.cache/SCRNA10X_SA_CHIP0206_002/filtered_feature_bc_matrix,TAAGTCGCATGTTACG-1,SA535X10XB03696_TAAGTCGCATGTTACG-1,SA535X10XB03696,A
.cache/SCRNA10X_SA_CHIP0206_002/filtered_feature_bc_matrix,TAAGTCGGTAACAGTA-1,SA535X10XB03696_TAAGTCGGTAACAGTA-1,SA535X10XB03696,A
.cache/SCRNA10X_SA_CHIP0206_002/filtered_feature_bc_matrix,TAAGTCGTCATTCACT-1,SA535X10XB03696_TAAGTCGTCATTCACT-1,SA535X10XB03696,A
.cache/SCRNA10X_SA_CHIP0206_002/filtered_feature_bc_matrix,TAAGTCGTCCCAAGCG-1,SA535X10XB03696_TAAGTCGTCCCAAGCG-1,SA535X10XB03696,A
.cache/SCRNA10X_SA_CHIP0206_002/filtered_feature_bc_matrix,TACACCCTCCATAGGT-1,SA535X10XB03696_TACACCCTCCATAGGT-1,SA535X10XB03696,A
.cache/SCRNA10X_SA_CHIP0206_002/filtered_feature_bc_matrix,TACAGGTCAGAACGCA-1,SA535X10XB03696_TACAGGTCAGAACGCA-1,SA535X10XB03696,A
.cache/SCRNA10X_SA_CHIP0206_002/filtered_feature_bc_matrix,TACATTCCACCAGTTA-1,SA535X10XB03696_TACATTCCACCAGTTA-1,SA535X10XB03696,E
.cache/SCRNA10X_SA_CHIP0206_002/filtered_feature_bc_matrix,TACCCACAGCTATCTG-1,SA535X10XB03696_TACCCACAGCTATCTG-1,SA535X10XB03696,H
.cache/SCRNA10X_SA_CHIP0206_002/filtered_feature_bc_matrix,TACCCACGTGTAGTGG-1,SA535X10XB03696_TACCCACGTGTAGTGG-1,SA535X10XB03696,A
.cache/SCRNA10X_SA_CHIP0206_002/filtered_feature_bc_matrix,TACCTGCCAGTCAGCC-1,SA535X10XB03696_TACCTGCCAGTCAGCC-1,SA535X10XB03696,H
.cache/SCRNA10X_SA_CHIP0206_002/filtered_feature_bc_matrix,TACGCTCTCACGATAC-1,SA535X10XB03696_TACGCTCTCACGATAC-1,SA535X10XB03696,H
.cache/SCRNA10X_SA_CHIP0206_002/filtered_feature_bc_matrix,TACGGGCCATGGCCCA-1,SA535X10XB03696_TACGGGCCATGGCCCA-1,SA535X10XB03696,A
.cache/SCRNA10X_SA_CHIP0206_002/filtered_feature_bc_matrix,TACGTCCTCTACTCAT-1,SA535X10XB03696_TACGTCCTCTACTCAT-1,SA535X10XB03696,A
.cache/SCRNA10X_SA_CHIP0206_002/filtered_feature_bc_matrix,TACTTCATCACCTGGG-1,SA535X10XB03696_TACTTCATCACCTGGG-1,SA535X10XB03696,D
.cache/SCRNA10X_SA_CHIP0206_002/filtered_feature_bc_matrix,TACTTGTGTACGACAG-1,SA535X10XB03696_TACTTGTGTACGACAG-1,SA535X10XB03696,A
.cache/SCRNA10X_SA_CHIP0206_002/filtered_feature_bc_matrix,TAGACCAGTACATACC-1,SA535X10XB03696_TAGACCAGTACATACC-1,SA535X10XB03696,H
.cache/SCRNA10X_SA_CHIP0206_002/filtered_feature_bc_matrix,TAGAGTCGTTTCTATC-1,SA535X10XB03696_TAGAGTCGTTTCTATC-1,SA535X10XB03696,H
.cache/SCRNA10X_SA_CHIP0206_002/filtered_feature_bc_matrix,TAGAGTCTCCGGCAAC-1,SA535X10XB03696_TAGAGTCTCCGGCAAC-1,SA535X10XB03696,A
.cache/SCRNA10X_SA_CHIP0206_002/filtered_feature_bc_matrix,TAGCACACACGGCGTT-1,SA535X10XB03696_TAGCACACACGGCGTT-1,SA535X10XB03696,H
.cache/SCRNA10X_SA_CHIP0206_002/filtered_feature_bc_matrix,TAGGAGGGTTGGAGAC-1,SA535X10XB03696_TAGGAGGGTTGGAGAC-1,SA535X10XB03696,E
.cache/SCRNA10X_SA_CHIP0206_002/filtered_feature_bc_matrix,TAGGAGGTCGCGCTGA-1,SA535X10XB03696_TAGGAGGTCGCGCTGA-1,SA535X10XB03696,E
.cache/SCRNA10X_SA_CHIP0206_002/filtered_feature_bc_matrix,TAGGGTTAGTCACGCC-1,SA535X10XB03696_TAGGGTTAGTCACGCC-1,SA535X10XB03696,J
.cache/SCRNA10X_SA_CHIP0206_002/filtered_feature_bc_matrix,TATATCCGTCGTACAT-1,SA535X10XB03696_TATATCCGTCGTACAT-1,SA535X10XB03696,A
.cache/SCRNA10X_SA_CHIP0206_002/filtered_feature_bc_matrix,TATCTTGCAGGCAATG-1,SA535X10XB03696_TATCTTGCAGGCAATG-1,SA535X10XB03696,H
.cache/SCRNA10X_SA_CHIP0206_002/filtered_feature_bc_matrix,TATTCCATCCCAGGAC-1,SA535X10XB03696_TATTCCATCCCAGGAC-1,SA535X10XB03696,J
.cache/SCRNA10X_SA_CHIP0206_002/filtered_feature_bc_matrix,TATTGCTTCCTCTAGC-1,SA535X10XB03696_TATTGCTTCCTCTAGC-1,SA535X10XB03696,D
.cache/SCRNA10X_SA_CHIP0206_002/filtered_feature_bc_matrix,TATTTCGGTGCCGTAC-1,SA535X10XB03696_TATTTCGGTGCCGTAC-1,SA535X10XB03696,J
.cache/SCRNA10X_SA_CHIP0206_002/filtered_feature_bc_matrix,TCAAGTGAGCTTTCCC-1,SA535X10XB03696_TCAAGTGAGCTTTCCC-1,SA535X10XB03696,H
.cache/SCRNA10X_SA_CHIP0206_002/filtered_feature_bc_matrix,TCAATCTAGTTAGTAG-1,SA535X10XB03696_TCAATCTAGTTAGTAG-1,SA535X10XB03696,H
.cache/SCRNA10X_SA_CHIP0206_002/filtered_feature_bc_matrix,TCAATTCAGATGGCGT-1,SA535X10XB03696_TCAATTCAGATGGCGT-1,SA535X10XB03696,J
.cache/SCRNA10X_SA_CHIP0206_002/filtered_feature_bc_matrix,TCAATTCGTAAGGCTG-1,SA535X10XB03696_TCAATTCGTAAGGCTG-1,SA535X10XB03696,A
.cache/SCRNA10X_SA_CHIP0206_002/filtered_feature_bc_matrix,TCACAAGTCTCGTGAA-1,SA535X10XB03696_TCACAAGTCTCGTGAA-1,SA535X10XB03696,A
.cache/SCRNA10X_SA_CHIP0206_002/filtered_feature_bc_matrix,TCACTCGCAAGTTCCA-1,SA535X10XB03696_TCACTCGCAAGTTCCA-1,SA535X10XB03696,E
.cache/SCRNA10X_SA_CHIP0206_002/filtered_feature_bc_matrix,TCACTCGCAATCTCGA-1,SA535X10XB03696_TCACTCGCAATCTCGA-1,SA535X10XB03696,J
.cache/SCRNA10X_SA_CHIP0206_002/filtered_feature_bc_matrix,TCAGCAAAGCTCGACC-1,SA535X10XB03696_TCAGCAAAGCTCGACC-1,SA535X10XB03696,D
.cache/SCRNA10X_SA_CHIP0206_002/filtered_feature_bc_matrix,TCAGCAAAGGGTTGCA-1,SA535X10XB03696_TCAGCAAAGGGTTGCA-1,SA535X10XB03696,J
.cache/SCRNA10X_SA_CHIP0206_002/filtered_feature_bc_matrix,TCAGCAACAAAGCACG-1,SA535X10XB03696_TCAGCAACAAAGCACG-1,SA535X10XB03696,A
.cache/SCRNA10X_SA_CHIP0206_002/filtered_feature_bc_matrix,TCAGCAATCCAAATGC-1,SA535X10XB03696_TCAGCAATCCAAATGC-1,SA535X10XB03696,A
.cache/SCRNA10X_SA_CHIP0206_002/filtered_feature_bc_matrix,TCAGCCTCACCGTCGA-1,SA535X10XB03696_TCAGCCTCACCGTCGA-1,SA535X10XB03696,H
.cache/SCRNA10X_SA_CHIP0206_002/filtered_feature_bc_matrix,TCAGGTAAGGTAATCA-1,SA535X10XB03696_TCAGGTAAGGTAATCA-1,SA535X10XB03696,J
.cache/SCRNA10X_SA_CHIP0206_002/filtered_feature_bc_matrix,TCAGGTACAGCATACT-1,SA535X10XB03696_TCAGGTACAGCATACT-1,SA535X10XB03696,A
.cache/SCRNA10X_SA_CHIP0206_002/filtered_feature_bc_matrix,TCAGTCCTCCATCTAT-1,SA535X10XB03696_TCAGTCCTCCATCTAT-1,SA535X10XB03696,A
.cache/SCRNA10X_SA_CHIP0206_002/filtered_feature_bc_matrix,TCAGTGAAGCGACTGA-1,SA535X10XB03696_TCAGTGAAGCGACTGA-1,SA535X10XB03696,A
.cache/SCRNA10X_SA_CHIP0206_002/filtered_feature_bc_matrix,TCAGTGATCGGCTCTT-1,SA535X10XB03696_TCAGTGATCGGCTCTT-1,SA535X10XB03696,H
.cache/SCRNA10X_SA_CHIP0206_002/filtered_feature_bc_matrix,TCATCCGTCTGTACAG-1,SA535X10XB03696_TCATCCGTCTGTACAG-1,SA535X10XB03696,E
.cache/SCRNA10X_SA_CHIP0206_002/filtered_feature_bc_matrix,TCATGAGAGCGAGGAG-1,SA535X10XB03696_TCATGAGAGCGAGGAG-1,SA535X10XB03696,H
.cache/SCRNA10X_SA_CHIP0206_002/filtered_feature_bc_matrix,TCATGGAGTGGTTTGT-1,SA535X10XB03696_TCATGGAGTGGTTTGT-1,SA535X10XB03696,A
.cache/SCRNA10X_SA_CHIP0206_002/filtered_feature_bc_matrix,TCATTACCATGGCCAC-1,SA535X10XB03696_TCATTACCATGGCCAC-1,SA535X10XB03696,A
.cache/SCRNA10X_SA_CHIP0206_002/filtered_feature_bc_matrix,TCATTTGGTATCGATC-1,SA535X10XB03696_TCATTTGGTATCGATC-1,SA535X10XB03696,A
.cache/SCRNA10X_SA_CHIP0206_002/filtered_feature_bc_matrix,TCCAGAACAGGCACAA-1,SA535X10XB03696_TCCAGAACAGGCACAA-1,SA535X10XB03696,A
.cache/SCRNA10X_SA_CHIP0206_002/filtered_feature_bc_matrix,TCCAGAAGTAACATCC-1,SA535X10XB03696_TCCAGAAGTAACATCC-1,SA535X10XB03696,H
.cache/SCRNA10X_SA_CHIP0206_002/filtered_feature_bc_matrix,TCCATCGAGGTTTGAA-1,SA535X10XB03696_TCCATCGAGGTTTGAA-1,SA535X10XB03696,A
.cache/SCRNA10X_SA_CHIP0206_002/filtered_feature_bc_matrix,TCCATGCGTCCATAGT-1,SA535X10XB03696_TCCATGCGTCCATAGT-1,SA535X10XB03696,A
.cache/SCRNA10X_SA_CHIP0206_002/filtered_feature_bc_matrix,TCCCACACACGTCATA-1,SA535X10XB03696_TCCCACACACGTCATA-1,SA535X10XB03696,D
.cache/SCRNA10X_SA_CHIP0206_002/filtered_feature_bc_matrix,TCCCAGTTCTTCCAGC-1,SA535X10XB03696_TCCCAGTTCTTCCAGC-1,SA535X10XB03696,H
.cache/SCRNA10X_SA_CHIP0206_002/filtered_feature_bc_matrix,TCCGAAATCTACGCGG-1,SA535X10XB03696_TCCGAAATCTACGCGG-1,SA535X10XB03696,A
.cache/SCRNA10X_SA_CHIP0206_002/filtered_feature_bc_matrix,TCCTTCTCACTACGGC-1,SA535X10XB03696_TCCTTCTCACTACGGC-1,SA535X10XB03696,D
.cache/SCRNA10X_SA_CHIP0206_002/filtered_feature_bc_matrix,TCCTTTCGTGGGCTTC-1,SA535X10XB03696_TCCTTTCGTGGGCTTC-1,SA535X10XB03696,A
.cache/SCRNA10X_SA_CHIP0206_002/filtered_feature_bc_matrix,TCGAACAGTTCGGACC-1,SA535X10XB03696_TCGAACAGTTCGGACC-1,SA535X10XB03696,D
.cache/SCRNA10X_SA_CHIP0206_002/filtered_feature_bc_matrix,TCGATTTAGGGAGAAT-1,SA535X10XB03696_TCGATTTAGGGAGAAT-1,SA535X10XB03696,A
.cache/SCRNA10X_SA_CHIP0206_002/filtered_feature_bc_matrix,TCGCAGGCAAAGGCGT-1,SA535X10XB03696_TCGCAGGCAAAGGCGT-1,SA535X10XB03696,A
.cache/SCRNA10X_SA_CHIP0206_002/filtered_feature_bc_matrix,TCGCAGGGTGCGGATA-1,SA535X10XB03696_TCGCAGGGTGCGGATA-1,SA535X10XB03696,H
.cache/SCRNA10X_SA_CHIP0206_002/filtered_feature_bc_matrix,TCGCTCAAGACATAGT-1,SA535X10XB03696_TCGCTCAAGACATAGT-1,SA535X10XB03696,A
.cache/SCRNA10X_SA_CHIP0206_002/filtered_feature_bc_matrix,TCGCTTGAGCCATGCC-1,SA535X10XB03696_TCGCTTGAGCCATGCC-1,SA535X10XB03696,H
.cache/SCRNA10X_SA_CHIP0206_002/filtered_feature_bc_matrix,TCGGATAGTCTCAGGC-1,SA535X10XB03696_TCGGATAGTCTCAGGC-1,SA535X10XB03696,A
.cache/SCRNA10X_SA_CHIP0206_002/filtered_feature_bc_matrix,TCGGTCTGTAATACCC-1,SA535X10XB03696_TCGGTCTGTAATACCC-1,SA535X10XB03696,A
.cache/SCRNA10X_SA_CHIP0206_002/filtered_feature_bc_matrix,TCTAACTAGCACTCAT-1,SA535X10XB03696_TCTAACTAGCACTCAT-1,SA535X10XB03696,A
.cache/SCRNA10X_SA_CHIP0206_002/filtered_feature_bc_matrix,TCTACATTCCATTTGT-1,SA535X10XB03696_TCTACATTCCATTTGT-1,SA535X10XB03696,A
.cache/SCRNA10X_SA_CHIP0206_002/filtered_feature_bc_matrix,TCTCACGAGGTTGTTC-1,SA535X10XB03696_TCTCACGAGGTTGTTC-1,SA535X10XB03696,D
.cache/SCRNA10X_SA_CHIP0206_002/filtered_feature_bc_matrix,TCTCACGTCAGCTTGA-1,SA535X10XB03696_TCTCACGTCAGCTTGA-1,SA535X10XB03696,D
.cache/SCRNA10X_SA_CHIP0206_002/filtered_feature_bc_matrix,TCTCCGAGTCGCGGTT-1,SA535X10XB03696_TCTCCGAGTCGCGGTT-1,SA535X10XB03696,A
.cache/SCRNA10X_SA_CHIP0206_002/filtered_feature_bc_matrix,TCTGGCTCAGGCACAA-1,SA535X10XB03696_TCTGGCTCAGGCACAA-1,SA535X10XB03696,H
.cache/SCRNA10X_SA_CHIP0206_002/filtered_feature_bc_matrix,TCTGGCTTCTACCAGA-1,SA535X10XB03696_TCTGGCTTCTACCAGA-1,SA535X10XB03696,A
.cache/SCRNA10X_SA_CHIP0206_002/filtered_feature_bc_matrix,TCTGGCTTCTTCCTAA-1,SA535X10XB03696_TCTGGCTTCTTCCTAA-1,SA535X10XB03696,A
.cache/SCRNA10X_SA_CHIP0206_002/filtered_feature_bc_matrix,TCTGTCGCACATAGCT-1,SA535X10XB03696_TCTGTCGCACATAGCT-1,SA535X10XB03696,A
.cache/SCRNA10X_SA_CHIP0206_002/filtered_feature_bc_matrix,TCTTGCGTCTCTCGAC-1,SA535X10XB03696_TCTTGCGTCTCTCGAC-1,SA535X10XB03696,A
.cache/SCRNA10X_SA_CHIP0206_002/filtered_feature_bc_matrix,TCTTTGAGTTTGGGTT-1,SA535X10XB03696_TCTTTGAGTTTGGGTT-1,SA535X10XB03696,A
.cache/SCRNA10X_SA_CHIP0206_002/filtered_feature_bc_matrix,TCTTTGATCTCCGAGG-1,SA535X10XB03696_TCTTTGATCTCCGAGG-1,SA535X10XB03696,A
.cache/SCRNA10X_SA_CHIP0206_002/filtered_feature_bc_matrix,TGAACGTCACCCTGTT-1,SA535X10XB03696_TGAACGTCACCCTGTT-1,SA535X10XB03696,A
.cache/SCRNA10X_SA_CHIP0206_002/filtered_feature_bc_matrix,TGAACGTCATCTTTCA-1,SA535X10XB03696_TGAACGTCATCTTTCA-1,SA535X10XB03696,H
.cache/SCRNA10X_SA_CHIP0206_002/filtered_feature_bc_matrix,TGAACGTTCTCTATAC-1,SA535X10XB03696_TGAACGTTCTCTATAC-1,SA535X10XB03696,H
.cache/SCRNA10X_SA_CHIP0206_002/filtered_feature_bc_matrix,TGACCCTAGCCTCAGC-1,SA535X10XB03696_TGACCCTAGCCTCAGC-1,SA535X10XB03696,A
.cache/SCRNA10X_SA_CHIP0206_002/filtered_feature_bc_matrix,TGACGCGGTTCGTAAC-1,SA535X10XB03696_TGACGCGGTTCGTAAC-1,SA535X10XB03696,J
.cache/SCRNA10X_SA_CHIP0206_002/filtered_feature_bc_matrix,TGACTCCAGACTAAGT-1,SA535X10XB03696_TGACTCCAGACTAAGT-1,SA535X10XB03696,D
.cache/SCRNA10X_SA_CHIP0206_002/filtered_feature_bc_matrix,TGACTCCAGCTCTGTA-1,SA535X10XB03696_TGACTCCAGCTCTGTA-1,SA535X10XB03696,A
.cache/SCRNA10X_SA_CHIP0206_002/filtered_feature_bc_matrix,TGAGACTCAATCAAGA-1,SA535X10XB03696_TGAGACTCAATCAAGA-1,SA535X10XB03696,A
.cache/SCRNA10X_SA_CHIP0206_002/filtered_feature_bc_matrix,TGAGGAGGTCTGTCAA-1,SA535X10XB03696_TGAGGAGGTCTGTCAA-1,SA535X10XB03696,A
.cache/SCRNA10X_SA_CHIP0206_002/filtered_feature_bc_matrix,TGAGGAGGTTAGCTAC-1,SA535X10XB03696_TGAGGAGGTTAGCTAC-1,SA535X10XB03696,D
.cache/SCRNA10X_SA_CHIP0206_002/filtered_feature_bc_matrix,TGAGGAGTCGCGTTTC-1,SA535X10XB03696_TGAGGAGTCGCGTTTC-1,SA535X10XB03696,J
.cache/SCRNA10X_SA_CHIP0206_002/filtered_feature_bc_matrix,TGAGGTTTCCGAGGCT-1,SA535X10XB03696_TGAGGTTTCCGAGGCT-1,SA535X10XB03696,F
.cache/SCRNA10X_SA_CHIP0206_002/filtered_feature_bc_matrix,TGAGTCATCTTTGCGC-1,SA535X10XB03696_TGAGTCATCTTTGCGC-1,SA535X10XB03696,H
.cache/SCRNA10X_SA_CHIP0206_002/filtered_feature_bc_matrix,TGATCAGGTCTGTCAA-1,SA535X10XB03696_TGATCAGGTCTGTCAA-1,SA535X10XB03696,A
.cache/SCRNA10X_SA_CHIP0206_002/filtered_feature_bc_matrix,TGATCTTGTTGTAAAG-1,SA535X10XB03696_TGATCTTGTTGTAAAG-1,SA535X10XB03696,A
.cache/SCRNA10X_SA_CHIP0206_002/filtered_feature_bc_matrix,TGCAGATCACAAATGA-1,SA535X10XB03696_TGCAGATCACAAATGA-1,SA535X10XB03696,H
.cache/SCRNA10X_SA_CHIP0206_002/filtered_feature_bc_matrix,TGCAGGCCACTTTATC-1,SA535X10XB03696_TGCAGGCCACTTTATC-1,SA535X10XB03696,A
.cache/SCRNA10X_SA_CHIP0206_002/filtered_feature_bc_matrix,TGCAGTAGTGCTTATG-1,SA535X10XB03696_TGCAGTAGTGCTTATG-1,SA535X10XB03696,H
.cache/SCRNA10X_SA_CHIP0206_002/filtered_feature_bc_matrix,TGCGACGTCCCGAGAC-1,SA535X10XB03696_TGCGACGTCCCGAGAC-1,SA535X10XB03696,A
.cache/SCRNA10X_SA_CHIP0206_002/filtered_feature_bc_matrix,TGCGACGTCTAGGCAT-1,SA535X10XB03696_TGCGACGTCTAGGCAT-1,SA535X10XB03696,H
.cache/SCRNA10X_SA_CHIP0206_002/filtered_feature_bc_matrix,TGCGGGTGTTAAGGGC-1,SA535X10XB03696_TGCGGGTGTTAAGGGC-1,SA535X10XB03696,A
.cache/SCRNA10X_SA_CHIP0206_002/filtered_feature_bc_matrix,TGCTTGCAGACTTGTC-1,SA535X10XB03696_TGCTTGCAGACTTGTC-1,SA535X10XB03696,A
.cache/SCRNA10X_SA_CHIP0206_002/filtered_feature_bc_matrix,TGCTTGCCACGATTCA-1,SA535X10XB03696_TGCTTGCCACGATTCA-1,SA535X10XB03696,A
.cache/SCRNA10X_SA_CHIP0206_002/filtered_feature_bc_matrix,TGGATCATCCAATGCA-1,SA535X10XB03696_TGGATCATCCAATGCA-1,SA535X10XB03696,A
.cache/SCRNA10X_SA_CHIP0206_002/filtered_feature_bc_matrix,TGGATGTTCACGGGAA-1,SA535X10XB03696_TGGATGTTCACGGGAA-1,SA535X10XB03696,A
.cache/SCRNA10X_SA_CHIP0206_002/filtered_feature_bc_matrix,TGGGATTCATCTTCGC-1,SA535X10XB03696_TGGGATTCATCTTCGC-1,SA535X10XB03696,A
.cache/SCRNA10X_SA_CHIP0206_002/filtered_feature_bc_matrix,TGGTTAGCAACAGTGG-1,SA535X10XB03696_TGGTTAGCAACAGTGG-1,SA535X10XB03696,A
.cache/SCRNA10X_SA_CHIP0206_002/filtered_feature_bc_matrix,TGGTTAGCACCAAATC-1,SA535X10XB03696_TGGTTAGCACCAAATC-1,SA535X10XB03696,A
.cache/SCRNA10X_SA_CHIP0206_002/filtered_feature_bc_matrix,TGTAACGGTCAGCTTA-1,SA535X10XB03696_TGTAACGGTCAGCTTA-1,SA535X10XB03696,A
.cache/SCRNA10X_SA_CHIP0206_002/filtered_feature_bc_matrix,TGTAAGCGTAGACTGG-1,SA535X10XB03696_TGTAAGCGTAGACTGG-1,SA535X10XB03696,A
.cache/SCRNA10X_SA_CHIP0206_002/filtered_feature_bc_matrix,TGTACAGCATCGATAC-1,SA535X10XB03696_TGTACAGCATCGATAC-1,SA535X10XB03696,H
.cache/SCRNA10X_SA_CHIP0206_002/filtered_feature_bc_matrix,TGTAGACGTGTCGCTG-1,SA535X10XB03696_TGTAGACGTGTCGCTG-1,SA535X10XB03696,A
.cache/SCRNA10X_SA_CHIP0206_002/filtered_feature_bc_matrix,TGTCCCACAGCGTGCT-1,SA535X10XB03696_TGTCCCACAGCGTGCT-1,SA535X10XB03696,J
.cache/SCRNA10X_SA_CHIP0206_002/filtered_feature_bc_matrix,TGTCCCAGTGCAGATG-1,SA535X10XB03696_TGTCCCAGTGCAGATG-1,SA535X10XB03696,A
.cache/SCRNA10X_SA_CHIP0206_002/filtered_feature_bc_matrix,TGTCCTGCAAATGATG-1,SA535X10XB03696_TGTCCTGCAAATGATG-1,SA535X10XB03696,A
.cache/SCRNA10X_SA_CHIP0206_002/filtered_feature_bc_matrix,TGTCCTGCACCACATA-1,SA535X10XB03696_TGTCCTGCACCACATA-1,SA535X10XB03696,J
.cache/SCRNA10X_SA_CHIP0206_002/filtered_feature_bc_matrix,TGTCCTGGTGTAAATG-1,SA535X10XB03696_TGTCCTGGTGTAAATG-1,SA535X10XB03696,H
.cache/SCRNA10X_SA_CHIP0206_002/filtered_feature_bc_matrix,TGTGAGTGTCCTATAG-1,SA535X10XB03696_TGTGAGTGTCCTATAG-1,SA535X10XB03696,E
.cache/SCRNA10X_SA_CHIP0206_002/filtered_feature_bc_matrix,TGTGGCGAGAAGGTAG-1,SA535X10XB03696_TGTGGCGAGAAGGTAG-1,SA535X10XB03696,E
.cache/SCRNA10X_SA_CHIP0206_002/filtered_feature_bc_matrix,TGTGTGAAGTGGCAGT-1,SA535X10XB03696_TGTGTGAAGTGGCAGT-1,SA535X10XB03696,H
.cache/SCRNA10X_SA_CHIP0206_002/filtered_feature_bc_matrix,TGTGTGATCGTAACCA-1,SA535X10XB03696_TGTGTGATCGTAACCA-1,SA535X10XB03696,D
.cache/SCRNA10X_SA_CHIP0206_002/filtered_feature_bc_matrix,TGTTACTCACATACTG-1,SA535X10XB03696_TGTTACTCACATACTG-1,SA535X10XB03696,A
.cache/SCRNA10X_SA_CHIP0206_002/filtered_feature_bc_matrix,TGTTGGACATGCAGGA-1,SA535X10XB03696_TGTTGGACATGCAGGA-1,SA535X10XB03696,A
.cache/SCRNA10X_SA_CHIP0206_002/filtered_feature_bc_matrix,TGTTGGAGTCCAGAAG-1,SA535X10XB03696_TGTTGGAGTCCAGAAG-1,SA535X10XB03696,D
.cache/SCRNA10X_SA_CHIP0206_002/filtered_feature_bc_matrix,TTAATCCAGCCAGTAG-1,SA535X10XB03696_TTAATCCAGCCAGTAG-1,SA535X10XB03696,A
.cache/SCRNA10X_SA_CHIP0206_002/filtered_feature_bc_matrix,TTAATCCTCTTCTAAC-1,SA535X10XB03696_TTAATCCTCTTCTAAC-1,SA535X10XB03696,H
.cache/SCRNA10X_SA_CHIP0206_002/filtered_feature_bc_matrix,TTACGCCGTTCTCACC-1,SA535X10XB03696_TTACGCCGTTCTCACC-1,SA535X10XB03696,H
.cache/SCRNA10X_SA_CHIP0206_002/filtered_feature_bc_matrix,TTACGTTAGGATCATA-1,SA535X10XB03696_TTACGTTAGGATCATA-1,SA535X10XB03696,A
.cache/SCRNA10X_SA_CHIP0206_002/filtered_feature_bc_matrix,TTACGTTTCCACCTCA-1,SA535X10XB03696_TTACGTTTCCACCTCA-1,SA535X10XB03696,unassigned
.cache/SCRNA10X_SA_CHIP0206_002/filtered_feature_bc_matrix,TTAGGCATCATCGCTC-1,SA535X10XB03696_TTAGGCATCATCGCTC-1,SA535X10XB03696,H
.cache/SCRNA10X_SA_CHIP0206_002/filtered_feature_bc_matrix,TTATTGCCAGAATCGG-1,SA535X10XB03696_TTATTGCCAGAATCGG-1,SA535X10XB03696,H
.cache/SCRNA10X_SA_CHIP0206_002/filtered_feature_bc_matrix,TTCAGGATCCCTCTCC-1,SA535X10XB03696_TTCAGGATCCCTCTCC-1,SA535X10XB03696,H
.cache/SCRNA10X_SA_CHIP0206_002/filtered_feature_bc_matrix,TTCATTGTCTGAGAGG-1,SA535X10XB03696_TTCATTGTCTGAGAGG-1,SA535X10XB03696,A
.cache/SCRNA10X_SA_CHIP0206_002/filtered_feature_bc_matrix,TTCCAATAGGCCGCTT-1,SA535X10XB03696_TTCCAATAGGCCGCTT-1,SA535X10XB03696,E
.cache/SCRNA10X_SA_CHIP0206_002/filtered_feature_bc_matrix,TTCCGGTTCATCGTAG-1,SA535X10XB03696_TTCCGGTTCATCGTAG-1,SA535X10XB03696,E
.cache/SCRNA10X_SA_CHIP0206_002/filtered_feature_bc_matrix,TTCCGTGAGGAAAGAC-1,SA535X10XB03696_TTCCGTGAGGAAAGAC-1,SA535X10XB03696,A
.cache/SCRNA10X_SA_CHIP0206_002/filtered_feature_bc_matrix,TTCCTCTGTCGAGCAA-1,SA535X10XB03696_TTCCTCTGTCGAGCAA-1,SA535X10XB03696,D
.cache/SCRNA10X_SA_CHIP0206_002/filtered_feature_bc_matrix,TTCCTCTGTGGACCTC-1,SA535X10XB03696_TTCCTCTGTGGACCTC-1,SA535X10XB03696,A
.cache/SCRNA10X_SA_CHIP0206_002/filtered_feature_bc_matrix,TTCCTCTTCGCGGTAC-1,SA535X10XB03696_TTCCTCTTCGCGGTAC-1,SA535X10XB03696,A
.cache/SCRNA10X_SA_CHIP0206_002/filtered_feature_bc_matrix,TTCCTTCAGTAGACAT-1,SA535X10XB03696_TTCCTTCAGTAGACAT-1,SA535X10XB03696,A
.cache/SCRNA10X_SA_CHIP0206_002/filtered_feature_bc_matrix,TTCCTTCTCGGCGATC-1,SA535X10XB03696_TTCCTTCTCGGCGATC-1,SA535X10XB03696,A
.cache/SCRNA10X_SA_CHIP0206_002/filtered_feature_bc_matrix,TTCGCTGTCAAGCCTA-1,SA535X10XB03696_TTCGCTGTCAAGCCTA-1,SA535X10XB03696,H
.cache/SCRNA10X_SA_CHIP0206_002/filtered_feature_bc_matrix,TTCTCTCTCTGGCCAG-1,SA535X10XB03696_TTCTCTCTCTGGCCAG-1,SA535X10XB03696,A
.cache/SCRNA10X_SA_CHIP0206_002/filtered_feature_bc_matrix,TTCTTCCGTCTCTCAC-1,SA535X10XB03696_TTCTTCCGTCTCTCAC-1,SA535X10XB03696,F
.cache/SCRNA10X_SA_CHIP0206_002/filtered_feature_bc_matrix,TTGACCCGTCTCGGGT-1,SA535X10XB03696_TTGACCCGTCTCGGGT-1,SA535X10XB03696,A
.cache/SCRNA10X_SA_CHIP0206_002/filtered_feature_bc_matrix,TTGCCTGGTTCTCGTC-1,SA535X10XB03696_TTGCCTGGTTCTCGTC-1,SA535X10XB03696,A
.cache/SCRNA10X_SA_CHIP0206_002/filtered_feature_bc_matrix,TTGCGTCTCGACCACG-1,SA535X10XB03696_TTGCGTCTCGACCACG-1,SA535X10XB03696,H
.cache/SCRNA10X_SA_CHIP0206_002/filtered_feature_bc_matrix,TTGCTGCAGTGATAGT-1,SA535X10XB03696_TTGCTGCAGTGATAGT-1,SA535X10XB03696,A
.cache/SCRNA10X_SA_CHIP0206_002/filtered_feature_bc_matrix,TTGCTGCTCACCATGA-1,SA535X10XB03696_TTGCTGCTCACCATGA-1,SA535X10XB03696,A
.cache/SCRNA10X_SA_CHIP0206_002/filtered_feature_bc_matrix,TTGCTGCTCACTGCTC-1,SA535X10XB03696_TTGCTGCTCACTGCTC-1,SA535X10XB03696,A
.cache/SCRNA10X_SA_CHIP0206_002/filtered_feature_bc_matrix,TTGGATGCACGGGCTT-1,SA535X10XB03696_TTGGATGCACGGGCTT-1,SA535X10XB03696,A
.cache/SCRNA10X_SA_CHIP0206_002/filtered_feature_bc_matrix,TTGGGCGAGCCAGACA-1,SA535X10XB03696_TTGGGCGAGCCAGACA-1,SA535X10XB03696,H
.cache/SCRNA10X_SA_CHIP0206_002/filtered_feature_bc_matrix,TTGGGCGAGTCACAGG-1,SA535X10XB03696_TTGGGCGAGTCACAGG-1,SA535X10XB03696,H
.cache/SCRNA10X_SA_CHIP0206_002/filtered_feature_bc_matrix,TTGGGCGCATGCCGCA-1,SA535X10XB03696_TTGGGCGCATGCCGCA-1,SA535X10XB03696,A
.cache/SCRNA10X_SA_CHIP0206_002/filtered_feature_bc_matrix,TTGTTCAAGATGACAT-1,SA535X10XB03696_TTGTTCAAGATGACAT-1,SA535X10XB03696,A
.cache/SCRNA10X_SA_CHIP0206_002/filtered_feature_bc_matrix,TTGTTCAGTTAAGACA-1,SA535X10XB03696_TTGTTCAGTTAAGACA-1,SA535X10XB03696,H
.cache/SCRNA10X_SA_CHIP0206_002/filtered_feature_bc_matrix,TTGTTCATCGAGTCCG-1,SA535X10XB03696_TTGTTCATCGAGTCCG-1,SA535X10XB03696,A
.cache/SCRNA10X_SA_CHIP0206_002/filtered_feature_bc_matrix,TTTACCATCCAGCTCT-1,SA535X10XB03696_TTTACCATCCAGCTCT-1,SA535X10XB03696,A
.cache/SCRNA10X_SA_CHIP0206_002/filtered_feature_bc_matrix,TTTACGTCAACCGTAT-1,SA535X10XB03696_TTTACGTCAACCGTAT-1,SA535X10XB03696,A
.cache/SCRNA10X_SA_CHIP0206_002/filtered_feature_bc_matrix,TTTACTGCAACGGCTC-1,SA535X10XB03696_TTTACTGCAACGGCTC-1,SA535X10XB03696,H
.cache/SCRNA10X_SA_CHIP0206_002/filtered_feature_bc_matrix,TTTACTGCACCAGCGT-1,SA535X10XB03696_TTTACTGCACCAGCGT-1,SA535X10XB03696,A
.cache/SCRNA10X_SA_CHIP0206_002/filtered_feature_bc_matrix,TTTAGTCAGGTCCTGC-1,SA535X10XB03696_TTTAGTCAGGTCCTGC-1,SA535X10XB03696,H
.cache/SCRNA10X_SA_CHIP0206_002/filtered_feature_bc_matrix,TTTATGCAGGTCGTCC-1,SA535X10XB03696_TTTATGCAGGTCGTCC-1,SA535X10XB03696,A
.cache/SCRNA10X_SA_CHIP0206_002/filtered_feature_bc_matrix,TTTCGATTCACGGACC-1,SA535X10XB03696_TTTCGATTCACGGACC-1,SA535X10XB03696,A
.cache/SCRNA10X_SA_CHIP0206_002/filtered_feature_bc_matrix,TTTGACTTCTGTGTGA-1,SA535X10XB03696_TTTGACTTCTGTGTGA-1,SA535X10XB03696,H
.cache/SCRNA10X_SA_CHIP0206_002/filtered_feature_bc_matrix,TTTGATCAGCAATAGT-1,SA535X10XB03696_TTTGATCAGCAATAGT-1,SA535X10XB03696,H
.cache/SCRNA10X_SA_CHIP0206_002/filtered_feature_bc_matrix,TTTGGTTAGCTGCCAC-1,SA535X10XB03696_TTTGGTTAGCTGCCAC-1,SA535X10XB03696,D
