Sample,Barcode,cell_id,id,clone
.cache/SCRNA10X_SA_CHIP0173_002/filtered_feature_bc_matrix,AAACGCTAGTTGCTGT-1,SA535X9XB03617_AAACGCTAGTTGCTGT-1,SA535X9XB03617,A
.cache/SCRNA10X_SA_CHIP0173_002/filtered_feature_bc_matrix,AAAGGATTCTCAGAAC-1,SA535X9XB03617_AAAGGATTCTCAGAAC-1,SA535X9XB03617,A
.cache/SCRNA10X_SA_CHIP0173_002/filtered_feature_bc_matrix,AAAGGGCTCTCCGTGT-1,SA535X9XB03617_AAAGGGCTCTCCGTGT-1,SA535X9XB03617,A
.cache/SCRNA10X_SA_CHIP0173_002/filtered_feature_bc_matrix,AAAGGTAGTGAATTAG-1,SA535X9XB03617_AAAGGTAGTGAATTAG-1,SA535X9XB03617,unassigned
.cache/SCRNA10X_SA_CHIP0173_002/filtered_feature_bc_matrix,AAAGTGATCTACACTT-1,SA535X9XB03617_AAAGTGATCTACACTT-1,SA535X9XB03617,A
.cache/SCRNA10X_SA_CHIP0173_002/filtered_feature_bc_matrix,AAATGGACAAACCGGA-1,SA535X9XB03617_AAATGGACAAACCGGA-1,SA535X9XB03617,J
.cache/SCRNA10X_SA_CHIP0173_002/filtered_feature_bc_matrix,AAATGGATCTTTCCAA-1,SA535X9XB03617_AAATGGATCTTTCCAA-1,SA535X9XB03617,A
.cache/SCRNA10X_SA_CHIP0173_002/filtered_feature_bc_matrix,AACAAAGGTTTAGTCG-1,SA535X9XB03617_AACAAAGGTTTAGTCG-1,SA535X9XB03617,A
.cache/SCRNA10X_SA_CHIP0173_002/filtered_feature_bc_matrix,AACAACCGTATCCTCC-1,SA535X9XB03617_AACAACCGTATCCTCC-1,SA535X9XB03617,J
.cache/SCRNA10X_SA_CHIP0173_002/filtered_feature_bc_matrix,AACCAACAGTACTGTC-1,SA535X9XB03617_AACCAACAGTACTGTC-1,SA535X9XB03617,E
.cache/SCRNA10X_SA_CHIP0173_002/filtered_feature_bc_matrix,AACCCAAGTCAACCAT-1,SA535X9XB03617_AACCCAAGTCAACCAT-1,SA535X9XB03617,A
.cache/SCRNA10X_SA_CHIP0173_002/filtered_feature_bc_matrix,AACCCAAGTCCTTAAG-1,SA535X9XB03617_AACCCAAGTCCTTAAG-1,SA535X9XB03617,E
.cache/SCRNA10X_SA_CHIP0173_002/filtered_feature_bc_matrix,AACCCAAGTGCTTATG-1,SA535X9XB03617_AACCCAAGTGCTTATG-1,SA535X9XB03617,A
.cache/SCRNA10X_SA_CHIP0173_002/filtered_feature_bc_matrix,AACCTTTAGCGTGCTC-1,SA535X9XB03617_AACCTTTAGCGTGCTC-1,SA535X9XB03617,A
.cache/SCRNA10X_SA_CHIP0173_002/filtered_feature_bc_matrix,AACGAAATCTTCGACC-1,SA535X9XB03617_AACGAAATCTTCGACC-1,SA535X9XB03617,A
.cache/SCRNA10X_SA_CHIP0173_002/filtered_feature_bc_matrix,AACGTCATCACTGTTT-1,SA535X9XB03617_AACGTCATCACTGTTT-1,SA535X9XB03617,J
.cache/SCRNA10X_SA_CHIP0173_002/filtered_feature_bc_matrix,AAGGTAATCGCTTGAA-1,SA535X9XB03617_AAGGTAATCGCTTGAA-1,SA535X9XB03617,A
.cache/SCRNA10X_SA_CHIP0173_002/filtered_feature_bc_matrix,AAGTACCAGTGCTAGG-1,SA535X9XB03617_AAGTACCAGTGCTAGG-1,SA535X9XB03617,J
.cache/SCRNA10X_SA_CHIP0173_002/filtered_feature_bc_matrix,AAGTCGTAGCCTCGTG-1,SA535X9XB03617_AAGTCGTAGCCTCGTG-1,SA535X9XB03617,H
.cache/SCRNA10X_SA_CHIP0173_002/filtered_feature_bc_matrix,AAGTGAACAGTGGCTC-1,SA535X9XB03617_AAGTGAACAGTGGCTC-1,SA535X9XB03617,H
.cache/SCRNA10X_SA_CHIP0173_002/filtered_feature_bc_matrix,AATAGAGCATCCTATT-1,SA535X9XB03617_AATAGAGCATCCTATT-1,SA535X9XB03617,J
.cache/SCRNA10X_SA_CHIP0173_002/filtered_feature_bc_matrix,AATCACGAGGCTCAAG-1,SA535X9XB03617_AATCACGAGGCTCAAG-1,SA535X9XB03617,J
.cache/SCRNA10X_SA_CHIP0173_002/filtered_feature_bc_matrix,AATGAAGGTTCTCTCG-1,SA535X9XB03617_AATGAAGGTTCTCTCG-1,SA535X9XB03617,F
.cache/SCRNA10X_SA_CHIP0173_002/filtered_feature_bc_matrix,AATGAAGTCCCGAGGT-1,SA535X9XB03617_AATGAAGTCCCGAGGT-1,SA535X9XB03617,A
.cache/SCRNA10X_SA_CHIP0173_002/filtered_feature_bc_matrix,AATGACCTCCGCAAAT-1,SA535X9XB03617_AATGACCTCCGCAAAT-1,SA535X9XB03617,A
.cache/SCRNA10X_SA_CHIP0173_002/filtered_feature_bc_matrix,AATGGAACATCATTTC-1,SA535X9XB03617_AATGGAACATCATTTC-1,SA535X9XB03617,A
.cache/SCRNA10X_SA_CHIP0173_002/filtered_feature_bc_matrix,AATGGAATCTGCTTAT-1,SA535X9XB03617_AATGGAATCTGCTTAT-1,SA535X9XB03617,F
.cache/SCRNA10X_SA_CHIP0173_002/filtered_feature_bc_matrix,AATGGCTAGATCGCTT-1,SA535X9XB03617_AATGGCTAGATCGCTT-1,SA535X9XB03617,A
.cache/SCRNA10X_SA_CHIP0173_002/filtered_feature_bc_matrix,AATGGCTAGTCAATCC-1,SA535X9XB03617_AATGGCTAGTCAATCC-1,SA535X9XB03617,H
.cache/SCRNA10X_SA_CHIP0173_002/filtered_feature_bc_matrix,AATGGCTTCAACTCTT-1,SA535X9XB03617_AATGGCTTCAACTCTT-1,SA535X9XB03617,A
.cache/SCRNA10X_SA_CHIP0173_002/filtered_feature_bc_matrix,ACACCAATCTAGATCG-1,SA535X9XB03617_ACACCAATCTAGATCG-1,SA535X9XB03617,E
.cache/SCRNA10X_SA_CHIP0173_002/filtered_feature_bc_matrix,ACAGGGAGTAACGGTG-1,SA535X9XB03617_ACAGGGAGTAACGGTG-1,SA535X9XB03617,A
.cache/SCRNA10X_SA_CHIP0173_002/filtered_feature_bc_matrix,ACATCCCAGTTGTAAG-1,SA535X9XB03617_ACATCCCAGTTGTAAG-1,SA535X9XB03617,E
.cache/SCRNA10X_SA_CHIP0173_002/filtered_feature_bc_matrix,ACATGCATCTAGCAAC-1,SA535X9XB03617_ACATGCATCTAGCAAC-1,SA535X9XB03617,A
.cache/SCRNA10X_SA_CHIP0173_002/filtered_feature_bc_matrix,ACATTTCTCGCGATCG-1,SA535X9XB03617_ACATTTCTCGCGATCG-1,SA535X9XB03617,H
.cache/SCRNA10X_SA_CHIP0173_002/filtered_feature_bc_matrix,ACCAAACAGATTAGCA-1,SA535X9XB03617_ACCAAACAGATTAGCA-1,SA535X9XB03617,A
.cache/SCRNA10X_SA_CHIP0173_002/filtered_feature_bc_matrix,ACCAAACCAGGAGGAG-1,SA535X9XB03617_ACCAAACCAGGAGGAG-1,SA535X9XB03617,E
.cache/SCRNA10X_SA_CHIP0173_002/filtered_feature_bc_matrix,ACCAACACAGTTTGGT-1,SA535X9XB03617_ACCAACACAGTTTGGT-1,SA535X9XB03617,A
.cache/SCRNA10X_SA_CHIP0173_002/filtered_feature_bc_matrix,ACCATTTTCGCCATAA-1,SA535X9XB03617_ACCATTTTCGCCATAA-1,SA535X9XB03617,A
.cache/SCRNA10X_SA_CHIP0173_002/filtered_feature_bc_matrix,ACCCTCACACCTGATA-1,SA535X9XB03617_ACCCTCACACCTGATA-1,SA535X9XB03617,H
.cache/SCRNA10X_SA_CHIP0173_002/filtered_feature_bc_matrix,ACGGAAGAGGTTCCGC-1,SA535X9XB03617_ACGGAAGAGGTTCCGC-1,SA535X9XB03617,E
.cache/SCRNA10X_SA_CHIP0173_002/filtered_feature_bc_matrix,ACGGGTCAGCCACTCG-1,SA535X9XB03617_ACGGGTCAGCCACTCG-1,SA535X9XB03617,A
.cache/SCRNA10X_SA_CHIP0173_002/filtered_feature_bc_matrix,ACGGTTAAGGGTCTTT-1,SA535X9XB03617_ACGGTTAAGGGTCTTT-1,SA535X9XB03617,H
.cache/SCRNA10X_SA_CHIP0173_002/filtered_feature_bc_matrix,ACGGTTAGTTTCGGCG-1,SA535X9XB03617_ACGGTTAGTTTCGGCG-1,SA535X9XB03617,E
.cache/SCRNA10X_SA_CHIP0173_002/filtered_feature_bc_matrix,ACGTACACAAATAAGC-1,SA535X9XB03617_ACGTACACAAATAAGC-1,SA535X9XB03617,H
.cache/SCRNA10X_SA_CHIP0173_002/filtered_feature_bc_matrix,ACGTAGTAGGAGGGTG-1,SA535X9XB03617_ACGTAGTAGGAGGGTG-1,SA535X9XB03617,J
.cache/SCRNA10X_SA_CHIP0173_002/filtered_feature_bc_matrix,ACGTAGTGTGCATGAG-1,SA535X9XB03617_ACGTAGTGTGCATGAG-1,SA535X9XB03617,J
.cache/SCRNA10X_SA_CHIP0173_002/filtered_feature_bc_matrix,ACGTTCCGTACACGTT-1,SA535X9XB03617_ACGTTCCGTACACGTT-1,SA535X9XB03617,D
.cache/SCRNA10X_SA_CHIP0173_002/filtered_feature_bc_matrix,ACTACGAGTCAGGTAG-1,SA535X9XB03617_ACTACGAGTCAGGTAG-1,SA535X9XB03617,J
.cache/SCRNA10X_SA_CHIP0173_002/filtered_feature_bc_matrix,ACTCTCGCACAGTGTT-1,SA535X9XB03617_ACTCTCGCACAGTGTT-1,SA535X9XB03617,A
.cache/SCRNA10X_SA_CHIP0173_002/filtered_feature_bc_matrix,ACTCTCGTCGCCACTT-1,SA535X9XB03617_ACTCTCGTCGCCACTT-1,SA535X9XB03617,D
.cache/SCRNA10X_SA_CHIP0173_002/filtered_feature_bc_matrix,ACTGCAACACACAGAG-1,SA535X9XB03617_ACTGCAACACACAGAG-1,SA535X9XB03617,D
.cache/SCRNA10X_SA_CHIP0173_002/filtered_feature_bc_matrix,ACTTAGGTCTCGACCT-1,SA535X9XB03617_ACTTAGGTCTCGACCT-1,SA535X9XB03617,J
.cache/SCRNA10X_SA_CHIP0173_002/filtered_feature_bc_matrix,ACTTCCGGTCTAACTG-1,SA535X9XB03617_ACTTCCGGTCTAACTG-1,SA535X9XB03617,A
.cache/SCRNA10X_SA_CHIP0173_002/filtered_feature_bc_matrix,ACTTTGTAGCCATTTG-1,SA535X9XB03617_ACTTTGTAGCCATTTG-1,SA535X9XB03617,F
.cache/SCRNA10X_SA_CHIP0173_002/filtered_feature_bc_matrix,ACTTTGTTCGAGTCTA-1,SA535X9XB03617_ACTTTGTTCGAGTCTA-1,SA535X9XB03617,A
.cache/SCRNA10X_SA_CHIP0173_002/filtered_feature_bc_matrix,AGACACTAGAACGTGC-1,SA535X9XB03617_AGACACTAGAACGTGC-1,SA535X9XB03617,A
.cache/SCRNA10X_SA_CHIP0173_002/filtered_feature_bc_matrix,AGACACTGTAAGAACT-1,SA535X9XB03617_AGACACTGTAAGAACT-1,SA535X9XB03617,A
.cache/SCRNA10X_SA_CHIP0173_002/filtered_feature_bc_matrix,AGACTCAAGGCGTTGA-1,SA535X9XB03617_AGACTCAAGGCGTTGA-1,SA535X9XB03617,F
.cache/SCRNA10X_SA_CHIP0173_002/filtered_feature_bc_matrix,AGAGAGCCAAGCAGGT-1,SA535X9XB03617_AGAGAGCCAAGCAGGT-1,SA535X9XB03617,A
.cache/SCRNA10X_SA_CHIP0173_002/filtered_feature_bc_matrix,AGATCGTCAACGGCTC-1,SA535X9XB03617_AGATCGTCAACGGCTC-1,SA535X9XB03617,A
.cache/SCRNA10X_SA_CHIP0173_002/filtered_feature_bc_matrix,AGATCGTCACTATCGA-1,SA535X9XB03617_AGATCGTCACTATCGA-1,SA535X9XB03617,A
.cache/SCRNA10X_SA_CHIP0173_002/filtered_feature_bc_matrix,AGATGAACAGTAGATA-1,SA535X9XB03617_AGATGAACAGTAGATA-1,SA535X9XB03617,A
.cache/SCRNA10X_SA_CHIP0173_002/filtered_feature_bc_matrix,AGATGCTGTGTACGCC-1,SA535X9XB03617_AGATGCTGTGTACGCC-1,SA535X9XB03617,A
.cache/SCRNA10X_SA_CHIP0173_002/filtered_feature_bc_matrix,AGCCACGCATGAATAG-1,SA535X9XB03617_AGCCACGCATGAATAG-1,SA535X9XB03617,unassigned
.cache/SCRNA10X_SA_CHIP0173_002/filtered_feature_bc_matrix,AGCTACAGTTACGTAC-1,SA535X9XB03617_AGCTACAGTTACGTAC-1,SA535X9XB03617,E
.cache/SCRNA10X_SA_CHIP0173_002/filtered_feature_bc_matrix,AGGAAATTCACGACTA-1,SA535X9XB03617_AGGAAATTCACGACTA-1,SA535X9XB03617,A
.cache/SCRNA10X_SA_CHIP0173_002/filtered_feature_bc_matrix,AGGAATACAGACTCTA-1,SA535X9XB03617_AGGAATACAGACTCTA-1,SA535X9XB03617,E
.cache/SCRNA10X_SA_CHIP0173_002/filtered_feature_bc_matrix,AGGAATAGTACCACGC-1,SA535X9XB03617_AGGAATAGTACCACGC-1,SA535X9XB03617,H
.cache/SCRNA10X_SA_CHIP0173_002/filtered_feature_bc_matrix,AGGACTTAGCACACAG-1,SA535X9XB03617_AGGACTTAGCACACAG-1,SA535X9XB03617,J
.cache/SCRNA10X_SA_CHIP0173_002/filtered_feature_bc_matrix,AGGACTTAGGAATCGC-1,SA535X9XB03617_AGGACTTAGGAATCGC-1,SA535X9XB03617,A
.cache/SCRNA10X_SA_CHIP0173_002/filtered_feature_bc_matrix,AGGAGGTAGGATACGC-1,SA535X9XB03617_AGGAGGTAGGATACGC-1,SA535X9XB03617,E
.cache/SCRNA10X_SA_CHIP0173_002/filtered_feature_bc_matrix,AGGATCTAGTTAGTAG-1,SA535X9XB03617_AGGATCTAGTTAGTAG-1,SA535X9XB03617,unassigned
.cache/SCRNA10X_SA_CHIP0173_002/filtered_feature_bc_matrix,AGGATCTCAATTAGGA-1,SA535X9XB03617_AGGATCTCAATTAGGA-1,SA535X9XB03617,F
.cache/SCRNA10X_SA_CHIP0173_002/filtered_feature_bc_matrix,AGGCTGCTCGTAGTGT-1,SA535X9XB03617_AGGCTGCTCGTAGTGT-1,SA535X9XB03617,J
.cache/SCRNA10X_SA_CHIP0173_002/filtered_feature_bc_matrix,AGGGTGACAACGATCT-1,SA535X9XB03617_AGGGTGACAACGATCT-1,SA535X9XB03617,A
.cache/SCRNA10X_SA_CHIP0173_002/filtered_feature_bc_matrix,AGGGTGACATTAAGCC-1,SA535X9XB03617_AGGGTGACATTAAGCC-1,SA535X9XB03617,A
.cache/SCRNA10X_SA_CHIP0173_002/filtered_feature_bc_matrix,AGGTAGGCAGTCTTCC-1,SA535X9XB03617_AGGTAGGCAGTCTTCC-1,SA535X9XB03617,G
.cache/SCRNA10X_SA_CHIP0173_002/filtered_feature_bc_matrix,AGGTAGGGTAAGGCTG-1,SA535X9XB03617_AGGTAGGGTAAGGCTG-1,SA535X9XB03617,D
.cache/SCRNA10X_SA_CHIP0173_002/filtered_feature_bc_matrix,AGGTCATCACACGGTC-1,SA535X9XB03617_AGGTCATCACACGGTC-1,SA535X9XB03617,A
.cache/SCRNA10X_SA_CHIP0173_002/filtered_feature_bc_matrix,AGGTTACAGTCACTAC-1,SA535X9XB03617_AGGTTACAGTCACTAC-1,SA535X9XB03617,A
.cache/SCRNA10X_SA_CHIP0173_002/filtered_feature_bc_matrix,AGGTTACCATCATCTT-1,SA535X9XB03617_AGGTTACCATCATCTT-1,SA535X9XB03617,A
.cache/SCRNA10X_SA_CHIP0173_002/filtered_feature_bc_matrix,AGTACCAGTACTAGCT-1,SA535X9XB03617_AGTACCAGTACTAGCT-1,SA535X9XB03617,H
.cache/SCRNA10X_SA_CHIP0173_002/filtered_feature_bc_matrix,AGTAGCTCACTGCTTC-1,SA535X9XB03617_AGTAGCTCACTGCTTC-1,SA535X9XB03617,A
.cache/SCRNA10X_SA_CHIP0173_002/filtered_feature_bc_matrix,AGTGCCGCACGGTAGA-1,SA535X9XB03617_AGTGCCGCACGGTAGA-1,SA535X9XB03617,A
.cache/SCRNA10X_SA_CHIP0173_002/filtered_feature_bc_matrix,AGTTAGCAGTATAACG-1,SA535X9XB03617_AGTTAGCAGTATAACG-1,SA535X9XB03617,A
.cache/SCRNA10X_SA_CHIP0173_002/filtered_feature_bc_matrix,AGTTCCCAGTGCCCGT-1,SA535X9XB03617_AGTTCCCAGTGCCCGT-1,SA535X9XB03617,J
.cache/SCRNA10X_SA_CHIP0173_002/filtered_feature_bc_matrix,AGTTCCCGTAAGATTG-1,SA535X9XB03617_AGTTCCCGTAAGATTG-1,SA535X9XB03617,A
.cache/SCRNA10X_SA_CHIP0173_002/filtered_feature_bc_matrix,AGTTCGAAGGGAACAA-1,SA535X9XB03617_AGTTCGAAGGGAACAA-1,SA535X9XB03617,A
.cache/SCRNA10X_SA_CHIP0173_002/filtered_feature_bc_matrix,ATACCTTGTCCCTGAG-1,SA535X9XB03617_ATACCTTGTCCCTGAG-1,SA535X9XB03617,A
.cache/SCRNA10X_SA_CHIP0173_002/filtered_feature_bc_matrix,ATAGACCAGAAATTGC-1,SA535X9XB03617_ATAGACCAGAAATTGC-1,SA535X9XB03617,F
.cache/SCRNA10X_SA_CHIP0173_002/filtered_feature_bc_matrix,ATAGGCTAGATGCGAC-1,SA535X9XB03617_ATAGGCTAGATGCGAC-1,SA535X9XB03617,A
.cache/SCRNA10X_SA_CHIP0173_002/filtered_feature_bc_matrix,ATCACAGCATCCGATA-1,SA535X9XB03617_ATCACAGCATCCGATA-1,SA535X9XB03617,E
.cache/SCRNA10X_SA_CHIP0173_002/filtered_feature_bc_matrix,ATCACAGTCAGCTCTC-1,SA535X9XB03617_ATCACAGTCAGCTCTC-1,SA535X9XB03617,E
.cache/SCRNA10X_SA_CHIP0173_002/filtered_feature_bc_matrix,ATCACGATCGCTGATA-1,SA535X9XB03617_ATCACGATCGCTGATA-1,SA535X9XB03617,E
.cache/SCRNA10X_SA_CHIP0173_002/filtered_feature_bc_matrix,ATCACTTAGAAGCTCG-1,SA535X9XB03617_ATCACTTAGAAGCTCG-1,SA535X9XB03617,J
.cache/SCRNA10X_SA_CHIP0173_002/filtered_feature_bc_matrix,ATCCATTCAGGCGTTC-1,SA535X9XB03617_ATCCATTCAGGCGTTC-1,SA535X9XB03617,D
.cache/SCRNA10X_SA_CHIP0173_002/filtered_feature_bc_matrix,ATCCATTCAGGGAGAG-1,SA535X9XB03617_ATCCATTCAGGGAGAG-1,SA535X9XB03617,A
.cache/SCRNA10X_SA_CHIP0173_002/filtered_feature_bc_matrix,ATCGGCGAGGGAGTTC-1,SA535X9XB03617_ATCGGCGAGGGAGTTC-1,SA535X9XB03617,H
.cache/SCRNA10X_SA_CHIP0173_002/filtered_feature_bc_matrix,ATCGTAGAGAAACTCA-1,SA535X9XB03617_ATCGTAGAGAAACTCA-1,SA535X9XB03617,G
.cache/SCRNA10X_SA_CHIP0173_002/filtered_feature_bc_matrix,ATCGTAGCACCGTACG-1,SA535X9XB03617_ATCGTAGCACCGTACG-1,SA535X9XB03617,F
.cache/SCRNA10X_SA_CHIP0173_002/filtered_feature_bc_matrix,ATCGTGACAAGAGTGC-1,SA535X9XB03617_ATCGTGACAAGAGTGC-1,SA535X9XB03617,E
.cache/SCRNA10X_SA_CHIP0173_002/filtered_feature_bc_matrix,ATCGTGAGTGATAGAT-1,SA535X9XB03617_ATCGTGAGTGATAGAT-1,SA535X9XB03617,B
.cache/SCRNA10X_SA_CHIP0173_002/filtered_feature_bc_matrix,ATCTTCAAGTGGCCTC-1,SA535X9XB03617_ATCTTCAAGTGGCCTC-1,SA535X9XB03617,H
.cache/SCRNA10X_SA_CHIP0173_002/filtered_feature_bc_matrix,ATCTTCAGTTCTGAGT-1,SA535X9XB03617_ATCTTCAGTTCTGAGT-1,SA535X9XB03617,E
.cache/SCRNA10X_SA_CHIP0173_002/filtered_feature_bc_matrix,ATCTTCATCTCTCTAA-1,SA535X9XB03617_ATCTTCATCTCTCTAA-1,SA535X9XB03617,A
.cache/SCRNA10X_SA_CHIP0173_002/filtered_feature_bc_matrix,ATGAGGGCAGCGCGTT-1,SA535X9XB03617_ATGAGGGCAGCGCGTT-1,SA535X9XB03617,A
.cache/SCRNA10X_SA_CHIP0173_002/filtered_feature_bc_matrix,ATGATCGGTGGGAGAG-1,SA535X9XB03617_ATGATCGGTGGGAGAG-1,SA535X9XB03617,A
.cache/SCRNA10X_SA_CHIP0173_002/filtered_feature_bc_matrix,ATGGATCGTCTGATCA-1,SA535X9XB03617_ATGGATCGTCTGATCA-1,SA535X9XB03617,A
.cache/SCRNA10X_SA_CHIP0173_002/filtered_feature_bc_matrix,ATGGGAGGTTTCGATG-1,SA535X9XB03617_ATGGGAGGTTTCGATG-1,SA535X9XB03617,A
.cache/SCRNA10X_SA_CHIP0173_002/filtered_feature_bc_matrix,ATGGTTGAGCGAACTG-1,SA535X9XB03617_ATGGTTGAGCGAACTG-1,SA535X9XB03617,A
.cache/SCRNA10X_SA_CHIP0173_002/filtered_feature_bc_matrix,ATGTCTTCAGGTTACT-1,SA535X9XB03617_ATGTCTTCAGGTTACT-1,SA535X9XB03617,F
.cache/SCRNA10X_SA_CHIP0173_002/filtered_feature_bc_matrix,ATGTCTTTCTGGCCTT-1,SA535X9XB03617_ATGTCTTTCTGGCCTT-1,SA535X9XB03617,E
.cache/SCRNA10X_SA_CHIP0173_002/filtered_feature_bc_matrix,ATTACTCGTCTCCTGT-1,SA535X9XB03617_ATTACTCGTCTCCTGT-1,SA535X9XB03617,H
.cache/SCRNA10X_SA_CHIP0173_002/filtered_feature_bc_matrix,ATTCATCTCCCTAGGG-1,SA535X9XB03617_ATTCATCTCCCTAGGG-1,SA535X9XB03617,F
.cache/SCRNA10X_SA_CHIP0173_002/filtered_feature_bc_matrix,ATTCGTTTCTTCGGTC-1,SA535X9XB03617_ATTCGTTTCTTCGGTC-1,SA535X9XB03617,A
.cache/SCRNA10X_SA_CHIP0173_002/filtered_feature_bc_matrix,ATTCTACGTACTGCCG-1,SA535X9XB03617_ATTCTACGTACTGCCG-1,SA535X9XB03617,A
.cache/SCRNA10X_SA_CHIP0173_002/filtered_feature_bc_matrix,ATTTCACAGCCGATTT-1,SA535X9XB03617_ATTTCACAGCCGATTT-1,SA535X9XB03617,A
.cache/SCRNA10X_SA_CHIP0173_002/filtered_feature_bc_matrix,ATTTCACAGGACTGGT-1,SA535X9XB03617_ATTTCACAGGACTGGT-1,SA535X9XB03617,A
.cache/SCRNA10X_SA_CHIP0173_002/filtered_feature_bc_matrix,CAAAGAATCCTACGGG-1,SA535X9XB03617_CAAAGAATCCTACGGG-1,SA535X9XB03617,D
.cache/SCRNA10X_SA_CHIP0173_002/filtered_feature_bc_matrix,CAACAACCAGCGTGAA-1,SA535X9XB03617_CAACAACCAGCGTGAA-1,SA535X9XB03617,A
.cache/SCRNA10X_SA_CHIP0173_002/filtered_feature_bc_matrix,CAACAGTAGCATCAAA-1,SA535X9XB03617_CAACAGTAGCATCAAA-1,SA535X9XB03617,A
.cache/SCRNA10X_SA_CHIP0173_002/filtered_feature_bc_matrix,CAACCAATCAAACCTG-1,SA535X9XB03617_CAACCAATCAAACCTG-1,SA535X9XB03617,A
.cache/SCRNA10X_SA_CHIP0173_002/filtered_feature_bc_matrix,CAACCTCAGGGACACT-1,SA535X9XB03617_CAACCTCAGGGACACT-1,SA535X9XB03617,J
.cache/SCRNA10X_SA_CHIP0173_002/filtered_feature_bc_matrix,CAACGGCAGAAACTGT-1,SA535X9XB03617_CAACGGCAGAAACTGT-1,SA535X9XB03617,H
.cache/SCRNA10X_SA_CHIP0173_002/filtered_feature_bc_matrix,CAAGAGGCAACACGTT-1,SA535X9XB03617_CAAGAGGCAACACGTT-1,SA535X9XB03617,A
.cache/SCRNA10X_SA_CHIP0173_002/filtered_feature_bc_matrix,CAAGAGGTCGTTACCC-1,SA535X9XB03617_CAAGAGGTCGTTACCC-1,SA535X9XB03617,A
.cache/SCRNA10X_SA_CHIP0173_002/filtered_feature_bc_matrix,CAAGCTAAGCTGTCCG-1,SA535X9XB03617_CAAGCTAAGCTGTCCG-1,SA535X9XB03617,F
.cache/SCRNA10X_SA_CHIP0173_002/filtered_feature_bc_matrix,CAAGCTACATCGATAC-1,SA535X9XB03617_CAAGCTACATCGATAC-1,SA535X9XB03617,B
.cache/SCRNA10X_SA_CHIP0173_002/filtered_feature_bc_matrix,CAAGGGAAGGAGATAG-1,SA535X9XB03617_CAAGGGAAGGAGATAG-1,SA535X9XB03617,A
.cache/SCRNA10X_SA_CHIP0173_002/filtered_feature_bc_matrix,CAAGGGACATCGGAAG-1,SA535X9XB03617_CAAGGGACATCGGAAG-1,SA535X9XB03617,A
.cache/SCRNA10X_SA_CHIP0173_002/filtered_feature_bc_matrix,CAATACGCACCCAACG-1,SA535X9XB03617_CAATACGCACCCAACG-1,SA535X9XB03617,A
.cache/SCRNA10X_SA_CHIP0173_002/filtered_feature_bc_matrix,CAATACGTCCACGGGT-1,SA535X9XB03617_CAATACGTCCACGGGT-1,SA535X9XB03617,H
.cache/SCRNA10X_SA_CHIP0173_002/filtered_feature_bc_matrix,CAATACGTCGCGAAGA-1,SA535X9XB03617_CAATACGTCGCGAAGA-1,SA535X9XB03617,E
.cache/SCRNA10X_SA_CHIP0173_002/filtered_feature_bc_matrix,CAATCGATCTCGTGGG-1,SA535X9XB03617_CAATCGATCTCGTGGG-1,SA535X9XB03617,A
.cache/SCRNA10X_SA_CHIP0173_002/filtered_feature_bc_matrix,CAATTTCGTAACCAGG-1,SA535X9XB03617_CAATTTCGTAACCAGG-1,SA535X9XB03617,E
.cache/SCRNA10X_SA_CHIP0173_002/filtered_feature_bc_matrix,CACAACACAAATCGTC-1,SA535X9XB03617_CACAACACAAATCGTC-1,SA535X9XB03617,A
.cache/SCRNA10X_SA_CHIP0173_002/filtered_feature_bc_matrix,CACAACACATGACGGA-1,SA535X9XB03617_CACAACACATGACGGA-1,SA535X9XB03617,E
.cache/SCRNA10X_SA_CHIP0173_002/filtered_feature_bc_matrix,CACACAAAGCTTTCTT-1,SA535X9XB03617_CACACAAAGCTTTCTT-1,SA535X9XB03617,H
.cache/SCRNA10X_SA_CHIP0173_002/filtered_feature_bc_matrix,CACATGACAGGGCTTC-1,SA535X9XB03617_CACATGACAGGGCTTC-1,SA535X9XB03617,A
.cache/SCRNA10X_SA_CHIP0173_002/filtered_feature_bc_matrix,CACCAAACATTACTCT-1,SA535X9XB03617_CACCAAACATTACTCT-1,SA535X9XB03617,F
.cache/SCRNA10X_SA_CHIP0173_002/filtered_feature_bc_matrix,CACCGTTCAACTCGTA-1,SA535X9XB03617_CACCGTTCAACTCGTA-1,SA535X9XB03617,F
.cache/SCRNA10X_SA_CHIP0173_002/filtered_feature_bc_matrix,CACGAATTCCTCTAAT-1,SA535X9XB03617_CACGAATTCCTCTAAT-1,SA535X9XB03617,F
.cache/SCRNA10X_SA_CHIP0173_002/filtered_feature_bc_matrix,CACGGGTGTGTCCATA-1,SA535X9XB03617_CACGGGTGTGTCCATA-1,SA535X9XB03617,E
.cache/SCRNA10X_SA_CHIP0173_002/filtered_feature_bc_matrix,CACGTGGCACACTTAG-1,SA535X9XB03617_CACGTGGCACACTTAG-1,SA535X9XB03617,F
.cache/SCRNA10X_SA_CHIP0173_002/filtered_feature_bc_matrix,CACGTTCCATAACGGG-1,SA535X9XB03617_CACGTTCCATAACGGG-1,SA535X9XB03617,H
.cache/SCRNA10X_SA_CHIP0173_002/filtered_feature_bc_matrix,CACGTTCCATAGAAAC-1,SA535X9XB03617_CACGTTCCATAGAAAC-1,SA535X9XB03617,A
.cache/SCRNA10X_SA_CHIP0173_002/filtered_feature_bc_matrix,CACTGAAGTCGGTGTC-1,SA535X9XB03617_CACTGAAGTCGGTGTC-1,SA535X9XB03617,A
.cache/SCRNA10X_SA_CHIP0173_002/filtered_feature_bc_matrix,CACTGGGAGATCCCAT-1,SA535X9XB03617_CACTGGGAGATCCCAT-1,SA535X9XB03617,A
.cache/SCRNA10X_SA_CHIP0173_002/filtered_feature_bc_matrix,CACTGTCGTATGCTTG-1,SA535X9XB03617_CACTGTCGTATGCTTG-1,SA535X9XB03617,A
.cache/SCRNA10X_SA_CHIP0173_002/filtered_feature_bc_matrix,CAGAGCCAGGGATCGT-1,SA535X9XB03617_CAGAGCCAGGGATCGT-1,SA535X9XB03617,A
.cache/SCRNA10X_SA_CHIP0173_002/filtered_feature_bc_matrix,CAGATACCACTAAACC-1,SA535X9XB03617_CAGATACCACTAAACC-1,SA535X9XB03617,A
.cache/SCRNA10X_SA_CHIP0173_002/filtered_feature_bc_matrix,CAGATACTCGGTGCAC-1,SA535X9XB03617_CAGATACTCGGTGCAC-1,SA535X9XB03617,G
.cache/SCRNA10X_SA_CHIP0173_002/filtered_feature_bc_matrix,CAGATCAAGCACCGAA-1,SA535X9XB03617_CAGATCAAGCACCGAA-1,SA535X9XB03617,A
.cache/SCRNA10X_SA_CHIP0173_002/filtered_feature_bc_matrix,CAGATCAAGCGGACAT-1,SA535X9XB03617_CAGATCAAGCGGACAT-1,SA535X9XB03617,D
.cache/SCRNA10X_SA_CHIP0173_002/filtered_feature_bc_matrix,CAGATCAGTTAAGCAA-1,SA535X9XB03617_CAGATCAGTTAAGCAA-1,SA535X9XB03617,J
.cache/SCRNA10X_SA_CHIP0173_002/filtered_feature_bc_matrix,CAGATTGTCGGTCGAC-1,SA535X9XB03617_CAGATTGTCGGTCGAC-1,SA535X9XB03617,H
.cache/SCRNA10X_SA_CHIP0173_002/filtered_feature_bc_matrix,CAGCAATGTCCAGTTA-1,SA535X9XB03617_CAGCAATGTCCAGTTA-1,SA535X9XB03617,G
.cache/SCRNA10X_SA_CHIP0173_002/filtered_feature_bc_matrix,CAGCACGCAATCCTAG-1,SA535X9XB03617_CAGCACGCAATCCTAG-1,SA535X9XB03617,E
.cache/SCRNA10X_SA_CHIP0173_002/filtered_feature_bc_matrix,CAGGCCATCTGGGCCA-1,SA535X9XB03617_CAGGCCATCTGGGCCA-1,SA535X9XB03617,H
.cache/SCRNA10X_SA_CHIP0173_002/filtered_feature_bc_matrix,CAGGTATAGTCTGGTT-1,SA535X9XB03617_CAGGTATAGTCTGGTT-1,SA535X9XB03617,E
.cache/SCRNA10X_SA_CHIP0173_002/filtered_feature_bc_matrix,CAGGTATGTTATGTGC-1,SA535X9XB03617_CAGGTATGTTATGTGC-1,SA535X9XB03617,A
.cache/SCRNA10X_SA_CHIP0173_002/filtered_feature_bc_matrix,CAGTGCGTCTGCCTGT-1,SA535X9XB03617_CAGTGCGTCTGCCTGT-1,SA535X9XB03617,A
.cache/SCRNA10X_SA_CHIP0173_002/filtered_feature_bc_matrix,CAGTTCCGTAAGCAAT-1,SA535X9XB03617_CAGTTCCGTAAGCAAT-1,SA535X9XB03617,unassigned
.cache/SCRNA10X_SA_CHIP0173_002/filtered_feature_bc_matrix,CATACAGTCTGAATGC-1,SA535X9XB03617_CATACAGTCTGAATGC-1,SA535X9XB03617,A
.cache/SCRNA10X_SA_CHIP0173_002/filtered_feature_bc_matrix,CATACCCCAAAGGGCT-1,SA535X9XB03617_CATACCCCAAAGGGCT-1,SA535X9XB03617,A
.cache/SCRNA10X_SA_CHIP0173_002/filtered_feature_bc_matrix,CATACCCTCGCCGATG-1,SA535X9XB03617_CATACCCTCGCCGATG-1,SA535X9XB03617,H
.cache/SCRNA10X_SA_CHIP0173_002/filtered_feature_bc_matrix,CATCCCAAGGCTCCCA-1,SA535X9XB03617_CATCCCAAGGCTCCCA-1,SA535X9XB03617,B
.cache/SCRNA10X_SA_CHIP0173_002/filtered_feature_bc_matrix,CATCGCTCAAACCACT-1,SA535X9XB03617_CATCGCTCAAACCACT-1,SA535X9XB03617,D
.cache/SCRNA10X_SA_CHIP0173_002/filtered_feature_bc_matrix,CATCGGGTCTGGCTGG-1,SA535X9XB03617_CATCGGGTCTGGCTGG-1,SA535X9XB03617,A
.cache/SCRNA10X_SA_CHIP0173_002/filtered_feature_bc_matrix,CATCGTCAGGCCGCTT-1,SA535X9XB03617_CATCGTCAGGCCGCTT-1,SA535X9XB03617,D
.cache/SCRNA10X_SA_CHIP0173_002/filtered_feature_bc_matrix,CATGCAAAGTCCCGGT-1,SA535X9XB03617_CATGCAAAGTCCCGGT-1,SA535X9XB03617,A
.cache/SCRNA10X_SA_CHIP0173_002/filtered_feature_bc_matrix,CATGCAAGTTTCAGAC-1,SA535X9XB03617_CATGCAAGTTTCAGAC-1,SA535X9XB03617,E
.cache/SCRNA10X_SA_CHIP0173_002/filtered_feature_bc_matrix,CATGCCTTCTCCCTAG-1,SA535X9XB03617_CATGCCTTCTCCCTAG-1,SA535X9XB03617,A
.cache/SCRNA10X_SA_CHIP0173_002/filtered_feature_bc_matrix,CATGGATTCTCGACGG-1,SA535X9XB03617_CATGGATTCTCGACGG-1,SA535X9XB03617,G
.cache/SCRNA10X_SA_CHIP0173_002/filtered_feature_bc_matrix,CATTGAGCAGAGAGGG-1,SA535X9XB03617_CATTGAGCAGAGAGGG-1,SA535X9XB03617,A
.cache/SCRNA10X_SA_CHIP0173_002/filtered_feature_bc_matrix,CATTGAGCATCATTGG-1,SA535X9XB03617_CATTGAGCATCATTGG-1,SA535X9XB03617,J
.cache/SCRNA10X_SA_CHIP0173_002/filtered_feature_bc_matrix,CATTTCACACTACTTT-1,SA535X9XB03617_CATTTCACACTACTTT-1,SA535X9XB03617,H
.cache/SCRNA10X_SA_CHIP0173_002/filtered_feature_bc_matrix,CCAAGCGTCATTTCGT-1,SA535X9XB03617_CCAAGCGTCATTTCGT-1,SA535X9XB03617,A
.cache/SCRNA10X_SA_CHIP0173_002/filtered_feature_bc_matrix,CCACGAGGTGCATTTG-1,SA535X9XB03617_CCACGAGGTGCATTTG-1,SA535X9XB03617,A
.cache/SCRNA10X_SA_CHIP0173_002/filtered_feature_bc_matrix,CCACTTGGTGGAACAC-1,SA535X9XB03617_CCACTTGGTGGAACAC-1,SA535X9XB03617,A
.cache/SCRNA10X_SA_CHIP0173_002/filtered_feature_bc_matrix,CCACTTGGTTAGAAAC-1,SA535X9XB03617_CCACTTGGTTAGAAAC-1,SA535X9XB03617,H
.cache/SCRNA10X_SA_CHIP0173_002/filtered_feature_bc_matrix,CCATAAGAGTGTGTTC-1,SA535X9XB03617_CCATAAGAGTGTGTTC-1,SA535X9XB03617,A
.cache/SCRNA10X_SA_CHIP0173_002/filtered_feature_bc_matrix,CCATCACGTGCCGAAA-1,SA535X9XB03617_CCATCACGTGCCGAAA-1,SA535X9XB03617,A
.cache/SCRNA10X_SA_CHIP0173_002/filtered_feature_bc_matrix,CCCGAAGCAGGCATTT-1,SA535X9XB03617_CCCGAAGCAGGCATTT-1,SA535X9XB03617,H
.cache/SCRNA10X_SA_CHIP0173_002/filtered_feature_bc_matrix,CCCGAAGTCTTACTGT-1,SA535X9XB03617_CCCGAAGTCTTACTGT-1,SA535X9XB03617,unassigned
.cache/SCRNA10X_SA_CHIP0173_002/filtered_feature_bc_matrix,CCCTCAACAAGGGTCA-1,SA535X9XB03617_CCCTCAACAAGGGTCA-1,SA535X9XB03617,H
.cache/SCRNA10X_SA_CHIP0173_002/filtered_feature_bc_matrix,CCCTCTCAGGCGTTAG-1,SA535X9XB03617_CCCTCTCAGGCGTTAG-1,SA535X9XB03617,unassigned
.cache/SCRNA10X_SA_CHIP0173_002/filtered_feature_bc_matrix,CCCTCTCGTTCCTAAG-1,SA535X9XB03617_CCCTCTCGTTCCTAAG-1,SA535X9XB03617,A
.cache/SCRNA10X_SA_CHIP0173_002/filtered_feature_bc_matrix,CCCTGATCAGTCAGTT-1,SA535X9XB03617_CCCTGATCAGTCAGTT-1,SA535X9XB03617,A
.cache/SCRNA10X_SA_CHIP0173_002/filtered_feature_bc_matrix,CCCTGATGTGTAGTGG-1,SA535X9XB03617_CCCTGATGTGTAGTGG-1,SA535X9XB03617,H
.cache/SCRNA10X_SA_CHIP0173_002/filtered_feature_bc_matrix,CCCTTAGTCTTCGCTG-1,SA535X9XB03617_CCCTTAGTCTTCGCTG-1,SA535X9XB03617,A
.cache/SCRNA10X_SA_CHIP0173_002/filtered_feature_bc_matrix,CCGAACGCAACAGAGC-1,SA535X9XB03617_CCGAACGCAACAGAGC-1,SA535X9XB03617,E
.cache/SCRNA10X_SA_CHIP0173_002/filtered_feature_bc_matrix,CCGATCTAGAGAGCGG-1,SA535X9XB03617_CCGATCTAGAGAGCGG-1,SA535X9XB03617,F
.cache/SCRNA10X_SA_CHIP0173_002/filtered_feature_bc_matrix,CCGATCTAGTCGGGAT-1,SA535X9XB03617_CCGATCTAGTCGGGAT-1,SA535X9XB03617,A
.cache/SCRNA10X_SA_CHIP0173_002/filtered_feature_bc_matrix,CCGATCTTCTCGCGTT-1,SA535X9XB03617_CCGATCTTCTCGCGTT-1,SA535X9XB03617,J
.cache/SCRNA10X_SA_CHIP0173_002/filtered_feature_bc_matrix,CCGCAAGGTCTTAGTG-1,SA535X9XB03617_CCGCAAGGTCTTAGTG-1,SA535X9XB03617,B
.cache/SCRNA10X_SA_CHIP0173_002/filtered_feature_bc_matrix,CCGGGTAAGGAGTATT-1,SA535X9XB03617_CCGGGTAAGGAGTATT-1,SA535X9XB03617,A
.cache/SCRNA10X_SA_CHIP0173_002/filtered_feature_bc_matrix,CCGGGTATCGGACTGC-1,SA535X9XB03617_CCGGGTATCGGACTGC-1,SA535X9XB03617,A
.cache/SCRNA10X_SA_CHIP0173_002/filtered_feature_bc_matrix,CCGGTAGTCGATTCCC-1,SA535X9XB03617_CCGGTAGTCGATTCCC-1,SA535X9XB03617,A
.cache/SCRNA10X_SA_CHIP0173_002/filtered_feature_bc_matrix,CCGGTGATCTTGCGCT-1,SA535X9XB03617_CCGGTGATCTTGCGCT-1,SA535X9XB03617,A
.cache/SCRNA10X_SA_CHIP0173_002/filtered_feature_bc_matrix,CCGTAGGTCACTACTT-1,SA535X9XB03617_CCGTAGGTCACTACTT-1,SA535X9XB03617,A
.cache/SCRNA10X_SA_CHIP0173_002/filtered_feature_bc_matrix,CCTCAACAGTTTGGCT-1,SA535X9XB03617_CCTCAACAGTTTGGCT-1,SA535X9XB03617,E
.cache/SCRNA10X_SA_CHIP0173_002/filtered_feature_bc_matrix,CCTCAGTTCATCTCTA-1,SA535X9XB03617_CCTCAGTTCATCTCTA-1,SA535X9XB03617,A
.cache/SCRNA10X_SA_CHIP0173_002/filtered_feature_bc_matrix,CCTCCTCAGTATGCAA-1,SA535X9XB03617_CCTCCTCAGTATGCAA-1,SA535X9XB03617,J
.cache/SCRNA10X_SA_CHIP0173_002/filtered_feature_bc_matrix,CCTCCTCGTCGTGCCA-1,SA535X9XB03617_CCTCCTCGTCGTGCCA-1,SA535X9XB03617,H
.cache/SCRNA10X_SA_CHIP0173_002/filtered_feature_bc_matrix,CCTCTAGAGTGCACCC-1,SA535X9XB03617_CCTCTAGAGTGCACCC-1,SA535X9XB03617,A
.cache/SCRNA10X_SA_CHIP0173_002/filtered_feature_bc_matrix,CCTGCATGTACCCAGC-1,SA535X9XB03617_CCTGCATGTACCCAGC-1,SA535X9XB03617,A
.cache/SCRNA10X_SA_CHIP0173_002/filtered_feature_bc_matrix,CCTTTGGCACCGAATT-1,SA535X9XB03617_CCTTTGGCACCGAATT-1,SA535X9XB03617,D
.cache/SCRNA10X_SA_CHIP0173_002/filtered_feature_bc_matrix,CCTTTGGTCATTCACT-1,SA535X9XB03617_CCTTTGGTCATTCACT-1,SA535X9XB03617,A
.cache/SCRNA10X_SA_CHIP0173_002/filtered_feature_bc_matrix,CGAAGTTGTACCTGTA-1,SA535X9XB03617_CGAAGTTGTACCTGTA-1,SA535X9XB03617,A
.cache/SCRNA10X_SA_CHIP0173_002/filtered_feature_bc_matrix,CGAATTGCACGTTGGC-1,SA535X9XB03617_CGAATTGCACGTTGGC-1,SA535X9XB03617,E
.cache/SCRNA10X_SA_CHIP0173_002/filtered_feature_bc_matrix,CGAATTGCAGTGCCTG-1,SA535X9XB03617_CGAATTGCAGTGCCTG-1,SA535X9XB03617,A
.cache/SCRNA10X_SA_CHIP0173_002/filtered_feature_bc_matrix,CGACAGCCAAACTCTG-1,SA535X9XB03617_CGACAGCCAAACTCTG-1,SA535X9XB03617,A
.cache/SCRNA10X_SA_CHIP0173_002/filtered_feature_bc_matrix,CGACAGCCAGAACGCA-1,SA535X9XB03617_CGACAGCCAGAACGCA-1,SA535X9XB03617,A
.cache/SCRNA10X_SA_CHIP0173_002/filtered_feature_bc_matrix,CGAGGCTTCGCCACTT-1,SA535X9XB03617_CGAGGCTTCGCCACTT-1,SA535X9XB03617,A
.cache/SCRNA10X_SA_CHIP0173_002/filtered_feature_bc_matrix,CGAGTGCTCAACGAGG-1,SA535X9XB03617_CGAGTGCTCAACGAGG-1,SA535X9XB03617,J
.cache/SCRNA10X_SA_CHIP0173_002/filtered_feature_bc_matrix,CGATGCGGTGGCGTAA-1,SA535X9XB03617_CGATGCGGTGGCGTAA-1,SA535X9XB03617,J
.cache/SCRNA10X_SA_CHIP0173_002/filtered_feature_bc_matrix,CGCAGGTGTCACAATC-1,SA535X9XB03617_CGCAGGTGTCACAATC-1,SA535X9XB03617,E
.cache/SCRNA10X_SA_CHIP0173_002/filtered_feature_bc_matrix,CGCATAAGTATCCTTT-1,SA535X9XB03617_CGCATAAGTATCCTTT-1,SA535X9XB03617,J
.cache/SCRNA10X_SA_CHIP0173_002/filtered_feature_bc_matrix,CGCATGGAGCGTGCTC-1,SA535X9XB03617_CGCATGGAGCGTGCTC-1,SA535X9XB03617,A
.cache/SCRNA10X_SA_CHIP0173_002/filtered_feature_bc_matrix,CGCCAGAGTCTTGCGG-1,SA535X9XB03617_CGCCAGAGTCTTGCGG-1,SA535X9XB03617,A
.cache/SCRNA10X_SA_CHIP0173_002/filtered_feature_bc_matrix,CGCGTGAGTCTCCTGT-1,SA535X9XB03617_CGCGTGAGTCTCCTGT-1,SA535X9XB03617,A
.cache/SCRNA10X_SA_CHIP0173_002/filtered_feature_bc_matrix,CGGAATTAGCAAACAT-1,SA535X9XB03617_CGGAATTAGCAAACAT-1,SA535X9XB03617,A
.cache/SCRNA10X_SA_CHIP0173_002/filtered_feature_bc_matrix,CGGACACTCCCGAACG-1,SA535X9XB03617_CGGACACTCCCGAACG-1,SA535X9XB03617,E
.cache/SCRNA10X_SA_CHIP0173_002/filtered_feature_bc_matrix,CGGGACTAGTATGAAC-1,SA535X9XB03617_CGGGACTAGTATGAAC-1,SA535X9XB03617,J
.cache/SCRNA10X_SA_CHIP0173_002/filtered_feature_bc_matrix,CGGGCATCAATAGAGT-1,SA535X9XB03617_CGGGCATCAATAGAGT-1,SA535X9XB03617,J
.cache/SCRNA10X_SA_CHIP0173_002/filtered_feature_bc_matrix,CGGGTGTTCCGGCAGT-1,SA535X9XB03617_CGGGTGTTCCGGCAGT-1,SA535X9XB03617,F
.cache/SCRNA10X_SA_CHIP0173_002/filtered_feature_bc_matrix,CGGTCAGAGTCGCGAA-1,SA535X9XB03617_CGGTCAGAGTCGCGAA-1,SA535X9XB03617,A
.cache/SCRNA10X_SA_CHIP0173_002/filtered_feature_bc_matrix,CGTCCATAGGAAGTGA-1,SA535X9XB03617_CGTCCATAGGAAGTGA-1,SA535X9XB03617,A
.cache/SCRNA10X_SA_CHIP0173_002/filtered_feature_bc_matrix,CGTCCATTCCGTCAAA-1,SA535X9XB03617_CGTCCATTCCGTCAAA-1,SA535X9XB03617,D
.cache/SCRNA10X_SA_CHIP0173_002/filtered_feature_bc_matrix,CGTGATAGTCAACATC-1,SA535X9XB03617_CGTGATAGTCAACATC-1,SA535X9XB03617,G
.cache/SCRNA10X_SA_CHIP0173_002/filtered_feature_bc_matrix,CGTGATATCAAGCCTA-1,SA535X9XB03617_CGTGATATCAAGCCTA-1,SA535X9XB03617,A
.cache/SCRNA10X_SA_CHIP0173_002/filtered_feature_bc_matrix,CGTGTCTAGAAGGTAG-1,SA535X9XB03617_CGTGTCTAGAAGGTAG-1,SA535X9XB03617,J
.cache/SCRNA10X_SA_CHIP0173_002/filtered_feature_bc_matrix,CGTTCTGGTAAGGTCG-1,SA535X9XB03617_CGTTCTGGTAAGGTCG-1,SA535X9XB03617,E
.cache/SCRNA10X_SA_CHIP0173_002/filtered_feature_bc_matrix,CGTTGGGTCTAGTGTG-1,SA535X9XB03617_CGTTGGGTCTAGTGTG-1,SA535X9XB03617,A
.cache/SCRNA10X_SA_CHIP0173_002/filtered_feature_bc_matrix,CTAACTTTCAAGGACG-1,SA535X9XB03617_CTAACTTTCAAGGACG-1,SA535X9XB03617,H
.cache/SCRNA10X_SA_CHIP0173_002/filtered_feature_bc_matrix,CTAACTTTCGGCATCG-1,SA535X9XB03617_CTAACTTTCGGCATCG-1,SA535X9XB03617,H
.cache/SCRNA10X_SA_CHIP0173_002/filtered_feature_bc_matrix,CTAACTTTCGGCGATC-1,SA535X9XB03617_CTAACTTTCGGCGATC-1,SA535X9XB03617,G
.cache/SCRNA10X_SA_CHIP0173_002/filtered_feature_bc_matrix,CTACAGACACAAGGTG-1,SA535X9XB03617_CTACAGACACAAGGTG-1,SA535X9XB03617,A
.cache/SCRNA10X_SA_CHIP0173_002/filtered_feature_bc_matrix,CTACCCAAGTCGAATA-1,SA535X9XB03617_CTACCCAAGTCGAATA-1,SA535X9XB03617,A
.cache/SCRNA10X_SA_CHIP0173_002/filtered_feature_bc_matrix,CTACTATCAAGCGCTC-1,SA535X9XB03617_CTACTATCAAGCGCTC-1,SA535X9XB03617,A
.cache/SCRNA10X_SA_CHIP0173_002/filtered_feature_bc_matrix,CTATAGGCAACAGCTT-1,SA535X9XB03617_CTATAGGCAACAGCTT-1,SA535X9XB03617,H
.cache/SCRNA10X_SA_CHIP0173_002/filtered_feature_bc_matrix,CTATAGGTCTGCATGA-1,SA535X9XB03617_CTATAGGTCTGCATGA-1,SA535X9XB03617,A
.cache/SCRNA10X_SA_CHIP0173_002/filtered_feature_bc_matrix,CTATCCGTCGGAGTAG-1,SA535X9XB03617_CTATCCGTCGGAGTAG-1,SA535X9XB03617,A
.cache/SCRNA10X_SA_CHIP0173_002/filtered_feature_bc_matrix,CTATCTAAGTCACTGT-1,SA535X9XB03617_CTATCTAAGTCACTGT-1,SA535X9XB03617,A
.cache/SCRNA10X_SA_CHIP0173_002/filtered_feature_bc_matrix,CTCACTGCATAGGAGC-1,SA535X9XB03617_CTCACTGCATAGGAGC-1,SA535X9XB03617,B
.cache/SCRNA10X_SA_CHIP0173_002/filtered_feature_bc_matrix,CTCACTGTCCACTGAA-1,SA535X9XB03617_CTCACTGTCCACTGAA-1,SA535X9XB03617,J
.cache/SCRNA10X_SA_CHIP0173_002/filtered_feature_bc_matrix,CTCAGGGCACCAACAT-1,SA535X9XB03617_CTCAGGGCACCAACAT-1,SA535X9XB03617,A
.cache/SCRNA10X_SA_CHIP0173_002/filtered_feature_bc_matrix,CTCATCGAGAACTCCT-1,SA535X9XB03617_CTCATCGAGAACTCCT-1,SA535X9XB03617,A
.cache/SCRNA10X_SA_CHIP0173_002/filtered_feature_bc_matrix,CTCATCGAGTGTCATC-1,SA535X9XB03617_CTCATCGAGTGTCATC-1,SA535X9XB03617,A
.cache/SCRNA10X_SA_CHIP0173_002/filtered_feature_bc_matrix,CTCATCGCAAGCGAGT-1,SA535X9XB03617_CTCATCGCAAGCGAGT-1,SA535X9XB03617,A
.cache/SCRNA10X_SA_CHIP0173_002/filtered_feature_bc_matrix,CTCATTAAGCACTCTA-1,SA535X9XB03617_CTCATTAAGCACTCTA-1,SA535X9XB03617,H
.cache/SCRNA10X_SA_CHIP0173_002/filtered_feature_bc_matrix,CTCCAACAGCCGATTT-1,SA535X9XB03617_CTCCAACAGCCGATTT-1,SA535X9XB03617,A
.cache/SCRNA10X_SA_CHIP0173_002/filtered_feature_bc_matrix,CTCCAACTCAACCTCC-1,SA535X9XB03617_CTCCAACTCAACCTCC-1,SA535X9XB03617,A
.cache/SCRNA10X_SA_CHIP0173_002/filtered_feature_bc_matrix,CTCCCTCGTGGACCTC-1,SA535X9XB03617_CTCCCTCGTGGACCTC-1,SA535X9XB03617,E
.cache/SCRNA10X_SA_CHIP0173_002/filtered_feature_bc_matrix,CTCCTCCTCCGTGGCA-1,SA535X9XB03617_CTCCTCCTCCGTGGCA-1,SA535X9XB03617,H
.cache/SCRNA10X_SA_CHIP0173_002/filtered_feature_bc_matrix,CTCTCGACACGTAACT-1,SA535X9XB03617_CTCTCGACACGTAACT-1,SA535X9XB03617,A
.cache/SCRNA10X_SA_CHIP0173_002/filtered_feature_bc_matrix,CTGAATGCAGACCCGT-1,SA535X9XB03617_CTGAATGCAGACCCGT-1,SA535X9XB03617,A
.cache/SCRNA10X_SA_CHIP0173_002/filtered_feature_bc_matrix,CTGAATGTCTGCAGCG-1,SA535X9XB03617_CTGAATGTCTGCAGCG-1,SA535X9XB03617,A
.cache/SCRNA10X_SA_CHIP0173_002/filtered_feature_bc_matrix,CTGAGCGCATGAGATA-1,SA535X9XB03617_CTGAGCGCATGAGATA-1,SA535X9XB03617,H
.cache/SCRNA10X_SA_CHIP0173_002/filtered_feature_bc_matrix,CTGCAGGAGGGTAATT-1,SA535X9XB03617_CTGCAGGAGGGTAATT-1,SA535X9XB03617,D
.cache/SCRNA10X_SA_CHIP0173_002/filtered_feature_bc_matrix,CTGCATCGTATTCCTT-1,SA535X9XB03617_CTGCATCGTATTCCTT-1,SA535X9XB03617,J
.cache/SCRNA10X_SA_CHIP0173_002/filtered_feature_bc_matrix,CTGCTCATCATCTACT-1,SA535X9XB03617_CTGCTCATCATCTACT-1,SA535X9XB03617,H
.cache/SCRNA10X_SA_CHIP0173_002/filtered_feature_bc_matrix,CTGGCAGCACTTGAGT-1,SA535X9XB03617_CTGGCAGCACTTGAGT-1,SA535X9XB03617,J
.cache/SCRNA10X_SA_CHIP0173_002/filtered_feature_bc_matrix,CTGGCAGGTGGGAGAG-1,SA535X9XB03617_CTGGCAGGTGGGAGAG-1,SA535X9XB03617,A
.cache/SCRNA10X_SA_CHIP0173_002/filtered_feature_bc_matrix,CTGTACCCAGCTGCCA-1,SA535X9XB03617_CTGTACCCAGCTGCCA-1,SA535X9XB03617,A
.cache/SCRNA10X_SA_CHIP0173_002/filtered_feature_bc_matrix,CTTCAATGTGCAGATG-1,SA535X9XB03617_CTTCAATGTGCAGATG-1,SA535X9XB03617,E
.cache/SCRNA10X_SA_CHIP0173_002/filtered_feature_bc_matrix,CTTCCTTAGCCTATTG-1,SA535X9XB03617_CTTCCTTAGCCTATTG-1,SA535X9XB03617,J
.cache/SCRNA10X_SA_CHIP0173_002/filtered_feature_bc_matrix,CTTCTAAAGGACTTCT-1,SA535X9XB03617_CTTCTAAAGGACTTCT-1,SA535X9XB03617,A
.cache/SCRNA10X_SA_CHIP0173_002/filtered_feature_bc_matrix,CTTCTCTCACGGCTAC-1,SA535X9XB03617_CTTCTCTCACGGCTAC-1,SA535X9XB03617,E
.cache/SCRNA10X_SA_CHIP0173_002/filtered_feature_bc_matrix,CTTCTCTTCCGATAGT-1,SA535X9XB03617_CTTCTCTTCCGATAGT-1,SA535X9XB03617,E
.cache/SCRNA10X_SA_CHIP0173_002/filtered_feature_bc_matrix,CTTGAGAGTTCTTGTT-1,SA535X9XB03617_CTTGAGAGTTCTTGTT-1,SA535X9XB03617,J
.cache/SCRNA10X_SA_CHIP0173_002/filtered_feature_bc_matrix,CTTTCGGTCGTAGGAG-1,SA535X9XB03617_CTTTCGGTCGTAGGAG-1,SA535X9XB03617,A
.cache/SCRNA10X_SA_CHIP0173_002/filtered_feature_bc_matrix,GAAACCTTCAGCTAGT-1,SA535X9XB03617_GAAACCTTCAGCTAGT-1,SA535X9XB03617,B
.cache/SCRNA10X_SA_CHIP0173_002/filtered_feature_bc_matrix,GAAATGATCGCCGATG-1,SA535X9XB03617_GAAATGATCGCCGATG-1,SA535X9XB03617,A
.cache/SCRNA10X_SA_CHIP0173_002/filtered_feature_bc_matrix,GAAGCCCCATGCGTGC-1,SA535X9XB03617_GAAGCCCCATGCGTGC-1,SA535X9XB03617,J
.cache/SCRNA10X_SA_CHIP0173_002/filtered_feature_bc_matrix,GAAGCCCGTCGAGTTT-1,SA535X9XB03617_GAAGCCCGTCGAGTTT-1,SA535X9XB03617,G
.cache/SCRNA10X_SA_CHIP0173_002/filtered_feature_bc_matrix,GAAGCGATCCAGCTCT-1,SA535X9XB03617_GAAGCGATCCAGCTCT-1,SA535X9XB03617,A
.cache/SCRNA10X_SA_CHIP0173_002/filtered_feature_bc_matrix,GAATAGACATTCACCC-1,SA535X9XB03617_GAATAGACATTCACCC-1,SA535X9XB03617,H
.cache/SCRNA10X_SA_CHIP0173_002/filtered_feature_bc_matrix,GACAGCCAGGCACCAA-1,SA535X9XB03617_GACAGCCAGGCACCAA-1,SA535X9XB03617,A
.cache/SCRNA10X_SA_CHIP0173_002/filtered_feature_bc_matrix,GACCAATAGGTAGTCG-1,SA535X9XB03617_GACCAATAGGTAGTCG-1,SA535X9XB03617,A
.cache/SCRNA10X_SA_CHIP0173_002/filtered_feature_bc_matrix,GACCAATCAACCAACT-1,SA535X9XB03617_GACCAATCAACCAACT-1,SA535X9XB03617,A
.cache/SCRNA10X_SA_CHIP0173_002/filtered_feature_bc_matrix,GACCAATTCCCGGTAG-1,SA535X9XB03617_GACCAATTCCCGGTAG-1,SA535X9XB03617,A
.cache/SCRNA10X_SA_CHIP0173_002/filtered_feature_bc_matrix,GACCGTGAGACTAGAT-1,SA535X9XB03617_GACCGTGAGACTAGAT-1,SA535X9XB03617,D
.cache/SCRNA10X_SA_CHIP0173_002/filtered_feature_bc_matrix,GACGCTGAGAATCGCG-1,SA535X9XB03617_GACGCTGAGAATCGCG-1,SA535X9XB03617,unassigned
.cache/SCRNA10X_SA_CHIP0173_002/filtered_feature_bc_matrix,GACGTTAGTTTCGTAG-1,SA535X9XB03617_GACGTTAGTTTCGTAG-1,SA535X9XB03617,A
.cache/SCRNA10X_SA_CHIP0173_002/filtered_feature_bc_matrix,GACGTTATCTTAAGGC-1,SA535X9XB03617_GACGTTATCTTAAGGC-1,SA535X9XB03617,A
.cache/SCRNA10X_SA_CHIP0173_002/filtered_feature_bc_matrix,GACTATGTCAGGAACG-1,SA535X9XB03617_GACTATGTCAGGAACG-1,SA535X9XB03617,H
.cache/SCRNA10X_SA_CHIP0173_002/filtered_feature_bc_matrix,GACTCAACAACCAATC-1,SA535X9XB03617_GACTCAACAACCAATC-1,SA535X9XB03617,A
.cache/SCRNA10X_SA_CHIP0173_002/filtered_feature_bc_matrix,GACTTCCCACCGCTGA-1,SA535X9XB03617_GACTTCCCACCGCTGA-1,SA535X9XB03617,J
.cache/SCRNA10X_SA_CHIP0173_002/filtered_feature_bc_matrix,GAGACCCTCCAACTGA-1,SA535X9XB03617_GAGACCCTCCAACTGA-1,SA535X9XB03617,J
.cache/SCRNA10X_SA_CHIP0173_002/filtered_feature_bc_matrix,GAGACTTGTCACTTCC-1,SA535X9XB03617_GAGACTTGTCACTTCC-1,SA535X9XB03617,H
.cache/SCRNA10X_SA_CHIP0173_002/filtered_feature_bc_matrix,GAGACTTGTCATAGTC-1,SA535X9XB03617_GAGACTTGTCATAGTC-1,SA535X9XB03617,A
.cache/SCRNA10X_SA_CHIP0173_002/filtered_feature_bc_matrix,GAGAGGTCACAGACGA-1,SA535X9XB03617_GAGAGGTCACAGACGA-1,SA535X9XB03617,unassigned
.cache/SCRNA10X_SA_CHIP0173_002/filtered_feature_bc_matrix,GAGCCTGAGAACCCGA-1,SA535X9XB03617_GAGCCTGAGAACCCGA-1,SA535X9XB03617,A
.cache/SCRNA10X_SA_CHIP0173_002/filtered_feature_bc_matrix,GAGCCTGGTCTAGTGT-1,SA535X9XB03617_GAGCCTGGTCTAGTGT-1,SA535X9XB03617,A
.cache/SCRNA10X_SA_CHIP0173_002/filtered_feature_bc_matrix,GAGGCAATCGCTCTAC-1,SA535X9XB03617_GAGGCAATCGCTCTAC-1,SA535X9XB03617,J
.cache/SCRNA10X_SA_CHIP0173_002/filtered_feature_bc_matrix,GAGGGTAGTAAGCTCT-1,SA535X9XB03617_GAGGGTAGTAAGCTCT-1,SA535X9XB03617,A
.cache/SCRNA10X_SA_CHIP0173_002/filtered_feature_bc_matrix,GAGGGTATCGCGTCGA-1,SA535X9XB03617_GAGGGTATCGCGTCGA-1,SA535X9XB03617,A
.cache/SCRNA10X_SA_CHIP0173_002/filtered_feature_bc_matrix,GAGTCTAAGGGTTAGC-1,SA535X9XB03617_GAGTCTAAGGGTTAGC-1,SA535X9XB03617,A
.cache/SCRNA10X_SA_CHIP0173_002/filtered_feature_bc_matrix,GAGTCTACATCGCTCT-1,SA535X9XB03617_GAGTCTACATCGCTCT-1,SA535X9XB03617,F
.cache/SCRNA10X_SA_CHIP0173_002/filtered_feature_bc_matrix,GAGTGAGAGGTTCAGG-1,SA535X9XB03617_GAGTGAGAGGTTCAGG-1,SA535X9XB03617,H
.cache/SCRNA10X_SA_CHIP0173_002/filtered_feature_bc_matrix,GAGTGAGCACCGTACG-1,SA535X9XB03617_GAGTGAGCACCGTACG-1,SA535X9XB03617,A
.cache/SCRNA10X_SA_CHIP0173_002/filtered_feature_bc_matrix,GATAGAACAATAACGA-1,SA535X9XB03617_GATAGAACAATAACGA-1,SA535X9XB03617,E
.cache/SCRNA10X_SA_CHIP0173_002/filtered_feature_bc_matrix,GATAGCTAGACTTCAC-1,SA535X9XB03617_GATAGCTAGACTTCAC-1,SA535X9XB03617,J
.cache/SCRNA10X_SA_CHIP0173_002/filtered_feature_bc_matrix,GATAGCTCAGGGCTTC-1,SA535X9XB03617_GATAGCTCAGGGCTTC-1,SA535X9XB03617,J
.cache/SCRNA10X_SA_CHIP0173_002/filtered_feature_bc_matrix,GATCACAAGTCCCGAC-1,SA535X9XB03617_GATCACAAGTCCCGAC-1,SA535X9XB03617,G
.cache/SCRNA10X_SA_CHIP0173_002/filtered_feature_bc_matrix,GATCAGTGTGACACAG-1,SA535X9XB03617_GATCAGTGTGACACAG-1,SA535X9XB03617,E
.cache/SCRNA10X_SA_CHIP0173_002/filtered_feature_bc_matrix,GATCAGTGTTGTAAAG-1,SA535X9XB03617_GATCAGTGTTGTAAAG-1,SA535X9XB03617,H
.cache/SCRNA10X_SA_CHIP0173_002/filtered_feature_bc_matrix,GATCATGCAAGTATAG-1,SA535X9XB03617_GATCATGCAAGTATAG-1,SA535X9XB03617,F
.cache/SCRNA10X_SA_CHIP0173_002/filtered_feature_bc_matrix,GATCGTAGTACGATCT-1,SA535X9XB03617_GATCGTAGTACGATCT-1,SA535X9XB03617,G
.cache/SCRNA10X_SA_CHIP0173_002/filtered_feature_bc_matrix,GATGAGGCAGGCGATA-1,SA535X9XB03617_GATGAGGCAGGCGATA-1,SA535X9XB03617,A
.cache/SCRNA10X_SA_CHIP0173_002/filtered_feature_bc_matrix,GATGAGGGTGCGAACA-1,SA535X9XB03617_GATGAGGGTGCGAACA-1,SA535X9XB03617,J
.cache/SCRNA10X_SA_CHIP0173_002/filtered_feature_bc_matrix,GATGAGGTCATAGAGA-1,SA535X9XB03617_GATGAGGTCATAGAGA-1,SA535X9XB03617,A
.cache/SCRNA10X_SA_CHIP0173_002/filtered_feature_bc_matrix,GATGATCAGAGCATTA-1,SA535X9XB03617_GATGATCAGAGCATTA-1,SA535X9XB03617,F
.cache/SCRNA10X_SA_CHIP0173_002/filtered_feature_bc_matrix,GATGATCAGCGTGAGT-1,SA535X9XB03617_GATGATCAGCGTGAGT-1,SA535X9XB03617,A
.cache/SCRNA10X_SA_CHIP0173_002/filtered_feature_bc_matrix,GATGATCGTCTGTGGC-1,SA535X9XB03617_GATGATCGTCTGTGGC-1,SA535X9XB03617,A
.cache/SCRNA10X_SA_CHIP0173_002/filtered_feature_bc_matrix,GATGCTAGTTTCCAAG-1,SA535X9XB03617_GATGCTAGTTTCCAAG-1,SA535X9XB03617,A
.cache/SCRNA10X_SA_CHIP0173_002/filtered_feature_bc_matrix,GATGGAGTCTACGGTA-1,SA535X9XB03617_GATGGAGTCTACGGTA-1,SA535X9XB03617,B
.cache/SCRNA10X_SA_CHIP0173_002/filtered_feature_bc_matrix,GATTCGAGTCCACACG-1,SA535X9XB03617_GATTCGAGTCCACACG-1,SA535X9XB03617,J
.cache/SCRNA10X_SA_CHIP0173_002/filtered_feature_bc_matrix,GATTCTTTCCGTAGGC-1,SA535X9XB03617_GATTCTTTCCGTAGGC-1,SA535X9XB03617,J
.cache/SCRNA10X_SA_CHIP0173_002/filtered_feature_bc_matrix,GATTTCTCAATTGCAC-1,SA535X9XB03617_GATTTCTCAATTGCAC-1,SA535X9XB03617,E
.cache/SCRNA10X_SA_CHIP0173_002/filtered_feature_bc_matrix,GATTTCTTCTGCGAGC-1,SA535X9XB03617_GATTTCTTCTGCGAGC-1,SA535X9XB03617,A
.cache/SCRNA10X_SA_CHIP0173_002/filtered_feature_bc_matrix,GCAACATTCAGTAGGG-1,SA535X9XB03617_GCAACATTCAGTAGGG-1,SA535X9XB03617,J
.cache/SCRNA10X_SA_CHIP0173_002/filtered_feature_bc_matrix,GCACTAAAGGCCTGAA-1,SA535X9XB03617_GCACTAAAGGCCTGAA-1,SA535X9XB03617,unassigned
.cache/SCRNA10X_SA_CHIP0173_002/filtered_feature_bc_matrix,GCACTAAAGTCTGCAT-1,SA535X9XB03617_GCACTAAAGTCTGCAT-1,SA535X9XB03617,H
.cache/SCRNA10X_SA_CHIP0173_002/filtered_feature_bc_matrix,GCAGCTGCAAGCTACT-1,SA535X9XB03617_GCAGCTGCAAGCTACT-1,SA535X9XB03617,E
.cache/SCRNA10X_SA_CHIP0173_002/filtered_feature_bc_matrix,GCAGCTGCAGACCAAG-1,SA535X9XB03617_GCAGCTGCAGACCAAG-1,SA535X9XB03617,D
.cache/SCRNA10X_SA_CHIP0173_002/filtered_feature_bc_matrix,GCAGTTACAACGACAG-1,SA535X9XB03617_GCAGTTACAACGACAG-1,SA535X9XB03617,H
.cache/SCRNA10X_SA_CHIP0173_002/filtered_feature_bc_matrix,GCAGTTACATCAGTCA-1,SA535X9XB03617_GCAGTTACATCAGTCA-1,SA535X9XB03617,A
.cache/SCRNA10X_SA_CHIP0173_002/filtered_feature_bc_matrix,GCATCGGCACCAGACC-1,SA535X9XB03617_GCATCGGCACCAGACC-1,SA535X9XB03617,D
.cache/SCRNA10X_SA_CHIP0173_002/filtered_feature_bc_matrix,GCATGATAGCTTCGTA-1,SA535X9XB03617_GCATGATAGCTTCGTA-1,SA535X9XB03617,F
.cache/SCRNA10X_SA_CHIP0173_002/filtered_feature_bc_matrix,GCATTAGTCTCCGAGG-1,SA535X9XB03617_GCATTAGTCTCCGAGG-1,SA535X9XB03617,A
.cache/SCRNA10X_SA_CHIP0173_002/filtered_feature_bc_matrix,GCCAGGTCATGGGATG-1,SA535X9XB03617_GCCAGGTCATGGGATG-1,SA535X9XB03617,F
.cache/SCRNA10X_SA_CHIP0173_002/filtered_feature_bc_matrix,GCCAGTGAGGCCCACT-1,SA535X9XB03617_GCCAGTGAGGCCCACT-1,SA535X9XB03617,H
.cache/SCRNA10X_SA_CHIP0173_002/filtered_feature_bc_matrix,GCCAGTGAGGCTCTAT-1,SA535X9XB03617_GCCAGTGAGGCTCTAT-1,SA535X9XB03617,unassigned
.cache/SCRNA10X_SA_CHIP0173_002/filtered_feature_bc_matrix,GCCCAGAAGCACGGAT-1,SA535X9XB03617_GCCCAGAAGCACGGAT-1,SA535X9XB03617,unassigned
.cache/SCRNA10X_SA_CHIP0173_002/filtered_feature_bc_matrix,GCCCGAATCTGACAGT-1,SA535X9XB03617_GCCCGAATCTGACAGT-1,SA535X9XB03617,D
.cache/SCRNA10X_SA_CHIP0173_002/filtered_feature_bc_matrix,GCCGATGCACCGTACG-1,SA535X9XB03617_GCCGATGCACCGTACG-1,SA535X9XB03617,E
.cache/SCRNA10X_SA_CHIP0173_002/filtered_feature_bc_matrix,GCCGTGAGTAAGAACT-1,SA535X9XB03617_GCCGTGAGTAAGAACT-1,SA535X9XB03617,A
.cache/SCRNA10X_SA_CHIP0173_002/filtered_feature_bc_matrix,GCCGTGATCGAGGCAA-1,SA535X9XB03617_GCCGTGATCGAGGCAA-1,SA535X9XB03617,A
.cache/SCRNA10X_SA_CHIP0173_002/filtered_feature_bc_matrix,GCGGAAATCTAGGAAA-1,SA535X9XB03617_GCGGAAATCTAGGAAA-1,SA535X9XB03617,A
.cache/SCRNA10X_SA_CHIP0173_002/filtered_feature_bc_matrix,GCGGATCAGCGAACTG-1,SA535X9XB03617_GCGGATCAGCGAACTG-1,SA535X9XB03617,A
.cache/SCRNA10X_SA_CHIP0173_002/filtered_feature_bc_matrix,GCGGATCTCGAAACAA-1,SA535X9XB03617_GCGGATCTCGAAACAA-1,SA535X9XB03617,unassigned
.cache/SCRNA10X_SA_CHIP0173_002/filtered_feature_bc_matrix,GCGTGCAGTGGCAACA-1,SA535X9XB03617_GCGTGCAGTGGCAACA-1,SA535X9XB03617,A
.cache/SCRNA10X_SA_CHIP0173_002/filtered_feature_bc_matrix,GCGTTTCAGTACTGGG-1,SA535X9XB03617_GCGTTTCAGTACTGGG-1,SA535X9XB03617,G
.cache/SCRNA10X_SA_CHIP0173_002/filtered_feature_bc_matrix,GCTACCTAGACATCCT-1,SA535X9XB03617_GCTACCTAGACATCCT-1,SA535X9XB03617,A
.cache/SCRNA10X_SA_CHIP0173_002/filtered_feature_bc_matrix,GCTACCTAGAGTGGCT-1,SA535X9XB03617_GCTACCTAGAGTGGCT-1,SA535X9XB03617,A
.cache/SCRNA10X_SA_CHIP0173_002/filtered_feature_bc_matrix,GCTACCTAGCAGAAAG-1,SA535X9XB03617_GCTACCTAGCAGAAAG-1,SA535X9XB03617,G
.cache/SCRNA10X_SA_CHIP0173_002/filtered_feature_bc_matrix,GCTCAAAAGATCGCTT-1,SA535X9XB03617_GCTCAAAAGATCGCTT-1,SA535X9XB03617,E
.cache/SCRNA10X_SA_CHIP0173_002/filtered_feature_bc_matrix,GCTCAAACATCGGTTA-1,SA535X9XB03617_GCTCAAACATCGGTTA-1,SA535X9XB03617,A
.cache/SCRNA10X_SA_CHIP0173_002/filtered_feature_bc_matrix,GCTGGGTTCTCTCGCA-1,SA535X9XB03617_GCTGGGTTCTCTCGCA-1,SA535X9XB03617,E
.cache/SCRNA10X_SA_CHIP0173_002/filtered_feature_bc_matrix,GCTTGGGGTAGGACTG-1,SA535X9XB03617_GCTTGGGGTAGGACTG-1,SA535X9XB03617,A
.cache/SCRNA10X_SA_CHIP0173_002/filtered_feature_bc_matrix,GCTTTCGCACACCTAA-1,SA535X9XB03617_GCTTTCGCACACCTAA-1,SA535X9XB03617,J
.cache/SCRNA10X_SA_CHIP0173_002/filtered_feature_bc_matrix,GCTTTCGTCGCTCCTA-1,SA535X9XB03617_GCTTTCGTCGCTCCTA-1,SA535X9XB03617,G
.cache/SCRNA10X_SA_CHIP0173_002/filtered_feature_bc_matrix,GGAAGTGTCCGTAGGC-1,SA535X9XB03617_GGAAGTGTCCGTAGGC-1,SA535X9XB03617,H
.cache/SCRNA10X_SA_CHIP0173_002/filtered_feature_bc_matrix,GGAATGGCAAACGTGG-1,SA535X9XB03617_GGAATGGCAAACGTGG-1,SA535X9XB03617,A
.cache/SCRNA10X_SA_CHIP0173_002/filtered_feature_bc_matrix,GGAGCAAGTGTGGACA-1,SA535X9XB03617_GGAGCAAGTGTGGACA-1,SA535X9XB03617,H
.cache/SCRNA10X_SA_CHIP0173_002/filtered_feature_bc_matrix,GGAGGATGTACCCGCA-1,SA535X9XB03617_GGAGGATGTACCCGCA-1,SA535X9XB03617,A
.cache/SCRNA10X_SA_CHIP0173_002/filtered_feature_bc_matrix,GGATCTAGTATACCTG-1,SA535X9XB03617_GGATCTAGTATACCTG-1,SA535X9XB03617,G
.cache/SCRNA10X_SA_CHIP0173_002/filtered_feature_bc_matrix,GGATGTTGTTGCGGCT-1,SA535X9XB03617_GGATGTTGTTGCGGCT-1,SA535X9XB03617,A
.cache/SCRNA10X_SA_CHIP0173_002/filtered_feature_bc_matrix,GGCTGTGCAATGAAAC-1,SA535X9XB03617_GGCTGTGCAATGAAAC-1,SA535X9XB03617,A
.cache/SCRNA10X_SA_CHIP0173_002/filtered_feature_bc_matrix,GGCTTGGAGGACGGAG-1,SA535X9XB03617_GGCTTGGAGGACGGAG-1,SA535X9XB03617,H
.cache/SCRNA10X_SA_CHIP0173_002/filtered_feature_bc_matrix,GGCTTGGAGTTGCTGT-1,SA535X9XB03617_GGCTTGGAGTTGCTGT-1,SA535X9XB03617,A
.cache/SCRNA10X_SA_CHIP0173_002/filtered_feature_bc_matrix,GGGACTCCAGAAATTG-1,SA535X9XB03617_GGGACTCCAGAAATTG-1,SA535X9XB03617,A
.cache/SCRNA10X_SA_CHIP0173_002/filtered_feature_bc_matrix,GGGAGATCATTAAGCC-1,SA535X9XB03617_GGGAGATCATTAAGCC-1,SA535X9XB03617,A
.cache/SCRNA10X_SA_CHIP0173_002/filtered_feature_bc_matrix,GGGAGTAGTGGACCTC-1,SA535X9XB03617_GGGAGTAGTGGACCTC-1,SA535X9XB03617,A
.cache/SCRNA10X_SA_CHIP0173_002/filtered_feature_bc_matrix,GGGCCATTCGTAGTGT-1,SA535X9XB03617_GGGCCATTCGTAGTGT-1,SA535X9XB03617,D
.cache/SCRNA10X_SA_CHIP0173_002/filtered_feature_bc_matrix,GGGCGTTCAAATTGGA-1,SA535X9XB03617_GGGCGTTCAAATTGGA-1,SA535X9XB03617,J
.cache/SCRNA10X_SA_CHIP0173_002/filtered_feature_bc_matrix,GGGCTCAGTGTGGTCC-1,SA535X9XB03617_GGGCTCAGTGTGGTCC-1,SA535X9XB03617,A
.cache/SCRNA10X_SA_CHIP0173_002/filtered_feature_bc_matrix,GGGCTCATCGCAAGAG-1,SA535X9XB03617_GGGCTCATCGCAAGAG-1,SA535X9XB03617,A
.cache/SCRNA10X_SA_CHIP0173_002/filtered_feature_bc_matrix,GGGTGAACAGTAACAA-1,SA535X9XB03617_GGGTGAACAGTAACAA-1,SA535X9XB03617,G
.cache/SCRNA10X_SA_CHIP0173_002/filtered_feature_bc_matrix,GGGTGAAGTATCGTAC-1,SA535X9XB03617_GGGTGAAGTATCGTAC-1,SA535X9XB03617,D
.cache/SCRNA10X_SA_CHIP0173_002/filtered_feature_bc_matrix,GGGTGAATCTCCAAGA-1,SA535X9XB03617_GGGTGAATCTCCAAGA-1,SA535X9XB03617,A
.cache/SCRNA10X_SA_CHIP0173_002/filtered_feature_bc_matrix,GGGTGAATCTCCCTAG-1,SA535X9XB03617_GGGTGAATCTCCCTAG-1,SA535X9XB03617,J
.cache/SCRNA10X_SA_CHIP0173_002/filtered_feature_bc_matrix,GGGTTATTCAAGAAAC-1,SA535X9XB03617_GGGTTATTCAAGAAAC-1,SA535X9XB03617,G
.cache/SCRNA10X_SA_CHIP0173_002/filtered_feature_bc_matrix,GGGTTTAGTACTCAAC-1,SA535X9XB03617_GGGTTTAGTACTCAAC-1,SA535X9XB03617,A
.cache/SCRNA10X_SA_CHIP0173_002/filtered_feature_bc_matrix,GGTAACTAGGGCGAAG-1,SA535X9XB03617_GGTAACTAGGGCGAAG-1,SA535X9XB03617,A
.cache/SCRNA10X_SA_CHIP0173_002/filtered_feature_bc_matrix,GGTAATCTCCACATAG-1,SA535X9XB03617_GGTAATCTCCACATAG-1,SA535X9XB03617,A
.cache/SCRNA10X_SA_CHIP0173_002/filtered_feature_bc_matrix,GGTGATTAGCGCCTTG-1,SA535X9XB03617_GGTGATTAGCGCCTTG-1,SA535X9XB03617,A
.cache/SCRNA10X_SA_CHIP0173_002/filtered_feature_bc_matrix,GGTGATTCAGCGATTT-1,SA535X9XB03617_GGTGATTCAGCGATTT-1,SA535X9XB03617,E
.cache/SCRNA10X_SA_CHIP0173_002/filtered_feature_bc_matrix,GGTGGCTTCAGGAACG-1,SA535X9XB03617_GGTGGCTTCAGGAACG-1,SA535X9XB03617,E
.cache/SCRNA10X_SA_CHIP0173_002/filtered_feature_bc_matrix,GGTGTCGAGGCTCCCA-1,SA535X9XB03617_GGTGTCGAGGCTCCCA-1,SA535X9XB03617,A
.cache/SCRNA10X_SA_CHIP0173_002/filtered_feature_bc_matrix,GGTTCTCAGCCTGACC-1,SA535X9XB03617_GGTTCTCAGCCTGACC-1,SA535X9XB03617,A
.cache/SCRNA10X_SA_CHIP0173_002/filtered_feature_bc_matrix,GTAACACCAACGTTAC-1,SA535X9XB03617_GTAACACCAACGTTAC-1,SA535X9XB03617,A
.cache/SCRNA10X_SA_CHIP0173_002/filtered_feature_bc_matrix,GTAACACTCCATAGAC-1,SA535X9XB03617_GTAACACTCCATAGAC-1,SA535X9XB03617,H
.cache/SCRNA10X_SA_CHIP0173_002/filtered_feature_bc_matrix,GTAACACTCCGCAAAT-1,SA535X9XB03617_GTAACACTCCGCAAAT-1,SA535X9XB03617,A
.cache/SCRNA10X_SA_CHIP0173_002/filtered_feature_bc_matrix,GTAAGTCCAGACGCTC-1,SA535X9XB03617_GTAAGTCCAGACGCTC-1,SA535X9XB03617,A
.cache/SCRNA10X_SA_CHIP0173_002/filtered_feature_bc_matrix,GTAATCGCAGTATTCG-1,SA535X9XB03617_GTAATCGCAGTATTCG-1,SA535X9XB03617,A
.cache/SCRNA10X_SA_CHIP0173_002/filtered_feature_bc_matrix,GTAATGCAGTCATACC-1,SA535X9XB03617_GTAATGCAGTCATACC-1,SA535X9XB03617,A
.cache/SCRNA10X_SA_CHIP0173_002/filtered_feature_bc_matrix,GTACAACAGAAATCCA-1,SA535X9XB03617_GTACAACAGAAATCCA-1,SA535X9XB03617,F
.cache/SCRNA10X_SA_CHIP0173_002/filtered_feature_bc_matrix,GTAGATCAGTCTCCTC-1,SA535X9XB03617_GTAGATCAGTCTCCTC-1,SA535X9XB03617,unassigned
.cache/SCRNA10X_SA_CHIP0173_002/filtered_feature_bc_matrix,GTAGCTACACAATTCG-1,SA535X9XB03617_GTAGCTACACAATTCG-1,SA535X9XB03617,J
.cache/SCRNA10X_SA_CHIP0173_002/filtered_feature_bc_matrix,GTAGTACCAAATCAGA-1,SA535X9XB03617_GTAGTACCAAATCAGA-1,SA535X9XB03617,A
.cache/SCRNA10X_SA_CHIP0173_002/filtered_feature_bc_matrix,GTAGTACCACGCGCTA-1,SA535X9XB03617_GTAGTACCACGCGCTA-1,SA535X9XB03617,A
.cache/SCRNA10X_SA_CHIP0173_002/filtered_feature_bc_matrix,GTCAAACCAACGTTAC-1,SA535X9XB03617_GTCAAACCAACGTTAC-1,SA535X9XB03617,A
.cache/SCRNA10X_SA_CHIP0173_002/filtered_feature_bc_matrix,GTCAAACTCCAACCGG-1,SA535X9XB03617_GTCAAACTCCAACCGG-1,SA535X9XB03617,E
.cache/SCRNA10X_SA_CHIP0173_002/filtered_feature_bc_matrix,GTCAAACTCTTGCAGA-1,SA535X9XB03617_GTCAAACTCTTGCAGA-1,SA535X9XB03617,G
.cache/SCRNA10X_SA_CHIP0173_002/filtered_feature_bc_matrix,GTCATGATCGGAACTT-1,SA535X9XB03617_GTCATGATCGGAACTT-1,SA535X9XB03617,E
.cache/SCRNA10X_SA_CHIP0173_002/filtered_feature_bc_matrix,GTCCACTTCTGGGTCG-1,SA535X9XB03617_GTCCACTTCTGGGTCG-1,SA535X9XB03617,A
.cache/SCRNA10X_SA_CHIP0173_002/filtered_feature_bc_matrix,GTCCCATCAGCTGAAG-1,SA535X9XB03617_GTCCCATCAGCTGAAG-1,SA535X9XB03617,H
.cache/SCRNA10X_SA_CHIP0173_002/filtered_feature_bc_matrix,GTCCCATCAGCTTCGG-1,SA535X9XB03617_GTCCCATCAGCTTCGG-1,SA535X9XB03617,A
.cache/SCRNA10X_SA_CHIP0173_002/filtered_feature_bc_matrix,GTCTACCTCTTCACAT-1,SA535X9XB03617_GTCTACCTCTTCACAT-1,SA535X9XB03617,A
.cache/SCRNA10X_SA_CHIP0173_002/filtered_feature_bc_matrix,GTCTCACCAATCGCAT-1,SA535X9XB03617_GTCTCACCAATCGCAT-1,SA535X9XB03617,A
.cache/SCRNA10X_SA_CHIP0173_002/filtered_feature_bc_matrix,GTCTGTCAGAGATCGC-1,SA535X9XB03617_GTCTGTCAGAGATCGC-1,SA535X9XB03617,E
.cache/SCRNA10X_SA_CHIP0173_002/filtered_feature_bc_matrix,GTGAGTTCAAGCGAAC-1,SA535X9XB03617_GTGAGTTCAAGCGAAC-1,SA535X9XB03617,A
.cache/SCRNA10X_SA_CHIP0173_002/filtered_feature_bc_matrix,GTGCAGCTCCCTCTAG-1,SA535X9XB03617_GTGCAGCTCCCTCTAG-1,SA535X9XB03617,A
.cache/SCRNA10X_SA_CHIP0173_002/filtered_feature_bc_matrix,GTGCGTGTCTTGGGCG-1,SA535X9XB03617_GTGCGTGTCTTGGGCG-1,SA535X9XB03617,A
.cache/SCRNA10X_SA_CHIP0173_002/filtered_feature_bc_matrix,GTGCTGGCATGTCGTA-1,SA535X9XB03617_GTGCTGGCATGTCGTA-1,SA535X9XB03617,F
.cache/SCRNA10X_SA_CHIP0173_002/filtered_feature_bc_matrix,GTGGAAGCAAATCAGA-1,SA535X9XB03617_GTGGAAGCAAATCAGA-1,SA535X9XB03617,A
.cache/SCRNA10X_SA_CHIP0173_002/filtered_feature_bc_matrix,GTGTGGCCACATACTG-1,SA535X9XB03617_GTGTGGCCACATACTG-1,SA535X9XB03617,H
.cache/SCRNA10X_SA_CHIP0173_002/filtered_feature_bc_matrix,GTGTGGCCACGACGTC-1,SA535X9XB03617_GTGTGGCCACGACGTC-1,SA535X9XB03617,A
.cache/SCRNA10X_SA_CHIP0173_002/filtered_feature_bc_matrix,GTGTTAGCAGCTACTA-1,SA535X9XB03617_GTGTTAGCAGCTACTA-1,SA535X9XB03617,A
.cache/SCRNA10X_SA_CHIP0173_002/filtered_feature_bc_matrix,GTTACAGGTGAGCAGT-1,SA535X9XB03617_GTTACAGGTGAGCAGT-1,SA535X9XB03617,D
.cache/SCRNA10X_SA_CHIP0173_002/filtered_feature_bc_matrix,GTTACGAAGGGACACT-1,SA535X9XB03617_GTTACGAAGGGACACT-1,SA535X9XB03617,A
.cache/SCRNA10X_SA_CHIP0173_002/filtered_feature_bc_matrix,GTTACGAGTACTCAAC-1,SA535X9XB03617_GTTACGAGTACTCAAC-1,SA535X9XB03617,A
.cache/SCRNA10X_SA_CHIP0173_002/filtered_feature_bc_matrix,GTTAGTGGTGAACGGT-1,SA535X9XB03617_GTTAGTGGTGAACGGT-1,SA535X9XB03617,A
.cache/SCRNA10X_SA_CHIP0173_002/filtered_feature_bc_matrix,GTTAGTGTCAGCCTTC-1,SA535X9XB03617_GTTAGTGTCAGCCTTC-1,SA535X9XB03617,A
.cache/SCRNA10X_SA_CHIP0173_002/filtered_feature_bc_matrix,GTTATGGTCGATACTG-1,SA535X9XB03617_GTTATGGTCGATACTG-1,SA535X9XB03617,E
.cache/SCRNA10X_SA_CHIP0173_002/filtered_feature_bc_matrix,GTTCATTAGTTGCCTA-1,SA535X9XB03617_GTTCATTAGTTGCCTA-1,SA535X9XB03617,F
.cache/SCRNA10X_SA_CHIP0173_002/filtered_feature_bc_matrix,GTTGAACAGCTACTAC-1,SA535X9XB03617_GTTGAACAGCTACTAC-1,SA535X9XB03617,J
.cache/SCRNA10X_SA_CHIP0173_002/filtered_feature_bc_matrix,GTTGCGGAGGACTGGT-1,SA535X9XB03617_GTTGCGGAGGACTGGT-1,SA535X9XB03617,A
.cache/SCRNA10X_SA_CHIP0173_002/filtered_feature_bc_matrix,GTTGCGGTCTCGTTTA-1,SA535X9XB03617_GTTGCGGTCTCGTTTA-1,SA535X9XB03617,H
.cache/SCRNA10X_SA_CHIP0173_002/filtered_feature_bc_matrix,GTTGCTCAGCAATTCC-1,SA535X9XB03617_GTTGCTCAGCAATTCC-1,SA535X9XB03617,A
.cache/SCRNA10X_SA_CHIP0173_002/filtered_feature_bc_matrix,GTTGCTCCAACCAATC-1,SA535X9XB03617_GTTGCTCCAACCAATC-1,SA535X9XB03617,A
.cache/SCRNA10X_SA_CHIP0173_002/filtered_feature_bc_matrix,GTTGTAGAGATGTAGT-1,SA535X9XB03617_GTTGTAGAGATGTAGT-1,SA535X9XB03617,F
.cache/SCRNA10X_SA_CHIP0173_002/filtered_feature_bc_matrix,GTTGTCCTCGCAATTG-1,SA535X9XB03617_GTTGTCCTCGCAATTG-1,SA535X9XB03617,J
.cache/SCRNA10X_SA_CHIP0173_002/filtered_feature_bc_matrix,TAACTTCAGGAAAGAC-1,SA535X9XB03617_TAACTTCAGGAAAGAC-1,SA535X9XB03617,A
.cache/SCRNA10X_SA_CHIP0173_002/filtered_feature_bc_matrix,TAAGCGTCAACCCTCT-1,SA535X9XB03617_TAAGCGTCAACCCTCT-1,SA535X9XB03617,J
.cache/SCRNA10X_SA_CHIP0173_002/filtered_feature_bc_matrix,TAAGCGTCAAGTGCAG-1,SA535X9XB03617_TAAGCGTCAAGTGCAG-1,SA535X9XB03617,J
.cache/SCRNA10X_SA_CHIP0173_002/filtered_feature_bc_matrix,TAATCTCAGATCGGTG-1,SA535X9XB03617_TAATCTCAGATCGGTG-1,SA535X9XB03617,A
.cache/SCRNA10X_SA_CHIP0173_002/filtered_feature_bc_matrix,TACACCCAGATTCGCT-1,SA535X9XB03617_TACACCCAGATTCGCT-1,SA535X9XB03617,A
.cache/SCRNA10X_SA_CHIP0173_002/filtered_feature_bc_matrix,TACATTCGTCTAGTGT-1,SA535X9XB03617_TACATTCGTCTAGTGT-1,SA535X9XB03617,A
.cache/SCRNA10X_SA_CHIP0173_002/filtered_feature_bc_matrix,TACCCACGTGACAGCA-1,SA535X9XB03617_TACCCACGTGACAGCA-1,SA535X9XB03617,J
.cache/SCRNA10X_SA_CHIP0173_002/filtered_feature_bc_matrix,TACCGAACACGTACAT-1,SA535X9XB03617_TACCGAACACGTACAT-1,SA535X9XB03617,A
.cache/SCRNA10X_SA_CHIP0173_002/filtered_feature_bc_matrix,TACCGAAGTAACATAG-1,SA535X9XB03617_TACCGAAGTAACATAG-1,SA535X9XB03617,G
.cache/SCRNA10X_SA_CHIP0173_002/filtered_feature_bc_matrix,TACCGAAGTACTGCGC-1,SA535X9XB03617_TACCGAAGTACTGCGC-1,SA535X9XB03617,D
.cache/SCRNA10X_SA_CHIP0173_002/filtered_feature_bc_matrix,TACCGGGCATACCAGT-1,SA535X9XB03617_TACCGGGCATACCAGT-1,SA535X9XB03617,E
.cache/SCRNA10X_SA_CHIP0173_002/filtered_feature_bc_matrix,TACCGGGGTGTGTGGA-1,SA535X9XB03617_TACCGGGGTGTGTGGA-1,SA535X9XB03617,A
.cache/SCRNA10X_SA_CHIP0173_002/filtered_feature_bc_matrix,TACGGGCAGGGCCAAT-1,SA535X9XB03617_TACGGGCAGGGCCAAT-1,SA535X9XB03617,H
.cache/SCRNA10X_SA_CHIP0173_002/filtered_feature_bc_matrix,TACGTCCAGGCATCAG-1,SA535X9XB03617_TACGTCCAGGCATCAG-1,SA535X9XB03617,A
.cache/SCRNA10X_SA_CHIP0173_002/filtered_feature_bc_matrix,TACTGCCCATCGTGGC-1,SA535X9XB03617_TACTGCCCATCGTGGC-1,SA535X9XB03617,G
.cache/SCRNA10X_SA_CHIP0173_002/filtered_feature_bc_matrix,TACTGCCTCCGAGGCT-1,SA535X9XB03617_TACTGCCTCCGAGGCT-1,SA535X9XB03617,H
.cache/SCRNA10X_SA_CHIP0173_002/filtered_feature_bc_matrix,TACTTGTCAGAACTAA-1,SA535X9XB03617_TACTTGTCAGAACTAA-1,SA535X9XB03617,H
.cache/SCRNA10X_SA_CHIP0173_002/filtered_feature_bc_matrix,TACTTGTTCTCCTGAC-1,SA535X9XB03617_TACTTGTTCTCCTGAC-1,SA535X9XB03617,A
.cache/SCRNA10X_SA_CHIP0173_002/filtered_feature_bc_matrix,TAGACTGTCTACGCAA-1,SA535X9XB03617_TAGACTGTCTACGCAA-1,SA535X9XB03617,A
.cache/SCRNA10X_SA_CHIP0173_002/filtered_feature_bc_matrix,TAGAGTCCATAACTCG-1,SA535X9XB03617_TAGAGTCCATAACTCG-1,SA535X9XB03617,A
.cache/SCRNA10X_SA_CHIP0173_002/filtered_feature_bc_matrix,TAGATCGAGAAGTGTT-1,SA535X9XB03617_TAGATCGAGAAGTGTT-1,SA535X9XB03617,J
.cache/SCRNA10X_SA_CHIP0173_002/filtered_feature_bc_matrix,TAGATCGTCTTACGGA-1,SA535X9XB03617_TAGATCGTCTTACGGA-1,SA535X9XB03617,A
.cache/SCRNA10X_SA_CHIP0173_002/filtered_feature_bc_matrix,TAGCACATCGCGTGCA-1,SA535X9XB03617_TAGCACATCGCGTGCA-1,SA535X9XB03617,G
.cache/SCRNA10X_SA_CHIP0173_002/filtered_feature_bc_matrix,TAGGAGGAGCACGGAT-1,SA535X9XB03617_TAGGAGGAGCACGGAT-1,SA535X9XB03617,A
.cache/SCRNA10X_SA_CHIP0173_002/filtered_feature_bc_matrix,TAGGTTGCACTTGAGT-1,SA535X9XB03617_TAGGTTGCACTTGAGT-1,SA535X9XB03617,A
.cache/SCRNA10X_SA_CHIP0173_002/filtered_feature_bc_matrix,TAGTGCAGTCCCGTGA-1,SA535X9XB03617_TAGTGCAGTCCCGTGA-1,SA535X9XB03617,A
.cache/SCRNA10X_SA_CHIP0173_002/filtered_feature_bc_matrix,TAGTGCATCAAGCTGT-1,SA535X9XB03617_TAGTGCATCAAGCTGT-1,SA535X9XB03617,F
.cache/SCRNA10X_SA_CHIP0173_002/filtered_feature_bc_matrix,TATACCTTCTCGCAGG-1,SA535X9XB03617_TATACCTTCTCGCAGG-1,SA535X9XB03617,A
.cache/SCRNA10X_SA_CHIP0173_002/filtered_feature_bc_matrix,TATCAGGCAACACAGG-1,SA535X9XB03617_TATCAGGCAACACAGG-1,SA535X9XB03617,J
.cache/SCRNA10X_SA_CHIP0173_002/filtered_feature_bc_matrix,TATCCTATCCGAAATC-1,SA535X9XB03617_TATCCTATCCGAAATC-1,SA535X9XB03617,D
.cache/SCRNA10X_SA_CHIP0173_002/filtered_feature_bc_matrix,TATCGCCGTTGAGAGC-1,SA535X9XB03617_TATCGCCGTTGAGAGC-1,SA535X9XB03617,A
.cache/SCRNA10X_SA_CHIP0173_002/filtered_feature_bc_matrix,TATCTGTAGACATAGT-1,SA535X9XB03617_TATCTGTAGACATAGT-1,SA535X9XB03617,J
.cache/SCRNA10X_SA_CHIP0173_002/filtered_feature_bc_matrix,TATCTGTGTATTGACC-1,SA535X9XB03617_TATCTGTGTATTGACC-1,SA535X9XB03617,E
.cache/SCRNA10X_SA_CHIP0173_002/filtered_feature_bc_matrix,TATTGCTCAAACGGCA-1,SA535X9XB03617_TATTGCTCAAACGGCA-1,SA535X9XB03617,D
.cache/SCRNA10X_SA_CHIP0173_002/filtered_feature_bc_matrix,TATTTCGGTTTCCCAC-1,SA535X9XB03617_TATTTCGGTTTCCCAC-1,SA535X9XB03617,J
.cache/SCRNA10X_SA_CHIP0173_002/filtered_feature_bc_matrix,TCACGCTTCGGCTATA-1,SA535X9XB03617_TCACGCTTCGGCTATA-1,SA535X9XB03617,E
.cache/SCRNA10X_SA_CHIP0173_002/filtered_feature_bc_matrix,TCACTCGTCAGTGGGA-1,SA535X9XB03617_TCACTCGTCAGTGGGA-1,SA535X9XB03617,J
.cache/SCRNA10X_SA_CHIP0173_002/filtered_feature_bc_matrix,TCAGCAAAGCTAGAAT-1,SA535X9XB03617_TCAGCAAAGCTAGAAT-1,SA535X9XB03617,A
.cache/SCRNA10X_SA_CHIP0173_002/filtered_feature_bc_matrix,TCAGCCTGTGATTGGG-1,SA535X9XB03617_TCAGCCTGTGATTGGG-1,SA535X9XB03617,A
.cache/SCRNA10X_SA_CHIP0173_002/filtered_feature_bc_matrix,TCAGGGCCACTCATAG-1,SA535X9XB03617_TCAGGGCCACTCATAG-1,SA535X9XB03617,A
.cache/SCRNA10X_SA_CHIP0173_002/filtered_feature_bc_matrix,TCATCCGTCCACGTAA-1,SA535X9XB03617_TCATCCGTCCACGTAA-1,SA535X9XB03617,F
.cache/SCRNA10X_SA_CHIP0173_002/filtered_feature_bc_matrix,TCATGCCCAGCTCCTT-1,SA535X9XB03617_TCATGCCCAGCTCCTT-1,SA535X9XB03617,A
.cache/SCRNA10X_SA_CHIP0173_002/filtered_feature_bc_matrix,TCATGTTTCTCCCATG-1,SA535X9XB03617_TCATGTTTCTCCCATG-1,SA535X9XB03617,A
.cache/SCRNA10X_SA_CHIP0173_002/filtered_feature_bc_matrix,TCATTACGTACCTATG-1,SA535X9XB03617_TCATTACGTACCTATG-1,SA535X9XB03617,A
.cache/SCRNA10X_SA_CHIP0173_002/filtered_feature_bc_matrix,TCATTGTCAGTCTACA-1,SA535X9XB03617_TCATTGTCAGTCTACA-1,SA535X9XB03617,A
.cache/SCRNA10X_SA_CHIP0173_002/filtered_feature_bc_matrix,TCATTTGTCGAGAGAC-1,SA535X9XB03617_TCATTTGTCGAGAGAC-1,SA535X9XB03617,E
.cache/SCRNA10X_SA_CHIP0173_002/filtered_feature_bc_matrix,TCCATCGCAACAGCTT-1,SA535X9XB03617_TCCATCGCAACAGCTT-1,SA535X9XB03617,J
.cache/SCRNA10X_SA_CHIP0173_002/filtered_feature_bc_matrix,TCCATGCAGCTTGTTG-1,SA535X9XB03617_TCCATGCAGCTTGTTG-1,SA535X9XB03617,A
.cache/SCRNA10X_SA_CHIP0173_002/filtered_feature_bc_matrix,TCCATGCAGGCATCAG-1,SA535X9XB03617_TCCATGCAGGCATCAG-1,SA535X9XB03617,A
.cache/SCRNA10X_SA_CHIP0173_002/filtered_feature_bc_matrix,TCCGATCGTCGTGGAA-1,SA535X9XB03617_TCCGATCGTCGTGGAA-1,SA535X9XB03617,A
.cache/SCRNA10X_SA_CHIP0173_002/filtered_feature_bc_matrix,TCCTAATAGAAGATCT-1,SA535X9XB03617_TCCTAATAGAAGATCT-1,SA535X9XB03617,H
.cache/SCRNA10X_SA_CHIP0173_002/filtered_feature_bc_matrix,TCCTAATTCTGGCCAG-1,SA535X9XB03617_TCCTAATTCTGGCCAG-1,SA535X9XB03617,A
.cache/SCRNA10X_SA_CHIP0173_002/filtered_feature_bc_matrix,TCCTCGACATGGACAG-1,SA535X9XB03617_TCCTCGACATGGACAG-1,SA535X9XB03617,F
.cache/SCRNA10X_SA_CHIP0173_002/filtered_feature_bc_matrix,TCCTCGATCGTTAGTG-1,SA535X9XB03617_TCCTCGATCGTTAGTG-1,SA535X9XB03617,F
.cache/SCRNA10X_SA_CHIP0173_002/filtered_feature_bc_matrix,TCCTCGATCTGATGGT-1,SA535X9XB03617_TCCTCGATCTGATGGT-1,SA535X9XB03617,A
.cache/SCRNA10X_SA_CHIP0173_002/filtered_feature_bc_matrix,TCCTTCTTCGGTAGGA-1,SA535X9XB03617_TCCTTCTTCGGTAGGA-1,SA535X9XB03617,A
.cache/SCRNA10X_SA_CHIP0173_002/filtered_feature_bc_matrix,TCGAAGTGTTACGTAC-1,SA535X9XB03617_TCGAAGTGTTACGTAC-1,SA535X9XB03617,F
.cache/SCRNA10X_SA_CHIP0173_002/filtered_feature_bc_matrix,TCGACCTCATGATAGA-1,SA535X9XB03617_TCGACCTCATGATAGA-1,SA535X9XB03617,H
.cache/SCRNA10X_SA_CHIP0173_002/filtered_feature_bc_matrix,TCGCACTGTACTGACT-1,SA535X9XB03617_TCGCACTGTACTGACT-1,SA535X9XB03617,J
.cache/SCRNA10X_SA_CHIP0173_002/filtered_feature_bc_matrix,TCGCACTTCGATTGAC-1,SA535X9XB03617_TCGCACTTCGATTGAC-1,SA535X9XB03617,A
.cache/SCRNA10X_SA_CHIP0173_002/filtered_feature_bc_matrix,TCGCTCAGTATCGGTT-1,SA535X9XB03617_TCGCTCAGTATCGGTT-1,SA535X9XB03617,J
.cache/SCRNA10X_SA_CHIP0173_002/filtered_feature_bc_matrix,TCGGGACGTCAACCTA-1,SA535X9XB03617_TCGGGACGTCAACCTA-1,SA535X9XB03617,J
.cache/SCRNA10X_SA_CHIP0173_002/filtered_feature_bc_matrix,TCGGGTGAGTACCCTA-1,SA535X9XB03617_TCGGGTGAGTACCCTA-1,SA535X9XB03617,A
.cache/SCRNA10X_SA_CHIP0173_002/filtered_feature_bc_matrix,TCGGTCTCACCATTCC-1,SA535X9XB03617_TCGGTCTCACCATTCC-1,SA535X9XB03617,A
.cache/SCRNA10X_SA_CHIP0173_002/filtered_feature_bc_matrix,TCGGTCTGTGTCTTCC-1,SA535X9XB03617_TCGGTCTGTGTCTTCC-1,SA535X9XB03617,A
.cache/SCRNA10X_SA_CHIP0173_002/filtered_feature_bc_matrix,TCGTAGACAAGCGCAA-1,SA535X9XB03617_TCGTAGACAAGCGCAA-1,SA535X9XB03617,E
.cache/SCRNA10X_SA_CHIP0173_002/filtered_feature_bc_matrix,TCGTCCAAGACATCCT-1,SA535X9XB03617_TCGTCCAAGACATCCT-1,SA535X9XB03617,H
.cache/SCRNA10X_SA_CHIP0173_002/filtered_feature_bc_matrix,TCGTCCATCCCGAATA-1,SA535X9XB03617_TCGTCCATCCCGAATA-1,SA535X9XB03617,D
.cache/SCRNA10X_SA_CHIP0173_002/filtered_feature_bc_matrix,TCTAACTAGCCTGTCG-1,SA535X9XB03617_TCTAACTAGCCTGTCG-1,SA535X9XB03617,G
.cache/SCRNA10X_SA_CHIP0173_002/filtered_feature_bc_matrix,TCTAACTCAACTGATC-1,SA535X9XB03617_TCTAACTCAACTGATC-1,SA535X9XB03617,B
.cache/SCRNA10X_SA_CHIP0173_002/filtered_feature_bc_matrix,TCTATACAGTTAGTAG-1,SA535X9XB03617_TCTATACAGTTAGTAG-1,SA535X9XB03617,A
.cache/SCRNA10X_SA_CHIP0173_002/filtered_feature_bc_matrix,TCTATCACAATCAGCT-1,SA535X9XB03617_TCTATCACAATCAGCT-1,SA535X9XB03617,F
.cache/SCRNA10X_SA_CHIP0173_002/filtered_feature_bc_matrix,TCTCAGCAGAAGCTGC-1,SA535X9XB03617_TCTCAGCAGAAGCTGC-1,SA535X9XB03617,A
.cache/SCRNA10X_SA_CHIP0173_002/filtered_feature_bc_matrix,TCTCCGAGTGAGTTGG-1,SA535X9XB03617_TCTCCGAGTGAGTTGG-1,SA535X9XB03617,E
.cache/SCRNA10X_SA_CHIP0173_002/filtered_feature_bc_matrix,TCTCTGGGTGATGTAA-1,SA535X9XB03617_TCTCTGGGTGATGTAA-1,SA535X9XB03617,G
.cache/SCRNA10X_SA_CHIP0173_002/filtered_feature_bc_matrix,TCTGCCATCTAGTTCT-1,SA535X9XB03617_TCTGCCATCTAGTTCT-1,SA535X9XB03617,J
.cache/SCRNA10X_SA_CHIP0173_002/filtered_feature_bc_matrix,TCTGGCTGTTGACTGT-1,SA535X9XB03617_TCTGGCTGTTGACTGT-1,SA535X9XB03617,A
.cache/SCRNA10X_SA_CHIP0173_002/filtered_feature_bc_matrix,TCTTGCGAGACTTCAC-1,SA535X9XB03617_TCTTGCGAGACTTCAC-1,SA535X9XB03617,J
.cache/SCRNA10X_SA_CHIP0173_002/filtered_feature_bc_matrix,TGACAGTAGAATGTTG-1,SA535X9XB03617_TGACAGTAGAATGTTG-1,SA535X9XB03617,D
.cache/SCRNA10X_SA_CHIP0173_002/filtered_feature_bc_matrix,TGACAGTTCGTCGACG-1,SA535X9XB03617_TGACAGTTCGTCGACG-1,SA535X9XB03617,A
.cache/SCRNA10X_SA_CHIP0173_002/filtered_feature_bc_matrix,TGACCCTGTGACTAAA-1,SA535X9XB03617_TGACCCTGTGACTAAA-1,SA535X9XB03617,H
.cache/SCRNA10X_SA_CHIP0173_002/filtered_feature_bc_matrix,TGACCCTGTGAGTTGG-1,SA535X9XB03617_TGACCCTGTGAGTTGG-1,SA535X9XB03617,G
.cache/SCRNA10X_SA_CHIP0173_002/filtered_feature_bc_matrix,TGAGGTTGTCAGACTT-1,SA535X9XB03617_TGAGGTTGTCAGACTT-1,SA535X9XB03617,J
.cache/SCRNA10X_SA_CHIP0173_002/filtered_feature_bc_matrix,TGATTCTTCTCTGAGA-1,SA535X9XB03617_TGATTCTTCTCTGAGA-1,SA535X9XB03617,A
.cache/SCRNA10X_SA_CHIP0173_002/filtered_feature_bc_matrix,TGATTTCCAGCTATAC-1,SA535X9XB03617_TGATTTCCAGCTATAC-1,SA535X9XB03617,E
.cache/SCRNA10X_SA_CHIP0173_002/filtered_feature_bc_matrix,TGCACGGAGTAGCTCT-1,SA535X9XB03617_TGCACGGAGTAGCTCT-1,SA535X9XB03617,A
.cache/SCRNA10X_SA_CHIP0173_002/filtered_feature_bc_matrix,TGCAGATTCTTCCAGC-1,SA535X9XB03617_TGCAGATTCTTCCAGC-1,SA535X9XB03617,A
.cache/SCRNA10X_SA_CHIP0173_002/filtered_feature_bc_matrix,TGCAGTATCATAGACC-1,SA535X9XB03617_TGCAGTATCATAGACC-1,SA535X9XB03617,A
.cache/SCRNA10X_SA_CHIP0173_002/filtered_feature_bc_matrix,TGCATCCAGGTGGGTT-1,SA535X9XB03617_TGCATCCAGGTGGGTT-1,SA535X9XB03617,A
.cache/SCRNA10X_SA_CHIP0173_002/filtered_feature_bc_matrix,TGCATGAAGGGCCAAT-1,SA535X9XB03617_TGCATGAAGGGCCAAT-1,SA535X9XB03617,J
.cache/SCRNA10X_SA_CHIP0173_002/filtered_feature_bc_matrix,TGCATGACATTGTCGA-1,SA535X9XB03617_TGCATGACATTGTCGA-1,SA535X9XB03617,A
.cache/SCRNA10X_SA_CHIP0173_002/filtered_feature_bc_matrix,TGCATGAGTCCCTGAG-1,SA535X9XB03617_TGCATGAGTCCCTGAG-1,SA535X9XB03617,unassigned
.cache/SCRNA10X_SA_CHIP0173_002/filtered_feature_bc_matrix,TGCGACGAGTCATCGT-1,SA535X9XB03617_TGCGACGAGTCATCGT-1,SA535X9XB03617,H
.cache/SCRNA10X_SA_CHIP0173_002/filtered_feature_bc_matrix,TGCGACGTCTGTAAGC-1,SA535X9XB03617_TGCGACGTCTGTAAGC-1,SA535X9XB03617,A
.cache/SCRNA10X_SA_CHIP0173_002/filtered_feature_bc_matrix,TGCGGCAAGAGCTGAC-1,SA535X9XB03617_TGCGGCAAGAGCTGAC-1,SA535X9XB03617,A
.cache/SCRNA10X_SA_CHIP0173_002/filtered_feature_bc_matrix,TGCGGCATCCGGACGT-1,SA535X9XB03617_TGCGGCATCCGGACGT-1,SA535X9XB03617,A
.cache/SCRNA10X_SA_CHIP0173_002/filtered_feature_bc_matrix,TGCTGAATCTGGGCAC-1,SA535X9XB03617_TGCTGAATCTGGGCAC-1,SA535X9XB03617,A
.cache/SCRNA10X_SA_CHIP0173_002/filtered_feature_bc_matrix,TGGAGGACAGCTGAGA-1,SA535X9XB03617_TGGAGGACAGCTGAGA-1,SA535X9XB03617,A
.cache/SCRNA10X_SA_CHIP0173_002/filtered_feature_bc_matrix,TGGATCATCATAGAGA-1,SA535X9XB03617_TGGATCATCATAGAGA-1,SA535X9XB03617,A
.cache/SCRNA10X_SA_CHIP0173_002/filtered_feature_bc_matrix,TGGATGTCAAGCTCTA-1,SA535X9XB03617_TGGATGTCAAGCTCTA-1,SA535X9XB03617,H
.cache/SCRNA10X_SA_CHIP0173_002/filtered_feature_bc_matrix,TGGGAAGGTATCGAAA-1,SA535X9XB03617_TGGGAAGGTATCGAAA-1,SA535X9XB03617,E
.cache/SCRNA10X_SA_CHIP0173_002/filtered_feature_bc_matrix,TGGGAAGGTGAGCAGT-1,SA535X9XB03617_TGGGAAGGTGAGCAGT-1,SA535X9XB03617,A
.cache/SCRNA10X_SA_CHIP0173_002/filtered_feature_bc_matrix,TGGGAAGTCGACCATA-1,SA535X9XB03617_TGGGAAGTCGACCATA-1,SA535X9XB03617,A
.cache/SCRNA10X_SA_CHIP0173_002/filtered_feature_bc_matrix,TGGGATTGTCTTGCTC-1,SA535X9XB03617_TGGGATTGTCTTGCTC-1,SA535X9XB03617,H
.cache/SCRNA10X_SA_CHIP0173_002/filtered_feature_bc_matrix,TGGTAGTGTTGGTACT-1,SA535X9XB03617_TGGTAGTGTTGGTACT-1,SA535X9XB03617,A
.cache/SCRNA10X_SA_CHIP0173_002/filtered_feature_bc_matrix,TGGTGATAGGTAGATT-1,SA535X9XB03617_TGGTGATAGGTAGATT-1,SA535X9XB03617,D
.cache/SCRNA10X_SA_CHIP0173_002/filtered_feature_bc_matrix,TGGTTAGAGAAGTCTA-1,SA535X9XB03617_TGGTTAGAGAAGTCTA-1,SA535X9XB03617,A
.cache/SCRNA10X_SA_CHIP0173_002/filtered_feature_bc_matrix,TGGTTAGTCTGCTAGA-1,SA535X9XB03617_TGGTTAGTCTGCTAGA-1,SA535X9XB03617,J
.cache/SCRNA10X_SA_CHIP0173_002/filtered_feature_bc_matrix,TGTAACGAGAAACTGT-1,SA535X9XB03617_TGTAACGAGAAACTGT-1,SA535X9XB03617,A
.cache/SCRNA10X_SA_CHIP0173_002/filtered_feature_bc_matrix,TGTAGACTCGGTGTAT-1,SA535X9XB03617_TGTAGACTCGGTGTAT-1,SA535X9XB03617,J
.cache/SCRNA10X_SA_CHIP0173_002/filtered_feature_bc_matrix,TGTCCACAGGGCTTCC-1,SA535X9XB03617_TGTCCACAGGGCTTCC-1,SA535X9XB03617,H
.cache/SCRNA10X_SA_CHIP0173_002/filtered_feature_bc_matrix,TGTCCTGCATCCTGTC-1,SA535X9XB03617_TGTCCTGCATCCTGTC-1,SA535X9XB03617,A
.cache/SCRNA10X_SA_CHIP0173_002/filtered_feature_bc_matrix,TGTGTGAAGAATCGCG-1,SA535X9XB03617_TGTGTGAAGAATCGCG-1,SA535X9XB03617,A
.cache/SCRNA10X_SA_CHIP0173_002/filtered_feature_bc_matrix,TGTTCATAGCCGTTGC-1,SA535X9XB03617_TGTTCATAGCCGTTGC-1,SA535X9XB03617,J
.cache/SCRNA10X_SA_CHIP0173_002/filtered_feature_bc_matrix,TGTTCATAGGTGCGAT-1,SA535X9XB03617_TGTTCATAGGTGCGAT-1,SA535X9XB03617,A
.cache/SCRNA10X_SA_CHIP0173_002/filtered_feature_bc_matrix,TGTTCATCACTTTAGG-1,SA535X9XB03617_TGTTCATCACTTTAGG-1,SA535X9XB03617,A
.cache/SCRNA10X_SA_CHIP0173_002/filtered_feature_bc_matrix,TTACAGGTCACATTGG-1,SA535X9XB03617_TTACAGGTCACATTGG-1,SA535X9XB03617,A
.cache/SCRNA10X_SA_CHIP0173_002/filtered_feature_bc_matrix,TTACCATCAGCGACAA-1,SA535X9XB03617_TTACCATCAGCGACAA-1,SA535X9XB03617,H
.cache/SCRNA10X_SA_CHIP0173_002/filtered_feature_bc_matrix,TTACGCCGTTTCGACA-1,SA535X9XB03617_TTACGCCGTTTCGACA-1,SA535X9XB03617,J
.cache/SCRNA10X_SA_CHIP0173_002/filtered_feature_bc_matrix,TTAGGCATCTTGTTAC-1,SA535X9XB03617_TTAGGCATCTTGTTAC-1,SA535X9XB03617,J
.cache/SCRNA10X_SA_CHIP0173_002/filtered_feature_bc_matrix,TTAGGGTTCTTTGGAG-1,SA535X9XB03617_TTAGGGTTCTTTGGAG-1,SA535X9XB03617,H
.cache/SCRNA10X_SA_CHIP0173_002/filtered_feature_bc_matrix,TTCACGCCATTAGGCT-1,SA535X9XB03617_TTCACGCCATTAGGCT-1,SA535X9XB03617,J
.cache/SCRNA10X_SA_CHIP0173_002/filtered_feature_bc_matrix,TTCACGCGTGCCCAGT-1,SA535X9XB03617_TTCACGCGTGCCCAGT-1,SA535X9XB03617,A
.cache/SCRNA10X_SA_CHIP0173_002/filtered_feature_bc_matrix,TTCAGGATCAGTGTGT-1,SA535X9XB03617_TTCAGGATCAGTGTGT-1,SA535X9XB03617,A
.cache/SCRNA10X_SA_CHIP0173_002/filtered_feature_bc_matrix,TTCCAATAGCATGATA-1,SA535X9XB03617_TTCCAATAGCATGATA-1,SA535X9XB03617,A
.cache/SCRNA10X_SA_CHIP0173_002/filtered_feature_bc_matrix,TTCCACGAGCACTCTA-1,SA535X9XB03617_TTCCACGAGCACTCTA-1,SA535X9XB03617,A
.cache/SCRNA10X_SA_CHIP0173_002/filtered_feature_bc_matrix,TTCCACGTCCGATCGG-1,SA535X9XB03617_TTCCACGTCCGATCGG-1,SA535X9XB03617,A
.cache/SCRNA10X_SA_CHIP0173_002/filtered_feature_bc_matrix,TTCCGTGAGGTACTGG-1,SA535X9XB03617_TTCCGTGAGGTACTGG-1,SA535X9XB03617,H
.cache/SCRNA10X_SA_CHIP0173_002/filtered_feature_bc_matrix,TTCCGTGTCCATGATG-1,SA535X9XB03617_TTCCGTGTCCATGATG-1,SA535X9XB03617,F
.cache/SCRNA10X_SA_CHIP0173_002/filtered_feature_bc_matrix,TTCCTAAAGGCCCGTT-1,SA535X9XB03617_TTCCTAAAGGCCCGTT-1,SA535X9XB03617,H
.cache/SCRNA10X_SA_CHIP0173_002/filtered_feature_bc_matrix,TTCCTAAAGTAAACAC-1,SA535X9XB03617_TTCCTAAAGTAAACAC-1,SA535X9XB03617,J
.cache/SCRNA10X_SA_CHIP0173_002/filtered_feature_bc_matrix,TTCCTAAGTGGCTCTG-1,SA535X9XB03617_TTCCTAAGTGGCTCTG-1,SA535X9XB03617,A
.cache/SCRNA10X_SA_CHIP0173_002/filtered_feature_bc_matrix,TTCCTCTGTTCGCGTG-1,SA535X9XB03617_TTCCTCTGTTCGCGTG-1,SA535X9XB03617,J
.cache/SCRNA10X_SA_CHIP0173_002/filtered_feature_bc_matrix,TTCCTTCAGGTTCTAC-1,SA535X9XB03617_TTCCTTCAGGTTCTAC-1,SA535X9XB03617,F
.cache/SCRNA10X_SA_CHIP0173_002/filtered_feature_bc_matrix,TTCGCTGAGGATACCG-1,SA535X9XB03617_TTCGCTGAGGATACCG-1,SA535X9XB03617,D
.cache/SCRNA10X_SA_CHIP0173_002/filtered_feature_bc_matrix,TTCTAACGTGTACATC-1,SA535X9XB03617_TTCTAACGTGTACATC-1,SA535X9XB03617,J
.cache/SCRNA10X_SA_CHIP0173_002/filtered_feature_bc_matrix,TTCTAACTCCAGTTCC-1,SA535X9XB03617_TTCTAACTCCAGTTCC-1,SA535X9XB03617,A
.cache/SCRNA10X_SA_CHIP0173_002/filtered_feature_bc_matrix,TTCTAGTTCTGAATGC-1,SA535X9XB03617_TTCTAGTTCTGAATGC-1,SA535X9XB03617,H
.cache/SCRNA10X_SA_CHIP0173_002/filtered_feature_bc_matrix,TTCTCTCTCTTGGGCG-1,SA535X9XB03617_TTCTCTCTCTTGGGCG-1,SA535X9XB03617,E
.cache/SCRNA10X_SA_CHIP0173_002/filtered_feature_bc_matrix,TTGAGTGCATCTAGAC-1,SA535X9XB03617_TTGAGTGCATCTAGAC-1,SA535X9XB03617,A
.cache/SCRNA10X_SA_CHIP0173_002/filtered_feature_bc_matrix,TTGATGGGTAGTTACC-1,SA535X9XB03617_TTGATGGGTAGTTACC-1,SA535X9XB03617,H
.cache/SCRNA10X_SA_CHIP0173_002/filtered_feature_bc_matrix,TTGATGGGTTGTTGCA-1,SA535X9XB03617_TTGATGGGTTGTTGCA-1,SA535X9XB03617,H
.cache/SCRNA10X_SA_CHIP0173_002/filtered_feature_bc_matrix,TTGCCTGTCGACATAC-1,SA535X9XB03617_TTGCCTGTCGACATAC-1,SA535X9XB03617,A
.cache/SCRNA10X_SA_CHIP0173_002/filtered_feature_bc_matrix,TTGGGATCATGATCTG-1,SA535X9XB03617_TTGGGATCATGATCTG-1,SA535X9XB03617,A
.cache/SCRNA10X_SA_CHIP0173_002/filtered_feature_bc_matrix,TTGGGTAAGACGCCCT-1,SA535X9XB03617_TTGGGTAAGACGCCCT-1,SA535X9XB03617,G
.cache/SCRNA10X_SA_CHIP0173_002/filtered_feature_bc_matrix,TTGGGTAAGGGTGAGG-1,SA535X9XB03617_TTGGGTAAGGGTGAGG-1,SA535X9XB03617,A
.cache/SCRNA10X_SA_CHIP0173_002/filtered_feature_bc_matrix,TTGGTTTCAGATTTCG-1,SA535X9XB03617_TTGGTTTCAGATTTCG-1,SA535X9XB03617,A
.cache/SCRNA10X_SA_CHIP0173_002/filtered_feature_bc_matrix,TTGTTCACACAGACGA-1,SA535X9XB03617_TTGTTCACACAGACGA-1,SA535X9XB03617,A
.cache/SCRNA10X_SA_CHIP0173_002/filtered_feature_bc_matrix,TTGTTCACAGCCGGTT-1,SA535X9XB03617_TTGTTCACAGCCGGTT-1,SA535X9XB03617,E
.cache/SCRNA10X_SA_CHIP0173_002/filtered_feature_bc_matrix,TTGTTGTCACGACCTG-1,SA535X9XB03617_TTGTTGTCACGACCTG-1,SA535X9XB03617,H
.cache/SCRNA10X_SA_CHIP0173_002/filtered_feature_bc_matrix,TTGTTTGAGCCGAATG-1,SA535X9XB03617_TTGTTTGAGCCGAATG-1,SA535X9XB03617,A
.cache/SCRNA10X_SA_CHIP0173_002/filtered_feature_bc_matrix,TTGTTTGCACTTCATT-1,SA535X9XB03617_TTGTTTGCACTTCATT-1,SA535X9XB03617,J
.cache/SCRNA10X_SA_CHIP0173_002/filtered_feature_bc_matrix,TTGTTTGGTCCTGGTG-1,SA535X9XB03617_TTGTTTGGTCCTGGTG-1,SA535X9XB03617,H
.cache/SCRNA10X_SA_CHIP0173_002/filtered_feature_bc_matrix,TTTACGTGTCTCCTGT-1,SA535X9XB03617_TTTACGTGTCTCCTGT-1,SA535X9XB03617,A
.cache/SCRNA10X_SA_CHIP0173_002/filtered_feature_bc_matrix,TTTACTGGTATGCTTG-1,SA535X9XB03617_TTTACTGGTATGCTTG-1,SA535X9XB03617,H
.cache/SCRNA10X_SA_CHIP0173_002/filtered_feature_bc_matrix,TTTACTGTCAAGCCAT-1,SA535X9XB03617_TTTACTGTCAAGCCAT-1,SA535X9XB03617,E
.cache/SCRNA10X_SA_CHIP0173_002/filtered_feature_bc_matrix,TTTACTGTCCATACTT-1,SA535X9XB03617_TTTACTGTCCATACTT-1,SA535X9XB03617,A
.cache/SCRNA10X_SA_CHIP0173_002/filtered_feature_bc_matrix,TTTATGCGTTATGACC-1,SA535X9XB03617_TTTATGCGTTATGACC-1,SA535X9XB03617,H
.cache/SCRNA10X_SA_CHIP0173_002/filtered_feature_bc_matrix,TTTCAGTCACTTCATT-1,SA535X9XB03617_TTTCAGTCACTTCATT-1,SA535X9XB03617,F
.cache/SCRNA10X_SA_CHIP0173_002/filtered_feature_bc_matrix,TTTCATGAGACCATTC-1,SA535X9XB03617_TTTCATGAGACCATTC-1,SA535X9XB03617,J
.cache/SCRNA10X_SA_CHIP0173_002/filtered_feature_bc_matrix,TTTCATGAGTCTGTAC-1,SA535X9XB03617_TTTCATGAGTCTGTAC-1,SA535X9XB03617,J
.cache/SCRNA10X_SA_CHIP0173_002/filtered_feature_bc_matrix,TTTCGATTCCATTCGC-1,SA535X9XB03617_TTTCGATTCCATTCGC-1,SA535X9XB03617,J
.cache/SCRNA10X_SA_CHIP0173_002/filtered_feature_bc_matrix,TTTCGATTCTATCGTT-1,SA535X9XB03617_TTTCGATTCTATCGTT-1,SA535X9XB03617,J
.cache/SCRNA10X_SA_CHIP0173_002/filtered_feature_bc_matrix,TTTGGAGGTTCATCTT-1,SA535X9XB03617_TTTGGAGGTTCATCTT-1,SA535X9XB03617,unassigned
.cache/SCRNA10X_SA_CHIP0173_002/filtered_feature_bc_matrix,TTTGGTTCACGTGAGA-1,SA535X9XB03617_TTTGGTTCACGTGAGA-1,SA535X9XB03617,J
