Sample,Barcode,cell_id,id,clone
.cache/SCRNA10X_SA_CHIP0184_001/filtered_feature_bc_matrix,AAACGAAGTGCACGCT-1,SA535X7XB03305_AAACGAAGTGCACGCT-1,SA535X7XB03305,E_J
.cache/SCRNA10X_SA_CHIP0184_001/filtered_feature_bc_matrix,AAAGAACTCACTGAAC-1,SA535X7XB03305_AAAGAACTCACTGAAC-1,SA535X7XB03305,E_J
.cache/SCRNA10X_SA_CHIP0184_001/filtered_feature_bc_matrix,AAAGTCCCAACGCATT-1,SA535X7XB03305_AAAGTCCCAACGCATT-1,SA535X7XB03305,E_J
.cache/SCRNA10X_SA_CHIP0184_001/filtered_feature_bc_matrix,AACACACAGGGCAGGA-1,SA535X7XB03305_AACACACAGGGCAGGA-1,SA535X7XB03305,E_J
.cache/SCRNA10X_SA_CHIP0184_001/filtered_feature_bc_matrix,AACCCAATCTGACGCG-1,SA535X7XB03305_AACCCAATCTGACGCG-1,SA535X7XB03305,A
.cache/SCRNA10X_SA_CHIP0184_001/filtered_feature_bc_matrix,AACCTGAAGACGCTCC-1,SA535X7XB03305_AACCTGAAGACGCTCC-1,SA535X7XB03305,unassigned
.cache/SCRNA10X_SA_CHIP0184_001/filtered_feature_bc_matrix,AATCGTGTCCATAGGT-1,SA535X7XB03305_AATCGTGTCCATAGGT-1,SA535X7XB03305,G
.cache/SCRNA10X_SA_CHIP0184_001/filtered_feature_bc_matrix,AATGGCTAGCGAGTCA-1,SA535X7XB03305_AATGGCTAGCGAGTCA-1,SA535X7XB03305,E_J
.cache/SCRNA10X_SA_CHIP0184_001/filtered_feature_bc_matrix,AATTTCCTCCTACGGG-1,SA535X7XB03305_AATTTCCTCCTACGGG-1,SA535X7XB03305,A
.cache/SCRNA10X_SA_CHIP0184_001/filtered_feature_bc_matrix,ACACCAACAGGCGAAT-1,SA535X7XB03305_ACACCAACAGGCGAAT-1,SA535X7XB03305,E_J
.cache/SCRNA10X_SA_CHIP0184_001/filtered_feature_bc_matrix,ACACCAAGTAGTATAG-1,SA535X7XB03305_ACACCAAGTAGTATAG-1,SA535X7XB03305,E_J
.cache/SCRNA10X_SA_CHIP0184_001/filtered_feature_bc_matrix,ACAGCCGTCCGTGTCT-1,SA535X7XB03305_ACAGCCGTCCGTGTCT-1,SA535X7XB03305,A
.cache/SCRNA10X_SA_CHIP0184_001/filtered_feature_bc_matrix,ACAGGGATCGCCATAA-1,SA535X7XB03305_ACAGGGATCGCCATAA-1,SA535X7XB03305,E_J
.cache/SCRNA10X_SA_CHIP0184_001/filtered_feature_bc_matrix,ACATCGACATGGGCAA-1,SA535X7XB03305_ACATCGACATGGGCAA-1,SA535X7XB03305,E_J
.cache/SCRNA10X_SA_CHIP0184_001/filtered_feature_bc_matrix,ACATCGATCTGCACCT-1,SA535X7XB03305_ACATCGATCTGCACCT-1,SA535X7XB03305,A
.cache/SCRNA10X_SA_CHIP0184_001/filtered_feature_bc_matrix,ACATGCAAGATCGACG-1,SA535X7XB03305_ACATGCAAGATCGACG-1,SA535X7XB03305,A
.cache/SCRNA10X_SA_CHIP0184_001/filtered_feature_bc_matrix,ACCACAACACAACGTT-1,SA535X7XB03305_ACCACAACACAACGTT-1,SA535X7XB03305,G
.cache/SCRNA10X_SA_CHIP0184_001/filtered_feature_bc_matrix,ACGGGTCCATCTATCT-1,SA535X7XB03305_ACGGGTCCATCTATCT-1,SA535X7XB03305,E_J
.cache/SCRNA10X_SA_CHIP0184_001/filtered_feature_bc_matrix,ACGTACAAGCTCCATA-1,SA535X7XB03305_ACGTACAAGCTCCATA-1,SA535X7XB03305,E_J
.cache/SCRNA10X_SA_CHIP0184_001/filtered_feature_bc_matrix,ACGTCCTGTGGTCCGT-1,SA535X7XB03305_ACGTCCTGTGGTCCGT-1,SA535X7XB03305,G
.cache/SCRNA10X_SA_CHIP0184_001/filtered_feature_bc_matrix,ACTATGGCACTGCGAC-1,SA535X7XB03305_ACTATGGCACTGCGAC-1,SA535X7XB03305,E_J
.cache/SCRNA10X_SA_CHIP0184_001/filtered_feature_bc_matrix,ACTATGGGTCGAATTC-1,SA535X7XB03305_ACTATGGGTCGAATTC-1,SA535X7XB03305,E_J
.cache/SCRNA10X_SA_CHIP0184_001/filtered_feature_bc_matrix,ACTCCCACAAGTGCTT-1,SA535X7XB03305_ACTCCCACAAGTGCTT-1,SA535X7XB03305,E_J
.cache/SCRNA10X_SA_CHIP0184_001/filtered_feature_bc_matrix,ACTGCAACACCGCTGA-1,SA535X7XB03305_ACTGCAACACCGCTGA-1,SA535X7XB03305,A
.cache/SCRNA10X_SA_CHIP0184_001/filtered_feature_bc_matrix,ACTTCCGGTCTCAAGT-1,SA535X7XB03305_ACTTCCGGTCTCAAGT-1,SA535X7XB03305,G
.cache/SCRNA10X_SA_CHIP0184_001/filtered_feature_bc_matrix,ACTTTGTTCCACGTAA-1,SA535X7XB03305_ACTTTGTTCCACGTAA-1,SA535X7XB03305,A
.cache/SCRNA10X_SA_CHIP0184_001/filtered_feature_bc_matrix,AGAACCTCATTGGCAT-1,SA535X7XB03305_AGAACCTCATTGGCAT-1,SA535X7XB03305,G
.cache/SCRNA10X_SA_CHIP0184_001/filtered_feature_bc_matrix,AGACCATTCCGATTAG-1,SA535X7XB03305_AGACCATTCCGATTAG-1,SA535X7XB03305,E_J
.cache/SCRNA10X_SA_CHIP0184_001/filtered_feature_bc_matrix,AGAGAATAGCCTGCCA-1,SA535X7XB03305_AGAGAATAGCCTGCCA-1,SA535X7XB03305,G
.cache/SCRNA10X_SA_CHIP0184_001/filtered_feature_bc_matrix,AGAGCAGTCAGCATTG-1,SA535X7XB03305_AGAGCAGTCAGCATTG-1,SA535X7XB03305,G
.cache/SCRNA10X_SA_CHIP0184_001/filtered_feature_bc_matrix,AGAGCCCGTGGCCTCA-1,SA535X7XB03305_AGAGCCCGTGGCCTCA-1,SA535X7XB03305,F
.cache/SCRNA10X_SA_CHIP0184_001/filtered_feature_bc_matrix,AGCCACGTCAAGCCCG-1,SA535X7XB03305_AGCCACGTCAAGCCCG-1,SA535X7XB03305,E_J
.cache/SCRNA10X_SA_CHIP0184_001/filtered_feature_bc_matrix,AGGATCTAGAAGGATG-1,SA535X7XB03305_AGGATCTAGAAGGATG-1,SA535X7XB03305,A
.cache/SCRNA10X_SA_CHIP0184_001/filtered_feature_bc_matrix,AGGCATTGTACTGAGG-1,SA535X7XB03305_AGGCATTGTACTGAGG-1,SA535X7XB03305,E_J
.cache/SCRNA10X_SA_CHIP0184_001/filtered_feature_bc_matrix,AGGGTTTTCTAGTTCT-1,SA535X7XB03305_AGGGTTTTCTAGTTCT-1,SA535X7XB03305,E_J
.cache/SCRNA10X_SA_CHIP0184_001/filtered_feature_bc_matrix,AGGTTACAGGTAACTA-1,SA535X7XB03305_AGGTTACAGGTAACTA-1,SA535X7XB03305,G
.cache/SCRNA10X_SA_CHIP0184_001/filtered_feature_bc_matrix,AGTACCAAGCTGTGCC-1,SA535X7XB03305_AGTACCAAGCTGTGCC-1,SA535X7XB03305,A
.cache/SCRNA10X_SA_CHIP0184_001/filtered_feature_bc_matrix,AGTAGTCTCCCGGTAG-1,SA535X7XB03305_AGTAGTCTCCCGGTAG-1,SA535X7XB03305,E_J
.cache/SCRNA10X_SA_CHIP0184_001/filtered_feature_bc_matrix,AGTCACAAGCTGTGCC-1,SA535X7XB03305_AGTCACAAGCTGTGCC-1,SA535X7XB03305,E_J
.cache/SCRNA10X_SA_CHIP0184_001/filtered_feature_bc_matrix,AGTCACATCTGCGGCA-1,SA535X7XB03305_AGTCACATCTGCGGCA-1,SA535X7XB03305,G
.cache/SCRNA10X_SA_CHIP0184_001/filtered_feature_bc_matrix,ATACTTCGTGACCGAA-1,SA535X7XB03305_ATACTTCGTGACCGAA-1,SA535X7XB03305,A
.cache/SCRNA10X_SA_CHIP0184_001/filtered_feature_bc_matrix,ATACTTCTCTGCTTTA-1,SA535X7XB03305_ATACTTCTCTGCTTTA-1,SA535X7XB03305,A
.cache/SCRNA10X_SA_CHIP0184_001/filtered_feature_bc_matrix,ATATCCTGTAAGGAGA-1,SA535X7XB03305_ATATCCTGTAAGGAGA-1,SA535X7XB03305,G
.cache/SCRNA10X_SA_CHIP0184_001/filtered_feature_bc_matrix,ATCATTCGTGTCCGGT-1,SA535X7XB03305_ATCATTCGTGTCCGGT-1,SA535X7XB03305,G
.cache/SCRNA10X_SA_CHIP0184_001/filtered_feature_bc_matrix,ATCCACCAGTCATACC-1,SA535X7XB03305_ATCCACCAGTCATACC-1,SA535X7XB03305,E_J
.cache/SCRNA10X_SA_CHIP0184_001/filtered_feature_bc_matrix,ATCCATTAGGCGCTTC-1,SA535X7XB03305_ATCCATTAGGCGCTTC-1,SA535X7XB03305,E_J
.cache/SCRNA10X_SA_CHIP0184_001/filtered_feature_bc_matrix,ATCCCTGCAAACAGGC-1,SA535X7XB03305_ATCCCTGCAAACAGGC-1,SA535X7XB03305,E_J
.cache/SCRNA10X_SA_CHIP0184_001/filtered_feature_bc_matrix,ATGAGTCTCCGTGTAA-1,SA535X7XB03305_ATGAGTCTCCGTGTAA-1,SA535X7XB03305,E_J
.cache/SCRNA10X_SA_CHIP0184_001/filtered_feature_bc_matrix,ATGCGATAGCTTCGTA-1,SA535X7XB03305_ATGCGATAGCTTCGTA-1,SA535X7XB03305,E_J
.cache/SCRNA10X_SA_CHIP0184_001/filtered_feature_bc_matrix,ATGGATCAGGTTACAA-1,SA535X7XB03305_ATGGATCAGGTTACAA-1,SA535X7XB03305,F
.cache/SCRNA10X_SA_CHIP0184_001/filtered_feature_bc_matrix,ATGGTTGAGGAGAATG-1,SA535X7XB03305_ATGGTTGAGGAGAATG-1,SA535X7XB03305,E_J
.cache/SCRNA10X_SA_CHIP0184_001/filtered_feature_bc_matrix,ATGTCTTTCCAAGCCG-1,SA535X7XB03305_ATGTCTTTCCAAGCCG-1,SA535X7XB03305,E_J
.cache/SCRNA10X_SA_CHIP0184_001/filtered_feature_bc_matrix,ATTACCTAGCCTATCA-1,SA535X7XB03305_ATTACCTAGCCTATCA-1,SA535X7XB03305,E_J
.cache/SCRNA10X_SA_CHIP0184_001/filtered_feature_bc_matrix,ATTACTCAGTACAGAT-1,SA535X7XB03305_ATTACTCAGTACAGAT-1,SA535X7XB03305,E_J
.cache/SCRNA10X_SA_CHIP0184_001/filtered_feature_bc_matrix,ATTGGGTCAAATACAG-1,SA535X7XB03305_ATTGGGTCAAATACAG-1,SA535X7XB03305,E_J
.cache/SCRNA10X_SA_CHIP0184_001/filtered_feature_bc_matrix,CAAGCTAAGGAGTACC-1,SA535X7XB03305_CAAGCTAAGGAGTACC-1,SA535X7XB03305,A
.cache/SCRNA10X_SA_CHIP0184_001/filtered_feature_bc_matrix,CAATTTCCACGCTATA-1,SA535X7XB03305_CAATTTCCACGCTATA-1,SA535X7XB03305,E_J
.cache/SCRNA10X_SA_CHIP0184_001/filtered_feature_bc_matrix,CAATTTCGTGGACCAA-1,SA535X7XB03305_CAATTTCGTGGACCAA-1,SA535X7XB03305,E_J
.cache/SCRNA10X_SA_CHIP0184_001/filtered_feature_bc_matrix,CACACAAAGTGCAACG-1,SA535X7XB03305_CACACAAAGTGCAACG-1,SA535X7XB03305,F
.cache/SCRNA10X_SA_CHIP0184_001/filtered_feature_bc_matrix,CACACAATCGCGAAGA-1,SA535X7XB03305_CACACAATCGCGAAGA-1,SA535X7XB03305,E_J
.cache/SCRNA10X_SA_CHIP0184_001/filtered_feature_bc_matrix,CACAGATTCTGGGTCG-1,SA535X7XB03305_CACAGATTCTGGGTCG-1,SA535X7XB03305,F
.cache/SCRNA10X_SA_CHIP0184_001/filtered_feature_bc_matrix,CACCAAAGTCCTTGTC-1,SA535X7XB03305_CACCAAAGTCCTTGTC-1,SA535X7XB03305,G
.cache/SCRNA10X_SA_CHIP0184_001/filtered_feature_bc_matrix,CACGGGTCAGCGGTCT-1,SA535X7XB03305_CACGGGTCAGCGGTCT-1,SA535X7XB03305,E_J
.cache/SCRNA10X_SA_CHIP0184_001/filtered_feature_bc_matrix,CACGTGGTCAAGAGGC-1,SA535X7XB03305_CACGTGGTCAAGAGGC-1,SA535X7XB03305,F
.cache/SCRNA10X_SA_CHIP0184_001/filtered_feature_bc_matrix,CACGTTCCAGACCAGA-1,SA535X7XB03305_CACGTTCCAGACCAGA-1,SA535X7XB03305,E_J
.cache/SCRNA10X_SA_CHIP0184_001/filtered_feature_bc_matrix,CACTTCGCAGCCCACA-1,SA535X7XB03305_CACTTCGCAGCCCACA-1,SA535X7XB03305,E_J
.cache/SCRNA10X_SA_CHIP0184_001/filtered_feature_bc_matrix,CAGCAGCAGTCATGAA-1,SA535X7XB03305_CAGCAGCAGTCATGAA-1,SA535X7XB03305,F
.cache/SCRNA10X_SA_CHIP0184_001/filtered_feature_bc_matrix,CAGTTAGAGGGCCCTT-1,SA535X7XB03305_CAGTTAGAGGGCCCTT-1,SA535X7XB03305,E_J
.cache/SCRNA10X_SA_CHIP0184_001/filtered_feature_bc_matrix,CAGTTCCTCACTACGA-1,SA535X7XB03305_CAGTTCCTCACTACGA-1,SA535X7XB03305,E_J
.cache/SCRNA10X_SA_CHIP0184_001/filtered_feature_bc_matrix,CATAGACAGATACGAT-1,SA535X7XB03305_CATAGACAGATACGAT-1,SA535X7XB03305,E_J
.cache/SCRNA10X_SA_CHIP0184_001/filtered_feature_bc_matrix,CATCCGTAGCAGCCCT-1,SA535X7XB03305_CATCCGTAGCAGCCCT-1,SA535X7XB03305,E_J
.cache/SCRNA10X_SA_CHIP0184_001/filtered_feature_bc_matrix,CATGCGGTCCTTGAAG-1,SA535X7XB03305_CATGCGGTCCTTGAAG-1,SA535X7XB03305,A
.cache/SCRNA10X_SA_CHIP0184_001/filtered_feature_bc_matrix,CATGCGGTCGTTTACT-1,SA535X7XB03305_CATGCGGTCGTTTACT-1,SA535X7XB03305,G
.cache/SCRNA10X_SA_CHIP0184_001/filtered_feature_bc_matrix,CATGCTCCACCATATG-1,SA535X7XB03305_CATGCTCCACCATATG-1,SA535X7XB03305,A
.cache/SCRNA10X_SA_CHIP0184_001/filtered_feature_bc_matrix,CATGCTCTCGTGGTAT-1,SA535X7XB03305_CATGCTCTCGTGGTAT-1,SA535X7XB03305,G
.cache/SCRNA10X_SA_CHIP0184_001/filtered_feature_bc_matrix,CCACACTGTACGTGAG-1,SA535X7XB03305_CCACACTGTACGTGAG-1,SA535X7XB03305,E_J
.cache/SCRNA10X_SA_CHIP0184_001/filtered_feature_bc_matrix,CCACGAGCAAGTGGTG-1,SA535X7XB03305_CCACGAGCAAGTGGTG-1,SA535X7XB03305,A
.cache/SCRNA10X_SA_CHIP0184_001/filtered_feature_bc_matrix,CCCAACTGTCCCGGTA-1,SA535X7XB03305_CCCAACTGTCCCGGTA-1,SA535X7XB03305,F
.cache/SCRNA10X_SA_CHIP0184_001/filtered_feature_bc_matrix,CCGATCTGTCACCTTC-1,SA535X7XB03305_CCGATCTGTCACCTTC-1,SA535X7XB03305,E_J
.cache/SCRNA10X_SA_CHIP0184_001/filtered_feature_bc_matrix,CCGATGGTCGTTACCC-1,SA535X7XB03305_CCGATGGTCGTTACCC-1,SA535X7XB03305,G
.cache/SCRNA10X_SA_CHIP0184_001/filtered_feature_bc_matrix,CCGGTGACAGTAGATA-1,SA535X7XB03305_CCGGTGACAGTAGATA-1,SA535X7XB03305,F
.cache/SCRNA10X_SA_CHIP0184_001/filtered_feature_bc_matrix,CCGTGAGAGGGATGTC-1,SA535X7XB03305_CCGTGAGAGGGATGTC-1,SA535X7XB03305,G
.cache/SCRNA10X_SA_CHIP0184_001/filtered_feature_bc_matrix,CCTATCGCACTAACCA-1,SA535X7XB03305_CCTATCGCACTAACCA-1,SA535X7XB03305,E_J
.cache/SCRNA10X_SA_CHIP0184_001/filtered_feature_bc_matrix,CCTATCGGTTAGGACG-1,SA535X7XB03305_CCTATCGGTTAGGACG-1,SA535X7XB03305,G
.cache/SCRNA10X_SA_CHIP0184_001/filtered_feature_bc_matrix,CCTCAGTTCATCGCTC-1,SA535X7XB03305_CCTCAGTTCATCGCTC-1,SA535X7XB03305,E_J
.cache/SCRNA10X_SA_CHIP0184_001/filtered_feature_bc_matrix,CCTCCTCCAGGACTAG-1,SA535X7XB03305_CCTCCTCCAGGACTAG-1,SA535X7XB03305,unassigned
.cache/SCRNA10X_SA_CHIP0184_001/filtered_feature_bc_matrix,CCTCTAGAGCTCGCAC-1,SA535X7XB03305_CCTCTAGAGCTCGCAC-1,SA535X7XB03305,G
.cache/SCRNA10X_SA_CHIP0184_001/filtered_feature_bc_matrix,CCTCTCCGTGTTACAC-1,SA535X7XB03305_CCTCTCCGTGTTACAC-1,SA535X7XB03305,E_J
.cache/SCRNA10X_SA_CHIP0184_001/filtered_feature_bc_matrix,CGAATTGGTTGAGTCT-1,SA535X7XB03305_CGAATTGGTTGAGTCT-1,SA535X7XB03305,E_J
.cache/SCRNA10X_SA_CHIP0184_001/filtered_feature_bc_matrix,CGAGGCTTCTACTTCA-1,SA535X7XB03305_CGAGGCTTCTACTTCA-1,SA535X7XB03305,E_J
.cache/SCRNA10X_SA_CHIP0184_001/filtered_feature_bc_matrix,CGAGTTAAGAATACAC-1,SA535X7XB03305_CGAGTTAAGAATACAC-1,SA535X7XB03305,E_J
.cache/SCRNA10X_SA_CHIP0184_001/filtered_feature_bc_matrix,CGATGCGTCTCGCAGG-1,SA535X7XB03305_CGATGCGTCTCGCAGG-1,SA535X7XB03305,E_J
.cache/SCRNA10X_SA_CHIP0184_001/filtered_feature_bc_matrix,CGCATGGAGCGAGTAC-1,SA535X7XB03305_CGCATGGAGCGAGTAC-1,SA535X7XB03305,E_J
.cache/SCRNA10X_SA_CHIP0184_001/filtered_feature_bc_matrix,CGCCAGACACAGTCCG-1,SA535X7XB03305_CGCCAGACACAGTCCG-1,SA535X7XB03305,E_J
.cache/SCRNA10X_SA_CHIP0184_001/filtered_feature_bc_matrix,CGGACACCAAATAGCA-1,SA535X7XB03305_CGGACACCAAATAGCA-1,SA535X7XB03305,G
.cache/SCRNA10X_SA_CHIP0184_001/filtered_feature_bc_matrix,CGGGACTAGACGTCGA-1,SA535X7XB03305_CGGGACTAGACGTCGA-1,SA535X7XB03305,A
.cache/SCRNA10X_SA_CHIP0184_001/filtered_feature_bc_matrix,CGGGTCATCATATGGC-1,SA535X7XB03305_CGGGTCATCATATGGC-1,SA535X7XB03305,E_J
.cache/SCRNA10X_SA_CHIP0184_001/filtered_feature_bc_matrix,CGTAAGTAGTGCGTCC-1,SA535X7XB03305_CGTAAGTAGTGCGTCC-1,SA535X7XB03305,A
.cache/SCRNA10X_SA_CHIP0184_001/filtered_feature_bc_matrix,CGTTCTGCACCTGCGA-1,SA535X7XB03305_CGTTCTGCACCTGCGA-1,SA535X7XB03305,A
.cache/SCRNA10X_SA_CHIP0184_001/filtered_feature_bc_matrix,CTAACCCGTCTTCGAA-1,SA535X7XB03305_CTAACCCGTCTTCGAA-1,SA535X7XB03305,F
.cache/SCRNA10X_SA_CHIP0184_001/filtered_feature_bc_matrix,CTACCTGCATTGAGCT-1,SA535X7XB03305_CTACCTGCATTGAGCT-1,SA535X7XB03305,E_J
.cache/SCRNA10X_SA_CHIP0184_001/filtered_feature_bc_matrix,CTACGGGCAAGATCCT-1,SA535X7XB03305_CTACGGGCAAGATCCT-1,SA535X7XB03305,A
.cache/SCRNA10X_SA_CHIP0184_001/filtered_feature_bc_matrix,CTATAGGCAACAGATA-1,SA535X7XB03305_CTATAGGCAACAGATA-1,SA535X7XB03305,F
.cache/SCRNA10X_SA_CHIP0184_001/filtered_feature_bc_matrix,CTCAGGGGTCATCGCG-1,SA535X7XB03305_CTCAGGGGTCATCGCG-1,SA535X7XB03305,E_J
.cache/SCRNA10X_SA_CHIP0184_001/filtered_feature_bc_matrix,CTCATCGGTTGCCAAT-1,SA535X7XB03305_CTCATCGGTTGCCAAT-1,SA535X7XB03305,A
.cache/SCRNA10X_SA_CHIP0184_001/filtered_feature_bc_matrix,CTCTGGTGTGAGTTTC-1,SA535X7XB03305_CTCTGGTGTGAGTTTC-1,SA535X7XB03305,G
.cache/SCRNA10X_SA_CHIP0184_001/filtered_feature_bc_matrix,CTGATCCTCAACGTGT-1,SA535X7XB03305_CTGATCCTCAACGTGT-1,SA535X7XB03305,G
.cache/SCRNA10X_SA_CHIP0184_001/filtered_feature_bc_matrix,CTGCAGGGTATGCGGA-1,SA535X7XB03305_CTGCAGGGTATGCGGA-1,SA535X7XB03305,E_J
.cache/SCRNA10X_SA_CHIP0184_001/filtered_feature_bc_matrix,CTGCTCAGTGTATACC-1,SA535X7XB03305_CTGCTCAGTGTATACC-1,SA535X7XB03305,E_J
.cache/SCRNA10X_SA_CHIP0184_001/filtered_feature_bc_matrix,CTGGCAGAGATGACAT-1,SA535X7XB03305_CTGGCAGAGATGACAT-1,SA535X7XB03305,E_J
.cache/SCRNA10X_SA_CHIP0184_001/filtered_feature_bc_matrix,CTGGCAGAGGAGAATG-1,SA535X7XB03305_CTGGCAGAGGAGAATG-1,SA535X7XB03305,A
.cache/SCRNA10X_SA_CHIP0184_001/filtered_feature_bc_matrix,CTGTAGAAGCGACAGT-1,SA535X7XB03305_CTGTAGAAGCGACAGT-1,SA535X7XB03305,E_J
.cache/SCRNA10X_SA_CHIP0184_001/filtered_feature_bc_matrix,CTGTAGATCCCTGTTG-1,SA535X7XB03305_CTGTAGATCCCTGTTG-1,SA535X7XB03305,A
.cache/SCRNA10X_SA_CHIP0184_001/filtered_feature_bc_matrix,CTGTATTGTACGATCT-1,SA535X7XB03305_CTGTATTGTACGATCT-1,SA535X7XB03305,E_J
.cache/SCRNA10X_SA_CHIP0184_001/filtered_feature_bc_matrix,CTTCAATTCTGCCTGT-1,SA535X7XB03305_CTTCAATTCTGCCTGT-1,SA535X7XB03305,E_J
.cache/SCRNA10X_SA_CHIP0184_001/filtered_feature_bc_matrix,CTTTCGGCAGGTCAGA-1,SA535X7XB03305_CTTTCGGCAGGTCAGA-1,SA535X7XB03305,E_J
.cache/SCRNA10X_SA_CHIP0184_001/filtered_feature_bc_matrix,CTTTCGGGTCGTGGTC-1,SA535X7XB03305_CTTTCGGGTCGTGGTC-1,SA535X7XB03305,E_J
.cache/SCRNA10X_SA_CHIP0184_001/filtered_feature_bc_matrix,CTTTCGGGTTACAGCT-1,SA535X7XB03305_CTTTCGGGTTACAGCT-1,SA535X7XB03305,E_J
.cache/SCRNA10X_SA_CHIP0184_001/filtered_feature_bc_matrix,CTTTCGGGTTCGTACA-1,SA535X7XB03305_CTTTCGGGTTCGTACA-1,SA535X7XB03305,E_J
.cache/SCRNA10X_SA_CHIP0184_001/filtered_feature_bc_matrix,CTTTCGGTCCTTGAAG-1,SA535X7XB03305_CTTTCGGTCCTTGAAG-1,SA535X7XB03305,A
.cache/SCRNA10X_SA_CHIP0184_001/filtered_feature_bc_matrix,GAAATGAAGAAAGTCT-1,SA535X7XB03305_GAAATGAAGAAAGTCT-1,SA535X7XB03305,G
.cache/SCRNA10X_SA_CHIP0184_001/filtered_feature_bc_matrix,GAATAGAAGGTCATTC-1,SA535X7XB03305_GAATAGAAGGTCATTC-1,SA535X7XB03305,E_J
.cache/SCRNA10X_SA_CHIP0184_001/filtered_feature_bc_matrix,GAATCACAGTGATAAC-1,SA535X7XB03305_GAATCACAGTGATAAC-1,SA535X7XB03305,E_J
.cache/SCRNA10X_SA_CHIP0184_001/filtered_feature_bc_matrix,GAATCGTGTAACAAGT-1,SA535X7XB03305_GAATCGTGTAACAAGT-1,SA535X7XB03305,E_J
.cache/SCRNA10X_SA_CHIP0184_001/filtered_feature_bc_matrix,GAATCGTTCAGCTTCC-1,SA535X7XB03305_GAATCGTTCAGCTTCC-1,SA535X7XB03305,G
.cache/SCRNA10X_SA_CHIP0184_001/filtered_feature_bc_matrix,GACACGCAGACGGTCA-1,SA535X7XB03305_GACACGCAGACGGTCA-1,SA535X7XB03305,A
.cache/SCRNA10X_SA_CHIP0184_001/filtered_feature_bc_matrix,GACATCACAATTGCCA-1,SA535X7XB03305_GACATCACAATTGCCA-1,SA535X7XB03305,G
.cache/SCRNA10X_SA_CHIP0184_001/filtered_feature_bc_matrix,GACATCACAGAGGCTA-1,SA535X7XB03305_GACATCACAGAGGCTA-1,SA535X7XB03305,unassigned
.cache/SCRNA10X_SA_CHIP0184_001/filtered_feature_bc_matrix,GACATCACAGTTACCA-1,SA535X7XB03305_GACATCACAGTTACCA-1,SA535X7XB03305,F
.cache/SCRNA10X_SA_CHIP0184_001/filtered_feature_bc_matrix,GAGACCCTCAAGCCCG-1,SA535X7XB03305_GAGACCCTCAAGCCCG-1,SA535X7XB03305,G
.cache/SCRNA10X_SA_CHIP0184_001/filtered_feature_bc_matrix,GAGATGGCAACTGTGT-1,SA535X7XB03305_GAGATGGCAACTGTGT-1,SA535X7XB03305,E_J
.cache/SCRNA10X_SA_CHIP0184_001/filtered_feature_bc_matrix,GAGGCCTTCTGATTCT-1,SA535X7XB03305_GAGGCCTTCTGATTCT-1,SA535X7XB03305,A
.cache/SCRNA10X_SA_CHIP0184_001/filtered_feature_bc_matrix,GAGTTACAGTTTCGGT-1,SA535X7XB03305_GAGTTACAGTTTCGGT-1,SA535X7XB03305,E_J
.cache/SCRNA10X_SA_CHIP0184_001/filtered_feature_bc_matrix,GATCATGAGGATTTGA-1,SA535X7XB03305_GATCATGAGGATTTGA-1,SA535X7XB03305,E_J
.cache/SCRNA10X_SA_CHIP0184_001/filtered_feature_bc_matrix,GATCCCTAGCGACTTT-1,SA535X7XB03305_GATCCCTAGCGACTTT-1,SA535X7XB03305,E_J
.cache/SCRNA10X_SA_CHIP0184_001/filtered_feature_bc_matrix,GATCCCTCATTCTTCA-1,SA535X7XB03305_GATCCCTCATTCTTCA-1,SA535X7XB03305,G
.cache/SCRNA10X_SA_CHIP0184_001/filtered_feature_bc_matrix,GATTTCTTCACGGACC-1,SA535X7XB03305_GATTTCTTCACGGACC-1,SA535X7XB03305,A
.cache/SCRNA10X_SA_CHIP0184_001/filtered_feature_bc_matrix,GCAACATAGGAACTAT-1,SA535X7XB03305_GCAACATAGGAACTAT-1,SA535X7XB03305,E_J
.cache/SCRNA10X_SA_CHIP0184_001/filtered_feature_bc_matrix,GCACATATCCATAGGT-1,SA535X7XB03305_GCACATATCCATAGGT-1,SA535X7XB03305,unassigned
.cache/SCRNA10X_SA_CHIP0184_001/filtered_feature_bc_matrix,GCACGGTGTCTACGTA-1,SA535X7XB03305_GCACGGTGTCTACGTA-1,SA535X7XB03305,A
.cache/SCRNA10X_SA_CHIP0184_001/filtered_feature_bc_matrix,GCACGGTTCACCGACG-1,SA535X7XB03305_GCACGGTTCACCGACG-1,SA535X7XB03305,E_J
.cache/SCRNA10X_SA_CHIP0184_001/filtered_feature_bc_matrix,GCATGATGTCATCCCT-1,SA535X7XB03305_GCATGATGTCATCCCT-1,SA535X7XB03305,E_J
.cache/SCRNA10X_SA_CHIP0184_001/filtered_feature_bc_matrix,GCCAACGCATATGAAG-1,SA535X7XB03305_GCCAACGCATATGAAG-1,SA535X7XB03305,E_J
.cache/SCRNA10X_SA_CHIP0184_001/filtered_feature_bc_matrix,GCCATGGTCAGCGGAA-1,SA535X7XB03305_GCCATGGTCAGCGGAA-1,SA535X7XB03305,A
.cache/SCRNA10X_SA_CHIP0184_001/filtered_feature_bc_matrix,GCCATGGTCCACGTCT-1,SA535X7XB03305_GCCATGGTCCACGTCT-1,SA535X7XB03305,F
.cache/SCRNA10X_SA_CHIP0184_001/filtered_feature_bc_matrix,GCCGATGGTTCTCAGA-1,SA535X7XB03305_GCCGATGGTTCTCAGA-1,SA535X7XB03305,A
.cache/SCRNA10X_SA_CHIP0184_001/filtered_feature_bc_matrix,GCGGAAACAAAGGATT-1,SA535X7XB03305_GCGGAAACAAAGGATT-1,SA535X7XB03305,A
.cache/SCRNA10X_SA_CHIP0184_001/filtered_feature_bc_matrix,GCGGATCGTCATGGCC-1,SA535X7XB03305_GCGGATCGTCATGGCC-1,SA535X7XB03305,E_J
.cache/SCRNA10X_SA_CHIP0184_001/filtered_feature_bc_matrix,GCTACAAGTTTACTGG-1,SA535X7XB03305_GCTACAAGTTTACTGG-1,SA535X7XB03305,G
.cache/SCRNA10X_SA_CHIP0184_001/filtered_feature_bc_matrix,GCTACAATCCATCCGT-1,SA535X7XB03305_GCTACAATCCATCCGT-1,SA535X7XB03305,E_J
.cache/SCRNA10X_SA_CHIP0184_001/filtered_feature_bc_matrix,GCTGAATCACGTACTA-1,SA535X7XB03305_GCTGAATCACGTACTA-1,SA535X7XB03305,E_J
.cache/SCRNA10X_SA_CHIP0184_001/filtered_feature_bc_matrix,GCTGCAGCAACCAATC-1,SA535X7XB03305_GCTGCAGCAACCAATC-1,SA535X7XB03305,G
.cache/SCRNA10X_SA_CHIP0184_001/filtered_feature_bc_matrix,GCTTTCGCAAAGACTA-1,SA535X7XB03305_GCTTTCGCAAAGACTA-1,SA535X7XB03305,E_J
.cache/SCRNA10X_SA_CHIP0184_001/filtered_feature_bc_matrix,GCTTTCGCACGCCACA-1,SA535X7XB03305_GCTTTCGCACGCCACA-1,SA535X7XB03305,G
.cache/SCRNA10X_SA_CHIP0184_001/filtered_feature_bc_matrix,GGAATCTTCTCCTGCA-1,SA535X7XB03305_GGAATCTTCTCCTGCA-1,SA535X7XB03305,A
.cache/SCRNA10X_SA_CHIP0184_001/filtered_feature_bc_matrix,GGAGCAAAGGATTTCC-1,SA535X7XB03305_GGAGCAAAGGATTTCC-1,SA535X7XB03305,E_J
.cache/SCRNA10X_SA_CHIP0184_001/filtered_feature_bc_matrix,GGCTTGGCATTCACAG-1,SA535X7XB03305_GGCTTGGCATTCACAG-1,SA535X7XB03305,E_J
.cache/SCRNA10X_SA_CHIP0184_001/filtered_feature_bc_matrix,GGGAAGTTCCTAGCCT-1,SA535X7XB03305_GGGAAGTTCCTAGCCT-1,SA535X7XB03305,G
.cache/SCRNA10X_SA_CHIP0184_001/filtered_feature_bc_matrix,GGGACCTTCATGCCCT-1,SA535X7XB03305_GGGACCTTCATGCCCT-1,SA535X7XB03305,A
.cache/SCRNA10X_SA_CHIP0184_001/filtered_feature_bc_matrix,GGGAGATTCGCACGAC-1,SA535X7XB03305_GGGAGATTCGCACGAC-1,SA535X7XB03305,E_J
.cache/SCRNA10X_SA_CHIP0184_001/filtered_feature_bc_matrix,GGGTAGATCAGGGTAG-1,SA535X7XB03305_GGGTAGATCAGGGTAG-1,SA535X7XB03305,A
.cache/SCRNA10X_SA_CHIP0184_001/filtered_feature_bc_matrix,GGGTCACAGGTAAAGG-1,SA535X7XB03305_GGGTCACAGGTAAAGG-1,SA535X7XB03305,E_J
.cache/SCRNA10X_SA_CHIP0184_001/filtered_feature_bc_matrix,GGGTCTGTCGCGTCGA-1,SA535X7XB03305_GGGTCTGTCGCGTCGA-1,SA535X7XB03305,F
.cache/SCRNA10X_SA_CHIP0184_001/filtered_feature_bc_matrix,GGGTGTCAGGCTCTAT-1,SA535X7XB03305_GGGTGTCAGGCTCTAT-1,SA535X7XB03305,E_J
.cache/SCRNA10X_SA_CHIP0184_001/filtered_feature_bc_matrix,GGGTGTCGTCATCTAG-1,SA535X7XB03305_GGGTGTCGTCATCTAG-1,SA535X7XB03305,A
.cache/SCRNA10X_SA_CHIP0184_001/filtered_feature_bc_matrix,GGTAACTGTTTACGAC-1,SA535X7XB03305_GGTAACTGTTTACGAC-1,SA535X7XB03305,E_J
.cache/SCRNA10X_SA_CHIP0184_001/filtered_feature_bc_matrix,GGTAGAGAGCCAGTAG-1,SA535X7XB03305_GGTAGAGAGCCAGTAG-1,SA535X7XB03305,E_J
.cache/SCRNA10X_SA_CHIP0184_001/filtered_feature_bc_matrix,GGTCACGCAGTAACCT-1,SA535X7XB03305_GGTCACGCAGTAACCT-1,SA535X7XB03305,A
.cache/SCRNA10X_SA_CHIP0184_001/filtered_feature_bc_matrix,GGTGGCTCAGGTCAAG-1,SA535X7XB03305_GGTGGCTCAGGTCAAG-1,SA535X7XB03305,G
.cache/SCRNA10X_SA_CHIP0184_001/filtered_feature_bc_matrix,GTAATCGTCATGTCAG-1,SA535X7XB03305_GTAATCGTCATGTCAG-1,SA535X7XB03305,F
.cache/SCRNA10X_SA_CHIP0184_001/filtered_feature_bc_matrix,GTAGAAATCGGTCGAC-1,SA535X7XB03305_GTAGAAATCGGTCGAC-1,SA535X7XB03305,A
.cache/SCRNA10X_SA_CHIP0184_001/filtered_feature_bc_matrix,GTAGAGGAGTTGTAGA-1,SA535X7XB03305_GTAGAGGAGTTGTAGA-1,SA535X7XB03305,unassigned
.cache/SCRNA10X_SA_CHIP0184_001/filtered_feature_bc_matrix,GTAGAGGCATTGAGCT-1,SA535X7XB03305_GTAGAGGCATTGAGCT-1,SA535X7XB03305,E_J
.cache/SCRNA10X_SA_CHIP0184_001/filtered_feature_bc_matrix,GTAGAGGGTAGCACGA-1,SA535X7XB03305_GTAGAGGGTAGCACGA-1,SA535X7XB03305,F
.cache/SCRNA10X_SA_CHIP0184_001/filtered_feature_bc_matrix,GTAGAGGGTCAAAGTA-1,SA535X7XB03305_GTAGAGGGTCAAAGTA-1,SA535X7XB03305,A
.cache/SCRNA10X_SA_CHIP0184_001/filtered_feature_bc_matrix,GTAGTACAGTAGAATC-1,SA535X7XB03305_GTAGTACAGTAGAATC-1,SA535X7XB03305,G
.cache/SCRNA10X_SA_CHIP0184_001/filtered_feature_bc_matrix,GTATTGGCAAGGGCAT-1,SA535X7XB03305_GTATTGGCAAGGGCAT-1,SA535X7XB03305,E_J
.cache/SCRNA10X_SA_CHIP0184_001/filtered_feature_bc_matrix,GTATTGGTCAAACCTG-1,SA535X7XB03305_GTATTGGTCAAACCTG-1,SA535X7XB03305,A
.cache/SCRNA10X_SA_CHIP0184_001/filtered_feature_bc_matrix,GTATTTCGTAGGTGCA-1,SA535X7XB03305_GTATTTCGTAGGTGCA-1,SA535X7XB03305,E_J
.cache/SCRNA10X_SA_CHIP0184_001/filtered_feature_bc_matrix,GTCAAACGTTCAAACC-1,SA535X7XB03305_GTCAAACGTTCAAACC-1,SA535X7XB03305,E_J
.cache/SCRNA10X_SA_CHIP0184_001/filtered_feature_bc_matrix,GTCCACTAGGCAATGC-1,SA535X7XB03305_GTCCACTAGGCAATGC-1,SA535X7XB03305,unassigned
.cache/SCRNA10X_SA_CHIP0184_001/filtered_feature_bc_matrix,GTCTAGACAGGCGTTC-1,SA535X7XB03305_GTCTAGACAGGCGTTC-1,SA535X7XB03305,G
.cache/SCRNA10X_SA_CHIP0184_001/filtered_feature_bc_matrix,GTGACGCCAGAGAGGG-1,SA535X7XB03305_GTGACGCCAGAGAGGG-1,SA535X7XB03305,F
.cache/SCRNA10X_SA_CHIP0184_001/filtered_feature_bc_matrix,GTGAGGAGTGACAGCA-1,SA535X7XB03305_GTGAGGAGTGACAGCA-1,SA535X7XB03305,E_J
.cache/SCRNA10X_SA_CHIP0184_001/filtered_feature_bc_matrix,GTGCACGTCGTTAGAC-1,SA535X7XB03305_GTGCACGTCGTTAGAC-1,SA535X7XB03305,G
.cache/SCRNA10X_SA_CHIP0184_001/filtered_feature_bc_matrix,GTGGAAGGTGTACAGG-1,SA535X7XB03305_GTGGAAGGTGTACAGG-1,SA535X7XB03305,G
.cache/SCRNA10X_SA_CHIP0184_001/filtered_feature_bc_matrix,GTGGCGTCACATGACT-1,SA535X7XB03305_GTGGCGTCACATGACT-1,SA535X7XB03305,E_J
.cache/SCRNA10X_SA_CHIP0184_001/filtered_feature_bc_matrix,GTGTCCTGTTGTCATG-1,SA535X7XB03305_GTGTCCTGTTGTCATG-1,SA535X7XB03305,E_J
.cache/SCRNA10X_SA_CHIP0184_001/filtered_feature_bc_matrix,GTGTGGCTCAGCGCGT-1,SA535X7XB03305_GTGTGGCTCAGCGCGT-1,SA535X7XB03305,F
.cache/SCRNA10X_SA_CHIP0184_001/filtered_feature_bc_matrix,GTGTTAGCACCAAAGG-1,SA535X7XB03305_GTGTTAGCACCAAAGG-1,SA535X7XB03305,A
.cache/SCRNA10X_SA_CHIP0184_001/filtered_feature_bc_matrix,GTGTTAGTCTGGTGCG-1,SA535X7XB03305_GTGTTAGTCTGGTGCG-1,SA535X7XB03305,G
.cache/SCRNA10X_SA_CHIP0184_001/filtered_feature_bc_matrix,GTTACGATCACTGGGC-1,SA535X7XB03305_GTTACGATCACTGGGC-1,SA535X7XB03305,E_J
.cache/SCRNA10X_SA_CHIP0184_001/filtered_feature_bc_matrix,GTTACGATCGGTCTGG-1,SA535X7XB03305_GTTACGATCGGTCTGG-1,SA535X7XB03305,G
.cache/SCRNA10X_SA_CHIP0184_001/filtered_feature_bc_matrix,GTTAGACAGCCGATAG-1,SA535X7XB03305_GTTAGACAGCCGATAG-1,SA535X7XB03305,A
.cache/SCRNA10X_SA_CHIP0184_001/filtered_feature_bc_matrix,GTTAGACCACCTGCGA-1,SA535X7XB03305_GTTAGACCACCTGCGA-1,SA535X7XB03305,F
.cache/SCRNA10X_SA_CHIP0184_001/filtered_feature_bc_matrix,GTTAGTGGTCTCACGG-1,SA535X7XB03305_GTTAGTGGTCTCACGG-1,SA535X7XB03305,E_J
.cache/SCRNA10X_SA_CHIP0184_001/filtered_feature_bc_matrix,GTTCCGTCAACCGATT-1,SA535X7XB03305_GTTCCGTCAACCGATT-1,SA535X7XB03305,E_J
.cache/SCRNA10X_SA_CHIP0184_001/filtered_feature_bc_matrix,GTTGTAGTCGTTCTAT-1,SA535X7XB03305_GTTGTAGTCGTTCTAT-1,SA535X7XB03305,E_J
.cache/SCRNA10X_SA_CHIP0184_001/filtered_feature_bc_matrix,GTTGTCCAGCGCCTAC-1,SA535X7XB03305_GTTGTCCAGCGCCTAC-1,SA535X7XB03305,F
.cache/SCRNA10X_SA_CHIP0184_001/filtered_feature_bc_matrix,TAATTCCGTCGCTTGG-1,SA535X7XB03305_TAATTCCGTCGCTTGG-1,SA535X7XB03305,F
.cache/SCRNA10X_SA_CHIP0184_001/filtered_feature_bc_matrix,TACATTCTCGGTAAGG-1,SA535X7XB03305_TACATTCTCGGTAAGG-1,SA535X7XB03305,E_J
.cache/SCRNA10X_SA_CHIP0184_001/filtered_feature_bc_matrix,TACATTCTCTCGACGG-1,SA535X7XB03305_TACATTCTCTCGACGG-1,SA535X7XB03305,E_J
.cache/SCRNA10X_SA_CHIP0184_001/filtered_feature_bc_matrix,TACGGTATCAGTGTGT-1,SA535X7XB03305_TACGGTATCAGTGTGT-1,SA535X7XB03305,E_J
.cache/SCRNA10X_SA_CHIP0184_001/filtered_feature_bc_matrix,TACGTCCCAGATTTCG-1,SA535X7XB03305_TACGTCCCAGATTTCG-1,SA535X7XB03305,E_J
.cache/SCRNA10X_SA_CHIP0184_001/filtered_feature_bc_matrix,TACGTCCGTCCACGCA-1,SA535X7XB03305_TACGTCCGTCCACGCA-1,SA535X7XB03305,E_J
.cache/SCRNA10X_SA_CHIP0184_001/filtered_feature_bc_matrix,TACTTCATCAGTGATC-1,SA535X7XB03305_TACTTCATCAGTGATC-1,SA535X7XB03305,E_J
.cache/SCRNA10X_SA_CHIP0184_001/filtered_feature_bc_matrix,TACTTGTCACCTATCC-1,SA535X7XB03305_TACTTGTCACCTATCC-1,SA535X7XB03305,F
.cache/SCRNA10X_SA_CHIP0184_001/filtered_feature_bc_matrix,TAGACCACAACTCATG-1,SA535X7XB03305_TAGACCACAACTCATG-1,SA535X7XB03305,E_J
.cache/SCRNA10X_SA_CHIP0184_001/filtered_feature_bc_matrix,TAGCACATCGCCAGAC-1,SA535X7XB03305_TAGCACATCGCCAGAC-1,SA535X7XB03305,A
.cache/SCRNA10X_SA_CHIP0184_001/filtered_feature_bc_matrix,TAGGAGGCAGTCGCTG-1,SA535X7XB03305_TAGGAGGCAGTCGCTG-1,SA535X7XB03305,E_J
.cache/SCRNA10X_SA_CHIP0184_001/filtered_feature_bc_matrix,TAGGAGGGTTCTCCCA-1,SA535X7XB03305_TAGGAGGGTTCTCCCA-1,SA535X7XB03305,A
.cache/SCRNA10X_SA_CHIP0184_001/filtered_feature_bc_matrix,TAGGGTTCAATTCACG-1,SA535X7XB03305_TAGGGTTCAATTCACG-1,SA535X7XB03305,G
.cache/SCRNA10X_SA_CHIP0184_001/filtered_feature_bc_matrix,TATACCTAGGGAGGCA-1,SA535X7XB03305_TATACCTAGGGAGGCA-1,SA535X7XB03305,G
.cache/SCRNA10X_SA_CHIP0184_001/filtered_feature_bc_matrix,TATACCTGTATCTCGA-1,SA535X7XB03305_TATACCTGTATCTCGA-1,SA535X7XB03305,E_J
.cache/SCRNA10X_SA_CHIP0184_001/filtered_feature_bc_matrix,TATCAGGCAAGAGGCT-1,SA535X7XB03305_TATCAGGCAAGAGGCT-1,SA535X7XB03305,A
.cache/SCRNA10X_SA_CHIP0184_001/filtered_feature_bc_matrix,TATGTTCGTCGAGTGA-1,SA535X7XB03305_TATGTTCGTCGAGTGA-1,SA535X7XB03305,E_J
.cache/SCRNA10X_SA_CHIP0184_001/filtered_feature_bc_matrix,TATTCCATCGCTGACG-1,SA535X7XB03305_TATTCCATCGCTGACG-1,SA535X7XB03305,E_J
.cache/SCRNA10X_SA_CHIP0184_001/filtered_feature_bc_matrix,TCAAGACGTAGCTTGT-1,SA535X7XB03305_TCAAGACGTAGCTTGT-1,SA535X7XB03305,E_J
.cache/SCRNA10X_SA_CHIP0184_001/filtered_feature_bc_matrix,TCAAGCAAGTTCCTGA-1,SA535X7XB03305_TCAAGCAAGTTCCTGA-1,SA535X7XB03305,G
.cache/SCRNA10X_SA_CHIP0184_001/filtered_feature_bc_matrix,TCACACCAGTTACGAA-1,SA535X7XB03305_TCACACCAGTTACGAA-1,SA535X7XB03305,E_J
.cache/SCRNA10X_SA_CHIP0184_001/filtered_feature_bc_matrix,TCACACCCACTATCCC-1,SA535X7XB03305_TCACACCCACTATCCC-1,SA535X7XB03305,E_J
.cache/SCRNA10X_SA_CHIP0184_001/filtered_feature_bc_matrix,TCACGCTTCGTTGCCT-1,SA535X7XB03305_TCACGCTTCGTTGCCT-1,SA535X7XB03305,G
.cache/SCRNA10X_SA_CHIP0184_001/filtered_feature_bc_matrix,TCAGTCCCAATGACCT-1,SA535X7XB03305_TCAGTCCCAATGACCT-1,SA535X7XB03305,E_J
.cache/SCRNA10X_SA_CHIP0184_001/filtered_feature_bc_matrix,TCAGTGAGTAACAAGT-1,SA535X7XB03305_TCAGTGAGTAACAAGT-1,SA535X7XB03305,E_J
.cache/SCRNA10X_SA_CHIP0184_001/filtered_feature_bc_matrix,TCAGTGATCAGCTGAT-1,SA535X7XB03305_TCAGTGATCAGCTGAT-1,SA535X7XB03305,E_J
.cache/SCRNA10X_SA_CHIP0184_001/filtered_feature_bc_matrix,TCCACCATCGAACTCA-1,SA535X7XB03305_TCCACCATCGAACTCA-1,SA535X7XB03305,F
.cache/SCRNA10X_SA_CHIP0184_001/filtered_feature_bc_matrix,TCCATGCCACCTGTCT-1,SA535X7XB03305_TCCATGCCACCTGTCT-1,SA535X7XB03305,E_J
.cache/SCRNA10X_SA_CHIP0184_001/filtered_feature_bc_matrix,TCCATGCTCTCACTCG-1,SA535X7XB03305_TCCATGCTCTCACTCG-1,SA535X7XB03305,G
.cache/SCRNA10X_SA_CHIP0184_001/filtered_feature_bc_matrix,TCCCAGTAGAGCAGCT-1,SA535X7XB03305_TCCCAGTAGAGCAGCT-1,SA535X7XB03305,E_J
.cache/SCRNA10X_SA_CHIP0184_001/filtered_feature_bc_matrix,TCCTAATTCAACCGAT-1,SA535X7XB03305_TCCTAATTCAACCGAT-1,SA535X7XB03305,E_J
.cache/SCRNA10X_SA_CHIP0184_001/filtered_feature_bc_matrix,TCGAACACACGAAAGC-1,SA535X7XB03305_TCGAACACACGAAAGC-1,SA535X7XB03305,G
.cache/SCRNA10X_SA_CHIP0184_001/filtered_feature_bc_matrix,TCGACCTAGGATATAC-1,SA535X7XB03305_TCGACCTAGGATATAC-1,SA535X7XB03305,A
.cache/SCRNA10X_SA_CHIP0184_001/filtered_feature_bc_matrix,TCGTCCAAGTTTGGCT-1,SA535X7XB03305_TCGTCCAAGTTTGGCT-1,SA535X7XB03305,A
.cache/SCRNA10X_SA_CHIP0184_001/filtered_feature_bc_matrix,TCGTGGGGTCAACGCC-1,SA535X7XB03305_TCGTGGGGTCAACGCC-1,SA535X7XB03305,E_J
.cache/SCRNA10X_SA_CHIP0184_001/filtered_feature_bc_matrix,TCTAACTAGGATCACG-1,SA535X7XB03305_TCTAACTAGGATCACG-1,SA535X7XB03305,E_J
.cache/SCRNA10X_SA_CHIP0184_001/filtered_feature_bc_matrix,TCTCACGGTAACGATA-1,SA535X7XB03305_TCTCACGGTAACGATA-1,SA535X7XB03305,G
.cache/SCRNA10X_SA_CHIP0184_001/filtered_feature_bc_matrix,TCTGGCTTCCTGCCAT-1,SA535X7XB03305_TCTGGCTTCCTGCCAT-1,SA535X7XB03305,E_J
.cache/SCRNA10X_SA_CHIP0184_001/filtered_feature_bc_matrix,TCTTCCTAGGGCGAGA-1,SA535X7XB03305_TCTTCCTAGGGCGAGA-1,SA535X7XB03305,A
.cache/SCRNA10X_SA_CHIP0184_001/filtered_feature_bc_matrix,TGAATGCAGTATGCAA-1,SA535X7XB03305_TGAATGCAGTATGCAA-1,SA535X7XB03305,A
.cache/SCRNA10X_SA_CHIP0184_001/filtered_feature_bc_matrix,TGACCCTGTGAGCGAT-1,SA535X7XB03305_TGACCCTGTGAGCGAT-1,SA535X7XB03305,A
.cache/SCRNA10X_SA_CHIP0184_001/filtered_feature_bc_matrix,TGACGCGCATCATTTC-1,SA535X7XB03305_TGACGCGCATCATTTC-1,SA535X7XB03305,G
.cache/SCRNA10X_SA_CHIP0184_001/filtered_feature_bc_matrix,TGAGACTGTCATATGC-1,SA535X7XB03305_TGAGACTGTCATATGC-1,SA535X7XB03305,E_J
.cache/SCRNA10X_SA_CHIP0184_001/filtered_feature_bc_matrix,TGAGGTTCACTTTATC-1,SA535X7XB03305_TGAGGTTCACTTTATC-1,SA535X7XB03305,F
.cache/SCRNA10X_SA_CHIP0184_001/filtered_feature_bc_matrix,TGATGGTGTTCAAACC-1,SA535X7XB03305_TGATGGTGTTCAAACC-1,SA535X7XB03305,E_J
.cache/SCRNA10X_SA_CHIP0184_001/filtered_feature_bc_matrix,TGCACGGCACTAGAGG-1,SA535X7XB03305_TGCACGGCACTAGAGG-1,SA535X7XB03305,E_J
.cache/SCRNA10X_SA_CHIP0184_001/filtered_feature_bc_matrix,TGCCGAGCAGAGAAAG-1,SA535X7XB03305_TGCCGAGCAGAGAAAG-1,SA535X7XB03305,A
.cache/SCRNA10X_SA_CHIP0184_001/filtered_feature_bc_matrix,TGCTCGTTCCCAGGAC-1,SA535X7XB03305_TGCTCGTTCCCAGGAC-1,SA535X7XB03305,G
.cache/SCRNA10X_SA_CHIP0184_001/filtered_feature_bc_matrix,TGCTTCGCAACGGCTC-1,SA535X7XB03305_TGCTTCGCAACGGCTC-1,SA535X7XB03305,unassigned
.cache/SCRNA10X_SA_CHIP0184_001/filtered_feature_bc_matrix,TGGAACTTCGGCTTGG-1,SA535X7XB03305_TGGAACTTCGGCTTGG-1,SA535X7XB03305,E_J
.cache/SCRNA10X_SA_CHIP0184_001/filtered_feature_bc_matrix,TGGTAGTGTTGCGTAT-1,SA535X7XB03305_TGGTAGTGTTGCGTAT-1,SA535X7XB03305,G
.cache/SCRNA10X_SA_CHIP0184_001/filtered_feature_bc_matrix,TGGTTAGCATCGGCCA-1,SA535X7XB03305_TGGTTAGCATCGGCCA-1,SA535X7XB03305,G
.cache/SCRNA10X_SA_CHIP0184_001/filtered_feature_bc_matrix,TGTCCCAGTGTGGTCC-1,SA535X7XB03305_TGTCCCAGTGTGGTCC-1,SA535X7XB03305,E_J
.cache/SCRNA10X_SA_CHIP0184_001/filtered_feature_bc_matrix,TGTCCCAGTTATAGAG-1,SA535X7XB03305_TGTCCCAGTTATAGAG-1,SA535X7XB03305,F
.cache/SCRNA10X_SA_CHIP0184_001/filtered_feature_bc_matrix,TGTCCTGAGTGGTGGT-1,SA535X7XB03305_TGTCCTGAGTGGTGGT-1,SA535X7XB03305,unassigned
.cache/SCRNA10X_SA_CHIP0184_001/filtered_feature_bc_matrix,TGTGAGTGTCTACAAC-1,SA535X7XB03305_TGTGAGTGTCTACAAC-1,SA535X7XB03305,A
.cache/SCRNA10X_SA_CHIP0184_001/filtered_feature_bc_matrix,TGTGTGAGTCCTACGG-1,SA535X7XB03305_TGTGTGAGTCCTACGG-1,SA535X7XB03305,E_J
.cache/SCRNA10X_SA_CHIP0184_001/filtered_feature_bc_matrix,TGTTCTAAGTAATCCC-1,SA535X7XB03305_TGTTCTAAGTAATCCC-1,SA535X7XB03305,G
.cache/SCRNA10X_SA_CHIP0184_001/filtered_feature_bc_matrix,TTACCGCAGCGTTGTT-1,SA535X7XB03305_TTACCGCAGCGTTGTT-1,SA535X7XB03305,A
.cache/SCRNA10X_SA_CHIP0184_001/filtered_feature_bc_matrix,TTACCGCCACCGGTCA-1,SA535X7XB03305_TTACCGCCACCGGTCA-1,SA535X7XB03305,E_J
.cache/SCRNA10X_SA_CHIP0184_001/filtered_feature_bc_matrix,TTAGGCAAGCCTTCTC-1,SA535X7XB03305_TTAGGCAAGCCTTCTC-1,SA535X7XB03305,E_J
.cache/SCRNA10X_SA_CHIP0184_001/filtered_feature_bc_matrix,TTAGGGTGTGGTCTGC-1,SA535X7XB03305_TTAGGGTGTGGTCTGC-1,SA535X7XB03305,A
.cache/SCRNA10X_SA_CHIP0184_001/filtered_feature_bc_matrix,TTCAATCAGAAGGCTC-1,SA535X7XB03305_TTCAATCAGAAGGCTC-1,SA535X7XB03305,E_J
.cache/SCRNA10X_SA_CHIP0184_001/filtered_feature_bc_matrix,TTCATTGGTACGAGTG-1,SA535X7XB03305_TTCATTGGTACGAGTG-1,SA535X7XB03305,E_J
.cache/SCRNA10X_SA_CHIP0184_001/filtered_feature_bc_matrix,TTCATTGTCCCTCGTA-1,SA535X7XB03305_TTCATTGTCCCTCGTA-1,SA535X7XB03305,E_J
.cache/SCRNA10X_SA_CHIP0184_001/filtered_feature_bc_matrix,TTCCTCTCAATTGAGA-1,SA535X7XB03305_TTCCTCTCAATTGAGA-1,SA535X7XB03305,E_J
.cache/SCRNA10X_SA_CHIP0184_001/filtered_feature_bc_matrix,TTCGCTGTCAGTGTTG-1,SA535X7XB03305_TTCGCTGTCAGTGTTG-1,SA535X7XB03305,A
.cache/SCRNA10X_SA_CHIP0184_001/filtered_feature_bc_matrix,TTCTAACTCGCCTTTG-1,SA535X7XB03305_TTCTAACTCGCCTTTG-1,SA535X7XB03305,E_J
.cache/SCRNA10X_SA_CHIP0184_001/filtered_feature_bc_matrix,TTGAGTGCAGCTATAC-1,SA535X7XB03305_TTGAGTGCAGCTATAC-1,SA535X7XB03305,A
.cache/SCRNA10X_SA_CHIP0184_001/filtered_feature_bc_matrix,TTGCATTAGCTGCCTG-1,SA535X7XB03305_TTGCATTAGCTGCCTG-1,SA535X7XB03305,A
.cache/SCRNA10X_SA_CHIP0184_001/filtered_feature_bc_matrix,TTGCCTGGTGTTCATG-1,SA535X7XB03305_TTGCCTGGTGTTCATG-1,SA535X7XB03305,E_J
.cache/SCRNA10X_SA_CHIP0184_001/filtered_feature_bc_matrix,TTGGGATGTGGACAGT-1,SA535X7XB03305_TTGGGATGTGGACAGT-1,SA535X7XB03305,unassigned
.cache/SCRNA10X_SA_CHIP0184_001/filtered_feature_bc_matrix,TTGTGTTGTACCACGC-1,SA535X7XB03305_TTGTGTTGTACCACGC-1,SA535X7XB03305,E_J
.cache/SCRNA10X_SA_CHIP0184_001/filtered_feature_bc_matrix,TTGTTGTGTACAATAG-1,SA535X7XB03305_TTGTTGTGTACAATAG-1,SA535X7XB03305,A
.cache/SCRNA10X_SA_CHIP0184_001/filtered_feature_bc_matrix,TTGTTGTGTCTTTATC-1,SA535X7XB03305_TTGTTGTGTCTTTATC-1,SA535X7XB03305,E_J
.cache/SCRNA10X_SA_CHIP0184_001/filtered_feature_bc_matrix,TTTACGTAGAGGTATT-1,SA535X7XB03305_TTTACGTAGAGGTATT-1,SA535X7XB03305,E_J
.cache/SCRNA10X_SA_CHIP0184_001/filtered_feature_bc_matrix,TTTCAGTCAAGGCGTA-1,SA535X7XB03305_TTTCAGTCAAGGCGTA-1,SA535X7XB03305,A
.cache/SCRNA10X_SA_CHIP0184_001/filtered_feature_bc_matrix,TTTCAGTTCCCGAGAC-1,SA535X7XB03305_TTTCAGTTCCCGAGAC-1,SA535X7XB03305,E_J
.cache/SCRNA10X_SA_CHIP0184_001/filtered_feature_bc_matrix,TTTGATCGTTCTGAGT-1,SA535X7XB03305_TTTGATCGTTCTGAGT-1,SA535X7XB03305,E_J
.cache/SCRNA10X_SA_CHIP0184_001/filtered_feature_bc_matrix,TTTGGAGTCCACAGGC-1,SA535X7XB03305_TTTGGAGTCCACAGGC-1,SA535X7XB03305,A
.cache/SCRNA10X_SA_CHIP0146_004/filtered_feature_bc_matrix,AAACGAAAGCCTAGGA-1,SA535X7XB03305_AAACGAAAGCCTAGGA-1,SA535X7XB03305,A
.cache/SCRNA10X_SA_CHIP0146_004/filtered_feature_bc_matrix,AAACGCTTCAACCTCC-1,SA535X7XB03305_AAACGCTTCAACCTCC-1,SA535X7XB03305,A
.cache/SCRNA10X_SA_CHIP0146_004/filtered_feature_bc_matrix,AACAACCAGGCTCAAG-1,SA535X7XB03305_AACAACCAGGCTCAAG-1,SA535X7XB03305,G
.cache/SCRNA10X_SA_CHIP0146_004/filtered_feature_bc_matrix,AACAAGAAGAGGTTTA-1,SA535X7XB03305_AACAAGAAGAGGTTTA-1,SA535X7XB03305,E_J
.cache/SCRNA10X_SA_CHIP0146_004/filtered_feature_bc_matrix,AACCAACAGTATGAAC-1,SA535X7XB03305_AACCAACAGTATGAAC-1,SA535X7XB03305,E_J
.cache/SCRNA10X_SA_CHIP0146_004/filtered_feature_bc_matrix,AACCTGACAGGGTCTC-1,SA535X7XB03305_AACCTGACAGGGTCTC-1,SA535X7XB03305,G
.cache/SCRNA10X_SA_CHIP0146_004/filtered_feature_bc_matrix,AACCTGAGTCGCTGCA-1,SA535X7XB03305_AACCTGAGTCGCTGCA-1,SA535X7XB03305,A
.cache/SCRNA10X_SA_CHIP0146_004/filtered_feature_bc_matrix,AACCTGATCCCTTTGG-1,SA535X7XB03305_AACCTGATCCCTTTGG-1,SA535X7XB03305,G
.cache/SCRNA10X_SA_CHIP0146_004/filtered_feature_bc_matrix,AACGAAAAGACATACA-1,SA535X7XB03305_AACGAAAAGACATACA-1,SA535X7XB03305,A
.cache/SCRNA10X_SA_CHIP0146_004/filtered_feature_bc_matrix,AACGGGAGTAGAGCTG-1,SA535X7XB03305_AACGGGAGTAGAGCTG-1,SA535X7XB03305,E_J
.cache/SCRNA10X_SA_CHIP0146_004/filtered_feature_bc_matrix,AAGAACAGTCAGTCCG-1,SA535X7XB03305_AAGAACAGTCAGTCCG-1,SA535X7XB03305,E_J
.cache/SCRNA10X_SA_CHIP0146_004/filtered_feature_bc_matrix,AAGATAGCAATAACCC-1,SA535X7XB03305_AAGATAGCAATAACCC-1,SA535X7XB03305,G
.cache/SCRNA10X_SA_CHIP0146_004/filtered_feature_bc_matrix,AAGCCATGTGTCTTCC-1,SA535X7XB03305_AAGCCATGTGTCTTCC-1,SA535X7XB03305,E_J
.cache/SCRNA10X_SA_CHIP0146_004/filtered_feature_bc_matrix,AAGCGAGAGCAGGGAG-1,SA535X7XB03305_AAGCGAGAGCAGGGAG-1,SA535X7XB03305,F
.cache/SCRNA10X_SA_CHIP0146_004/filtered_feature_bc_matrix,AAGGAATGTTGTGCAT-1,SA535X7XB03305_AAGGAATGTTGTGCAT-1,SA535X7XB03305,E_J
.cache/SCRNA10X_SA_CHIP0146_004/filtered_feature_bc_matrix,AAGGTAAAGTAGGAAG-1,SA535X7XB03305_AAGGTAAAGTAGGAAG-1,SA535X7XB03305,E_J
.cache/SCRNA10X_SA_CHIP0146_004/filtered_feature_bc_matrix,AAGTACCCAGTTCACA-1,SA535X7XB03305_AAGTACCCAGTTCACA-1,SA535X7XB03305,E_J
.cache/SCRNA10X_SA_CHIP0146_004/filtered_feature_bc_matrix,AAGTACCTCCGTGGTG-1,SA535X7XB03305_AAGTACCTCCGTGGTG-1,SA535X7XB03305,E_J
.cache/SCRNA10X_SA_CHIP0146_004/filtered_feature_bc_matrix,AAGTCGTAGTTGAATG-1,SA535X7XB03305_AAGTCGTAGTTGAATG-1,SA535X7XB03305,E_J
.cache/SCRNA10X_SA_CHIP0146_004/filtered_feature_bc_matrix,AAGTTCGGTCTCAAGT-1,SA535X7XB03305_AAGTTCGGTCTCAAGT-1,SA535X7XB03305,A
.cache/SCRNA10X_SA_CHIP0146_004/filtered_feature_bc_matrix,AATCGACGTGGTCTGC-1,SA535X7XB03305_AATCGACGTGGTCTGC-1,SA535X7XB03305,E_J
.cache/SCRNA10X_SA_CHIP0146_004/filtered_feature_bc_matrix,AATCGACTCGTGGCTG-1,SA535X7XB03305_AATCGACTCGTGGCTG-1,SA535X7XB03305,E_J
.cache/SCRNA10X_SA_CHIP0146_004/filtered_feature_bc_matrix,AATGCCAGTCTCCTGT-1,SA535X7XB03305_AATGCCAGTCTCCTGT-1,SA535X7XB03305,E_J
.cache/SCRNA10X_SA_CHIP0146_004/filtered_feature_bc_matrix,AATGGAAAGTCCTGCG-1,SA535X7XB03305_AATGGAAAGTCCTGCG-1,SA535X7XB03305,E_J
.cache/SCRNA10X_SA_CHIP0146_004/filtered_feature_bc_matrix,AATGGAAGTTCTCGTC-1,SA535X7XB03305_AATGGAAGTTCTCGTC-1,SA535X7XB03305,A
.cache/SCRNA10X_SA_CHIP0146_004/filtered_feature_bc_matrix,AATGGCTGTGCGGCTT-1,SA535X7XB03305_AATGGCTGTGCGGCTT-1,SA535X7XB03305,A
.cache/SCRNA10X_SA_CHIP0146_004/filtered_feature_bc_matrix,ACACGCGCACGCTTAA-1,SA535X7XB03305_ACACGCGCACGCTTAA-1,SA535X7XB03305,E_J
.cache/SCRNA10X_SA_CHIP0146_004/filtered_feature_bc_matrix,ACACGCGCATCGTGCG-1,SA535X7XB03305_ACACGCGCATCGTGCG-1,SA535X7XB03305,E_J
.cache/SCRNA10X_SA_CHIP0146_004/filtered_feature_bc_matrix,ACAGGGAGTGCAACAG-1,SA535X7XB03305_ACAGGGAGTGCAACAG-1,SA535X7XB03305,A
.cache/SCRNA10X_SA_CHIP0146_004/filtered_feature_bc_matrix,ACCACAACAGCAGACA-1,SA535X7XB03305_ACCACAACAGCAGACA-1,SA535X7XB03305,G
.cache/SCRNA10X_SA_CHIP0146_004/filtered_feature_bc_matrix,ACCGTTCAGACCACGA-1,SA535X7XB03305_ACCGTTCAGACCACGA-1,SA535X7XB03305,E_J
.cache/SCRNA10X_SA_CHIP0146_004/filtered_feature_bc_matrix,ACCTACCTCATGAAAG-1,SA535X7XB03305_ACCTACCTCATGAAAG-1,SA535X7XB03305,E_J
.cache/SCRNA10X_SA_CHIP0146_004/filtered_feature_bc_matrix,ACGATCATCACATACG-1,SA535X7XB03305_ACGATCATCACATACG-1,SA535X7XB03305,unassigned
.cache/SCRNA10X_SA_CHIP0146_004/filtered_feature_bc_matrix,ACGATCATCTGTCGTC-1,SA535X7XB03305_ACGATCATCTGTCGTC-1,SA535X7XB03305,E_J
.cache/SCRNA10X_SA_CHIP0146_004/filtered_feature_bc_matrix,ACGATGTCAATAAGGT-1,SA535X7XB03305_ACGATGTCAATAAGGT-1,SA535X7XB03305,E_J
.cache/SCRNA10X_SA_CHIP0146_004/filtered_feature_bc_matrix,ACGGGTCCAACTCATG-1,SA535X7XB03305_ACGGGTCCAACTCATG-1,SA535X7XB03305,G
.cache/SCRNA10X_SA_CHIP0146_004/filtered_feature_bc_matrix,ACGGTCGCACTGATTG-1,SA535X7XB03305_ACGGTCGCACTGATTG-1,SA535X7XB03305,A
.cache/SCRNA10X_SA_CHIP0146_004/filtered_feature_bc_matrix,ACGTAACGTGGTACAG-1,SA535X7XB03305_ACGTAACGTGGTACAG-1,SA535X7XB03305,E_J
.cache/SCRNA10X_SA_CHIP0146_004/filtered_feature_bc_matrix,ACGTACAAGCGACTTT-1,SA535X7XB03305_ACGTACAAGCGACTTT-1,SA535X7XB03305,A
.cache/SCRNA10X_SA_CHIP0146_004/filtered_feature_bc_matrix,ACTATTCTCTTCTTCC-1,SA535X7XB03305_ACTATTCTCTTCTTCC-1,SA535X7XB03305,A
.cache/SCRNA10X_SA_CHIP0146_004/filtered_feature_bc_matrix,ACTCTCGCACGGCCAT-1,SA535X7XB03305_ACTCTCGCACGGCCAT-1,SA535X7XB03305,G
.cache/SCRNA10X_SA_CHIP0146_004/filtered_feature_bc_matrix,ACTCTCGTCCTTATAC-1,SA535X7XB03305_ACTCTCGTCCTTATAC-1,SA535X7XB03305,E_J
.cache/SCRNA10X_SA_CHIP0146_004/filtered_feature_bc_matrix,ACTGCAAGTGGTTTAC-1,SA535X7XB03305_ACTGCAAGTGGTTTAC-1,SA535X7XB03305,E_J
.cache/SCRNA10X_SA_CHIP0146_004/filtered_feature_bc_matrix,ACTTATCGTTGTAAAG-1,SA535X7XB03305_ACTTATCGTTGTAAAG-1,SA535X7XB03305,E_J
.cache/SCRNA10X_SA_CHIP0146_004/filtered_feature_bc_matrix,ACTTCCGAGTTAGAAC-1,SA535X7XB03305_ACTTCCGAGTTAGAAC-1,SA535X7XB03305,E_J
.cache/SCRNA10X_SA_CHIP0146_004/filtered_feature_bc_matrix,ACTTTCAGTCAACCTA-1,SA535X7XB03305_ACTTTCAGTCAACCTA-1,SA535X7XB03305,E_J
.cache/SCRNA10X_SA_CHIP0146_004/filtered_feature_bc_matrix,AGAAATGCATGCCATA-1,SA535X7XB03305_AGAAATGCATGCCATA-1,SA535X7XB03305,E_J
.cache/SCRNA10X_SA_CHIP0146_004/filtered_feature_bc_matrix,AGACACTAGCACTCAT-1,SA535X7XB03305_AGACACTAGCACTCAT-1,SA535X7XB03305,E_J
.cache/SCRNA10X_SA_CHIP0146_004/filtered_feature_bc_matrix,AGACAGGCACTACGGC-1,SA535X7XB03305_AGACAGGCACTACGGC-1,SA535X7XB03305,E_J
.cache/SCRNA10X_SA_CHIP0146_004/filtered_feature_bc_matrix,AGACTCACAAGTTGGG-1,SA535X7XB03305_AGACTCACAAGTTGGG-1,SA535X7XB03305,A
.cache/SCRNA10X_SA_CHIP0146_004/filtered_feature_bc_matrix,AGACTCACAGCGATTT-1,SA535X7XB03305_AGACTCACAGCGATTT-1,SA535X7XB03305,E_J
.cache/SCRNA10X_SA_CHIP0146_004/filtered_feature_bc_matrix,AGATCCACACACAGAG-1,SA535X7XB03305_AGATCCACACACAGAG-1,SA535X7XB03305,E_J
.cache/SCRNA10X_SA_CHIP0146_004/filtered_feature_bc_matrix,AGATCGTCAAATCAGA-1,SA535X7XB03305_AGATCGTCAAATCAGA-1,SA535X7XB03305,E_J
.cache/SCRNA10X_SA_CHIP0146_004/filtered_feature_bc_matrix,AGCCAGCCACGTGAGA-1,SA535X7XB03305_AGCCAGCCACGTGAGA-1,SA535X7XB03305,A
.cache/SCRNA10X_SA_CHIP0146_004/filtered_feature_bc_matrix,AGCGATTAGAGCCTGA-1,SA535X7XB03305_AGCGATTAGAGCCTGA-1,SA535X7XB03305,E_J
.cache/SCRNA10X_SA_CHIP0146_004/filtered_feature_bc_matrix,AGCTACATCCGTCCTA-1,SA535X7XB03305_AGCTACATCCGTCCTA-1,SA535X7XB03305,E_J
.cache/SCRNA10X_SA_CHIP0146_004/filtered_feature_bc_matrix,AGCTCAACATGCTGCG-1,SA535X7XB03305_AGCTCAACATGCTGCG-1,SA535X7XB03305,E_J
.cache/SCRNA10X_SA_CHIP0146_004/filtered_feature_bc_matrix,AGGAAATAGCCGATTT-1,SA535X7XB03305_AGGAAATAGCCGATTT-1,SA535X7XB03305,A
.cache/SCRNA10X_SA_CHIP0146_004/filtered_feature_bc_matrix,AGGAAATTCTCGTCGT-1,SA535X7XB03305_AGGAAATTCTCGTCGT-1,SA535X7XB03305,A
.cache/SCRNA10X_SA_CHIP0146_004/filtered_feature_bc_matrix,AGGATCTTCGGTTAGT-1,SA535X7XB03305_AGGATCTTCGGTTAGT-1,SA535X7XB03305,E_J
.cache/SCRNA10X_SA_CHIP0146_004/filtered_feature_bc_matrix,AGGCATTCATCGAACT-1,SA535X7XB03305_AGGCATTCATCGAACT-1,SA535X7XB03305,E_J
.cache/SCRNA10X_SA_CHIP0146_004/filtered_feature_bc_matrix,AGGCATTTCAACCCGG-1,SA535X7XB03305_AGGCATTTCAACCCGG-1,SA535X7XB03305,G
.cache/SCRNA10X_SA_CHIP0146_004/filtered_feature_bc_matrix,AGGGCCTTCCAGTGTA-1,SA535X7XB03305_AGGGCCTTCCAGTGTA-1,SA535X7XB03305,E_J
.cache/SCRNA10X_SA_CHIP0146_004/filtered_feature_bc_matrix,AGGGTTTGTTGTGCAT-1,SA535X7XB03305_AGGGTTTGTTGTGCAT-1,SA535X7XB03305,A
.cache/SCRNA10X_SA_CHIP0146_004/filtered_feature_bc_matrix,AGGTAGGCAAATCAGA-1,SA535X7XB03305_AGGTAGGCAAATCAGA-1,SA535X7XB03305,E_J
.cache/SCRNA10X_SA_CHIP0146_004/filtered_feature_bc_matrix,AGGTAGGGTTTGGGTT-1,SA535X7XB03305_AGGTAGGGTTTGGGTT-1,SA535X7XB03305,A
.cache/SCRNA10X_SA_CHIP0146_004/filtered_feature_bc_matrix,AGGTCATCAAGAAATC-1,SA535X7XB03305_AGGTCATCAAGAAATC-1,SA535X7XB03305,E_J
.cache/SCRNA10X_SA_CHIP0146_004/filtered_feature_bc_matrix,AGGTGTTAGTGCCCGT-1,SA535X7XB03305_AGGTGTTAGTGCCCGT-1,SA535X7XB03305,E_J
.cache/SCRNA10X_SA_CHIP0146_004/filtered_feature_bc_matrix,AGTAACCCATAGGTTC-1,SA535X7XB03305_AGTAACCCATAGGTTC-1,SA535X7XB03305,E_J
.cache/SCRNA10X_SA_CHIP0146_004/filtered_feature_bc_matrix,AGTACTGTCTCCGAGG-1,SA535X7XB03305_AGTACTGTCTCCGAGG-1,SA535X7XB03305,E_J
.cache/SCRNA10X_SA_CHIP0146_004/filtered_feature_bc_matrix,AGTACTGTCTTGGTCC-1,SA535X7XB03305_AGTACTGTCTTGGTCC-1,SA535X7XB03305,E_J
.cache/SCRNA10X_SA_CHIP0146_004/filtered_feature_bc_matrix,AGTAGCTGTTATAGAG-1,SA535X7XB03305_AGTAGCTGTTATAGAG-1,SA535X7XB03305,A
.cache/SCRNA10X_SA_CHIP0146_004/filtered_feature_bc_matrix,AGTCAACTCTCCGAAA-1,SA535X7XB03305_AGTCAACTCTCCGAAA-1,SA535X7XB03305,E_J
.cache/SCRNA10X_SA_CHIP0146_004/filtered_feature_bc_matrix,AGTCATGCATCATCTT-1,SA535X7XB03305_AGTCATGCATCATCTT-1,SA535X7XB03305,E_J
.cache/SCRNA10X_SA_CHIP0146_004/filtered_feature_bc_matrix,AGTGTTGCACAAGCCC-1,SA535X7XB03305_AGTGTTGCACAAGCCC-1,SA535X7XB03305,unassigned
.cache/SCRNA10X_SA_CHIP0146_004/filtered_feature_bc_matrix,AGTTAGCAGGCCTTGC-1,SA535X7XB03305_AGTTAGCAGGCCTTGC-1,SA535X7XB03305,E_J
.cache/SCRNA10X_SA_CHIP0146_004/filtered_feature_bc_matrix,ATAGAGACAAGGATGC-1,SA535X7XB03305_ATAGAGACAAGGATGC-1,SA535X7XB03305,E_J
.cache/SCRNA10X_SA_CHIP0146_004/filtered_feature_bc_matrix,ATAGGCTGTGTCTTGA-1,SA535X7XB03305_ATAGGCTGTGTCTTGA-1,SA535X7XB03305,E_J
.cache/SCRNA10X_SA_CHIP0146_004/filtered_feature_bc_matrix,ATAGGCTTCAGCACCG-1,SA535X7XB03305_ATAGGCTTCAGCACCG-1,SA535X7XB03305,E_J
.cache/SCRNA10X_SA_CHIP0146_004/filtered_feature_bc_matrix,ATCACAGCAATCTCTT-1,SA535X7XB03305_ATCACAGCAATCTCTT-1,SA535X7XB03305,E_J
.cache/SCRNA10X_SA_CHIP0146_004/filtered_feature_bc_matrix,ATCACGACAACAGATA-1,SA535X7XB03305_ATCACGACAACAGATA-1,SA535X7XB03305,E_J
.cache/SCRNA10X_SA_CHIP0146_004/filtered_feature_bc_matrix,ATCCTATCATTATGCG-1,SA535X7XB03305_ATCCTATCATTATGCG-1,SA535X7XB03305,A
.cache/SCRNA10X_SA_CHIP0146_004/filtered_feature_bc_matrix,ATCGCCTCAACACTAC-1,SA535X7XB03305_ATCGCCTCAACACTAC-1,SA535X7XB03305,A
.cache/SCRNA10X_SA_CHIP0146_004/filtered_feature_bc_matrix,ATGAGTCAGGGACTGT-1,SA535X7XB03305_ATGAGTCAGGGACTGT-1,SA535X7XB03305,E_J
.cache/SCRNA10X_SA_CHIP0146_004/filtered_feature_bc_matrix,ATGCGATAGGTCGCCT-1,SA535X7XB03305_ATGCGATAGGTCGCCT-1,SA535X7XB03305,E_J
.cache/SCRNA10X_SA_CHIP0146_004/filtered_feature_bc_matrix,ATGCGATGTGACTGAG-1,SA535X7XB03305_ATGCGATGTGACTGAG-1,SA535X7XB03305,E_J
.cache/SCRNA10X_SA_CHIP0146_004/filtered_feature_bc_matrix,ATGGAGGAGCCGAATG-1,SA535X7XB03305_ATGGAGGAGCCGAATG-1,SA535X7XB03305,G
.cache/SCRNA10X_SA_CHIP0146_004/filtered_feature_bc_matrix,ATGGGAGTCTTTGCTA-1,SA535X7XB03305_ATGGGAGTCTTTGCTA-1,SA535X7XB03305,E_J
.cache/SCRNA10X_SA_CHIP0146_004/filtered_feature_bc_matrix,ATTCACTTCGCTGCGA-1,SA535X7XB03305_ATTCACTTCGCTGCGA-1,SA535X7XB03305,G
.cache/SCRNA10X_SA_CHIP0146_004/filtered_feature_bc_matrix,ATTCATCAGAAGAACG-1,SA535X7XB03305_ATTCATCAGAAGAACG-1,SA535X7XB03305,E_J
.cache/SCRNA10X_SA_CHIP0146_004/filtered_feature_bc_matrix,ATTCCCGTCAAGCCCG-1,SA535X7XB03305_ATTCCCGTCAAGCCCG-1,SA535X7XB03305,G
.cache/SCRNA10X_SA_CHIP0146_004/filtered_feature_bc_matrix,ATTGGGTTCGCCTAGG-1,SA535X7XB03305_ATTGGGTTCGCCTAGG-1,SA535X7XB03305,E_J
.cache/SCRNA10X_SA_CHIP0146_004/filtered_feature_bc_matrix,ATTTACCCAATTCTCT-1,SA535X7XB03305_ATTTACCCAATTCTCT-1,SA535X7XB03305,A
.cache/SCRNA10X_SA_CHIP0146_004/filtered_feature_bc_matrix,ATTTCACTCCAGGACC-1,SA535X7XB03305_ATTTCACTCCAGGACC-1,SA535X7XB03305,E_J
.cache/SCRNA10X_SA_CHIP0146_004/filtered_feature_bc_matrix,CAACGGCTCGTGGCTG-1,SA535X7XB03305_CAACGGCTCGTGGCTG-1,SA535X7XB03305,E_J
.cache/SCRNA10X_SA_CHIP0146_004/filtered_feature_bc_matrix,CAAGACTTCTCAGTCC-1,SA535X7XB03305_CAAGACTTCTCAGTCC-1,SA535X7XB03305,A
.cache/SCRNA10X_SA_CHIP0146_004/filtered_feature_bc_matrix,CAAGAGGAGCAATAAC-1,SA535X7XB03305_CAAGAGGAGCAATAAC-1,SA535X7XB03305,E_J
.cache/SCRNA10X_SA_CHIP0146_004/filtered_feature_bc_matrix,CAAGAGGCAAGAGGCT-1,SA535X7XB03305_CAAGAGGCAAGAGGCT-1,SA535X7XB03305,E_J
.cache/SCRNA10X_SA_CHIP0146_004/filtered_feature_bc_matrix,CAAGAGGGTGATACTC-1,SA535X7XB03305_CAAGAGGGTGATACTC-1,SA535X7XB03305,E_J
.cache/SCRNA10X_SA_CHIP0146_004/filtered_feature_bc_matrix,CAATACGCAAACTAGA-1,SA535X7XB03305_CAATACGCAAACTAGA-1,SA535X7XB03305,E_J
.cache/SCRNA10X_SA_CHIP0146_004/filtered_feature_bc_matrix,CACACAAGTAAGACCG-1,SA535X7XB03305_CACACAAGTAAGACCG-1,SA535X7XB03305,G
.cache/SCRNA10X_SA_CHIP0146_004/filtered_feature_bc_matrix,CACAGGCAGCGTCAGA-1,SA535X7XB03305_CACAGGCAGCGTCAGA-1,SA535X7XB03305,A
.cache/SCRNA10X_SA_CHIP0146_004/filtered_feature_bc_matrix,CACAGGCTCCATCACC-1,SA535X7XB03305_CACAGGCTCCATCACC-1,SA535X7XB03305,A
.cache/SCRNA10X_SA_CHIP0146_004/filtered_feature_bc_matrix,CACCGTTTCTCGCTCA-1,SA535X7XB03305_CACCGTTTCTCGCTCA-1,SA535X7XB03305,E_J
.cache/SCRNA10X_SA_CHIP0146_004/filtered_feature_bc_matrix,CACGGGTAGCCTTTGA-1,SA535X7XB03305_CACGGGTAGCCTTTGA-1,SA535X7XB03305,E_J
.cache/SCRNA10X_SA_CHIP0146_004/filtered_feature_bc_matrix,CACTAAGGTTAGCTAC-1,SA535X7XB03305_CACTAAGGTTAGCTAC-1,SA535X7XB03305,E_J
.cache/SCRNA10X_SA_CHIP0146_004/filtered_feature_bc_matrix,CACTGGGTCTCGCGTT-1,SA535X7XB03305_CACTGGGTCTCGCGTT-1,SA535X7XB03305,A
.cache/SCRNA10X_SA_CHIP0146_004/filtered_feature_bc_matrix,CAGATACTCTGCCCTA-1,SA535X7XB03305_CAGATACTCTGCCCTA-1,SA535X7XB03305,G
.cache/SCRNA10X_SA_CHIP0146_004/filtered_feature_bc_matrix,CAGCACGAGGATTTGA-1,SA535X7XB03305_CAGCACGAGGATTTGA-1,SA535X7XB03305,A
.cache/SCRNA10X_SA_CHIP0146_004/filtered_feature_bc_matrix,CAGCCAGCAGTGGGTA-1,SA535X7XB03305_CAGCCAGCAGTGGGTA-1,SA535X7XB03305,E_J
.cache/SCRNA10X_SA_CHIP0146_004/filtered_feature_bc_matrix,CAGGGCTGTATCAGCT-1,SA535X7XB03305_CAGGGCTGTATCAGCT-1,SA535X7XB03305,A
.cache/SCRNA10X_SA_CHIP0146_004/filtered_feature_bc_matrix,CAGGGCTTCGAGAGAC-1,SA535X7XB03305_CAGGGCTTCGAGAGAC-1,SA535X7XB03305,A
.cache/SCRNA10X_SA_CHIP0146_004/filtered_feature_bc_matrix,CAGTGCGCAGTGACCC-1,SA535X7XB03305_CAGTGCGCAGTGACCC-1,SA535X7XB03305,E_J
.cache/SCRNA10X_SA_CHIP0146_004/filtered_feature_bc_matrix,CAGTTAGCATCCGTTC-1,SA535X7XB03305_CAGTTAGCATCCGTTC-1,SA535X7XB03305,E_J
.cache/SCRNA10X_SA_CHIP0146_004/filtered_feature_bc_matrix,CATAAGCAGGACTGGT-1,SA535X7XB03305_CATAAGCAGGACTGGT-1,SA535X7XB03305,E_J
.cache/SCRNA10X_SA_CHIP0146_004/filtered_feature_bc_matrix,CATAAGCGTCCGGCAT-1,SA535X7XB03305_CATAAGCGTCCGGCAT-1,SA535X7XB03305,E_J
.cache/SCRNA10X_SA_CHIP0146_004/filtered_feature_bc_matrix,CATAAGCTCAGCGCAC-1,SA535X7XB03305_CATAAGCTCAGCGCAC-1,SA535X7XB03305,E_J
.cache/SCRNA10X_SA_CHIP0146_004/filtered_feature_bc_matrix,CATACCCTCCACGTGG-1,SA535X7XB03305_CATACCCTCCACGTGG-1,SA535X7XB03305,A
.cache/SCRNA10X_SA_CHIP0146_004/filtered_feature_bc_matrix,CATCCACGTAGGCTCC-1,SA535X7XB03305_CATCCACGTAGGCTCC-1,SA535X7XB03305,E_J
.cache/SCRNA10X_SA_CHIP0146_004/filtered_feature_bc_matrix,CATGCCTCACGTGTGC-1,SA535X7XB03305_CATGCCTCACGTGTGC-1,SA535X7XB03305,E_J
.cache/SCRNA10X_SA_CHIP0146_004/filtered_feature_bc_matrix,CATTCATGTCGACGCT-1,SA535X7XB03305_CATTCATGTCGACGCT-1,SA535X7XB03305,A
.cache/SCRNA10X_SA_CHIP0146_004/filtered_feature_bc_matrix,CATTGCCAGGGCGAGA-1,SA535X7XB03305_CATTGCCAGGGCGAGA-1,SA535X7XB03305,G
.cache/SCRNA10X_SA_CHIP0146_004/filtered_feature_bc_matrix,CCAAGCGAGTATGAGT-1,SA535X7XB03305_CCAAGCGAGTATGAGT-1,SA535X7XB03305,E_J
.cache/SCRNA10X_SA_CHIP0146_004/filtered_feature_bc_matrix,CCAATTTCAGTGTACT-1,SA535X7XB03305_CCAATTTCAGTGTACT-1,SA535X7XB03305,E_J
.cache/SCRNA10X_SA_CHIP0146_004/filtered_feature_bc_matrix,CCAATTTCATGGAAGC-1,SA535X7XB03305_CCAATTTCATGGAAGC-1,SA535X7XB03305,E_J
.cache/SCRNA10X_SA_CHIP0146_004/filtered_feature_bc_matrix,CCACAAAGTGGTATGG-1,SA535X7XB03305_CCACAAAGTGGTATGG-1,SA535X7XB03305,E_J
.cache/SCRNA10X_SA_CHIP0146_004/filtered_feature_bc_matrix,CCACCATAGGGTGAAA-1,SA535X7XB03305_CCACCATAGGGTGAAA-1,SA535X7XB03305,A
.cache/SCRNA10X_SA_CHIP0146_004/filtered_feature_bc_matrix,CCACCATGTCGTTATG-1,SA535X7XB03305_CCACCATGTCGTTATG-1,SA535X7XB03305,E_J
.cache/SCRNA10X_SA_CHIP0146_004/filtered_feature_bc_matrix,CCCATTGAGCGAGAAA-1,SA535X7XB03305_CCCATTGAGCGAGAAA-1,SA535X7XB03305,unassigned
.cache/SCRNA10X_SA_CHIP0146_004/filtered_feature_bc_matrix,CCCTCAACACTCCTGT-1,SA535X7XB03305_CCCTCAACACTCCTGT-1,SA535X7XB03305,E_J
.cache/SCRNA10X_SA_CHIP0146_004/filtered_feature_bc_matrix,CCCTCAACAGAATTCC-1,SA535X7XB03305_CCCTCAACAGAATTCC-1,SA535X7XB03305,E_J
.cache/SCRNA10X_SA_CHIP0146_004/filtered_feature_bc_matrix,CCCTCAAGTCCCGGTA-1,SA535X7XB03305_CCCTCAAGTCCCGGTA-1,SA535X7XB03305,A
.cache/SCRNA10X_SA_CHIP0146_004/filtered_feature_bc_matrix,CCCTCTCAGACCAAAT-1,SA535X7XB03305_CCCTCTCAGACCAAAT-1,SA535X7XB03305,A
.cache/SCRNA10X_SA_CHIP0146_004/filtered_feature_bc_matrix,CCCTGATAGCGCCCAT-1,SA535X7XB03305_CCCTGATAGCGCCCAT-1,SA535X7XB03305,E_J
.cache/SCRNA10X_SA_CHIP0146_004/filtered_feature_bc_matrix,CCGATGGAGGAACGTC-1,SA535X7XB03305_CCGATGGAGGAACGTC-1,SA535X7XB03305,E_J
.cache/SCRNA10X_SA_CHIP0146_004/filtered_feature_bc_matrix,CCGGTAGCAGTAGATA-1,SA535X7XB03305_CCGGTAGCAGTAGATA-1,SA535X7XB03305,A
.cache/SCRNA10X_SA_CHIP0146_004/filtered_feature_bc_matrix,CCGGTAGTCATTGCTT-1,SA535X7XB03305_CCGGTAGTCATTGCTT-1,SA535X7XB03305,E_J
.cache/SCRNA10X_SA_CHIP0146_004/filtered_feature_bc_matrix,CCGTAGGAGTCCTGTA-1,SA535X7XB03305_CCGTAGGAGTCCTGTA-1,SA535X7XB03305,G
.cache/SCRNA10X_SA_CHIP0146_004/filtered_feature_bc_matrix,CCGTGAGTCTATTTCG-1,SA535X7XB03305_CCGTGAGTCTATTTCG-1,SA535X7XB03305,E_J
.cache/SCRNA10X_SA_CHIP0146_004/filtered_feature_bc_matrix,CCTAACCCAAACCACT-1,SA535X7XB03305_CCTAACCCAAACCACT-1,SA535X7XB03305,E_J
.cache/SCRNA10X_SA_CHIP0146_004/filtered_feature_bc_matrix,CCTAAGACAGGAGGAG-1,SA535X7XB03305_CCTAAGACAGGAGGAG-1,SA535X7XB03305,E_J
.cache/SCRNA10X_SA_CHIP0146_004/filtered_feature_bc_matrix,CCTATCGAGGGAGGCA-1,SA535X7XB03305_CCTATCGAGGGAGGCA-1,SA535X7XB03305,A
.cache/SCRNA10X_SA_CHIP0146_004/filtered_feature_bc_matrix,CCTCACAGTTAACAGA-1,SA535X7XB03305_CCTCACAGTTAACAGA-1,SA535X7XB03305,E_J
.cache/SCRNA10X_SA_CHIP0146_004/filtered_feature_bc_matrix,CCTCAGTAGTTCCAGT-1,SA535X7XB03305_CCTCAGTAGTTCCAGT-1,SA535X7XB03305,E_J
.cache/SCRNA10X_SA_CHIP0146_004/filtered_feature_bc_matrix,CCTCCAAAGCTCAGAG-1,SA535X7XB03305_CCTCCAAAGCTCAGAG-1,SA535X7XB03305,A
.cache/SCRNA10X_SA_CHIP0146_004/filtered_feature_bc_matrix,CCTCCAAAGGAGGTTC-1,SA535X7XB03305_CCTCCAAAGGAGGTTC-1,SA535X7XB03305,E_J
.cache/SCRNA10X_SA_CHIP0146_004/filtered_feature_bc_matrix,CCTGCATTCACCCTCA-1,SA535X7XB03305_CCTGCATTCACCCTCA-1,SA535X7XB03305,E_J
.cache/SCRNA10X_SA_CHIP0146_004/filtered_feature_bc_matrix,CGAATTGCAACGCCCA-1,SA535X7XB03305_CGAATTGCAACGCCCA-1,SA535X7XB03305,A
.cache/SCRNA10X_SA_CHIP0146_004/filtered_feature_bc_matrix,CGAATTGGTTGTTGTG-1,SA535X7XB03305_CGAATTGGTTGTTGTG-1,SA535X7XB03305,A
.cache/SCRNA10X_SA_CHIP0146_004/filtered_feature_bc_matrix,CGACAGCAGGGAGGTG-1,SA535X7XB03305_CGACAGCAGGGAGGTG-1,SA535X7XB03305,E_J
.cache/SCRNA10X_SA_CHIP0146_004/filtered_feature_bc_matrix,CGAGGCTAGGTAGATT-1,SA535X7XB03305_CGAGGCTAGGTAGATT-1,SA535X7XB03305,E_J
.cache/SCRNA10X_SA_CHIP0146_004/filtered_feature_bc_matrix,CGAGTTATCGCTCTAC-1,SA535X7XB03305_CGAGTTATCGCTCTAC-1,SA535X7XB03305,E_J
.cache/SCRNA10X_SA_CHIP0146_004/filtered_feature_bc_matrix,CGATCGGCAGACATCT-1,SA535X7XB03305_CGATCGGCAGACATCT-1,SA535X7XB03305,G
.cache/SCRNA10X_SA_CHIP0146_004/filtered_feature_bc_matrix,CGCATGGAGGGTGGGA-1,SA535X7XB03305_CGCATGGAGGGTGGGA-1,SA535X7XB03305,E_J
.cache/SCRNA10X_SA_CHIP0146_004/filtered_feature_bc_matrix,CGCATGGTCGTTACCC-1,SA535X7XB03305_CGCATGGTCGTTACCC-1,SA535X7XB03305,E_J
.cache/SCRNA10X_SA_CHIP0146_004/filtered_feature_bc_matrix,CGGAACCAGACTACCT-1,SA535X7XB03305_CGGAACCAGACTACCT-1,SA535X7XB03305,E_J
.cache/SCRNA10X_SA_CHIP0146_004/filtered_feature_bc_matrix,CGGGTGTGTGCGTGCT-1,SA535X7XB03305_CGGGTGTGTGCGTGCT-1,SA535X7XB03305,G
.cache/SCRNA10X_SA_CHIP0146_004/filtered_feature_bc_matrix,CGTCCATAGTAGCTCT-1,SA535X7XB03305_CGTCCATAGTAGCTCT-1,SA535X7XB03305,unassigned
.cache/SCRNA10X_SA_CHIP0146_004/filtered_feature_bc_matrix,CGTGAATGTAGCGTAG-1,SA535X7XB03305_CGTGAATGTAGCGTAG-1,SA535X7XB03305,A
.cache/SCRNA10X_SA_CHIP0146_004/filtered_feature_bc_matrix,CGTGAATTCAGCTTGA-1,SA535X7XB03305_CGTGAATTCAGCTTGA-1,SA535X7XB03305,E_J
.cache/SCRNA10X_SA_CHIP0146_004/filtered_feature_bc_matrix,CGTGATATCGCATAGT-1,SA535X7XB03305_CGTGATATCGCATAGT-1,SA535X7XB03305,E_J
.cache/SCRNA10X_SA_CHIP0146_004/filtered_feature_bc_matrix,CGTGCTTGTGATATAG-1,SA535X7XB03305_CGTGCTTGTGATATAG-1,SA535X7XB03305,E_J
.cache/SCRNA10X_SA_CHIP0146_004/filtered_feature_bc_matrix,CGTGTCTCAAGCCCAC-1,SA535X7XB03305_CGTGTCTCAAGCCCAC-1,SA535X7XB03305,E_J
.cache/SCRNA10X_SA_CHIP0146_004/filtered_feature_bc_matrix,CGTTCTGAGAGAGCCT-1,SA535X7XB03305_CGTTCTGAGAGAGCCT-1,SA535X7XB03305,F
.cache/SCRNA10X_SA_CHIP0146_004/filtered_feature_bc_matrix,CTAACTTCAGGTCAAG-1,SA535X7XB03305_CTAACTTCAGGTCAAG-1,SA535X7XB03305,A
.cache/SCRNA10X_SA_CHIP0146_004/filtered_feature_bc_matrix,CTACATTGTTTAGAGA-1,SA535X7XB03305_CTACATTGTTTAGAGA-1,SA535X7XB03305,E_J
.cache/SCRNA10X_SA_CHIP0146_004/filtered_feature_bc_matrix,CTACCCACACCTGATA-1,SA535X7XB03305_CTACCCACACCTGATA-1,SA535X7XB03305,G
.cache/SCRNA10X_SA_CHIP0146_004/filtered_feature_bc_matrix,CTACCCAGTCCGGACT-1,SA535X7XB03305_CTACCCAGTCCGGACT-1,SA535X7XB03305,A
.cache/SCRNA10X_SA_CHIP0146_004/filtered_feature_bc_matrix,CTACCTGCAATTCTCT-1,SA535X7XB03305_CTACCTGCAATTCTCT-1,SA535X7XB03305,E_J
.cache/SCRNA10X_SA_CHIP0146_004/filtered_feature_bc_matrix,CTACCTGCACTGATTG-1,SA535X7XB03305_CTACCTGCACTGATTG-1,SA535X7XB03305,E_J
.cache/SCRNA10X_SA_CHIP0146_004/filtered_feature_bc_matrix,CTACCTGTCGCATAGT-1,SA535X7XB03305_CTACCTGTCGCATAGT-1,SA535X7XB03305,E_J
.cache/SCRNA10X_SA_CHIP0146_004/filtered_feature_bc_matrix,CTACGGGAGTGATCGG-1,SA535X7XB03305_CTACGGGAGTGATCGG-1,SA535X7XB03305,G
.cache/SCRNA10X_SA_CHIP0146_004/filtered_feature_bc_matrix,CTAGACACAGGAAGTC-1,SA535X7XB03305_CTAGACACAGGAAGTC-1,SA535X7XB03305,E_J
.cache/SCRNA10X_SA_CHIP0146_004/filtered_feature_bc_matrix,CTAGACAGTGCGCTCA-1,SA535X7XB03305_CTAGACAGTGCGCTCA-1,SA535X7XB03305,unassigned
.cache/SCRNA10X_SA_CHIP0146_004/filtered_feature_bc_matrix,CTAGGTACATGTACGT-1,SA535X7XB03305_CTAGGTACATGTACGT-1,SA535X7XB03305,A
.cache/SCRNA10X_SA_CHIP0146_004/filtered_feature_bc_matrix,CTATAGGAGTACCCTA-1,SA535X7XB03305_CTATAGGAGTACCCTA-1,SA535X7XB03305,A
.cache/SCRNA10X_SA_CHIP0146_004/filtered_feature_bc_matrix,CTATCTAAGAAAGTCT-1,SA535X7XB03305_CTATCTAAGAAAGTCT-1,SA535X7XB03305,E_J
.cache/SCRNA10X_SA_CHIP0146_004/filtered_feature_bc_matrix,CTATCTACACCCAATA-1,SA535X7XB03305_CTATCTACACCCAATA-1,SA535X7XB03305,F
.cache/SCRNA10X_SA_CHIP0146_004/filtered_feature_bc_matrix,CTCACTGTCCGATAGT-1,SA535X7XB03305_CTCACTGTCCGATAGT-1,SA535X7XB03305,E_J
.cache/SCRNA10X_SA_CHIP0146_004/filtered_feature_bc_matrix,CTCAGTCCAGATTCGT-1,SA535X7XB03305_CTCAGTCCAGATTCGT-1,SA535X7XB03305,E_J
.cache/SCRNA10X_SA_CHIP0146_004/filtered_feature_bc_matrix,CTCATCGCACCCTAGG-1,SA535X7XB03305_CTCATCGCACCCTAGG-1,SA535X7XB03305,E_J
.cache/SCRNA10X_SA_CHIP0146_004/filtered_feature_bc_matrix,CTCATCGGTTCGAGCC-1,SA535X7XB03305_CTCATCGGTTCGAGCC-1,SA535X7XB03305,F
.cache/SCRNA10X_SA_CHIP0146_004/filtered_feature_bc_matrix,CTCATTACAGTCGGTC-1,SA535X7XB03305_CTCATTACAGTCGGTC-1,SA535X7XB03305,G
.cache/SCRNA10X_SA_CHIP0146_004/filtered_feature_bc_matrix,CTCCATGCAAAGGCTG-1,SA535X7XB03305_CTCCATGCAAAGGCTG-1,SA535X7XB03305,E_J
.cache/SCRNA10X_SA_CHIP0146_004/filtered_feature_bc_matrix,CTCCCTCCATCGTGGC-1,SA535X7XB03305_CTCCCTCCATCGTGGC-1,SA535X7XB03305,G
.cache/SCRNA10X_SA_CHIP0146_004/filtered_feature_bc_matrix,CTCCCTCTCACTTATC-1,SA535X7XB03305_CTCCCTCTCACTTATC-1,SA535X7XB03305,E_J
.cache/SCRNA10X_SA_CHIP0146_004/filtered_feature_bc_matrix,CTCCTCCTCGACCTAA-1,SA535X7XB03305_CTCCTCCTCGACCTAA-1,SA535X7XB03305,A
.cache/SCRNA10X_SA_CHIP0146_004/filtered_feature_bc_matrix,CTCCTTTCAATAGTAG-1,SA535X7XB03305_CTCCTTTCAATAGTAG-1,SA535X7XB03305,E_J
.cache/SCRNA10X_SA_CHIP0146_004/filtered_feature_bc_matrix,CTGATCCGTTCGTTCC-1,SA535X7XB03305_CTGATCCGTTCGTTCC-1,SA535X7XB03305,A
.cache/SCRNA10X_SA_CHIP0146_004/filtered_feature_bc_matrix,CTGCTCACAGATTAAG-1,SA535X7XB03305_CTGCTCACAGATTAAG-1,SA535X7XB03305,E_J
.cache/SCRNA10X_SA_CHIP0146_004/filtered_feature_bc_matrix,CTGGTCTAGTCCTGTA-1,SA535X7XB03305_CTGGTCTAGTCCTGTA-1,SA535X7XB03305,E_J
.cache/SCRNA10X_SA_CHIP0146_004/filtered_feature_bc_matrix,CTGTACCGTGGATCGA-1,SA535X7XB03305_CTGTACCGTGGATCGA-1,SA535X7XB03305,E_J
.cache/SCRNA10X_SA_CHIP0146_004/filtered_feature_bc_matrix,CTGTATTAGAAATTCG-1,SA535X7XB03305_CTGTATTAGAAATTCG-1,SA535X7XB03305,A
.cache/SCRNA10X_SA_CHIP0146_004/filtered_feature_bc_matrix,CTTAGGACAGCTATTG-1,SA535X7XB03305_CTTAGGACAGCTATTG-1,SA535X7XB03305,E_J
.cache/SCRNA10X_SA_CHIP0146_004/filtered_feature_bc_matrix,CTTCCGAGTGACACGA-1,SA535X7XB03305_CTTCCGAGTGACACGA-1,SA535X7XB03305,A
.cache/SCRNA10X_SA_CHIP0146_004/filtered_feature_bc_matrix,CTTCCTTGTGGAGAAA-1,SA535X7XB03305_CTTCCTTGTGGAGAAA-1,SA535X7XB03305,G
.cache/SCRNA10X_SA_CHIP0146_004/filtered_feature_bc_matrix,CTTCTCTCAACAACAA-1,SA535X7XB03305_CTTCTCTCAACAACAA-1,SA535X7XB03305,F
.cache/SCRNA10X_SA_CHIP0146_004/filtered_feature_bc_matrix,CTTGAGATCACCTCTG-1,SA535X7XB03305_CTTGAGATCACCTCTG-1,SA535X7XB03305,A
.cache/SCRNA10X_SA_CHIP0146_004/filtered_feature_bc_matrix,CTTGATTCAACACAGG-1,SA535X7XB03305_CTTGATTCAACACAGG-1,SA535X7XB03305,E_J
.cache/SCRNA10X_SA_CHIP0146_004/filtered_feature_bc_matrix,GAAATGACATGAAAGT-1,SA535X7XB03305_GAAATGACATGAAAGT-1,SA535X7XB03305,E_J
.cache/SCRNA10X_SA_CHIP0146_004/filtered_feature_bc_matrix,GAAGCCCTCACATCAG-1,SA535X7XB03305_GAAGCCCTCACATCAG-1,SA535X7XB03305,E_J
.cache/SCRNA10X_SA_CHIP0146_004/filtered_feature_bc_matrix,GAAGCGAAGACAGCGT-1,SA535X7XB03305_GAAGCGAAGACAGCGT-1,SA535X7XB03305,A
.cache/SCRNA10X_SA_CHIP0146_004/filtered_feature_bc_matrix,GAAGGGTCAACTCCCT-1,SA535X7XB03305_GAAGGGTCAACTCCCT-1,SA535X7XB03305,A
.cache/SCRNA10X_SA_CHIP0146_004/filtered_feature_bc_matrix,GAAGTAATCAGCATTG-1,SA535X7XB03305_GAAGTAATCAGCATTG-1,SA535X7XB03305,E_J
.cache/SCRNA10X_SA_CHIP0146_004/filtered_feature_bc_matrix,GAATCACAGTACAGAT-1,SA535X7XB03305_GAATCACAGTACAGAT-1,SA535X7XB03305,G
.cache/SCRNA10X_SA_CHIP0146_004/filtered_feature_bc_matrix,GAATCACCACGCTGTG-1,SA535X7XB03305_GAATCACCACGCTGTG-1,SA535X7XB03305,A
.cache/SCRNA10X_SA_CHIP0146_004/filtered_feature_bc_matrix,GAATCACGTCTCAGAT-1,SA535X7XB03305_GAATCACGTCTCAGAT-1,SA535X7XB03305,E_J
.cache/SCRNA10X_SA_CHIP0146_004/filtered_feature_bc_matrix,GAATCGTCACGCGCAT-1,SA535X7XB03305_GAATCGTCACGCGCAT-1,SA535X7XB03305,E_J
.cache/SCRNA10X_SA_CHIP0146_004/filtered_feature_bc_matrix,GACACGCAGCTGTGCC-1,SA535X7XB03305_GACACGCAGCTGTGCC-1,SA535X7XB03305,E_J
.cache/SCRNA10X_SA_CHIP0146_004/filtered_feature_bc_matrix,GACGTTAAGTCTTCGA-1,SA535X7XB03305_GACGTTAAGTCTTCGA-1,SA535X7XB03305,E_J
.cache/SCRNA10X_SA_CHIP0146_004/filtered_feature_bc_matrix,GAGTCTACAGCCGTCA-1,SA535X7XB03305_GAGTCTACAGCCGTCA-1,SA535X7XB03305,E_J
.cache/SCRNA10X_SA_CHIP0146_004/filtered_feature_bc_matrix,GAGTTTGAGATCACCT-1,SA535X7XB03305_GAGTTTGAGATCACCT-1,SA535X7XB03305,E_J
.cache/SCRNA10X_SA_CHIP0146_004/filtered_feature_bc_matrix,GATAGCTCAGTCAGTT-1,SA535X7XB03305_GATAGCTCAGTCAGTT-1,SA535X7XB03305,E_J
.cache/SCRNA10X_SA_CHIP0146_004/filtered_feature_bc_matrix,GATCATGAGAGTCAAT-1,SA535X7XB03305_GATCATGAGAGTCAAT-1,SA535X7XB03305,E_J
.cache/SCRNA10X_SA_CHIP0146_004/filtered_feature_bc_matrix,GATCCCTAGTATGATG-1,SA535X7XB03305_GATCCCTAGTATGATG-1,SA535X7XB03305,A
.cache/SCRNA10X_SA_CHIP0146_004/filtered_feature_bc_matrix,GATGCTATCCCGAGGT-1,SA535X7XB03305_GATGCTATCCCGAGGT-1,SA535X7XB03305,G
.cache/SCRNA10X_SA_CHIP0146_004/filtered_feature_bc_matrix,GATGGAGGTACGAGCA-1,SA535X7XB03305_GATGGAGGTACGAGCA-1,SA535X7XB03305,E_J
.cache/SCRNA10X_SA_CHIP0146_004/filtered_feature_bc_matrix,GATGGAGTCGGACGTC-1,SA535X7XB03305_GATGGAGTCGGACGTC-1,SA535X7XB03305,G
.cache/SCRNA10X_SA_CHIP0146_004/filtered_feature_bc_matrix,GATTCTTAGAGAGGGC-1,SA535X7XB03305_GATTCTTAGAGAGGGC-1,SA535X7XB03305,G
.cache/SCRNA10X_SA_CHIP0146_004/filtered_feature_bc_matrix,GCAACCGGTGGGAGAG-1,SA535X7XB03305_GCAACCGGTGGGAGAG-1,SA535X7XB03305,unassigned
.cache/SCRNA10X_SA_CHIP0146_004/filtered_feature_bc_matrix,GCACATATCCACGGAC-1,SA535X7XB03305_GCACATATCCACGGAC-1,SA535X7XB03305,E_J
.cache/SCRNA10X_SA_CHIP0146_004/filtered_feature_bc_matrix,GCATCTCTCGCTATTT-1,SA535X7XB03305_GCATCTCTCGCTATTT-1,SA535X7XB03305,E_J
.cache/SCRNA10X_SA_CHIP0146_004/filtered_feature_bc_matrix,GCATTAGGTAGACGGT-1,SA535X7XB03305_GCATTAGGTAGACGGT-1,SA535X7XB03305,E_J
.cache/SCRNA10X_SA_CHIP0146_004/filtered_feature_bc_matrix,GCCAACGGTAAGCGGT-1,SA535X7XB03305_GCCAACGGTAAGCGGT-1,SA535X7XB03305,A
.cache/SCRNA10X_SA_CHIP0146_004/filtered_feature_bc_matrix,GCCAGCAGTTACACTG-1,SA535X7XB03305_GCCAGCAGTTACACTG-1,SA535X7XB03305,E_J
.cache/SCRNA10X_SA_CHIP0146_004/filtered_feature_bc_matrix,GCCAGGTGTTGCTTGA-1,SA535X7XB03305_GCCAGGTGTTGCTTGA-1,SA535X7XB03305,A
.cache/SCRNA10X_SA_CHIP0146_004/filtered_feature_bc_matrix,GCCATTCAGTGCACCC-1,SA535X7XB03305_GCCATTCAGTGCACCC-1,SA535X7XB03305,E_J
.cache/SCRNA10X_SA_CHIP0146_004/filtered_feature_bc_matrix,GCCGATGCAAGTGGGT-1,SA535X7XB03305_GCCGATGCAAGTGGGT-1,SA535X7XB03305,A
.cache/SCRNA10X_SA_CHIP0146_004/filtered_feature_bc_matrix,GCGAGAATCTCAACGA-1,SA535X7XB03305_GCGAGAATCTCAACGA-1,SA535X7XB03305,E_J
.cache/SCRNA10X_SA_CHIP0146_004/filtered_feature_bc_matrix,GCGTTTCGTACAGTCT-1,SA535X7XB03305_GCGTTTCGTACAGTCT-1,SA535X7XB03305,E_J
.cache/SCRNA10X_SA_CHIP0146_004/filtered_feature_bc_matrix,GCTGAATCAGGAAGTC-1,SA535X7XB03305_GCTGAATCAGGAAGTC-1,SA535X7XB03305,unassigned
.cache/SCRNA10X_SA_CHIP0146_004/filtered_feature_bc_matrix,GCTGCAGTCCAAGCAT-1,SA535X7XB03305_GCTGCAGTCCAAGCAT-1,SA535X7XB03305,A
.cache/SCRNA10X_SA_CHIP0146_004/filtered_feature_bc_matrix,GCTGGGTTCTCCCAAC-1,SA535X7XB03305_GCTGGGTTCTCCCAAC-1,SA535X7XB03305,E_J
.cache/SCRNA10X_SA_CHIP0146_004/filtered_feature_bc_matrix,GCTTCACCAAGAGCTG-1,SA535X7XB03305_GCTTCACCAAGAGCTG-1,SA535X7XB03305,A
.cache/SCRNA10X_SA_CHIP0146_004/filtered_feature_bc_matrix,GCTTGGGCAAGGTTGG-1,SA535X7XB03305_GCTTGGGCAAGGTTGG-1,SA535X7XB03305,E_J
.cache/SCRNA10X_SA_CHIP0146_004/filtered_feature_bc_matrix,GGAACCCGTTCAAACC-1,SA535X7XB03305_GGAACCCGTTCAAACC-1,SA535X7XB03305,E_J
.cache/SCRNA10X_SA_CHIP0146_004/filtered_feature_bc_matrix,GGAACCCTCATCTCTA-1,SA535X7XB03305_GGAACCCTCATCTCTA-1,SA535X7XB03305,E_J
.cache/SCRNA10X_SA_CHIP0146_004/filtered_feature_bc_matrix,GGAGATGGTGCAGATG-1,SA535X7XB03305_GGAGATGGTGCAGATG-1,SA535X7XB03305,E_J
.cache/SCRNA10X_SA_CHIP0146_004/filtered_feature_bc_matrix,GGAGCAACATCTCCCA-1,SA535X7XB03305_GGAGCAACATCTCCCA-1,SA535X7XB03305,E_J
.cache/SCRNA10X_SA_CHIP0146_004/filtered_feature_bc_matrix,GGAGCAAGTCCAACGC-1,SA535X7XB03305_GGAGCAAGTCCAACGC-1,SA535X7XB03305,E_J
.cache/SCRNA10X_SA_CHIP0146_004/filtered_feature_bc_matrix,GGGAAGTAGTAAGAGG-1,SA535X7XB03305_GGGAAGTAGTAAGAGG-1,SA535X7XB03305,G
.cache/SCRNA10X_SA_CHIP0146_004/filtered_feature_bc_matrix,GGGAAGTCAAGTTCCA-1,SA535X7XB03305_GGGAAGTCAAGTTCCA-1,SA535X7XB03305,E_J
.cache/SCRNA10X_SA_CHIP0146_004/filtered_feature_bc_matrix,GGGACCTGTTCTCCTG-1,SA535X7XB03305_GGGACCTGTTCTCCTG-1,SA535X7XB03305,E_J
.cache/SCRNA10X_SA_CHIP0146_004/filtered_feature_bc_matrix,GGGACTCGTTCAGCTA-1,SA535X7XB03305_GGGACTCGTTCAGCTA-1,SA535X7XB03305,E_J
.cache/SCRNA10X_SA_CHIP0146_004/filtered_feature_bc_matrix,GGGAGATCAACCGGAA-1,SA535X7XB03305_GGGAGATCAACCGGAA-1,SA535X7XB03305,A
.cache/SCRNA10X_SA_CHIP0146_004/filtered_feature_bc_matrix,GGGAGTACAAGCGCAA-1,SA535X7XB03305_GGGAGTACAAGCGCAA-1,SA535X7XB03305,E_J
.cache/SCRNA10X_SA_CHIP0146_004/filtered_feature_bc_matrix,GGGAGTAGTTTCTATC-1,SA535X7XB03305_GGGAGTAGTTTCTATC-1,SA535X7XB03305,E_J
.cache/SCRNA10X_SA_CHIP0146_004/filtered_feature_bc_matrix,GGGATGAGTTGCTAGT-1,SA535X7XB03305_GGGATGAGTTGCTAGT-1,SA535X7XB03305,E_J
.cache/SCRNA10X_SA_CHIP0146_004/filtered_feature_bc_matrix,GGTAACTAGACAGCGT-1,SA535X7XB03305_GGTAACTAGACAGCGT-1,SA535X7XB03305,A
.cache/SCRNA10X_SA_CHIP0146_004/filtered_feature_bc_matrix,GGTCACGCACATGAAA-1,SA535X7XB03305_GGTCACGCACATGAAA-1,SA535X7XB03305,G
.cache/SCRNA10X_SA_CHIP0146_004/filtered_feature_bc_matrix,GGTGAAGGTTGCTTGA-1,SA535X7XB03305_GGTGAAGGTTGCTTGA-1,SA535X7XB03305,E_J
.cache/SCRNA10X_SA_CHIP0146_004/filtered_feature_bc_matrix,GGTGATTGTGTCGCTG-1,SA535X7XB03305_GGTGATTGTGTCGCTG-1,SA535X7XB03305,G
.cache/SCRNA10X_SA_CHIP0146_004/filtered_feature_bc_matrix,GGTGGCTCACGGGTAA-1,SA535X7XB03305_GGTGGCTCACGGGTAA-1,SA535X7XB03305,E_J
.cache/SCRNA10X_SA_CHIP0146_004/filtered_feature_bc_matrix,GGTTCTCAGTCGTCTA-1,SA535X7XB03305_GGTTCTCAGTCGTCTA-1,SA535X7XB03305,A
.cache/SCRNA10X_SA_CHIP0146_004/filtered_feature_bc_matrix,GTAAGTCCATCGATCA-1,SA535X7XB03305_GTAAGTCCATCGATCA-1,SA535X7XB03305,E_J
.cache/SCRNA10X_SA_CHIP0146_004/filtered_feature_bc_matrix,GTAATCGCAACGATTC-1,SA535X7XB03305_GTAATCGCAACGATTC-1,SA535X7XB03305,A
.cache/SCRNA10X_SA_CHIP0146_004/filtered_feature_bc_matrix,GTAATGCGTCGTCATA-1,SA535X7XB03305_GTAATGCGTCGTCATA-1,SA535X7XB03305,E_J
.cache/SCRNA10X_SA_CHIP0146_004/filtered_feature_bc_matrix,GTACAGTTCGATTTCT-1,SA535X7XB03305_GTACAGTTCGATTTCT-1,SA535X7XB03305,E_J
.cache/SCRNA10X_SA_CHIP0146_004/filtered_feature_bc_matrix,GTAGATCCAGCAGTGA-1,SA535X7XB03305_GTAGATCCAGCAGTGA-1,SA535X7XB03305,F
.cache/SCRNA10X_SA_CHIP0146_004/filtered_feature_bc_matrix,GTAGGTTAGGTCCTGC-1,SA535X7XB03305_GTAGGTTAGGTCCTGC-1,SA535X7XB03305,E_J
.cache/SCRNA10X_SA_CHIP0146_004/filtered_feature_bc_matrix,GTAGTACAGATTGGGC-1,SA535X7XB03305_GTAGTACAGATTGGGC-1,SA535X7XB03305,E_J
.cache/SCRNA10X_SA_CHIP0146_004/filtered_feature_bc_matrix,GTCACGGAGAAGGGAT-1,SA535X7XB03305_GTCACGGAGAAGGGAT-1,SA535X7XB03305,E_J
.cache/SCRNA10X_SA_CHIP0146_004/filtered_feature_bc_matrix,GTCACTCAGGATATGT-1,SA535X7XB03305_GTCACTCAGGATATGT-1,SA535X7XB03305,A
.cache/SCRNA10X_SA_CHIP0146_004/filtered_feature_bc_matrix,GTCACTCCATGCTGCG-1,SA535X7XB03305_GTCACTCCATGCTGCG-1,SA535X7XB03305,E_J
.cache/SCRNA10X_SA_CHIP0146_004/filtered_feature_bc_matrix,GTCACTCCATGGAAGC-1,SA535X7XB03305_GTCACTCCATGGAAGC-1,SA535X7XB03305,E_J
.cache/SCRNA10X_SA_CHIP0146_004/filtered_feature_bc_matrix,GTCACTCGTAACCCTA-1,SA535X7XB03305_GTCACTCGTAACCCTA-1,SA535X7XB03305,E_J
.cache/SCRNA10X_SA_CHIP0146_004/filtered_feature_bc_matrix,GTCATCCTCCTGTACC-1,SA535X7XB03305_GTCATCCTCCTGTACC-1,SA535X7XB03305,E_J
.cache/SCRNA10X_SA_CHIP0146_004/filtered_feature_bc_matrix,GTCATGAAGCAATAGT-1,SA535X7XB03305_GTCATGAAGCAATAGT-1,SA535X7XB03305,E_J
.cache/SCRNA10X_SA_CHIP0146_004/filtered_feature_bc_matrix,GTCATGATCGGTCAGC-1,SA535X7XB03305_GTCATGATCGGTCAGC-1,SA535X7XB03305,E_J
.cache/SCRNA10X_SA_CHIP0146_004/filtered_feature_bc_matrix,GTCATTTCACAACGCC-1,SA535X7XB03305_GTCATTTCACAACGCC-1,SA535X7XB03305,E_J
.cache/SCRNA10X_SA_CHIP0146_004/filtered_feature_bc_matrix,GTCCCATTCTTGATTC-1,SA535X7XB03305_GTCCCATTCTTGATTC-1,SA535X7XB03305,E_J
.cache/SCRNA10X_SA_CHIP0146_004/filtered_feature_bc_matrix,GTCGCGAGTAGGTCAG-1,SA535X7XB03305_GTCGCGAGTAGGTCAG-1,SA535X7XB03305,E_J
.cache/SCRNA10X_SA_CHIP0146_004/filtered_feature_bc_matrix,GTCGTAAGTCTGTGCG-1,SA535X7XB03305_GTCGTAAGTCTGTGCG-1,SA535X7XB03305,E_J
.cache/SCRNA10X_SA_CHIP0146_004/filtered_feature_bc_matrix,GTCTACCAGATGTTCC-1,SA535X7XB03305_GTCTACCAGATGTTCC-1,SA535X7XB03305,A
.cache/SCRNA10X_SA_CHIP0146_004/filtered_feature_bc_matrix,GTCTAGAGTACGCTTA-1,SA535X7XB03305_GTCTAGAGTACGCTTA-1,SA535X7XB03305,E_J
.cache/SCRNA10X_SA_CHIP0146_004/filtered_feature_bc_matrix,GTCTAGAGTCATCAGT-1,SA535X7XB03305_GTCTAGAGTCATCAGT-1,SA535X7XB03305,A
.cache/SCRNA10X_SA_CHIP0146_004/filtered_feature_bc_matrix,GTCTCACAGTACCATC-1,SA535X7XB03305_GTCTCACAGTACCATC-1,SA535X7XB03305,E_J
.cache/SCRNA10X_SA_CHIP0146_004/filtered_feature_bc_matrix,GTGAGGACAGACCTGC-1,SA535X7XB03305_GTGAGGACAGACCTGC-1,SA535X7XB03305,A
.cache/SCRNA10X_SA_CHIP0146_004/filtered_feature_bc_matrix,GTGCAGCTCTTCGTGC-1,SA535X7XB03305_GTGCAGCTCTTCGTGC-1,SA535X7XB03305,G
.cache/SCRNA10X_SA_CHIP0146_004/filtered_feature_bc_matrix,GTGCTGGCAACAAGAT-1,SA535X7XB03305_GTGCTGGCAACAAGAT-1,SA535X7XB03305,E_J
.cache/SCRNA10X_SA_CHIP0146_004/filtered_feature_bc_matrix,GTGCTTCGTGCACAAG-1,SA535X7XB03305_GTGCTTCGTGCACAAG-1,SA535X7XB03305,E_J
.cache/SCRNA10X_SA_CHIP0146_004/filtered_feature_bc_matrix,GTGGAAGGTGTTCCAA-1,SA535X7XB03305_GTGGAAGGTGTTCCAA-1,SA535X7XB03305,E_J
.cache/SCRNA10X_SA_CHIP0146_004/filtered_feature_bc_matrix,GTGGAAGTCCAAGCTA-1,SA535X7XB03305_GTGGAAGTCCAAGCTA-1,SA535X7XB03305,E_J
.cache/SCRNA10X_SA_CHIP0146_004/filtered_feature_bc_matrix,GTGGGAATCCATTGGA-1,SA535X7XB03305_GTGGGAATCCATTGGA-1,SA535X7XB03305,E_J
.cache/SCRNA10X_SA_CHIP0146_004/filtered_feature_bc_matrix,GTGTGGCTCTAGAACC-1,SA535X7XB03305_GTGTGGCTCTAGAACC-1,SA535X7XB03305,E_J
.cache/SCRNA10X_SA_CHIP0146_004/filtered_feature_bc_matrix,GTTAGACTCCCTTGTG-1,SA535X7XB03305_GTTAGACTCCCTTGTG-1,SA535X7XB03305,E_J
.cache/SCRNA10X_SA_CHIP0146_004/filtered_feature_bc_matrix,GTTATGGCATAGAGGC-1,SA535X7XB03305_GTTATGGCATAGAGGC-1,SA535X7XB03305,E_J
.cache/SCRNA10X_SA_CHIP0146_004/filtered_feature_bc_matrix,GTTCATTGTGACAACG-1,SA535X7XB03305_GTTCATTGTGACAACG-1,SA535X7XB03305,E_J
.cache/SCRNA10X_SA_CHIP0146_004/filtered_feature_bc_matrix,GTTCGCTCAATTTCGG-1,SA535X7XB03305_GTTCGCTCAATTTCGG-1,SA535X7XB03305,E_J
.cache/SCRNA10X_SA_CHIP0146_004/filtered_feature_bc_matrix,GTTGCGGCAGTATTCG-1,SA535X7XB03305_GTTGCGGCAGTATTCG-1,SA535X7XB03305,G
.cache/SCRNA10X_SA_CHIP0146_004/filtered_feature_bc_matrix,GTTGCTCAGAATGTTG-1,SA535X7XB03305_GTTGCTCAGAATGTTG-1,SA535X7XB03305,E_J
.cache/SCRNA10X_SA_CHIP0146_004/filtered_feature_bc_matrix,GTTGTGAAGGAAACGA-1,SA535X7XB03305_GTTGTGAAGGAAACGA-1,SA535X7XB03305,A
.cache/SCRNA10X_SA_CHIP0146_004/filtered_feature_bc_matrix,GTTTGGACACTGGCCA-1,SA535X7XB03305_GTTTGGACACTGGCCA-1,SA535X7XB03305,A
.cache/SCRNA10X_SA_CHIP0146_004/filtered_feature_bc_matrix,GTTTGGAGTGCTGTCG-1,SA535X7XB03305_GTTTGGAGTGCTGTCG-1,SA535X7XB03305,A
.cache/SCRNA10X_SA_CHIP0146_004/filtered_feature_bc_matrix,TAACACGTCATGACAC-1,SA535X7XB03305_TAACACGTCATGACAC-1,SA535X7XB03305,E_J
.cache/SCRNA10X_SA_CHIP0146_004/filtered_feature_bc_matrix,TAACCAGAGGTCGTAG-1,SA535X7XB03305_TAACCAGAGGTCGTAG-1,SA535X7XB03305,A
.cache/SCRNA10X_SA_CHIP0146_004/filtered_feature_bc_matrix,TAAGTCGAGCTGCCAC-1,SA535X7XB03305_TAAGTCGAGCTGCCAC-1,SA535X7XB03305,E_J
.cache/SCRNA10X_SA_CHIP0146_004/filtered_feature_bc_matrix,TAAGTCGTCAGCGCAC-1,SA535X7XB03305_TAAGTCGTCAGCGCAC-1,SA535X7XB03305,E_J
.cache/SCRNA10X_SA_CHIP0146_004/filtered_feature_bc_matrix,TAAGTCGTCGGTCAGC-1,SA535X7XB03305_TAAGTCGTCGGTCAGC-1,SA535X7XB03305,G
.cache/SCRNA10X_SA_CHIP0146_004/filtered_feature_bc_matrix,TACAACGTCGGACAAG-1,SA535X7XB03305_TACAACGTCGGACAAG-1,SA535X7XB03305,E_J
.cache/SCRNA10X_SA_CHIP0146_004/filtered_feature_bc_matrix,TACAGGTGTAGGAGTC-1,SA535X7XB03305_TACAGGTGTAGGAGTC-1,SA535X7XB03305,E_J
.cache/SCRNA10X_SA_CHIP0146_004/filtered_feature_bc_matrix,TACCCGTCACACCTAA-1,SA535X7XB03305_TACCCGTCACACCTAA-1,SA535X7XB03305,E_J
.cache/SCRNA10X_SA_CHIP0146_004/filtered_feature_bc_matrix,TACCCGTGTCGTGGAA-1,SA535X7XB03305_TACCCGTGTCGTGGAA-1,SA535X7XB03305,A
.cache/SCRNA10X_SA_CHIP0146_004/filtered_feature_bc_matrix,TACCGGGTCCGCTTAC-1,SA535X7XB03305_TACCGGGTCCGCTTAC-1,SA535X7XB03305,E_J
.cache/SCRNA10X_SA_CHIP0146_004/filtered_feature_bc_matrix,TACGCTCTCGTGGCTG-1,SA535X7XB03305_TACGCTCTCGTGGCTG-1,SA535X7XB03305,A
.cache/SCRNA10X_SA_CHIP0146_004/filtered_feature_bc_matrix,TACGGGCTCTACCACC-1,SA535X7XB03305_TACGGGCTCTACCACC-1,SA535X7XB03305,A
.cache/SCRNA10X_SA_CHIP0146_004/filtered_feature_bc_matrix,TACGGTATCATGTCTT-1,SA535X7XB03305_TACGGTATCATGTCTT-1,SA535X7XB03305,G
.cache/SCRNA10X_SA_CHIP0146_004/filtered_feature_bc_matrix,TACGTCCAGACCAACG-1,SA535X7XB03305_TACGTCCAGACCAACG-1,SA535X7XB03305,G
.cache/SCRNA10X_SA_CHIP0146_004/filtered_feature_bc_matrix,TACTGCCAGTTCTACG-1,SA535X7XB03305_TACTGCCAGTTCTACG-1,SA535X7XB03305,E_J
.cache/SCRNA10X_SA_CHIP0146_004/filtered_feature_bc_matrix,TACTTACAGAAGCCTG-1,SA535X7XB03305_TACTTACAGAAGCCTG-1,SA535X7XB03305,E_J
.cache/SCRNA10X_SA_CHIP0146_004/filtered_feature_bc_matrix,TAGACCAGTCTAACGT-1,SA535X7XB03305_TAGACCAGTCTAACGT-1,SA535X7XB03305,E_J
.cache/SCRNA10X_SA_CHIP0146_004/filtered_feature_bc_matrix,TAGACTGCAGAAACCG-1,SA535X7XB03305_TAGACTGCAGAAACCG-1,SA535X7XB03305,unassigned
.cache/SCRNA10X_SA_CHIP0146_004/filtered_feature_bc_matrix,TAGACTGGTGACCGAA-1,SA535X7XB03305_TAGACTGGTGACCGAA-1,SA535X7XB03305,E_J
.cache/SCRNA10X_SA_CHIP0146_004/filtered_feature_bc_matrix,TATCGCCGTTATGGTC-1,SA535X7XB03305_TATCGCCGTTATGGTC-1,SA535X7XB03305,E_J
.cache/SCRNA10X_SA_CHIP0146_004/filtered_feature_bc_matrix,TATCTGTTCATCGTAG-1,SA535X7XB03305_TATCTGTTCATCGTAG-1,SA535X7XB03305,E_J
.cache/SCRNA10X_SA_CHIP0146_004/filtered_feature_bc_matrix,TATCTGTTCCGATAGT-1,SA535X7XB03305_TATCTGTTCCGATAGT-1,SA535X7XB03305,E_J
.cache/SCRNA10X_SA_CHIP0146_004/filtered_feature_bc_matrix,TATTCCATCGCCAGTG-1,SA535X7XB03305_TATTCCATCGCCAGTG-1,SA535X7XB03305,E_J
.cache/SCRNA10X_SA_CHIP0146_004/filtered_feature_bc_matrix,TATTTCGTCTCATGCC-1,SA535X7XB03305_TATTTCGTCTCATGCC-1,SA535X7XB03305,E_J
.cache/SCRNA10X_SA_CHIP0146_004/filtered_feature_bc_matrix,TCAAGTGAGCGACATG-1,SA535X7XB03305_TCAAGTGAGCGACATG-1,SA535X7XB03305,E_J
.cache/SCRNA10X_SA_CHIP0146_004/filtered_feature_bc_matrix,TCAAGTGGTCATAGTC-1,SA535X7XB03305_TCAAGTGGTCATAGTC-1,SA535X7XB03305,E_J
.cache/SCRNA10X_SA_CHIP0146_004/filtered_feature_bc_matrix,TCAAGTGGTCTTCATT-1,SA535X7XB03305_TCAAGTGGTCTTCATT-1,SA535X7XB03305,E_J
.cache/SCRNA10X_SA_CHIP0146_004/filtered_feature_bc_matrix,TCAATCTGTTGGACTT-1,SA535X7XB03305_TCAATCTGTTGGACTT-1,SA535X7XB03305,E_J
.cache/SCRNA10X_SA_CHIP0146_004/filtered_feature_bc_matrix,TCACAAGTCGTTGTAG-1,SA535X7XB03305_TCACAAGTCGTTGTAG-1,SA535X7XB03305,E_J
.cache/SCRNA10X_SA_CHIP0146_004/filtered_feature_bc_matrix,TCACATTGTACGTAGG-1,SA535X7XB03305_TCACATTGTACGTAGG-1,SA535X7XB03305,E_J
.cache/SCRNA10X_SA_CHIP0146_004/filtered_feature_bc_matrix,TCACATTGTAGCACGA-1,SA535X7XB03305_TCACATTGTAGCACGA-1,SA535X7XB03305,E_J
.cache/SCRNA10X_SA_CHIP0146_004/filtered_feature_bc_matrix,TCACGGGAGATAGCAT-1,SA535X7XB03305_TCACGGGAGATAGCAT-1,SA535X7XB03305,G
.cache/SCRNA10X_SA_CHIP0146_004/filtered_feature_bc_matrix,TCACTATTCTGCGGAC-1,SA535X7XB03305_TCACTATTCTGCGGAC-1,SA535X7XB03305,A
.cache/SCRNA10X_SA_CHIP0146_004/filtered_feature_bc_matrix,TCAGCCTAGAAGAACG-1,SA535X7XB03305_TCAGCCTAGAAGAACG-1,SA535X7XB03305,E_J
.cache/SCRNA10X_SA_CHIP0146_004/filtered_feature_bc_matrix,TCAGGGCGTGAGTTGG-1,SA535X7XB03305_TCAGGGCGTGAGTTGG-1,SA535X7XB03305,A
.cache/SCRNA10X_SA_CHIP0146_004/filtered_feature_bc_matrix,TCATCATCACGCTGTG-1,SA535X7XB03305_TCATCATCACGCTGTG-1,SA535X7XB03305,A
.cache/SCRNA10X_SA_CHIP0146_004/filtered_feature_bc_matrix,TCATGAGAGTCATCGT-1,SA535X7XB03305_TCATGAGAGTCATCGT-1,SA535X7XB03305,E_J
.cache/SCRNA10X_SA_CHIP0146_004/filtered_feature_bc_matrix,TCATGCCTCCGTGGCA-1,SA535X7XB03305_TCATGCCTCCGTGGCA-1,SA535X7XB03305,A
.cache/SCRNA10X_SA_CHIP0146_004/filtered_feature_bc_matrix,TCATGGAAGGAAGTGA-1,SA535X7XB03305_TCATGGAAGGAAGTGA-1,SA535X7XB03305,A
.cache/SCRNA10X_SA_CHIP0146_004/filtered_feature_bc_matrix,TCATTCACAACTCGAT-1,SA535X7XB03305_TCATTCACAACTCGAT-1,SA535X7XB03305,E_J
.cache/SCRNA10X_SA_CHIP0146_004/filtered_feature_bc_matrix,TCATTTGTCACGGACC-1,SA535X7XB03305_TCATTTGTCACGGACC-1,SA535X7XB03305,A
.cache/SCRNA10X_SA_CHIP0146_004/filtered_feature_bc_matrix,TCCACGTTCAAGCCAT-1,SA535X7XB03305_TCCACGTTCAAGCCAT-1,SA535X7XB03305,F
.cache/SCRNA10X_SA_CHIP0146_004/filtered_feature_bc_matrix,TCCACGTTCTGCCTGT-1,SA535X7XB03305_TCCACGTTCTGCCTGT-1,SA535X7XB03305,E_J
.cache/SCRNA10X_SA_CHIP0146_004/filtered_feature_bc_matrix,TCCAGAAAGCTGTTCA-1,SA535X7XB03305_TCCAGAAAGCTGTTCA-1,SA535X7XB03305,E_J
.cache/SCRNA10X_SA_CHIP0146_004/filtered_feature_bc_matrix,TCCCACAGTACAGTAA-1,SA535X7XB03305_TCCCACAGTACAGTAA-1,SA535X7XB03305,E_J
.cache/SCRNA10X_SA_CHIP0146_004/filtered_feature_bc_matrix,TCCCATGTCCGTTGAA-1,SA535X7XB03305_TCCCATGTCCGTTGAA-1,SA535X7XB03305,G
.cache/SCRNA10X_SA_CHIP0146_004/filtered_feature_bc_matrix,TCCTAATCATTCGATG-1,SA535X7XB03305_TCCTAATCATTCGATG-1,SA535X7XB03305,E_J
.cache/SCRNA10X_SA_CHIP0146_004/filtered_feature_bc_matrix,TCCTCTTAGTAGGTTA-1,SA535X7XB03305_TCCTCTTAGTAGGTTA-1,SA535X7XB03305,E_J
.cache/SCRNA10X_SA_CHIP0146_004/filtered_feature_bc_matrix,TCGCACTTCTCGTCGT-1,SA535X7XB03305_TCGCACTTCTCGTCGT-1,SA535X7XB03305,G
.cache/SCRNA10X_SA_CHIP0146_004/filtered_feature_bc_matrix,TCGCAGGGTGAGTGAC-1,SA535X7XB03305_TCGCAGGGTGAGTGAC-1,SA535X7XB03305,E_J
.cache/SCRNA10X_SA_CHIP0146_004/filtered_feature_bc_matrix,TCGCTCACATTGTGCA-1,SA535X7XB03305_TCGCTCACATTGTGCA-1,SA535X7XB03305,F
.cache/SCRNA10X_SA_CHIP0146_004/filtered_feature_bc_matrix,TCGGATACAGTCAACT-1,SA535X7XB03305_TCGGATACAGTCAACT-1,SA535X7XB03305,E_J
.cache/SCRNA10X_SA_CHIP0146_004/filtered_feature_bc_matrix,TCGGGCATCCCGATCT-1,SA535X7XB03305_TCGGGCATCCCGATCT-1,SA535X7XB03305,E_J
.cache/SCRNA10X_SA_CHIP0146_004/filtered_feature_bc_matrix,TCGGGCATCGCCCAGA-1,SA535X7XB03305_TCGGGCATCGCCCAGA-1,SA535X7XB03305,G
.cache/SCRNA10X_SA_CHIP0146_004/filtered_feature_bc_matrix,TCGGTCTTCCATCTCG-1,SA535X7XB03305_TCGGTCTTCCATCTCG-1,SA535X7XB03305,A
.cache/SCRNA10X_SA_CHIP0146_004/filtered_feature_bc_matrix,TCGTGGGGTCGAGTTT-1,SA535X7XB03305_TCGTGGGGTCGAGTTT-1,SA535X7XB03305,E_J
.cache/SCRNA10X_SA_CHIP0146_004/filtered_feature_bc_matrix,TCTACATGTTAAGCAA-1,SA535X7XB03305_TCTACATGTTAAGCAA-1,SA535X7XB03305,E_J
.cache/SCRNA10X_SA_CHIP0146_004/filtered_feature_bc_matrix,TCTATCAGTAGACAGC-1,SA535X7XB03305_TCTATCAGTAGACAGC-1,SA535X7XB03305,E_J
.cache/SCRNA10X_SA_CHIP0146_004/filtered_feature_bc_matrix,TCTATCAGTTCTTCAT-1,SA535X7XB03305_TCTATCAGTTCTTCAT-1,SA535X7XB03305,E_J
.cache/SCRNA10X_SA_CHIP0146_004/filtered_feature_bc_matrix,TCTATCATCGTACCTC-1,SA535X7XB03305_TCTATCATCGTACCTC-1,SA535X7XB03305,A
.cache/SCRNA10X_SA_CHIP0146_004/filtered_feature_bc_matrix,TCTCAGCCACGCGCAT-1,SA535X7XB03305_TCTCAGCCACGCGCAT-1,SA535X7XB03305,E_J
.cache/SCRNA10X_SA_CHIP0146_004/filtered_feature_bc_matrix,TCTCAGCTCTGACAGT-1,SA535X7XB03305_TCTCAGCTCTGACAGT-1,SA535X7XB03305,A
.cache/SCRNA10X_SA_CHIP0146_004/filtered_feature_bc_matrix,TCTCCGACAGGAATAT-1,SA535X7XB03305_TCTCCGACAGGAATAT-1,SA535X7XB03305,E_J
.cache/SCRNA10X_SA_CHIP0146_004/filtered_feature_bc_matrix,TCTGCCAGTCAGGTAG-1,SA535X7XB03305_TCTGCCAGTCAGGTAG-1,SA535X7XB03305,E_J
.cache/SCRNA10X_SA_CHIP0146_004/filtered_feature_bc_matrix,TCTGTCGCAATAGTCC-1,SA535X7XB03305_TCTGTCGCAATAGTCC-1,SA535X7XB03305,E_J
.cache/SCRNA10X_SA_CHIP0146_004/filtered_feature_bc_matrix,TCTTAGTCAATAGTCC-1,SA535X7XB03305_TCTTAGTCAATAGTCC-1,SA535X7XB03305,E_J
.cache/SCRNA10X_SA_CHIP0146_004/filtered_feature_bc_matrix,TGAATCGCACCCTTGT-1,SA535X7XB03305_TGAATCGCACCCTTGT-1,SA535X7XB03305,A
.cache/SCRNA10X_SA_CHIP0146_004/filtered_feature_bc_matrix,TGACAGTTCATGGTAC-1,SA535X7XB03305_TGACAGTTCATGGTAC-1,SA535X7XB03305,E_J
.cache/SCRNA10X_SA_CHIP0146_004/filtered_feature_bc_matrix,TGAGCATTCGTAACCA-1,SA535X7XB03305_TGAGCATTCGTAACCA-1,SA535X7XB03305,A
.cache/SCRNA10X_SA_CHIP0146_004/filtered_feature_bc_matrix,TGAGCATTCTCTTAAC-1,SA535X7XB03305_TGAGCATTCTCTTAAC-1,SA535X7XB03305,E_J
.cache/SCRNA10X_SA_CHIP0146_004/filtered_feature_bc_matrix,TGAGGAGGTATATGGA-1,SA535X7XB03305_TGAGGAGGTATATGGA-1,SA535X7XB03305,unassigned
.cache/SCRNA10X_SA_CHIP0146_004/filtered_feature_bc_matrix,TGAGTCATCGCTGACG-1,SA535X7XB03305_TGAGTCATCGCTGACG-1,SA535X7XB03305,A
.cache/SCRNA10X_SA_CHIP0146_004/filtered_feature_bc_matrix,TGATTTCAGCGAATGC-1,SA535X7XB03305_TGATTTCAGCGAATGC-1,SA535X7XB03305,G
.cache/SCRNA10X_SA_CHIP0146_004/filtered_feature_bc_matrix,TGCACGGTCGTTCCTG-1,SA535X7XB03305_TGCACGGTCGTTCCTG-1,SA535X7XB03305,A
.cache/SCRNA10X_SA_CHIP0146_004/filtered_feature_bc_matrix,TGCAGATGTTCCAAAC-1,SA535X7XB03305_TGCAGATGTTCCAAAC-1,SA535X7XB03305,E_J
.cache/SCRNA10X_SA_CHIP0146_004/filtered_feature_bc_matrix,TGCAGTAAGTTTAGGA-1,SA535X7XB03305_TGCAGTAAGTTTAGGA-1,SA535X7XB03305,E_J
.cache/SCRNA10X_SA_CHIP0146_004/filtered_feature_bc_matrix,TGCATGAAGCTTCGTA-1,SA535X7XB03305_TGCATGAAGCTTCGTA-1,SA535X7XB03305,E_J
.cache/SCRNA10X_SA_CHIP0146_004/filtered_feature_bc_matrix,TGCGATAGTGCAATAA-1,SA535X7XB03305_TGCGATAGTGCAATAA-1,SA535X7XB03305,A
.cache/SCRNA10X_SA_CHIP0146_004/filtered_feature_bc_matrix,TGCGGCACACAGTATC-1,SA535X7XB03305_TGCGGCACACAGTATC-1,SA535X7XB03305,G
.cache/SCRNA10X_SA_CHIP0146_004/filtered_feature_bc_matrix,TGCTCCAAGAGTGGCT-1,SA535X7XB03305_TGCTCCAAGAGTGGCT-1,SA535X7XB03305,E_J
.cache/SCRNA10X_SA_CHIP0146_004/filtered_feature_bc_matrix,TGCTCGTCAAAGAACT-1,SA535X7XB03305_TGCTCGTCAAAGAACT-1,SA535X7XB03305,E_J
.cache/SCRNA10X_SA_CHIP0146_004/filtered_feature_bc_matrix,TGGAACTCAAGTGGTG-1,SA535X7XB03305_TGGAACTCAAGTGGTG-1,SA535X7XB03305,E_J
.cache/SCRNA10X_SA_CHIP0146_004/filtered_feature_bc_matrix,TGGAACTCATTGAAGA-1,SA535X7XB03305_TGGAACTCATTGAAGA-1,SA535X7XB03305,E_J
.cache/SCRNA10X_SA_CHIP0146_004/filtered_feature_bc_matrix,TGGAGAGGTTGAGAGC-1,SA535X7XB03305_TGGAGAGGTTGAGAGC-1,SA535X7XB03305,F
.cache/SCRNA10X_SA_CHIP0146_004/filtered_feature_bc_matrix,TGGAGGAGTTGGGTTT-1,SA535X7XB03305_TGGAGGAGTTGGGTTT-1,SA535X7XB03305,A
.cache/SCRNA10X_SA_CHIP0146_004/filtered_feature_bc_matrix,TGGATGTTCATAGAGA-1,SA535X7XB03305_TGGATGTTCATAGAGA-1,SA535X7XB03305,unassigned
.cache/SCRNA10X_SA_CHIP0146_004/filtered_feature_bc_matrix,TGGGATTCACTGAATC-1,SA535X7XB03305_TGGGATTCACTGAATC-1,SA535X7XB03305,E_J
.cache/SCRNA10X_SA_CHIP0146_004/filtered_feature_bc_matrix,TGTAACGAGGCATGGT-1,SA535X7XB03305_TGTAACGAGGCATGGT-1,SA535X7XB03305,F
.cache/SCRNA10X_SA_CHIP0146_004/filtered_feature_bc_matrix,TGTAACGTCTGCTCTG-1,SA535X7XB03305_TGTAACGTCTGCTCTG-1,SA535X7XB03305,E_J
.cache/SCRNA10X_SA_CHIP0146_004/filtered_feature_bc_matrix,TGTCCACGTCGTTGCG-1,SA535X7XB03305_TGTCCACGTCGTTGCG-1,SA535X7XB03305,G
.cache/SCRNA10X_SA_CHIP0146_004/filtered_feature_bc_matrix,TGTGAGTTCCAGTACA-1,SA535X7XB03305_TGTGAGTTCCAGTACA-1,SA535X7XB03305,E_J
.cache/SCRNA10X_SA_CHIP0146_004/filtered_feature_bc_matrix,TGTGATGAGTCGGGAT-1,SA535X7XB03305_TGTGATGAGTCGGGAT-1,SA535X7XB03305,E_J
.cache/SCRNA10X_SA_CHIP0146_004/filtered_feature_bc_matrix,TGTGGCGGTCCAATCA-1,SA535X7XB03305_TGTGGCGGTCCAATCA-1,SA535X7XB03305,E_J
.cache/SCRNA10X_SA_CHIP0146_004/filtered_feature_bc_matrix,TGTTCCGAGATCACTC-1,SA535X7XB03305_TGTTCCGAGATCACTC-1,SA535X7XB03305,A
.cache/SCRNA10X_SA_CHIP0146_004/filtered_feature_bc_matrix,TGTTGAGCAACTAGAA-1,SA535X7XB03305_TGTTGAGCAACTAGAA-1,SA535X7XB03305,E_J
.cache/SCRNA10X_SA_CHIP0146_004/filtered_feature_bc_matrix,TGTTGGAGTATCATGC-1,SA535X7XB03305_TGTTGGAGTATCATGC-1,SA535X7XB03305,E_J
.cache/SCRNA10X_SA_CHIP0146_004/filtered_feature_bc_matrix,TTACAGGAGAAGCCAC-1,SA535X7XB03305_TTACAGGAGAAGCCAC-1,SA535X7XB03305,A
.cache/SCRNA10X_SA_CHIP0146_004/filtered_feature_bc_matrix,TTACAGGAGCTTTGTG-1,SA535X7XB03305_TTACAGGAGCTTTGTG-1,SA535X7XB03305,G
.cache/SCRNA10X_SA_CHIP0146_004/filtered_feature_bc_matrix,TTACCATGTCGGATTT-1,SA535X7XB03305_TTACCATGTCGGATTT-1,SA535X7XB03305,E_J
.cache/SCRNA10X_SA_CHIP0146_004/filtered_feature_bc_matrix,TTACCGCCAAGAATAC-1,SA535X7XB03305_TTACCGCCAAGAATAC-1,SA535X7XB03305,A
.cache/SCRNA10X_SA_CHIP0146_004/filtered_feature_bc_matrix,TTACGTTCACAAACGG-1,SA535X7XB03305_TTACGTTCACAAACGG-1,SA535X7XB03305,A
.cache/SCRNA10X_SA_CHIP0146_004/filtered_feature_bc_matrix,TTACTGTAGAGCACTG-1,SA535X7XB03305_TTACTGTAGAGCACTG-1,SA535X7XB03305,E_J
.cache/SCRNA10X_SA_CHIP0146_004/filtered_feature_bc_matrix,TTAGGCACATGACGTT-1,SA535X7XB03305_TTAGGCACATGACGTT-1,SA535X7XB03305,F
.cache/SCRNA10X_SA_CHIP0146_004/filtered_feature_bc_matrix,TTAGGCATCCGAGAAG-1,SA535X7XB03305_TTAGGCATCCGAGAAG-1,SA535X7XB03305,G
.cache/SCRNA10X_SA_CHIP0146_004/filtered_feature_bc_matrix,TTAGTCTGTCAATGGG-1,SA535X7XB03305_TTAGTCTGTCAATGGG-1,SA535X7XB03305,E_J
.cache/SCRNA10X_SA_CHIP0146_004/filtered_feature_bc_matrix,TTATTGCTCCTACGAA-1,SA535X7XB03305_TTATTGCTCCTACGAA-1,SA535X7XB03305,E_J
.cache/SCRNA10X_SA_CHIP0146_004/filtered_feature_bc_matrix,TTATTGCTCTTACGTT-1,SA535X7XB03305_TTATTGCTCTTACGTT-1,SA535X7XB03305,E_J
.cache/SCRNA10X_SA_CHIP0146_004/filtered_feature_bc_matrix,TTCACCGGTGCGGCTT-1,SA535X7XB03305_TTCACCGGTGCGGCTT-1,SA535X7XB03305,E_J
.cache/SCRNA10X_SA_CHIP0146_004/filtered_feature_bc_matrix,TTCACGCCAAGCGAGT-1,SA535X7XB03305_TTCACGCCAAGCGAGT-1,SA535X7XB03305,G
.cache/SCRNA10X_SA_CHIP0146_004/filtered_feature_bc_matrix,TTCCAATAGCTTACGT-1,SA535X7XB03305_TTCCAATAGCTTACGT-1,SA535X7XB03305,E_J
.cache/SCRNA10X_SA_CHIP0146_004/filtered_feature_bc_matrix,TTCTTCCGTCAGTCCG-1,SA535X7XB03305_TTCTTCCGTCAGTCCG-1,SA535X7XB03305,E_J
.cache/SCRNA10X_SA_CHIP0146_004/filtered_feature_bc_matrix,TTGACCCTCGAACGGA-1,SA535X7XB03305_TTGACCCTCGAACGGA-1,SA535X7XB03305,E_J
.cache/SCRNA10X_SA_CHIP0146_004/filtered_feature_bc_matrix,TTGAGTGTCTTAGTTC-1,SA535X7XB03305_TTGAGTGTCTTAGTTC-1,SA535X7XB03305,A
.cache/SCRNA10X_SA_CHIP0146_004/filtered_feature_bc_matrix,TTGCATTGTCAAACGG-1,SA535X7XB03305_TTGCATTGTCAAACGG-1,SA535X7XB03305,E_J
.cache/SCRNA10X_SA_CHIP0146_004/filtered_feature_bc_matrix,TTGCCTGCACATTCTT-1,SA535X7XB03305_TTGCCTGCACATTCTT-1,SA535X7XB03305,A
.cache/SCRNA10X_SA_CHIP0146_004/filtered_feature_bc_matrix,TTGCTGCCATCTGTTT-1,SA535X7XB03305_TTGCTGCCATCTGTTT-1,SA535X7XB03305,E_J
.cache/SCRNA10X_SA_CHIP0146_004/filtered_feature_bc_matrix,TTGGGCGCAGCCCAGT-1,SA535X7XB03305_TTGGGCGCAGCCCAGT-1,SA535X7XB03305,E_J
.cache/SCRNA10X_SA_CHIP0146_004/filtered_feature_bc_matrix,TTGTTGTCAGTCACGC-1,SA535X7XB03305_TTGTTGTCAGTCACGC-1,SA535X7XB03305,E_J
.cache/SCRNA10X_SA_CHIP0146_004/filtered_feature_bc_matrix,TTTAGTCAGTATTGCC-1,SA535X7XB03305_TTTAGTCAGTATTGCC-1,SA535X7XB03305,E_J
.cache/SCRNA10X_SA_CHIP0146_004/filtered_feature_bc_matrix,TTTCATGAGGGTCACA-1,SA535X7XB03305_TTTCATGAGGGTCACA-1,SA535X7XB03305,E_J
.cache/SCRNA10X_SA_CHIP0146_004/filtered_feature_bc_matrix,TTTCATGTCGCTGATA-1,SA535X7XB03305_TTTCATGTCGCTGATA-1,SA535X7XB03305,E_J
.cache/SCRNA10X_SA_CHIP0146_004/filtered_feature_bc_matrix,TTTGACTCAGCGCTTG-1,SA535X7XB03305_TTTGACTCAGCGCTTG-1,SA535X7XB03305,E_J
.cache/SCRNA10X_SA_CHIP0146_004/filtered_feature_bc_matrix,TTTGACTTCATTCCTA-1,SA535X7XB03305_TTTGACTTCATTCCTA-1,SA535X7XB03305,E_J
.cache/SCRNA10X_SA_CHIP0146_004/filtered_feature_bc_matrix,TTTGATCTCGGTCTGG-1,SA535X7XB03305_TTTGATCTCGGTCTGG-1,SA535X7XB03305,E_J
.cache/SCRNA10X_SA_CHIP0146_004/filtered_feature_bc_matrix,TTTGGAGAGTTGAAAC-1,SA535X7XB03305_TTTGGAGAGTTGAAAC-1,SA535X7XB03305,E_J
