Sample,Barcode,cell_id,id,clone
.cache/TENX048/filtered_feature_bc_matrix,AAACCTGGTTGGTGGA-1,SA535X5XB02895_AAACCTGGTTGGTGGA-1,SA535X5XB02895,B_C
.cache/TENX048/filtered_feature_bc_matrix,AAACGGGGTGATGTGG-1,SA535X5XB02895_AAACGGGGTGATGTGG-1,SA535X5XB02895,B_C
.cache/TENX048/filtered_feature_bc_matrix,AAACGGGGTTCGTTGA-1,SA535X5XB02895_AAACGGGGTTCGTTGA-1,SA535X5XB02895,B_C
.cache/TENX048/filtered_feature_bc_matrix,AAAGATGCAGACACTT-1,SA535X5XB02895_AAAGATGCAGACACTT-1,SA535X5XB02895,B_C
.cache/TENX048/filtered_feature_bc_matrix,AACCGCGAGTCAAGCG-1,SA535X5XB02895_AACCGCGAGTCAAGCG-1,SA535X5XB02895,B_C
.cache/TENX048/filtered_feature_bc_matrix,AACCGCGTCTGGTATG-1,SA535X5XB02895_AACCGCGTCTGGTATG-1,SA535X5XB02895,B_C
.cache/TENX048/filtered_feature_bc_matrix,AACGTTGCACCAGGTC-1,SA535X5XB02895_AACGTTGCACCAGGTC-1,SA535X5XB02895,B_C
.cache/TENX048/filtered_feature_bc_matrix,AACTCAGTCGAATCCA-1,SA535X5XB02895_AACTCAGTCGAATCCA-1,SA535X5XB02895,B_C
.cache/TENX048/filtered_feature_bc_matrix,AACTCTTGTAGCTCCG-1,SA535X5XB02895_AACTCTTGTAGCTCCG-1,SA535X5XB02895,B_C
.cache/TENX048/filtered_feature_bc_matrix,AACTCTTTCCACGTGG-1,SA535X5XB02895_AACTCTTTCCACGTGG-1,SA535X5XB02895,B_C
.cache/TENX048/filtered_feature_bc_matrix,AAGCCGCCACTAGTAC-1,SA535X5XB02895_AAGCCGCCACTAGTAC-1,SA535X5XB02895,B_C
.cache/TENX048/filtered_feature_bc_matrix,AAGGAGCGTCGTCTTC-1,SA535X5XB02895_AAGGAGCGTCGTCTTC-1,SA535X5XB02895,B_C
.cache/TENX048/filtered_feature_bc_matrix,AAGGAGCTCGCAAACT-1,SA535X5XB02895_AAGGAGCTCGCAAACT-1,SA535X5XB02895,B_C
.cache/TENX048/filtered_feature_bc_matrix,AAGGCAGAGTGAAGTT-1,SA535X5XB02895_AAGGCAGAGTGAAGTT-1,SA535X5XB02895,B_C
.cache/TENX048/filtered_feature_bc_matrix,AAGGTTCAGCCCAACC-1,SA535X5XB02895_AAGGTTCAGCCCAACC-1,SA535X5XB02895,B_C
.cache/TENX048/filtered_feature_bc_matrix,AAGGTTCAGTTCGCAT-1,SA535X5XB02895_AAGGTTCAGTTCGCAT-1,SA535X5XB02895,B_C
.cache/TENX048/filtered_feature_bc_matrix,AAGTCTGTCAGGTAAA-1,SA535X5XB02895_AAGTCTGTCAGGTAAA-1,SA535X5XB02895,B_C
.cache/TENX048/filtered_feature_bc_matrix,AATCCAGGTTCGCGAC-1,SA535X5XB02895_AATCCAGGTTCGCGAC-1,SA535X5XB02895,B_C
.cache/TENX048/filtered_feature_bc_matrix,AATCGGTCATCTATGG-1,SA535X5XB02895_AATCGGTCATCTATGG-1,SA535X5XB02895,B_C
.cache/TENX048/filtered_feature_bc_matrix,ACACCGGAGAATTCCC-1,SA535X5XB02895_ACACCGGAGAATTCCC-1,SA535X5XB02895,B_C
.cache/TENX048/filtered_feature_bc_matrix,ACACCGGCATCCTTGC-1,SA535X5XB02895_ACACCGGCATCCTTGC-1,SA535X5XB02895,B_C
.cache/TENX048/filtered_feature_bc_matrix,ACAGCTATCACGATGT-1,SA535X5XB02895_ACAGCTATCACGATGT-1,SA535X5XB02895,B_C
.cache/TENX048/filtered_feature_bc_matrix,ACAGCTATCGGAGCAA-1,SA535X5XB02895_ACAGCTATCGGAGCAA-1,SA535X5XB02895,B_C
.cache/TENX048/filtered_feature_bc_matrix,ACATCAGCATCTATGG-1,SA535X5XB02895_ACATCAGCATCTATGG-1,SA535X5XB02895,B_C
.cache/TENX048/filtered_feature_bc_matrix,ACATCAGGTCATATGC-1,SA535X5XB02895_ACATCAGGTCATATGC-1,SA535X5XB02895,B_C
.cache/TENX048/filtered_feature_bc_matrix,ACATCAGTCAGGCGAA-1,SA535X5XB02895_ACATCAGTCAGGCGAA-1,SA535X5XB02895,B_C
.cache/TENX048/filtered_feature_bc_matrix,ACCAGTATCGCTTAGA-1,SA535X5XB02895_ACCAGTATCGCTTAGA-1,SA535X5XB02895,B_C
.cache/TENX048/filtered_feature_bc_matrix,ACCCACTCACGGTTTA-1,SA535X5XB02895_ACCCACTCACGGTTTA-1,SA535X5XB02895,B_C
.cache/TENX048/filtered_feature_bc_matrix,ACCCACTGTTAAAGTG-1,SA535X5XB02895_ACCCACTGTTAAAGTG-1,SA535X5XB02895,B_C
.cache/TENX048/filtered_feature_bc_matrix,ACCGTAACATCTCCCA-1,SA535X5XB02895_ACCGTAACATCTCCCA-1,SA535X5XB02895,B_C
.cache/TENX048/filtered_feature_bc_matrix,ACCTTTAAGTGCGTGA-1,SA535X5XB02895_ACCTTTAAGTGCGTGA-1,SA535X5XB02895,B_C
.cache/TENX048/filtered_feature_bc_matrix,ACCTTTAGTCCGAACC-1,SA535X5XB02895_ACCTTTAGTCCGAACC-1,SA535X5XB02895,B_C
.cache/TENX048/filtered_feature_bc_matrix,ACGAGCCTCAGTCAGT-1,SA535X5XB02895_ACGAGCCTCAGTCAGT-1,SA535X5XB02895,B_C
.cache/TENX048/filtered_feature_bc_matrix,ACGAGGACAATTGCTG-1,SA535X5XB02895_ACGAGGACAATTGCTG-1,SA535X5XB02895,B_C
.cache/TENX048/filtered_feature_bc_matrix,ACGAGGAGTACTCAAC-1,SA535X5XB02895_ACGAGGAGTACTCAAC-1,SA535X5XB02895,B_C
.cache/TENX048/filtered_feature_bc_matrix,ACGAGGATCGCCATAA-1,SA535X5XB02895_ACGAGGATCGCCATAA-1,SA535X5XB02895,B_C
.cache/TENX048/filtered_feature_bc_matrix,ACGATACAGCGTGTCC-1,SA535X5XB02895_ACGATACAGCGTGTCC-1,SA535X5XB02895,B_C
.cache/TENX048/filtered_feature_bc_matrix,ACGATACAGGCTACGA-1,SA535X5XB02895_ACGATACAGGCTACGA-1,SA535X5XB02895,B_C
.cache/TENX048/filtered_feature_bc_matrix,ACGATACGTACGACCC-1,SA535X5XB02895_ACGATACGTACGACCC-1,SA535X5XB02895,B_C
.cache/TENX048/filtered_feature_bc_matrix,ACGATGTGTGCCTGCA-1,SA535X5XB02895_ACGATGTGTGCCTGCA-1,SA535X5XB02895,B_C
.cache/TENX048/filtered_feature_bc_matrix,ACGCAGCTCAGTTTGG-1,SA535X5XB02895_ACGCAGCTCAGTTTGG-1,SA535X5XB02895,B_C
.cache/TENX048/filtered_feature_bc_matrix,ACGGAGACAGATCCAT-1,SA535X5XB02895_ACGGAGACAGATCCAT-1,SA535X5XB02895,B_C
.cache/TENX048/filtered_feature_bc_matrix,ACGGAGATCCACGCAG-1,SA535X5XB02895_ACGGAGATCCACGCAG-1,SA535X5XB02895,B_C
.cache/TENX048/filtered_feature_bc_matrix,ACGGCCAAGACTGTAA-1,SA535X5XB02895_ACGGCCAAGACTGTAA-1,SA535X5XB02895,B_C
.cache/TENX048/filtered_feature_bc_matrix,ACGGCCAAGGCGTACA-1,SA535X5XB02895_ACGGCCAAGGCGTACA-1,SA535X5XB02895,B_C
.cache/TENX048/filtered_feature_bc_matrix,ACGGCCAGTAAGGGAA-1,SA535X5XB02895_ACGGCCAGTAAGGGAA-1,SA535X5XB02895,B_C
.cache/TENX048/filtered_feature_bc_matrix,ACGGCCAGTGGTCCGT-1,SA535X5XB02895_ACGGCCAGTGGTCCGT-1,SA535X5XB02895,B_C
.cache/TENX048/filtered_feature_bc_matrix,ACGGCCATCCTCTAGC-1,SA535X5XB02895_ACGGCCATCCTCTAGC-1,SA535X5XB02895,B_C
.cache/TENX048/filtered_feature_bc_matrix,ACGGGCTGTATTCGTG-1,SA535X5XB02895_ACGGGCTGTATTCGTG-1,SA535X5XB02895,B_C
.cache/TENX048/filtered_feature_bc_matrix,ACGTCAAAGTCTCGGC-1,SA535X5XB02895_ACGTCAAAGTCTCGGC-1,SA535X5XB02895,B_C
.cache/TENX048/filtered_feature_bc_matrix,ACGTCAACAAACCTAC-1,SA535X5XB02895_ACGTCAACAAACCTAC-1,SA535X5XB02895,B_C
.cache/TENX048/filtered_feature_bc_matrix,ACGTCAACACCAGCAC-1,SA535X5XB02895_ACGTCAACACCAGCAC-1,SA535X5XB02895,B_C
.cache/TENX048/filtered_feature_bc_matrix,ACGTCAATCTCCGGTT-1,SA535X5XB02895_ACGTCAATCTCCGGTT-1,SA535X5XB02895,B_C
.cache/TENX048/filtered_feature_bc_matrix,ACTATCTAGTGGTAGC-1,SA535X5XB02895_ACTATCTAGTGGTAGC-1,SA535X5XB02895,B_C
.cache/TENX048/filtered_feature_bc_matrix,ACTATCTCATAAGACA-1,SA535X5XB02895_ACTATCTCATAAGACA-1,SA535X5XB02895,B_C
.cache/TENX048/filtered_feature_bc_matrix,ACTATCTGTATCACCA-1,SA535X5XB02895_ACTATCTGTATCACCA-1,SA535X5XB02895,B_C
.cache/TENX048/filtered_feature_bc_matrix,ACTATCTTCTGTCCGT-1,SA535X5XB02895_ACTATCTTCTGTCCGT-1,SA535X5XB02895,B_C
.cache/TENX048/filtered_feature_bc_matrix,ACTGAACGTATAGGTA-1,SA535X5XB02895_ACTGAACGTATAGGTA-1,SA535X5XB02895,B_C
.cache/TENX048/filtered_feature_bc_matrix,ACTGAGTAGGTGCAAC-1,SA535X5XB02895_ACTGAGTAGGTGCAAC-1,SA535X5XB02895,B_C
.cache/TENX048/filtered_feature_bc_matrix,ACTGAGTTCGCATGGC-1,SA535X5XB02895_ACTGAGTTCGCATGGC-1,SA535X5XB02895,B_C
.cache/TENX048/filtered_feature_bc_matrix,ACTGATGTCCGAATGT-1,SA535X5XB02895_ACTGATGTCCGAATGT-1,SA535X5XB02895,B_C
.cache/TENX048/filtered_feature_bc_matrix,ACTGTCCAGTATTGGA-1,SA535X5XB02895_ACTGTCCAGTATTGGA-1,SA535X5XB02895,B_C
.cache/TENX048/filtered_feature_bc_matrix,ACTTGTTCACCCTATC-1,SA535X5XB02895_ACTTGTTCACCCTATC-1,SA535X5XB02895,B_C
.cache/TENX048/filtered_feature_bc_matrix,ACTTGTTTCGGAAACG-1,SA535X5XB02895_ACTTGTTTCGGAAACG-1,SA535X5XB02895,B_C
.cache/TENX048/filtered_feature_bc_matrix,AGAATAGAGGCAATTA-1,SA535X5XB02895_AGAATAGAGGCAATTA-1,SA535X5XB02895,B_C
.cache/TENX048/filtered_feature_bc_matrix,AGAATAGAGTGGACGT-1,SA535X5XB02895_AGAATAGAGTGGACGT-1,SA535X5XB02895,B_C
.cache/TENX048/filtered_feature_bc_matrix,AGACGTTCAAAGAATC-1,SA535X5XB02895_AGACGTTCAAAGAATC-1,SA535X5XB02895,B_C
.cache/TENX048/filtered_feature_bc_matrix,AGACGTTCACATAACC-1,SA535X5XB02895_AGACGTTCACATAACC-1,SA535X5XB02895,B_C
.cache/TENX048/filtered_feature_bc_matrix,AGAGCGAAGATCGATA-1,SA535X5XB02895_AGAGCGAAGATCGATA-1,SA535X5XB02895,B_C
.cache/TENX048/filtered_feature_bc_matrix,AGAGCGAAGTTGAGAT-1,SA535X5XB02895_AGAGCGAAGTTGAGAT-1,SA535X5XB02895,B_C
.cache/TENX048/filtered_feature_bc_matrix,AGAGTGGCAGTTCATG-1,SA535X5XB02895_AGAGTGGCAGTTCATG-1,SA535X5XB02895,B_C
.cache/TENX048/filtered_feature_bc_matrix,AGAGTGGGTCCGTTAA-1,SA535X5XB02895_AGAGTGGGTCCGTTAA-1,SA535X5XB02895,B_C
.cache/TENX048/filtered_feature_bc_matrix,AGAGTGGGTGGCTCCA-1,SA535X5XB02895_AGAGTGGGTGGCTCCA-1,SA535X5XB02895,B_C
.cache/TENX048/filtered_feature_bc_matrix,AGATCTGTCAGTACGT-1,SA535X5XB02895_AGATCTGTCAGTACGT-1,SA535X5XB02895,B_C
.cache/TENX048/filtered_feature_bc_matrix,AGCAGCCAGATGCGAC-1,SA535X5XB02895_AGCAGCCAGATGCGAC-1,SA535X5XB02895,B_C
.cache/TENX048/filtered_feature_bc_matrix,AGCAGCCCACAACGCC-1,SA535X5XB02895_AGCAGCCCACAACGCC-1,SA535X5XB02895,B_C
.cache/TENX048/filtered_feature_bc_matrix,AGCATACAGATGGCGT-1,SA535X5XB02895_AGCATACAGATGGCGT-1,SA535X5XB02895,B_C
.cache/TENX048/filtered_feature_bc_matrix,AGCATACAGGTGCTTT-1,SA535X5XB02895_AGCATACAGGTGCTTT-1,SA535X5XB02895,B_C
.cache/TENX048/filtered_feature_bc_matrix,AGCATACCAATCCGAT-1,SA535X5XB02895_AGCATACCAATCCGAT-1,SA535X5XB02895,B_C
.cache/TENX048/filtered_feature_bc_matrix,AGCATACCAATGGAAT-1,SA535X5XB02895_AGCATACCAATGGAAT-1,SA535X5XB02895,B_C
.cache/TENX048/filtered_feature_bc_matrix,AGCATACGTCATGCCG-1,SA535X5XB02895_AGCATACGTCATGCCG-1,SA535X5XB02895,B_C
.cache/TENX048/filtered_feature_bc_matrix,AGCATACTCCGTCAAA-1,SA535X5XB02895_AGCATACTCCGTCAAA-1,SA535X5XB02895,B_C
.cache/TENX048/filtered_feature_bc_matrix,AGCGTCGGTCGCGTGT-1,SA535X5XB02895_AGCGTCGGTCGCGTGT-1,SA535X5XB02895,B_C
.cache/TENX048/filtered_feature_bc_matrix,AGCTCCTAGGTGATTA-1,SA535X5XB02895_AGCTCCTAGGTGATTA-1,SA535X5XB02895,B_C
.cache/TENX048/filtered_feature_bc_matrix,AGCTCTCGTGGTAACG-1,SA535X5XB02895_AGCTCTCGTGGTAACG-1,SA535X5XB02895,B_C
.cache/TENX048/filtered_feature_bc_matrix,AGCTCTCGTTCAGACT-1,SA535X5XB02895_AGCTCTCGTTCAGACT-1,SA535X5XB02895,B_C
.cache/TENX048/filtered_feature_bc_matrix,AGCTTGACACAGGAGT-1,SA535X5XB02895_AGCTTGACACAGGAGT-1,SA535X5XB02895,B_C
.cache/TENX048/filtered_feature_bc_matrix,AGCTTGACAGGTCTCG-1,SA535X5XB02895_AGCTTGACAGGTCTCG-1,SA535X5XB02895,B_C
.cache/TENX048/filtered_feature_bc_matrix,AGGCCACGTAGAGGAA-1,SA535X5XB02895_AGGCCACGTAGAGGAA-1,SA535X5XB02895,B_C
.cache/TENX048/filtered_feature_bc_matrix,AGGCCGTTCCTCGCAT-1,SA535X5XB02895_AGGCCGTTCCTCGCAT-1,SA535X5XB02895,B_C
.cache/TENX048/filtered_feature_bc_matrix,AGGGAGTAGTAACCCT-1,SA535X5XB02895_AGGGAGTAGTAACCCT-1,SA535X5XB02895,B_C
.cache/TENX048/filtered_feature_bc_matrix,AGGGATGTCAGTGTTG-1,SA535X5XB02895_AGGGATGTCAGTGTTG-1,SA535X5XB02895,B_C
.cache/TENX048/filtered_feature_bc_matrix,AGGGTGACACTTGGAT-1,SA535X5XB02895_AGGGTGACACTTGGAT-1,SA535X5XB02895,B_C
.cache/TENX048/filtered_feature_bc_matrix,AGGGTGAGTCAGAGGT-1,SA535X5XB02895_AGGGTGAGTCAGAGGT-1,SA535X5XB02895,B_C
.cache/TENX048/filtered_feature_bc_matrix,AGGGTGATCACCGTAA-1,SA535X5XB02895_AGGGTGATCACCGTAA-1,SA535X5XB02895,B_C
.cache/TENX048/filtered_feature_bc_matrix,AGGTCATCACACCGAC-1,SA535X5XB02895_AGGTCATCACACCGAC-1,SA535X5XB02895,B_C
.cache/TENX048/filtered_feature_bc_matrix,AGGTCATGTGCAGTAG-1,SA535X5XB02895_AGGTCATGTGCAGTAG-1,SA535X5XB02895,B_C
.cache/TENX048/filtered_feature_bc_matrix,AGGTCCGAGTGAATTG-1,SA535X5XB02895_AGGTCCGAGTGAATTG-1,SA535X5XB02895,B_C
.cache/TENX048/filtered_feature_bc_matrix,AGTCTTTCAGCGTTCG-1,SA535X5XB02895_AGTCTTTCAGCGTTCG-1,SA535X5XB02895,B_C
.cache/TENX048/filtered_feature_bc_matrix,AGTCTTTTCCCATTAT-1,SA535X5XB02895_AGTCTTTTCCCATTAT-1,SA535X5XB02895,B_C
.cache/TENX048/filtered_feature_bc_matrix,AGTCTTTTCCCGGATG-1,SA535X5XB02895_AGTCTTTTCCCGGATG-1,SA535X5XB02895,B_C
.cache/TENX048/filtered_feature_bc_matrix,AGTCTTTTCTCTTATG-1,SA535X5XB02895_AGTCTTTTCTCTTATG-1,SA535X5XB02895,B_C
.cache/TENX048/filtered_feature_bc_matrix,AGTGAGGGTTGCGCAC-1,SA535X5XB02895_AGTGAGGGTTGCGCAC-1,SA535X5XB02895,B_C
.cache/TENX048/filtered_feature_bc_matrix,AGTGAGGTCTAAGCCA-1,SA535X5XB02895_AGTGAGGTCTAAGCCA-1,SA535X5XB02895,B_C
.cache/TENX048/filtered_feature_bc_matrix,AGTTGGTGTTCCGTCT-1,SA535X5XB02895_AGTTGGTGTTCCGTCT-1,SA535X5XB02895,B_C
.cache/TENX048/filtered_feature_bc_matrix,ATAACGCAGCTAACTC-1,SA535X5XB02895_ATAACGCAGCTAACTC-1,SA535X5XB02895,B_C
.cache/TENX048/filtered_feature_bc_matrix,ATAACGCAGTGTACCT-1,SA535X5XB02895_ATAACGCAGTGTACCT-1,SA535X5XB02895,B_C
.cache/TENX048/filtered_feature_bc_matrix,ATAACGCCATGATCCA-1,SA535X5XB02895_ATAACGCCATGATCCA-1,SA535X5XB02895,B_C
.cache/TENX048/filtered_feature_bc_matrix,ATAACGCGTTGACGTT-1,SA535X5XB02895_ATAACGCGTTGACGTT-1,SA535X5XB02895,B_C
.cache/TENX048/filtered_feature_bc_matrix,ATAAGAGTCCCGGATG-1,SA535X5XB02895_ATAAGAGTCCCGGATG-1,SA535X5XB02895,B_C
.cache/TENX048/filtered_feature_bc_matrix,ATAGACCGTCCCTTGT-1,SA535X5XB02895_ATAGACCGTCCCTTGT-1,SA535X5XB02895,B_C
.cache/TENX048/filtered_feature_bc_matrix,ATAGACCGTGATAAAC-1,SA535X5XB02895_ATAGACCGTGATAAAC-1,SA535X5XB02895,B_C
.cache/TENX048/filtered_feature_bc_matrix,ATAGACCTCCACGTTC-1,SA535X5XB02895_ATAGACCTCCACGTTC-1,SA535X5XB02895,B_C
.cache/TENX048/filtered_feature_bc_matrix,ATAGACCTCGTCTGAA-1,SA535X5XB02895_ATAGACCTCGTCTGAA-1,SA535X5XB02895,B_C
.cache/TENX048/filtered_feature_bc_matrix,ATCACGACATCACGTA-1,SA535X5XB02895_ATCACGACATCACGTA-1,SA535X5XB02895,B_C
.cache/TENX048/filtered_feature_bc_matrix,ATCATCTTCTGATACG-1,SA535X5XB02895_ATCATCTTCTGATACG-1,SA535X5XB02895,B_C
.cache/TENX048/filtered_feature_bc_matrix,ATCCACCCAGACAAGC-1,SA535X5XB02895_ATCCACCCAGACAAGC-1,SA535X5XB02895,B_C
.cache/TENX048/filtered_feature_bc_matrix,ATCCGAATCAGCTTAG-1,SA535X5XB02895_ATCCGAATCAGCTTAG-1,SA535X5XB02895,B_C
.cache/TENX048/filtered_feature_bc_matrix,ATCTACTCATCGGACC-1,SA535X5XB02895_ATCTACTCATCGGACC-1,SA535X5XB02895,B_C
.cache/TENX048/filtered_feature_bc_matrix,ATCTACTGTCGCTTCT-1,SA535X5XB02895_ATCTACTGTCGCTTCT-1,SA535X5XB02895,B_C
.cache/TENX048/filtered_feature_bc_matrix,ATCTGCCGTTAGGGTG-1,SA535X5XB02895_ATCTGCCGTTAGGGTG-1,SA535X5XB02895,B_C
.cache/TENX048/filtered_feature_bc_matrix,ATGAGGGAGACGACGT-1,SA535X5XB02895_ATGAGGGAGACGACGT-1,SA535X5XB02895,B_C
.cache/TENX048/filtered_feature_bc_matrix,ATGAGGGAGGTGATTA-1,SA535X5XB02895_ATGAGGGAGGTGATTA-1,SA535X5XB02895,B_C
.cache/TENX048/filtered_feature_bc_matrix,ATGAGGGCACGTTGGC-1,SA535X5XB02895_ATGAGGGCACGTTGGC-1,SA535X5XB02895,B_C
.cache/TENX048/filtered_feature_bc_matrix,ATGAGGGCATGACGGA-1,SA535X5XB02895_ATGAGGGCATGACGGA-1,SA535X5XB02895,B_C
.cache/TENX048/filtered_feature_bc_matrix,ATGCGATAGCGTGTCC-1,SA535X5XB02895_ATGCGATAGCGTGTCC-1,SA535X5XB02895,B_C
.cache/TENX048/filtered_feature_bc_matrix,ATGCGATGTACTCTCC-1,SA535X5XB02895_ATGCGATGTACTCTCC-1,SA535X5XB02895,B_C
.cache/TENX048/filtered_feature_bc_matrix,ATGGGAGGTGATGTGG-1,SA535X5XB02895_ATGGGAGGTGATGTGG-1,SA535X5XB02895,B_C
.cache/TENX048/filtered_feature_bc_matrix,ATTACTCGTATATCCG-1,SA535X5XB02895_ATTACTCGTATATCCG-1,SA535X5XB02895,B_C
.cache/TENX048/filtered_feature_bc_matrix,ATTATCCCATATGCTG-1,SA535X5XB02895_ATTATCCCATATGCTG-1,SA535X5XB02895,B_C
.cache/TENX048/filtered_feature_bc_matrix,ATTCTACAGTGTACCT-1,SA535X5XB02895_ATTCTACAGTGTACCT-1,SA535X5XB02895,B_C
.cache/TENX048/filtered_feature_bc_matrix,ATTCTACAGTTTAGGA-1,SA535X5XB02895_ATTCTACAGTTTAGGA-1,SA535X5XB02895,B_C
.cache/TENX048/filtered_feature_bc_matrix,ATTCTACGTAAGAGAG-1,SA535X5XB02895_ATTCTACGTAAGAGAG-1,SA535X5XB02895,B_C
.cache/TENX048/filtered_feature_bc_matrix,ATTCTACGTTTGCATG-1,SA535X5XB02895_ATTCTACGTTTGCATG-1,SA535X5XB02895,B_C
.cache/TENX048/filtered_feature_bc_matrix,ATTGGACAGGCGATAC-1,SA535X5XB02895_ATTGGACAGGCGATAC-1,SA535X5XB02895,B_C
.cache/TENX048/filtered_feature_bc_matrix,ATTGGTGAGCCTCGTG-1,SA535X5XB02895_ATTGGTGAGCCTCGTG-1,SA535X5XB02895,B_C
.cache/TENX048/filtered_feature_bc_matrix,ATTGGTGAGTGCCATT-1,SA535X5XB02895_ATTGGTGAGTGCCATT-1,SA535X5XB02895,B_C
.cache/TENX048/filtered_feature_bc_matrix,ATTGGTGGTCTAAAGA-1,SA535X5XB02895_ATTGGTGGTCTAAAGA-1,SA535X5XB02895,B_C
.cache/TENX048/filtered_feature_bc_matrix,ATTTCTGAGACCACGA-1,SA535X5XB02895_ATTTCTGAGACCACGA-1,SA535X5XB02895,B_C
.cache/TENX048/filtered_feature_bc_matrix,CAACCAACAGGATCGA-1,SA535X5XB02895_CAACCAACAGGATCGA-1,SA535X5XB02895,B_C
.cache/TENX048/filtered_feature_bc_matrix,CAACCTCAGGTCGGAT-1,SA535X5XB02895_CAACCTCAGGTCGGAT-1,SA535X5XB02895,B_C
.cache/TENX048/filtered_feature_bc_matrix,CAAGATCAGGATGTAT-1,SA535X5XB02895_CAAGATCAGGATGTAT-1,SA535X5XB02895,B_C
.cache/TENX048/filtered_feature_bc_matrix,CAAGATCGTCTCTCGT-1,SA535X5XB02895_CAAGATCGTCTCTCGT-1,SA535X5XB02895,B_C
.cache/TENX048/filtered_feature_bc_matrix,CAAGGCCTCGGTGTTA-1,SA535X5XB02895_CAAGGCCTCGGTGTTA-1,SA535X5XB02895,B_C
.cache/TENX048/filtered_feature_bc_matrix,CAAGTTGAGCGTCAAG-1,SA535X5XB02895_CAAGTTGAGCGTCAAG-1,SA535X5XB02895,B_C
.cache/TENX048/filtered_feature_bc_matrix,CACACTCTCTTACCTA-1,SA535X5XB02895_CACACTCTCTTACCTA-1,SA535X5XB02895,B_C
.cache/TENX048/filtered_feature_bc_matrix,CACAGTACAGCGTCCA-1,SA535X5XB02895_CACAGTACAGCGTCCA-1,SA535X5XB02895,B_C
.cache/TENX048/filtered_feature_bc_matrix,CACATAGAGACGCACA-1,SA535X5XB02895_CACATAGAGACGCACA-1,SA535X5XB02895,B_C
.cache/TENX048/filtered_feature_bc_matrix,CACATTTCAGCTGCTG-1,SA535X5XB02895_CACATTTCAGCTGCTG-1,SA535X5XB02895,B_C
.cache/TENX048/filtered_feature_bc_matrix,CACCACTTCCAGTAGT-1,SA535X5XB02895_CACCACTTCCAGTAGT-1,SA535X5XB02895,B_C
.cache/TENX048/filtered_feature_bc_matrix,CACCAGGTCTCGCTTG-1,SA535X5XB02895_CACCAGGTCTCGCTTG-1,SA535X5XB02895,B_C
.cache/TENX048/filtered_feature_bc_matrix,CACCTTGAGTATCTCG-1,SA535X5XB02895_CACCTTGAGTATCTCG-1,SA535X5XB02895,B_C
.cache/TENX048/filtered_feature_bc_matrix,CAGAATCAGCAGACTG-1,SA535X5XB02895_CAGAATCAGCAGACTG-1,SA535X5XB02895,B_C
.cache/TENX048/filtered_feature_bc_matrix,CAGAATCTCTCTGCTG-1,SA535X5XB02895_CAGAATCTCTCTGCTG-1,SA535X5XB02895,B_C
.cache/TENX048/filtered_feature_bc_matrix,CAGAGAGGTTTAAGCC-1,SA535X5XB02895_CAGAGAGGTTTAAGCC-1,SA535X5XB02895,B_C
.cache/TENX048/filtered_feature_bc_matrix,CAGATCACATGCCTAA-1,SA535X5XB02895_CAGATCACATGCCTAA-1,SA535X5XB02895,B_C
.cache/TENX048/filtered_feature_bc_matrix,CAGATCAGTCATGCAT-1,SA535X5XB02895_CAGATCAGTCATGCAT-1,SA535X5XB02895,B_C
.cache/TENX048/filtered_feature_bc_matrix,CAGATCATCGTTGCCT-1,SA535X5XB02895_CAGATCATCGTTGCCT-1,SA535X5XB02895,B_C
.cache/TENX048/filtered_feature_bc_matrix,CAGCATATCTGGAGCC-1,SA535X5XB02895_CAGCATATCTGGAGCC-1,SA535X5XB02895,B_C
.cache/TENX048/filtered_feature_bc_matrix,CAGCCGACATGGTAGG-1,SA535X5XB02895_CAGCCGACATGGTAGG-1,SA535X5XB02895,B_C
.cache/TENX048/filtered_feature_bc_matrix,CAGCGACAGTCACGCC-1,SA535X5XB02895_CAGCGACAGTCACGCC-1,SA535X5XB02895,B_C
.cache/TENX048/filtered_feature_bc_matrix,CAGCGACAGTGGGATC-1,SA535X5XB02895_CAGCGACAGTGGGATC-1,SA535X5XB02895,B_C
.cache/TENX048/filtered_feature_bc_matrix,CAGCGACCACTTACGA-1,SA535X5XB02895_CAGCGACCACTTACGA-1,SA535X5XB02895,B_C
.cache/TENX048/filtered_feature_bc_matrix,CAGCGACGTACCGCTG-1,SA535X5XB02895_CAGCGACGTACCGCTG-1,SA535X5XB02895,B_C
.cache/TENX048/filtered_feature_bc_matrix,CAGCGACTCCGTCAAA-1,SA535X5XB02895_CAGCGACTCCGTCAAA-1,SA535X5XB02895,B_C
.cache/TENX048/filtered_feature_bc_matrix,CAGTAACAGCAATCTC-1,SA535X5XB02895_CAGTAACAGCAATCTC-1,SA535X5XB02895,B_C
.cache/TENX048/filtered_feature_bc_matrix,CAGTAACGTCCATCCT-1,SA535X5XB02895_CAGTAACGTCCATCCT-1,SA535X5XB02895,B_C
.cache/TENX048/filtered_feature_bc_matrix,CAGTAACGTCGGCATC-1,SA535X5XB02895_CAGTAACGTCGGCATC-1,SA535X5XB02895,B_C
.cache/TENX048/filtered_feature_bc_matrix,CAGTCCTAGGCATGGT-1,SA535X5XB02895_CAGTCCTAGGCATGGT-1,SA535X5XB02895,B_C
.cache/TENX048/filtered_feature_bc_matrix,CAGTCCTTCGGTGTCG-1,SA535X5XB02895_CAGTCCTTCGGTGTCG-1,SA535X5XB02895,B_C
.cache/TENX048/filtered_feature_bc_matrix,CATATGGCAACGCACC-1,SA535X5XB02895_CATATGGCAACGCACC-1,SA535X5XB02895,B_C
.cache/TENX048/filtered_feature_bc_matrix,CATATGGCAAGTCATC-1,SA535X5XB02895_CATATGGCAAGTCATC-1,SA535X5XB02895,B_C
.cache/TENX048/filtered_feature_bc_matrix,CATCAAGGTCCGACGT-1,SA535X5XB02895_CATCAAGGTCCGACGT-1,SA535X5XB02895,B_C
.cache/TENX048/filtered_feature_bc_matrix,CATCAAGTCGGTGTCG-1,SA535X5XB02895_CATCAAGTCGGTGTCG-1,SA535X5XB02895,B_C
.cache/TENX048/filtered_feature_bc_matrix,CATCAGATCAGGCGAA-1,SA535X5XB02895_CATCAGATCAGGCGAA-1,SA535X5XB02895,B_C
.cache/TENX048/filtered_feature_bc_matrix,CATCGAAGTACACCGC-1,SA535X5XB02895_CATCGAAGTACACCGC-1,SA535X5XB02895,B_C
.cache/TENX048/filtered_feature_bc_matrix,CATGACAGTTCGAATC-1,SA535X5XB02895_CATGACAGTTCGAATC-1,SA535X5XB02895,B_C
.cache/TENX048/filtered_feature_bc_matrix,CATGACAGTTTGTTGG-1,SA535X5XB02895_CATGACAGTTTGTTGG-1,SA535X5XB02895,B_C
.cache/TENX048/filtered_feature_bc_matrix,CATGCCTCAGACTCGC-1,SA535X5XB02895_CATGCCTCAGACTCGC-1,SA535X5XB02895,B_C
.cache/TENX048/filtered_feature_bc_matrix,CATGCCTGTTCCACGG-1,SA535X5XB02895_CATGCCTGTTCCACGG-1,SA535X5XB02895,B_C
.cache/TENX048/filtered_feature_bc_matrix,CATGCCTGTTTGGGCC-1,SA535X5XB02895_CATGCCTGTTTGGGCC-1,SA535X5XB02895,B_C
.cache/TENX048/filtered_feature_bc_matrix,CATGGCGTCGATCCCT-1,SA535X5XB02895_CATGGCGTCGATCCCT-1,SA535X5XB02895,B_C
.cache/TENX048/filtered_feature_bc_matrix,CATGGCGTCTGCGGCA-1,SA535X5XB02895_CATGGCGTCTGCGGCA-1,SA535X5XB02895,B_C
.cache/TENX048/filtered_feature_bc_matrix,CATTATCCATCCGCGA-1,SA535X5XB02895_CATTATCCATCCGCGA-1,SA535X5XB02895,B_C
.cache/TENX048/filtered_feature_bc_matrix,CATTATCTCAGGATCT-1,SA535X5XB02895_CATTATCTCAGGATCT-1,SA535X5XB02895,B_C
.cache/TENX048/filtered_feature_bc_matrix,CCAATCCTCCGCAAGC-1,SA535X5XB02895_CCAATCCTCCGCAAGC-1,SA535X5XB02895,B_C
.cache/TENX048/filtered_feature_bc_matrix,CCAATCCTCGAATGGG-1,SA535X5XB02895_CCAATCCTCGAATGGG-1,SA535X5XB02895,B_C
.cache/TENX048/filtered_feature_bc_matrix,CCACCTACAACTGGCC-1,SA535X5XB02895_CCACCTACAACTGGCC-1,SA535X5XB02895,B_C
.cache/TENX048/filtered_feature_bc_matrix,CCACGGATCGGAAATA-1,SA535X5XB02895_CCACGGATCGGAAATA-1,SA535X5XB02895,B_C
.cache/TENX048/filtered_feature_bc_matrix,CCACTACCACTAGTAC-1,SA535X5XB02895_CCACTACCACTAGTAC-1,SA535X5XB02895,B_C
.cache/TENX048/filtered_feature_bc_matrix,CCACTACCAGCTATTG-1,SA535X5XB02895_CCACTACCAGCTATTG-1,SA535X5XB02895,B_C
.cache/TENX048/filtered_feature_bc_matrix,CCACTACGTTGATTGC-1,SA535X5XB02895_CCACTACGTTGATTGC-1,SA535X5XB02895,B_C
.cache/TENX048/filtered_feature_bc_matrix,CCATGTCCACCACCAG-1,SA535X5XB02895_CCATGTCCACCACCAG-1,SA535X5XB02895,B_C
.cache/TENX048/filtered_feature_bc_matrix,CCATGTCCACCAGTTA-1,SA535X5XB02895_CCATGTCCACCAGTTA-1,SA535X5XB02895,B_C
.cache/TENX048/filtered_feature_bc_matrix,CCATGTCCAGCTGGCT-1,SA535X5XB02895_CCATGTCCAGCTGGCT-1,SA535X5XB02895,B_C
.cache/TENX048/filtered_feature_bc_matrix,CCCAATCCATATGCTG-1,SA535X5XB02895_CCCAATCCATATGCTG-1,SA535X5XB02895,B_C
.cache/TENX048/filtered_feature_bc_matrix,CCCAATCCATCCTTGC-1,SA535X5XB02895_CCCAATCCATCCTTGC-1,SA535X5XB02895,B_C
.cache/TENX048/filtered_feature_bc_matrix,CCCAATCGTGGGTCAA-1,SA535X5XB02895_CCCAATCGTGGGTCAA-1,SA535X5XB02895,B_C
.cache/TENX048/filtered_feature_bc_matrix,CCCAGTTGTACAGACG-1,SA535X5XB02895_CCCAGTTGTACAGACG-1,SA535X5XB02895,B_C
.cache/TENX048/filtered_feature_bc_matrix,CCCAGTTGTCAAAGCG-1,SA535X5XB02895_CCCAGTTGTCAAAGCG-1,SA535X5XB02895,B_C
.cache/TENX048/filtered_feature_bc_matrix,CCCATACAGTCGTACT-1,SA535X5XB02895_CCCATACAGTCGTACT-1,SA535X5XB02895,B_C
.cache/TENX048/filtered_feature_bc_matrix,CCCATACGTAGCAAAT-1,SA535X5XB02895_CCCATACGTAGCAAAT-1,SA535X5XB02895,B_C
.cache/TENX048/filtered_feature_bc_matrix,CCGGGATCACATTTCT-1,SA535X5XB02895_CCGGGATCACATTTCT-1,SA535X5XB02895,B_C
.cache/TENX048/filtered_feature_bc_matrix,CCGGGATGTTTCCACC-1,SA535X5XB02895_CCGGGATGTTTCCACC-1,SA535X5XB02895,B_C
.cache/TENX048/filtered_feature_bc_matrix,CCGTACTCAACTGGCC-1,SA535X5XB02895_CCGTACTCAACTGGCC-1,SA535X5XB02895,B_C
.cache/TENX048/filtered_feature_bc_matrix,CCGTTCAGTAGTACCT-1,SA535X5XB02895_CCGTTCAGTAGTACCT-1,SA535X5XB02895,B_C
.cache/TENX048/filtered_feature_bc_matrix,CCGTTCATCACCCTCA-1,SA535X5XB02895_CCGTTCATCACCCTCA-1,SA535X5XB02895,B_C
.cache/TENX048/filtered_feature_bc_matrix,CCTAAAGCAATGTTGC-1,SA535X5XB02895_CCTAAAGCAATGTTGC-1,SA535X5XB02895,B_C
.cache/TENX048/filtered_feature_bc_matrix,CCTAAAGTCTTCCTTC-1,SA535X5XB02895_CCTAAAGTCTTCCTTC-1,SA535X5XB02895,B_C
.cache/TENX048/filtered_feature_bc_matrix,CCTACACAGGTAGCCA-1,SA535X5XB02895_CCTACACAGGTAGCCA-1,SA535X5XB02895,B_C
.cache/TENX048/filtered_feature_bc_matrix,CCTACACCAAAGTCAA-1,SA535X5XB02895_CCTACACCAAAGTCAA-1,SA535X5XB02895,B_C
.cache/TENX048/filtered_feature_bc_matrix,CCTACACCAAGAAGAG-1,SA535X5XB02895_CCTACACCAAGAAGAG-1,SA535X5XB02895,B_C
.cache/TENX048/filtered_feature_bc_matrix,CCTAGCTCAAATACAG-1,SA535X5XB02895_CCTAGCTCAAATACAG-1,SA535X5XB02895,B_C
.cache/TENX048/filtered_feature_bc_matrix,CCTAGCTGTCAACTGT-1,SA535X5XB02895_CCTAGCTGTCAACTGT-1,SA535X5XB02895,B_C
.cache/TENX048/filtered_feature_bc_matrix,CCTATTAGTCGCGTGT-1,SA535X5XB02895_CCTATTAGTCGCGTGT-1,SA535X5XB02895,B_C
.cache/TENX048/filtered_feature_bc_matrix,CCTATTAGTCTCATCC-1,SA535X5XB02895_CCTATTAGTCTCATCC-1,SA535X5XB02895,B_C
.cache/TENX048/filtered_feature_bc_matrix,CCTCAGTTCAGAGGTG-1,SA535X5XB02895_CCTCAGTTCAGAGGTG-1,SA535X5XB02895,B_C
.cache/TENX048/filtered_feature_bc_matrix,CCTCTGATCGCCATAA-1,SA535X5XB02895_CCTCTGATCGCCATAA-1,SA535X5XB02895,B_C
.cache/TENX048/filtered_feature_bc_matrix,CCTTACGAGCTAAACA-1,SA535X5XB02895_CCTTACGAGCTAAACA-1,SA535X5XB02895,B_C
.cache/TENX048/filtered_feature_bc_matrix,CCTTACGAGGTCATCT-1,SA535X5XB02895_CCTTACGAGGTCATCT-1,SA535X5XB02895,B_C
.cache/TENX048/filtered_feature_bc_matrix,CCTTACGTCGTACCGG-1,SA535X5XB02895_CCTTACGTCGTACCGG-1,SA535X5XB02895,B_C
.cache/TENX048/filtered_feature_bc_matrix,CCTTCGATCATGTGGT-1,SA535X5XB02895_CCTTCGATCATGTGGT-1,SA535X5XB02895,B_C
.cache/TENX048/filtered_feature_bc_matrix,CCTTTCTAGATTACCC-1,SA535X5XB02895_CCTTTCTAGATTACCC-1,SA535X5XB02895,B_C
.cache/TENX048/filtered_feature_bc_matrix,CCTTTCTCATGCATGT-1,SA535X5XB02895_CCTTTCTCATGCATGT-1,SA535X5XB02895,B_C
.cache/TENX048/filtered_feature_bc_matrix,CCTTTCTGTGTCCTCT-1,SA535X5XB02895_CCTTTCTGTGTCCTCT-1,SA535X5XB02895,B_C
.cache/TENX048/filtered_feature_bc_matrix,CGAACATCAACACCTA-1,SA535X5XB02895_CGAACATCAACACCTA-1,SA535X5XB02895,B_C
.cache/TENX048/filtered_feature_bc_matrix,CGAACATCAAGACACG-1,SA535X5XB02895_CGAACATCAAGACACG-1,SA535X5XB02895,B_C
.cache/TENX048/filtered_feature_bc_matrix,CGAACATGTGCATCTA-1,SA535X5XB02895_CGAACATGTGCATCTA-1,SA535X5XB02895,B_C
.cache/TENX048/filtered_feature_bc_matrix,CGAACATGTGTAACGG-1,SA535X5XB02895_CGAACATGTGTAACGG-1,SA535X5XB02895,B_C
.cache/TENX048/filtered_feature_bc_matrix,CGACCTTTCTGTCTCG-1,SA535X5XB02895_CGACCTTTCTGTCTCG-1,SA535X5XB02895,B_C
.cache/TENX048/filtered_feature_bc_matrix,CGACTTCGTGAGCGAT-1,SA535X5XB02895_CGACTTCGTGAGCGAT-1,SA535X5XB02895,B_C
.cache/TENX048/filtered_feature_bc_matrix,CGACTTCTCTTGAGGT-1,SA535X5XB02895_CGACTTCTCTTGAGGT-1,SA535X5XB02895,B_C
.cache/TENX048/filtered_feature_bc_matrix,CGAGAAGCACTCTGTC-1,SA535X5XB02895_CGAGAAGCACTCTGTC-1,SA535X5XB02895,B_C
.cache/TENX048/filtered_feature_bc_matrix,CGAGAAGGTAGGGACT-1,SA535X5XB02895_CGAGAAGGTAGGGACT-1,SA535X5XB02895,B_C
.cache/TENX048/filtered_feature_bc_matrix,CGAGCACTCACCACCT-1,SA535X5XB02895_CGAGCACTCACCACCT-1,SA535X5XB02895,B_C
.cache/TENX048/filtered_feature_bc_matrix,CGAGCCATCGTCACGG-1,SA535X5XB02895_CGAGCCATCGTCACGG-1,SA535X5XB02895,B_C
.cache/TENX048/filtered_feature_bc_matrix,CGATCGGGTGGCCCTA-1,SA535X5XB02895_CGATCGGGTGGCCCTA-1,SA535X5XB02895,B_C
.cache/TENX048/filtered_feature_bc_matrix,CGATCGGTCCCTAATT-1,SA535X5XB02895_CGATCGGTCCCTAATT-1,SA535X5XB02895,B_C
.cache/TENX048/filtered_feature_bc_matrix,CGATGTACAAGCTGTT-1,SA535X5XB02895_CGATGTACAAGCTGTT-1,SA535X5XB02895,B_C
.cache/TENX048/filtered_feature_bc_matrix,CGATGTACATGATCCA-1,SA535X5XB02895_CGATGTACATGATCCA-1,SA535X5XB02895,B_C
.cache/TENX048/filtered_feature_bc_matrix,CGATTGAAGACGCTTT-1,SA535X5XB02895_CGATTGAAGACGCTTT-1,SA535X5XB02895,B_C
.cache/TENX048/filtered_feature_bc_matrix,CGCTATCAGACTGGGT-1,SA535X5XB02895_CGCTATCAGACTGGGT-1,SA535X5XB02895,B_C
.cache/TENX048/filtered_feature_bc_matrix,CGCTGGACACTGTGTA-1,SA535X5XB02895_CGCTGGACACTGTGTA-1,SA535X5XB02895,B_C
.cache/TENX048/filtered_feature_bc_matrix,CGCTGGACATAAGACA-1,SA535X5XB02895_CGCTGGACATAAGACA-1,SA535X5XB02895,B_C
.cache/TENX048/filtered_feature_bc_matrix,CGCTTCAGTTCGTCTC-1,SA535X5XB02895_CGCTTCAGTTCGTCTC-1,SA535X5XB02895,B_C
.cache/TENX048/filtered_feature_bc_matrix,CGGACACCAGGACCCT-1,SA535X5XB02895_CGGACACCAGGACCCT-1,SA535X5XB02895,B_C
.cache/TENX048/filtered_feature_bc_matrix,CGGACTGAGCTTCGCG-1,SA535X5XB02895_CGGACTGAGCTTCGCG-1,SA535X5XB02895,B_C
.cache/TENX048/filtered_feature_bc_matrix,CGGACTGAGTTTGCGT-1,SA535X5XB02895_CGGACTGAGTTTGCGT-1,SA535X5XB02895,B_C
.cache/TENX048/filtered_feature_bc_matrix,CGGAGCTCATACTCTT-1,SA535X5XB02895_CGGAGCTCATACTCTT-1,SA535X5XB02895,B_C
.cache/TENX048/filtered_feature_bc_matrix,CGGAGCTGTCAATACC-1,SA535X5XB02895_CGGAGCTGTCAATACC-1,SA535X5XB02895,B_C
.cache/TENX048/filtered_feature_bc_matrix,CGGCTAGAGGTAGCCA-1,SA535X5XB02895_CGGCTAGAGGTAGCCA-1,SA535X5XB02895,B_C
.cache/TENX048/filtered_feature_bc_matrix,CGGCTAGGTTCTGAAC-1,SA535X5XB02895_CGGCTAGGTTCTGAAC-1,SA535X5XB02895,B_C
.cache/TENX048/filtered_feature_bc_matrix,CGGCTAGTCATGTCCC-1,SA535X5XB02895_CGGCTAGTCATGTCCC-1,SA535X5XB02895,B_C
.cache/TENX048/filtered_feature_bc_matrix,CGGGTCAAGGAATGGA-1,SA535X5XB02895_CGGGTCAAGGAATGGA-1,SA535X5XB02895,B_C
.cache/TENX048/filtered_feature_bc_matrix,CGGGTCACAACGCACC-1,SA535X5XB02895_CGGGTCACAACGCACC-1,SA535X5XB02895,B_C
.cache/TENX048/filtered_feature_bc_matrix,CGGGTCACATCTATGG-1,SA535X5XB02895_CGGGTCACATCTATGG-1,SA535X5XB02895,B_C
.cache/TENX048/filtered_feature_bc_matrix,CGTAGCGCAAGACACG-1,SA535X5XB02895_CGTAGCGCAAGACACG-1,SA535X5XB02895,B_C
.cache/TENX048/filtered_feature_bc_matrix,CGTAGCGTCACCTTAT-1,SA535X5XB02895_CGTAGCGTCACCTTAT-1,SA535X5XB02895,B_C
.cache/TENX048/filtered_feature_bc_matrix,CGTAGGCGTGCTTCTC-1,SA535X5XB02895_CGTAGGCGTGCTTCTC-1,SA535X5XB02895,B_C
.cache/TENX048/filtered_feature_bc_matrix,CGTCACTTCAGCGATT-1,SA535X5XB02895_CGTCACTTCAGCGATT-1,SA535X5XB02895,B_C
.cache/TENX048/filtered_feature_bc_matrix,CGTCCATTCCACGCAG-1,SA535X5XB02895_CGTCCATTCCACGCAG-1,SA535X5XB02895,B_C
.cache/TENX048/filtered_feature_bc_matrix,CGTCTACCAATCCGAT-1,SA535X5XB02895_CGTCTACCAATCCGAT-1,SA535X5XB02895,B_C
.cache/TENX048/filtered_feature_bc_matrix,CGTCTACGTGTCCTCT-1,SA535X5XB02895_CGTCTACGTGTCCTCT-1,SA535X5XB02895,B_C
.cache/TENX048/filtered_feature_bc_matrix,CGTCTACTCGTGGGAA-1,SA535X5XB02895_CGTCTACTCGTGGGAA-1,SA535X5XB02895,B_C
.cache/TENX048/filtered_feature_bc_matrix,CGTGAGCTCTTCCTTC-1,SA535X5XB02895_CGTGAGCTCTTCCTTC-1,SA535X5XB02895,B_C
.cache/TENX048/filtered_feature_bc_matrix,CGTGTAACAATCCGAT-1,SA535X5XB02895_CGTGTAACAATCCGAT-1,SA535X5XB02895,B_C
.cache/TENX048/filtered_feature_bc_matrix,CGTGTCTAGCCGGTAA-1,SA535X5XB02895_CGTGTCTAGCCGGTAA-1,SA535X5XB02895,B_C
.cache/TENX048/filtered_feature_bc_matrix,CGTGTCTAGCGAGAAA-1,SA535X5XB02895_CGTGTCTAGCGAGAAA-1,SA535X5XB02895,B_C
.cache/TENX048/filtered_feature_bc_matrix,CGTTAGAAGACTAGGC-1,SA535X5XB02895_CGTTAGAAGACTAGGC-1,SA535X5XB02895,B_C
.cache/TENX048/filtered_feature_bc_matrix,CGTTAGAGTATGAATG-1,SA535X5XB02895_CGTTAGAGTATGAATG-1,SA535X5XB02895,B_C
.cache/TENX048/filtered_feature_bc_matrix,CGTTCTGGTACTTAGC-1,SA535X5XB02895_CGTTCTGGTACTTAGC-1,SA535X5XB02895,B_C
.cache/TENX048/filtered_feature_bc_matrix,CGTTCTGTCGTACGGC-1,SA535X5XB02895_CGTTCTGTCGTACGGC-1,SA535X5XB02895,B_C
.cache/TENX048/filtered_feature_bc_matrix,CGTTGGGCATGAAGTA-1,SA535X5XB02895_CGTTGGGCATGAAGTA-1,SA535X5XB02895,B_C
.cache/TENX048/filtered_feature_bc_matrix,CGTTGGGCATGAGCGA-1,SA535X5XB02895_CGTTGGGCATGAGCGA-1,SA535X5XB02895,B_C
.cache/TENX048/filtered_feature_bc_matrix,CGTTGGGCATGATCCA-1,SA535X5XB02895_CGTTGGGCATGATCCA-1,SA535X5XB02895,B_C
.cache/TENX048/filtered_feature_bc_matrix,CTAACTTCACATAACC-1,SA535X5XB02895_CTAACTTCACATAACC-1,SA535X5XB02895,B_C
.cache/TENX048/filtered_feature_bc_matrix,CTAACTTCATTTCACT-1,SA535X5XB02895_CTAACTTCATTTCACT-1,SA535X5XB02895,B_C
.cache/TENX048/filtered_feature_bc_matrix,CTAACTTTCGATCCCT-1,SA535X5XB02895_CTAACTTTCGATCCCT-1,SA535X5XB02895,B_C
.cache/TENX048/filtered_feature_bc_matrix,CTAAGACGTTAGTGGG-1,SA535X5XB02895_CTAAGACGTTAGTGGG-1,SA535X5XB02895,B_C
.cache/TENX048/filtered_feature_bc_matrix,CTAAGACTCCAGTAGT-1,SA535X5XB02895_CTAAGACTCCAGTAGT-1,SA535X5XB02895,B_C
.cache/TENX048/filtered_feature_bc_matrix,CTAAGACTCGATCCCT-1,SA535X5XB02895_CTAAGACTCGATCCCT-1,SA535X5XB02895,B_C
.cache/TENX048/filtered_feature_bc_matrix,CTAATGGTCACATAGC-1,SA535X5XB02895_CTAATGGTCACATAGC-1,SA535X5XB02895,B_C
.cache/TENX048/filtered_feature_bc_matrix,CTAATGGTCCACGAAT-1,SA535X5XB02895_CTAATGGTCCACGAAT-1,SA535X5XB02895,B_C
.cache/TENX048/filtered_feature_bc_matrix,CTACATTAGGCTATCT-1,SA535X5XB02895_CTACATTAGGCTATCT-1,SA535X5XB02895,B_C
.cache/TENX048/filtered_feature_bc_matrix,CTACATTCAAGTAGTA-1,SA535X5XB02895_CTACATTCAAGTAGTA-1,SA535X5XB02895,B_C
.cache/TENX048/filtered_feature_bc_matrix,CTACATTGTTGTTTGG-1,SA535X5XB02895_CTACATTGTTGTTTGG-1,SA535X5XB02895,B_C
.cache/TENX048/filtered_feature_bc_matrix,CTACCCAAGATGTTAG-1,SA535X5XB02895_CTACCCAAGATGTTAG-1,SA535X5XB02895,B_C
.cache/TENX048/filtered_feature_bc_matrix,CTACCCACATATGGTC-1,SA535X5XB02895_CTACCCACATATGGTC-1,SA535X5XB02895,B_C
.cache/TENX048/filtered_feature_bc_matrix,CTACCCAGTCAGTGGA-1,SA535X5XB02895_CTACCCAGTCAGTGGA-1,SA535X5XB02895,B_C
.cache/TENX048/filtered_feature_bc_matrix,CTACCCAGTTTACTCT-1,SA535X5XB02895_CTACCCAGTTTACTCT-1,SA535X5XB02895,B_C
.cache/TENX048/filtered_feature_bc_matrix,CTACGTCTCATGCATG-1,SA535X5XB02895_CTACGTCTCATGCATG-1,SA535X5XB02895,B_C
.cache/TENX048/filtered_feature_bc_matrix,CTACGTCTCCCTAACC-1,SA535X5XB02895_CTACGTCTCCCTAACC-1,SA535X5XB02895,B_C
.cache/TENX048/filtered_feature_bc_matrix,CTAGAGTTCTGTCCGT-1,SA535X5XB02895_CTAGAGTTCTGTCCGT-1,SA535X5XB02895,B_C
.cache/TENX048/filtered_feature_bc_matrix,CTAGTGATCAATCACG-1,SA535X5XB02895_CTAGTGATCAATCACG-1,SA535X5XB02895,B_C
.cache/TENX048/filtered_feature_bc_matrix,CTCACACCAATGGAGC-1,SA535X5XB02895_CTCACACCAATGGAGC-1,SA535X5XB02895,B_C
.cache/TENX048/filtered_feature_bc_matrix,CTCAGAAAGCTGCAAG-1,SA535X5XB02895_CTCAGAAAGCTGCAAG-1,SA535X5XB02895,B_C
.cache/TENX048/filtered_feature_bc_matrix,CTCAGAATCACCTCGT-1,SA535X5XB02895_CTCAGAATCACCTCGT-1,SA535X5XB02895,B_C
.cache/TENX048/filtered_feature_bc_matrix,CTCATTACATTACGAC-1,SA535X5XB02895_CTCATTACATTACGAC-1,SA535X5XB02895,B_C
.cache/TENX048/filtered_feature_bc_matrix,CTCCTAGAGTGTTTGC-1,SA535X5XB02895_CTCCTAGAGTGTTTGC-1,SA535X5XB02895,B_C
.cache/TENX048/filtered_feature_bc_matrix,CTCGAAAAGCTACCGC-1,SA535X5XB02895_CTCGAAAAGCTACCGC-1,SA535X5XB02895,B_C
.cache/TENX048/filtered_feature_bc_matrix,CTCGAGGCATGTTCCC-1,SA535X5XB02895_CTCGAGGCATGTTCCC-1,SA535X5XB02895,B_C
.cache/TENX048/filtered_feature_bc_matrix,CTCGGAGGTGAACCTT-1,SA535X5XB02895_CTCGGAGGTGAACCTT-1,SA535X5XB02895,B_C
.cache/TENX048/filtered_feature_bc_matrix,CTCTAATAGTGCAAGC-1,SA535X5XB02895_CTCTAATAGTGCAAGC-1,SA535X5XB02895,B_C
.cache/TENX048/filtered_feature_bc_matrix,CTCTAATGTAAGAGAG-1,SA535X5XB02895_CTCTAATGTAAGAGAG-1,SA535X5XB02895,B_C
.cache/TENX048/filtered_feature_bc_matrix,CTCTAATTCTGGGCCA-1,SA535X5XB02895_CTCTAATTCTGGGCCA-1,SA535X5XB02895,B_C
.cache/TENX048/filtered_feature_bc_matrix,CTCTACGAGACGCACA-1,SA535X5XB02895_CTCTACGAGACGCACA-1,SA535X5XB02895,B_C
.cache/TENX048/filtered_feature_bc_matrix,CTCTGGTTCACCATAG-1,SA535X5XB02895_CTCTGGTTCACCATAG-1,SA535X5XB02895,B_C
.cache/TENX048/filtered_feature_bc_matrix,CTGAAACGTCGACTAT-1,SA535X5XB02895_CTGAAACGTCGACTAT-1,SA535X5XB02895,B_C
.cache/TENX048/filtered_feature_bc_matrix,CTGAAACTCAATCTCT-1,SA535X5XB02895_CTGAAACTCAATCTCT-1,SA535X5XB02895,B_C
.cache/TENX048/filtered_feature_bc_matrix,CTGAAGTTCGGCGGTT-1,SA535X5XB02895_CTGAAGTTCGGCGGTT-1,SA535X5XB02895,B_C
.cache/TENX048/filtered_feature_bc_matrix,CTGATAGCAATGTTGC-1,SA535X5XB02895_CTGATAGCAATGTTGC-1,SA535X5XB02895,B_C
.cache/TENX048/filtered_feature_bc_matrix,CTGATCCTCCACGTTC-1,SA535X5XB02895_CTGATCCTCCACGTTC-1,SA535X5XB02895,B_C
.cache/TENX048/filtered_feature_bc_matrix,CTGCCTAAGGGCACTA-1,SA535X5XB02895_CTGCCTAAGGGCACTA-1,SA535X5XB02895,B_C
.cache/TENX048/filtered_feature_bc_matrix,CTGCGGACATCCTAGA-1,SA535X5XB02895_CTGCGGACATCCTAGA-1,SA535X5XB02895,B_C
.cache/TENX048/filtered_feature_bc_matrix,CTGCGGATCAAGCCTA-1,SA535X5XB02895_CTGCGGATCAAGCCTA-1,SA535X5XB02895,B_C
.cache/TENX048/filtered_feature_bc_matrix,CTGGTCTAGCGTCAAG-1,SA535X5XB02895_CTGGTCTAGCGTCAAG-1,SA535X5XB02895,B_C
.cache/TENX048/filtered_feature_bc_matrix,CTGGTCTGTCGATTGT-1,SA535X5XB02895_CTGGTCTGTCGATTGT-1,SA535X5XB02895,B_C
.cache/TENX048/filtered_feature_bc_matrix,CTGTGCTAGGTAAACT-1,SA535X5XB02895_CTGTGCTAGGTAAACT-1,SA535X5XB02895,B_C
.cache/TENX048/filtered_feature_bc_matrix,CTTAACTAGATACACA-1,SA535X5XB02895_CTTAACTAGATACACA-1,SA535X5XB02895,B_C
.cache/TENX048/filtered_feature_bc_matrix,CTTAACTTCGTGGGAA-1,SA535X5XB02895_CTTAACTTCGTGGGAA-1,SA535X5XB02895,B_C
.cache/TENX048/filtered_feature_bc_matrix,CTTCTCTTCTGATTCT-1,SA535X5XB02895_CTTCTCTTCTGATTCT-1,SA535X5XB02895,B_C
.cache/TENX048/filtered_feature_bc_matrix,CTTGGCTAGACTAGAT-1,SA535X5XB02895_CTTGGCTAGACTAGAT-1,SA535X5XB02895,B_C
.cache/TENX048/filtered_feature_bc_matrix,CTTGGCTCACATTTCT-1,SA535X5XB02895_CTTGGCTCACATTTCT-1,SA535X5XB02895,B_C
.cache/TENX048/filtered_feature_bc_matrix,GAAACTCAGACCTAGG-1,SA535X5XB02895_GAAACTCAGACCTAGG-1,SA535X5XB02895,B_C
.cache/TENX048/filtered_feature_bc_matrix,GAAATGAAGAGATGAG-1,SA535X5XB02895_GAAATGAAGAGATGAG-1,SA535X5XB02895,B_C
.cache/TENX048/filtered_feature_bc_matrix,GAAATGACAACACGCC-1,SA535X5XB02895_GAAATGACAACACGCC-1,SA535X5XB02895,B_C
.cache/TENX048/filtered_feature_bc_matrix,GAAATGACAGTGGGAT-1,SA535X5XB02895_GAAATGACAGTGGGAT-1,SA535X5XB02895,B_C
.cache/TENX048/filtered_feature_bc_matrix,GAACCTAAGAATTGTG-1,SA535X5XB02895_GAACCTAAGAATTGTG-1,SA535X5XB02895,B_C
.cache/TENX048/filtered_feature_bc_matrix,GAACCTAGTGACAAAT-1,SA535X5XB02895_GAACCTAGTGACAAAT-1,SA535X5XB02895,B_C
.cache/TENX048/filtered_feature_bc_matrix,GAACGGATCAATAAGG-1,SA535X5XB02895_GAACGGATCAATAAGG-1,SA535X5XB02895,B_C
.cache/TENX048/filtered_feature_bc_matrix,GAAGCAGGTCATCCCT-1,SA535X5XB02895_GAAGCAGGTCATCCCT-1,SA535X5XB02895,B_C
.cache/TENX048/filtered_feature_bc_matrix,GAAGCAGGTCCTCCAT-1,SA535X5XB02895_GAAGCAGGTCCTCCAT-1,SA535X5XB02895,B_C
.cache/TENX048/filtered_feature_bc_matrix,GAATGAAGTATAGTAG-1,SA535X5XB02895_GAATGAAGTATAGTAG-1,SA535X5XB02895,B_C
.cache/TENX048/filtered_feature_bc_matrix,GACACGCAGCTGCAAG-1,SA535X5XB02895_GACACGCAGCTGCAAG-1,SA535X5XB02895,B_C
.cache/TENX048/filtered_feature_bc_matrix,GACACGCAGGGTGTGT-1,SA535X5XB02895_GACACGCAGGGTGTGT-1,SA535X5XB02895,B_C
.cache/TENX048/filtered_feature_bc_matrix,GACACGCCACATCTTT-1,SA535X5XB02895_GACACGCCACATCTTT-1,SA535X5XB02895,B_C
.cache/TENX048/filtered_feature_bc_matrix,GACAGAGTCTGCAAGT-1,SA535X5XB02895_GACAGAGTCTGCAAGT-1,SA535X5XB02895,B_C
.cache/TENX048/filtered_feature_bc_matrix,GACGCGTCATACTCTT-1,SA535X5XB02895_GACGCGTCATACTCTT-1,SA535X5XB02895,B_C
.cache/TENX048/filtered_feature_bc_matrix,GACGCGTGTCGCATAT-1,SA535X5XB02895_GACGCGTGTCGCATAT-1,SA535X5XB02895,B_C
.cache/TENX048/filtered_feature_bc_matrix,GACGCGTGTTCCACTC-1,SA535X5XB02895_GACGCGTGTTCCACTC-1,SA535X5XB02895,B_C
.cache/TENX048/filtered_feature_bc_matrix,GACGCGTTCTGTTGAG-1,SA535X5XB02895_GACGCGTTCTGTTGAG-1,SA535X5XB02895,B_C
.cache/TENX048/filtered_feature_bc_matrix,GACGGCTAGTACATGA-1,SA535X5XB02895_GACGGCTAGTACATGA-1,SA535X5XB02895,B_C
.cache/TENX048/filtered_feature_bc_matrix,GACGGCTTCAACACTG-1,SA535X5XB02895_GACGGCTTCAACACTG-1,SA535X5XB02895,B_C
.cache/TENX048/filtered_feature_bc_matrix,GACGTGCGTGTAAGTA-1,SA535X5XB02895_GACGTGCGTGTAAGTA-1,SA535X5XB02895,B_C
.cache/TENX048/filtered_feature_bc_matrix,GACGTGCGTTCAGCGC-1,SA535X5XB02895_GACGTGCGTTCAGCGC-1,SA535X5XB02895,B_C
.cache/TENX048/filtered_feature_bc_matrix,GACTAACTCTATCCTA-1,SA535X5XB02895_GACTAACTCTATCCTA-1,SA535X5XB02895,B_C
.cache/TENX048/filtered_feature_bc_matrix,GACTACACAATTCCTT-1,SA535X5XB02895_GACTACACAATTCCTT-1,SA535X5XB02895,B_C
.cache/TENX048/filtered_feature_bc_matrix,GACTACACACGGCTAC-1,SA535X5XB02895_GACTACACACGGCTAC-1,SA535X5XB02895,B_C
.cache/TENX048/filtered_feature_bc_matrix,GACTACACACTGTGTA-1,SA535X5XB02895_GACTACACACTGTGTA-1,SA535X5XB02895,B_C
.cache/TENX048/filtered_feature_bc_matrix,GACTACAGTCTTCAAG-1,SA535X5XB02895_GACTACAGTCTTCAAG-1,SA535X5XB02895,B_C
.cache/TENX048/filtered_feature_bc_matrix,GACTACATCGCCTGAG-1,SA535X5XB02895_GACTACATCGCCTGAG-1,SA535X5XB02895,B_C
.cache/TENX048/filtered_feature_bc_matrix,GACTGCGCATCGATTG-1,SA535X5XB02895_GACTGCGCATCGATTG-1,SA535X5XB02895,B_C
.cache/TENX048/filtered_feature_bc_matrix,GAGCAGAGTGTGCGTC-1,SA535X5XB02895_GAGCAGAGTGTGCGTC-1,SA535X5XB02895,B_C
.cache/TENX048/filtered_feature_bc_matrix,GAGGTGATCTAACTGG-1,SA535X5XB02895_GAGGTGATCTAACTGG-1,SA535X5XB02895,B_C
.cache/TENX048/filtered_feature_bc_matrix,GAGTCCGCAGTGGGAT-1,SA535X5XB02895_GAGTCCGCAGTGGGAT-1,SA535X5XB02895,B_C
.cache/TENX048/filtered_feature_bc_matrix,GATCAGTCAAGGACTG-1,SA535X5XB02895_GATCAGTCAAGGACTG-1,SA535X5XB02895,B_C
.cache/TENX048/filtered_feature_bc_matrix,GATCAGTCAGTCAGCC-1,SA535X5XB02895_GATCAGTCAGTCAGCC-1,SA535X5XB02895,B_C
.cache/TENX048/filtered_feature_bc_matrix,GATCGATCACAGGTTT-1,SA535X5XB02895_GATCGATCACAGGTTT-1,SA535X5XB02895,B_C
.cache/TENX048/filtered_feature_bc_matrix,GATCGATTCGTCGTTC-1,SA535X5XB02895_GATCGATTCGTCGTTC-1,SA535X5XB02895,B_C
.cache/TENX048/filtered_feature_bc_matrix,GATGAGGGTAGCGCAA-1,SA535X5XB02895_GATGAGGGTAGCGCAA-1,SA535X5XB02895,B_C
.cache/TENX048/filtered_feature_bc_matrix,GATGCTACACTGTTAG-1,SA535X5XB02895_GATGCTACACTGTTAG-1,SA535X5XB02895,B_C
.cache/TENX048/filtered_feature_bc_matrix,GATGCTACATTTGCTT-1,SA535X5XB02895_GATGCTACATTTGCTT-1,SA535X5XB02895,B_C
.cache/TENX048/filtered_feature_bc_matrix,GATGCTAGTATGCTTG-1,SA535X5XB02895_GATGCTAGTATGCTTG-1,SA535X5XB02895,B_C
.cache/TENX048/filtered_feature_bc_matrix,GATTCAGCAAGGGTCA-1,SA535X5XB02895_GATTCAGCAAGGGTCA-1,SA535X5XB02895,B_C
.cache/TENX048/filtered_feature_bc_matrix,GATTCAGGTCACAAGG-1,SA535X5XB02895_GATTCAGGTCACAAGG-1,SA535X5XB02895,B_C
.cache/TENX048/filtered_feature_bc_matrix,GCAAACTGTCTAGAGG-1,SA535X5XB02895_GCAAACTGTCTAGAGG-1,SA535X5XB02895,B_C
.cache/TENX048/filtered_feature_bc_matrix,GCAATCACAATCGGTT-1,SA535X5XB02895_GCAATCACAATCGGTT-1,SA535X5XB02895,B_C
.cache/TENX048/filtered_feature_bc_matrix,GCAATCACATACAGCT-1,SA535X5XB02895_GCAATCACATACAGCT-1,SA535X5XB02895,B_C
.cache/TENX048/filtered_feature_bc_matrix,GCACATACACGAAGCA-1,SA535X5XB02895_GCACATACACGAAGCA-1,SA535X5XB02895,B_C
.cache/TENX048/filtered_feature_bc_matrix,GCACATAGTACATCCA-1,SA535X5XB02895_GCACATAGTACATCCA-1,SA535X5XB02895,B_C
.cache/TENX048/filtered_feature_bc_matrix,GCACTCTAGAGTTGGC-1,SA535X5XB02895_GCACTCTAGAGTTGGC-1,SA535X5XB02895,B_C
.cache/TENX048/filtered_feature_bc_matrix,GCACTCTCAACCGCCA-1,SA535X5XB02895_GCACTCTCAACCGCCA-1,SA535X5XB02895,B_C
.cache/TENX048/filtered_feature_bc_matrix,GCACTCTGTCACTTCC-1,SA535X5XB02895_GCACTCTGTCACTTCC-1,SA535X5XB02895,B_C
.cache/TENX048/filtered_feature_bc_matrix,GCACTCTTCTACCTGC-1,SA535X5XB02895_GCACTCTTCTACCTGC-1,SA535X5XB02895,B_C
.cache/TENX048/filtered_feature_bc_matrix,GCATACAAGTCCGTAT-1,SA535X5XB02895_GCATACAAGTCCGTAT-1,SA535X5XB02895,B_C
.cache/TENX048/filtered_feature_bc_matrix,GCATGCGAGGGATACC-1,SA535X5XB02895_GCATGCGAGGGATACC-1,SA535X5XB02895,B_C
.cache/TENX048/filtered_feature_bc_matrix,GCATGCGGTAGCTCCG-1,SA535X5XB02895_GCATGCGGTAGCTCCG-1,SA535X5XB02895,B_C
.cache/TENX048/filtered_feature_bc_matrix,GCATGCGGTGTTCTTT-1,SA535X5XB02895_GCATGCGGTGTTCTTT-1,SA535X5XB02895,B_C
.cache/TENX048/filtered_feature_bc_matrix,GCATGTACACGGTGTC-1,SA535X5XB02895_GCATGTACACGGTGTC-1,SA535X5XB02895,B_C
.cache/TENX048/filtered_feature_bc_matrix,GCATGTATCAACACGT-1,SA535X5XB02895_GCATGTATCAACACGT-1,SA535X5XB02895,B_C
.cache/TENX048/filtered_feature_bc_matrix,GCATGTATCGGTTCGG-1,SA535X5XB02895_GCATGTATCGGTTCGG-1,SA535X5XB02895,B_C
.cache/TENX048/filtered_feature_bc_matrix,GCCTCTACAAGAAGAG-1,SA535X5XB02895_GCCTCTACAAGAAGAG-1,SA535X5XB02895,B_C
.cache/TENX048/filtered_feature_bc_matrix,GCCTCTAGTCTCGTTC-1,SA535X5XB02895_GCCTCTAGTCTCGTTC-1,SA535X5XB02895,B_C
.cache/TENX048/filtered_feature_bc_matrix,GCCTCTATCGGAATCT-1,SA535X5XB02895_GCCTCTATCGGAATCT-1,SA535X5XB02895,B_C
.cache/TENX048/filtered_feature_bc_matrix,GCGACCATCGTTTAGG-1,SA535X5XB02895_GCGACCATCGTTTAGG-1,SA535X5XB02895,B_C
.cache/TENX048/filtered_feature_bc_matrix,GCGAGAATCCAGAAGG-1,SA535X5XB02895_GCGAGAATCCAGAAGG-1,SA535X5XB02895,B_C
.cache/TENX048/filtered_feature_bc_matrix,GCGCAACCAGAAGCAC-1,SA535X5XB02895_GCGCAACCAGAAGCAC-1,SA535X5XB02895,B_C
.cache/TENX048/filtered_feature_bc_matrix,GCGCAGTCATACGCTA-1,SA535X5XB02895_GCGCAGTCATACGCTA-1,SA535X5XB02895,B_C
.cache/TENX048/filtered_feature_bc_matrix,GCGCAGTGTACCAGTT-1,SA535X5XB02895_GCGCAGTGTACCAGTT-1,SA535X5XB02895,B_C
.cache/TENX048/filtered_feature_bc_matrix,GCGGGTTCAGGGCATA-1,SA535X5XB02895_GCGGGTTCAGGGCATA-1,SA535X5XB02895,B_C
.cache/TENX048/filtered_feature_bc_matrix,GCGGGTTTCCCAGGTG-1,SA535X5XB02895_GCGGGTTTCCCAGGTG-1,SA535X5XB02895,B_C
.cache/TENX048/filtered_feature_bc_matrix,GCTCCTACAAGGGTCA-1,SA535X5XB02895_GCTCCTACAAGGGTCA-1,SA535X5XB02895,B_C
.cache/TENX048/filtered_feature_bc_matrix,GCTCCTAGTACAGACG-1,SA535X5XB02895_GCTCCTAGTACAGACG-1,SA535X5XB02895,B_C
.cache/TENX048/filtered_feature_bc_matrix,GCTCTGTAGGGCATGT-1,SA535X5XB02895_GCTCTGTAGGGCATGT-1,SA535X5XB02895,B_C
.cache/TENX048/filtered_feature_bc_matrix,GCTCTGTCAGCCTATA-1,SA535X5XB02895_GCTCTGTCAGCCTATA-1,SA535X5XB02895,B_C
.cache/TENX048/filtered_feature_bc_matrix,GCTGCAGAGTCCAGGA-1,SA535X5XB02895_GCTGCAGAGTCCAGGA-1,SA535X5XB02895,B_C
.cache/TENX048/filtered_feature_bc_matrix,GCTGCAGCACAGTCGC-1,SA535X5XB02895_GCTGCAGCACAGTCGC-1,SA535X5XB02895,B_C
.cache/TENX048/filtered_feature_bc_matrix,GCTGCGATCCTCAACC-1,SA535X5XB02895_GCTGCGATCCTCAACC-1,SA535X5XB02895,B_C
.cache/TENX048/filtered_feature_bc_matrix,GCTGCGATCGCGTAGC-1,SA535X5XB02895_GCTGCGATCGCGTAGC-1,SA535X5XB02895,B_C
.cache/TENX048/filtered_feature_bc_matrix,GCTGCTTAGTGAACGC-1,SA535X5XB02895_GCTGCTTAGTGAACGC-1,SA535X5XB02895,B_C
.cache/TENX048/filtered_feature_bc_matrix,GCTGCTTCAGCCACCA-1,SA535X5XB02895_GCTGCTTCAGCCACCA-1,SA535X5XB02895,B_C
.cache/TENX048/filtered_feature_bc_matrix,GCTTCCATCTGTCTCG-1,SA535X5XB02895_GCTTCCATCTGTCTCG-1,SA535X5XB02895,B_C
.cache/TENX048/filtered_feature_bc_matrix,GCTTGAACAGTATGCT-1,SA535X5XB02895_GCTTGAACAGTATGCT-1,SA535X5XB02895,B_C
.cache/TENX048/filtered_feature_bc_matrix,GGAAAGCCAAGAAAGG-1,SA535X5XB02895_GGAAAGCCAAGAAAGG-1,SA535X5XB02895,B_C
.cache/TENX048/filtered_feature_bc_matrix,GGAAAGCCACTTCTGC-1,SA535X5XB02895_GGAAAGCCACTTCTGC-1,SA535X5XB02895,B_C
.cache/TENX048/filtered_feature_bc_matrix,GGAACTTGTCGTTGTA-1,SA535X5XB02895_GGAACTTGTCGTTGTA-1,SA535X5XB02895,B_C
.cache/TENX048/filtered_feature_bc_matrix,GGAATAACATACGCTA-1,SA535X5XB02895_GGAATAACATACGCTA-1,SA535X5XB02895,B_C
.cache/TENX048/filtered_feature_bc_matrix,GGAATAAGTACCGAGA-1,SA535X5XB02895_GGAATAAGTACCGAGA-1,SA535X5XB02895,B_C
.cache/TENX048/filtered_feature_bc_matrix,GGAATAAGTGGGTCAA-1,SA535X5XB02895_GGAATAAGTGGGTCAA-1,SA535X5XB02895,B_C
.cache/TENX048/filtered_feature_bc_matrix,GGACAGATCATCGCTC-1,SA535X5XB02895_GGACAGATCATCGCTC-1,SA535X5XB02895,B_C
.cache/TENX048/filtered_feature_bc_matrix,GGACGTCGTCCATCCT-1,SA535X5XB02895_GGACGTCGTCCATCCT-1,SA535X5XB02895,B_C
.cache/TENX048/filtered_feature_bc_matrix,GGAGCAAAGCTAAGAT-1,SA535X5XB02895_GGAGCAAAGCTAAGAT-1,SA535X5XB02895,B_C
.cache/TENX048/filtered_feature_bc_matrix,GGAGCAAGTCATCCCT-1,SA535X5XB02895_GGAGCAAGTCATCCCT-1,SA535X5XB02895,B_C
.cache/TENX048/filtered_feature_bc_matrix,GGATGTTGTGTGAATA-1,SA535X5XB02895_GGATGTTGTGTGAATA-1,SA535X5XB02895,B_C
.cache/TENX048/filtered_feature_bc_matrix,GGATGTTTCGGCTTGG-1,SA535X5XB02895_GGATGTTTCGGCTTGG-1,SA535X5XB02895,B_C
.cache/TENX048/filtered_feature_bc_matrix,GGATGTTTCGGTTAAC-1,SA535X5XB02895_GGATGTTTCGGTTAAC-1,SA535X5XB02895,B_C
.cache/TENX048/filtered_feature_bc_matrix,GGCAATTGTTACTGAC-1,SA535X5XB02895_GGCAATTGTTACTGAC-1,SA535X5XB02895,B_C
.cache/TENX048/filtered_feature_bc_matrix,GGCCGATTCGTAGATC-1,SA535X5XB02895_GGCCGATTCGTAGATC-1,SA535X5XB02895,B_C
.cache/TENX048/filtered_feature_bc_matrix,GGCGACTAGAGGGCTT-1,SA535X5XB02895_GGCGACTAGAGGGCTT-1,SA535X5XB02895,B_C
.cache/TENX048/filtered_feature_bc_matrix,GGCGACTTCCTAGAAC-1,SA535X5XB02895_GGCGACTTCCTAGAAC-1,SA535X5XB02895,B_C
.cache/TENX048/filtered_feature_bc_matrix,GGCTCGAGTGCCTTGG-1,SA535X5XB02895_GGCTCGAGTGCCTTGG-1,SA535X5XB02895,B_C
.cache/TENX048/filtered_feature_bc_matrix,GGGAATGAGGATCGCA-1,SA535X5XB02895_GGGAATGAGGATCGCA-1,SA535X5XB02895,B_C
.cache/TENX048/filtered_feature_bc_matrix,GGGAATGGTCTGCAAT-1,SA535X5XB02895_GGGAATGGTCTGCAAT-1,SA535X5XB02895,B_C
.cache/TENX048/filtered_feature_bc_matrix,GGGACCTAGATAGCAT-1,SA535X5XB02895_GGGACCTAGATAGCAT-1,SA535X5XB02895,B_C
.cache/TENX048/filtered_feature_bc_matrix,GGGACCTAGCAGACTG-1,SA535X5XB02895_GGGACCTAGCAGACTG-1,SA535X5XB02895,B_C
.cache/TENX048/filtered_feature_bc_matrix,GGGACCTAGCCACCTG-1,SA535X5XB02895_GGGACCTAGCCACCTG-1,SA535X5XB02895,B_C
.cache/TENX048/filtered_feature_bc_matrix,GGGACCTAGTAGATGT-1,SA535X5XB02895_GGGACCTAGTAGATGT-1,SA535X5XB02895,B_C
.cache/TENX048/filtered_feature_bc_matrix,GGGACCTGTTGGTAAA-1,SA535X5XB02895_GGGACCTGTTGGTAAA-1,SA535X5XB02895,B_C
.cache/TENX048/filtered_feature_bc_matrix,GGGAGATAGATGCCAG-1,SA535X5XB02895_GGGAGATAGATGCCAG-1,SA535X5XB02895,B_C
.cache/TENX048/filtered_feature_bc_matrix,GGGATGAGTCAACTGT-1,SA535X5XB02895_GGGATGAGTCAACTGT-1,SA535X5XB02895,B_C
.cache/TENX048/filtered_feature_bc_matrix,GGGATGATCCGCGTTT-1,SA535X5XB02895_GGGATGATCCGCGTTT-1,SA535X5XB02895,B_C
.cache/TENX048/filtered_feature_bc_matrix,GGGATGATCCGTAGTA-1,SA535X5XB02895_GGGATGATCCGTAGTA-1,SA535X5XB02895,B_C
.cache/TENX048/filtered_feature_bc_matrix,GGGCACTCACTAGTAC-1,SA535X5XB02895_GGGCACTCACTAGTAC-1,SA535X5XB02895,B_C
.cache/TENX048/filtered_feature_bc_matrix,GGGCACTGTAATCGTC-1,SA535X5XB02895_GGGCACTGTAATCGTC-1,SA535X5XB02895,B_C
.cache/TENX048/filtered_feature_bc_matrix,GGGCATCTCTAAGCCA-1,SA535X5XB02895_GGGCATCTCTAAGCCA-1,SA535X5XB02895,B_C
.cache/TENX048/filtered_feature_bc_matrix,GGGTCTGCAAGTAATG-1,SA535X5XB02895_GGGTCTGCAAGTAATG-1,SA535X5XB02895,B_C
.cache/TENX048/filtered_feature_bc_matrix,GGTATTGCATACTCTT-1,SA535X5XB02895_GGTATTGCATACTCTT-1,SA535X5XB02895,B_C
.cache/TENX048/filtered_feature_bc_matrix,GGTATTGCATTGTGCA-1,SA535X5XB02895_GGTATTGCATTGTGCA-1,SA535X5XB02895,B_C
.cache/TENX048/filtered_feature_bc_matrix,GGTATTGTCAGCGATT-1,SA535X5XB02895_GGTATTGTCAGCGATT-1,SA535X5XB02895,B_C
.cache/TENX048/filtered_feature_bc_matrix,GGTGTTAGTTGGTAAA-1,SA535X5XB02895_GGTGTTAGTTGGTAAA-1,SA535X5XB02895,B_C
.cache/TENX048/filtered_feature_bc_matrix,GTAACGTAGCCAGTTT-1,SA535X5XB02895_GTAACGTAGCCAGTTT-1,SA535X5XB02895,B_C
.cache/TENX048/filtered_feature_bc_matrix,GTAACGTAGGAACTGC-1,SA535X5XB02895_GTAACGTAGGAACTGC-1,SA535X5XB02895,B_C
.cache/TENX048/filtered_feature_bc_matrix,GTAACGTTCATTGCGA-1,SA535X5XB02895_GTAACGTTCATTGCGA-1,SA535X5XB02895,B_C
.cache/TENX048/filtered_feature_bc_matrix,GTACTCCCAGTGAGTG-1,SA535X5XB02895_GTACTCCCAGTGAGTG-1,SA535X5XB02895,B_C
.cache/TENX048/filtered_feature_bc_matrix,GTACTTTAGTCGAGTG-1,SA535X5XB02895_GTACTTTAGTCGAGTG-1,SA535X5XB02895,B_C
.cache/TENX048/filtered_feature_bc_matrix,GTAGGCCAGGATGGTC-1,SA535X5XB02895_GTAGGCCAGGATGGTC-1,SA535X5XB02895,B_C
.cache/TENX048/filtered_feature_bc_matrix,GTAGGCCAGTTCGCAT-1,SA535X5XB02895_GTAGGCCAGTTCGCAT-1,SA535X5XB02895,B_C
.cache/TENX048/filtered_feature_bc_matrix,GTAGGCCGTGAGGGAG-1,SA535X5XB02895_GTAGGCCGTGAGGGAG-1,SA535X5XB02895,B_C
.cache/TENX048/filtered_feature_bc_matrix,GTAGGCCGTTGCGTTA-1,SA535X5XB02895_GTAGGCCGTTGCGTTA-1,SA535X5XB02895,B_C
.cache/TENX048/filtered_feature_bc_matrix,GTAGTCATCCTCATTA-1,SA535X5XB02895_GTAGTCATCCTCATTA-1,SA535X5XB02895,B_C
.cache/TENX048/filtered_feature_bc_matrix,GTCAAGTCACCCATGG-1,SA535X5XB02895_GTCAAGTCACCCATGG-1,SA535X5XB02895,B_C
.cache/TENX048/filtered_feature_bc_matrix,GTCAAGTCACTTCTGC-1,SA535X5XB02895_GTCAAGTCACTTCTGC-1,SA535X5XB02895,B_C
.cache/TENX048/filtered_feature_bc_matrix,GTCAAGTGTTCAGACT-1,SA535X5XB02895_GTCAAGTGTTCAGACT-1,SA535X5XB02895,B_C
.cache/TENX048/filtered_feature_bc_matrix,GTCACAAAGTGCGATG-1,SA535X5XB02895_GTCACAAAGTGCGATG-1,SA535X5XB02895,B_C
.cache/TENX048/filtered_feature_bc_matrix,GTCACGGCAATGAAAC-1,SA535X5XB02895_GTCACGGCAATGAAAC-1,SA535X5XB02895,B_C
.cache/TENX048/filtered_feature_bc_matrix,GTCGGGTGTCCTCCAT-1,SA535X5XB02895_GTCGGGTGTCCTCCAT-1,SA535X5XB02895,B_C
.cache/TENX048/filtered_feature_bc_matrix,GTCTCGTAGACTTTCG-1,SA535X5XB02895_GTCTCGTAGACTTTCG-1,SA535X5XB02895,B_C
.cache/TENX048/filtered_feature_bc_matrix,GTCTTCGCAGTGGGAT-1,SA535X5XB02895_GTCTTCGCAGTGGGAT-1,SA535X5XB02895,B_C
.cache/TENX048/filtered_feature_bc_matrix,GTGAAGGGTGTTTGTG-1,SA535X5XB02895_GTGAAGGGTGTTTGTG-1,SA535X5XB02895,B_C
.cache/TENX048/filtered_feature_bc_matrix,GTGCAGCAGTGTCCCG-1,SA535X5XB02895_GTGCAGCAGTGTCCCG-1,SA535X5XB02895,B_C
.cache/TENX048/filtered_feature_bc_matrix,GTGCAGCCAGTCAGCC-1,SA535X5XB02895_GTGCAGCCAGTCAGCC-1,SA535X5XB02895,B_C
.cache/TENX048/filtered_feature_bc_matrix,GTGCATACAGGGAGAG-1,SA535X5XB02895_GTGCATACAGGGAGAG-1,SA535X5XB02895,B_C
.cache/TENX048/filtered_feature_bc_matrix,GTGCATAGTAAGTGGC-1,SA535X5XB02895_GTGCATAGTAAGTGGC-1,SA535X5XB02895,B_C
.cache/TENX048/filtered_feature_bc_matrix,GTGCGGTCATAAGACA-1,SA535X5XB02895_GTGCGGTCATAAGACA-1,SA535X5XB02895,B_C
.cache/TENX048/filtered_feature_bc_matrix,GTGCGGTCATCCAACA-1,SA535X5XB02895_GTGCGGTCATCCAACA-1,SA535X5XB02895,B_C
.cache/TENX048/filtered_feature_bc_matrix,GTGCGGTGTCATTAGC-1,SA535X5XB02895_GTGCGGTGTCATTAGC-1,SA535X5XB02895,B_C
.cache/TENX048/filtered_feature_bc_matrix,GTGCTTCAGCGTCAAG-1,SA535X5XB02895_GTGCTTCAGCGTCAAG-1,SA535X5XB02895,B_C
.cache/TENX048/filtered_feature_bc_matrix,GTGCTTCAGGGCATGT-1,SA535X5XB02895_GTGCTTCAGGGCATGT-1,SA535X5XB02895,B_C
.cache/TENX048/filtered_feature_bc_matrix,GTGTTAGCAGCGTAAG-1,SA535X5XB02895_GTGTTAGCAGCGTAAG-1,SA535X5XB02895,B_C
.cache/TENX048/filtered_feature_bc_matrix,GTTAAGCGTAGCGCAA-1,SA535X5XB02895_GTTAAGCGTAGCGCAA-1,SA535X5XB02895,B_C
.cache/TENX048/filtered_feature_bc_matrix,GTTACAGAGCCCAATT-1,SA535X5XB02895_GTTACAGAGCCCAATT-1,SA535X5XB02895,B_C
.cache/TENX048/filtered_feature_bc_matrix,GTTCATTCAAGGACAC-1,SA535X5XB02895_GTTCATTCAAGGACAC-1,SA535X5XB02895,B_C
.cache/TENX048/filtered_feature_bc_matrix,GTTCATTTCTCGTATT-1,SA535X5XB02895_GTTCATTTCTCGTATT-1,SA535X5XB02895,B_C
.cache/TENX048/filtered_feature_bc_matrix,GTTCGGGCAACACCTA-1,SA535X5XB02895_GTTCGGGCAACACCTA-1,SA535X5XB02895,B_C
.cache/TENX048/filtered_feature_bc_matrix,GTTCGGGTCCGCTGTT-1,SA535X5XB02895_GTTCGGGTCCGCTGTT-1,SA535X5XB02895,B_C
.cache/TENX048/filtered_feature_bc_matrix,GTTTCTATCCAACCAA-1,SA535X5XB02895_GTTTCTATCCAACCAA-1,SA535X5XB02895,B_C
.cache/TENX048/filtered_feature_bc_matrix,TAAACCGGTTCTGGTA-1,SA535X5XB02895_TAAACCGGTTCTGGTA-1,SA535X5XB02895,B_C
.cache/TENX048/filtered_feature_bc_matrix,TAAGAGAGTACCGGCT-1,SA535X5XB02895_TAAGAGAGTACCGGCT-1,SA535X5XB02895,B_C
.cache/TENX048/filtered_feature_bc_matrix,TAAGCGTGTCAGAGGT-1,SA535X5XB02895_TAAGCGTGTCAGAGGT-1,SA535X5XB02895,B_C
.cache/TENX048/filtered_feature_bc_matrix,TAAGTGCAGATGAGAG-1,SA535X5XB02895_TAAGTGCAGATGAGAG-1,SA535X5XB02895,B_C
.cache/TENX048/filtered_feature_bc_matrix,TAAGTGCCAAGGGTCA-1,SA535X5XB02895_TAAGTGCCAAGGGTCA-1,SA535X5XB02895,B_C
.cache/TENX048/filtered_feature_bc_matrix,TAAGTGCGTTGAGGTG-1,SA535X5XB02895_TAAGTGCGTTGAGGTG-1,SA535X5XB02895,B_C
.cache/TENX048/filtered_feature_bc_matrix,TACAGTGCAAGCGCTC-1,SA535X5XB02895_TACAGTGCAAGCGCTC-1,SA535X5XB02895,B_C
.cache/TENX048/filtered_feature_bc_matrix,TACCTATCAATGGTCT-1,SA535X5XB02895_TACCTATCAATGGTCT-1,SA535X5XB02895,B_C
.cache/TENX048/filtered_feature_bc_matrix,TACCTTAGTGTCTGAT-1,SA535X5XB02895_TACCTTAGTGTCTGAT-1,SA535X5XB02895,B_C
.cache/TENX048/filtered_feature_bc_matrix,TACGGATAGACTACAA-1,SA535X5XB02895_TACGGATAGACTACAA-1,SA535X5XB02895,B_C
.cache/TENX048/filtered_feature_bc_matrix,TACGGGCAGTGGACGT-1,SA535X5XB02895_TACGGGCAGTGGACGT-1,SA535X5XB02895,B_C
.cache/TENX048/filtered_feature_bc_matrix,TACTTGTCAAGCTGAG-1,SA535X5XB02895_TACTTGTCAAGCTGAG-1,SA535X5XB02895,B_C
.cache/TENX048/filtered_feature_bc_matrix,TACTTGTCACAGAGGT-1,SA535X5XB02895_TACTTGTCACAGAGGT-1,SA535X5XB02895,B_C
.cache/TENX048/filtered_feature_bc_matrix,TAGACCATCATGTCTT-1,SA535X5XB02895_TAGACCATCATGTCTT-1,SA535X5XB02895,B_C
.cache/TENX048/filtered_feature_bc_matrix,TAGAGCTGTAAGTGGC-1,SA535X5XB02895_TAGAGCTGTAAGTGGC-1,SA535X5XB02895,B_C
.cache/TENX048/filtered_feature_bc_matrix,TAGCCGGAGCACACAG-1,SA535X5XB02895_TAGCCGGAGCACACAG-1,SA535X5XB02895,B_C
.cache/TENX048/filtered_feature_bc_matrix,TAGCCGGCAAGCCGTC-1,SA535X5XB02895_TAGCCGGCAAGCCGTC-1,SA535X5XB02895,B_C
.cache/TENX048/filtered_feature_bc_matrix,TAGGCATCAAACCTAC-1,SA535X5XB02895_TAGGCATCAAACCTAC-1,SA535X5XB02895,B_C
.cache/TENX048/filtered_feature_bc_matrix,TAGTTGGAGCGGCTTC-1,SA535X5XB02895_TAGTTGGAGCGGCTTC-1,SA535X5XB02895,B_C
.cache/TENX048/filtered_feature_bc_matrix,TATCAGGAGCGAGAAA-1,SA535X5XB02895_TATCAGGAGCGAGAAA-1,SA535X5XB02895,B_C
.cache/TENX048/filtered_feature_bc_matrix,TATGCCCTCACAATGC-1,SA535X5XB02895_TATGCCCTCACAATGC-1,SA535X5XB02895,B_C
.cache/TENX048/filtered_feature_bc_matrix,TATGCCCTCGGAAACG-1,SA535X5XB02895_TATGCCCTCGGAAACG-1,SA535X5XB02895,B_C
.cache/TENX048/filtered_feature_bc_matrix,TATTACCTCCGTTGCT-1,SA535X5XB02895_TATTACCTCCGTTGCT-1,SA535X5XB02895,B_C
.cache/TENX048/filtered_feature_bc_matrix,TCAACGAAGTCGTTTG-1,SA535X5XB02895_TCAACGAAGTCGTTTG-1,SA535X5XB02895,B_C
.cache/TENX048/filtered_feature_bc_matrix,TCAACGAAGTGCTGCC-1,SA535X5XB02895_TCAACGAAGTGCTGCC-1,SA535X5XB02895,B_C
.cache/TENX048/filtered_feature_bc_matrix,TCAATCTAGGAACTGC-1,SA535X5XB02895_TCAATCTAGGAACTGC-1,SA535X5XB02895,B_C
.cache/TENX048/filtered_feature_bc_matrix,TCAATCTTCTGCCAGG-1,SA535X5XB02895_TCAATCTTCTGCCAGG-1,SA535X5XB02895,B_C
.cache/TENX048/filtered_feature_bc_matrix,TCACGAAAGGTCATCT-1,SA535X5XB02895_TCACGAAAGGTCATCT-1,SA535X5XB02895,B_C
.cache/TENX048/filtered_feature_bc_matrix,TCACGAACAAAGGCGT-1,SA535X5XB02895_TCACGAACAAAGGCGT-1,SA535X5XB02895,B_C
.cache/TENX048/filtered_feature_bc_matrix,TCAGATGCAAGTACCT-1,SA535X5XB02895_TCAGATGCAAGTACCT-1,SA535X5XB02895,B_C
.cache/TENX048/filtered_feature_bc_matrix,TCAGATGCACAAGACG-1,SA535X5XB02895_TCAGATGCACAAGACG-1,SA535X5XB02895,B_C
.cache/TENX048/filtered_feature_bc_matrix,TCAGATGGTGCACTTA-1,SA535X5XB02895_TCAGATGGTGCACTTA-1,SA535X5XB02895,B_C
.cache/TENX048/filtered_feature_bc_matrix,TCAGCAAGTGTAATGA-1,SA535X5XB02895_TCAGCAAGTGTAATGA-1,SA535X5XB02895,B_C
.cache/TENX048/filtered_feature_bc_matrix,TCAGCTCAGGCCGAAT-1,SA535X5XB02895_TCAGCTCAGGCCGAAT-1,SA535X5XB02895,B_C
.cache/TENX048/filtered_feature_bc_matrix,TCAGCTCGTAACGTTC-1,SA535X5XB02895_TCAGCTCGTAACGTTC-1,SA535X5XB02895,B_C
.cache/TENX048/filtered_feature_bc_matrix,TCAGCTCGTGGCGAAT-1,SA535X5XB02895_TCAGCTCGTGGCGAAT-1,SA535X5XB02895,B_C
.cache/TENX048/filtered_feature_bc_matrix,TCAGCTCTCAGGCAAG-1,SA535X5XB02895_TCAGCTCTCAGGCAAG-1,SA535X5XB02895,B_C
.cache/TENX048/filtered_feature_bc_matrix,TCAGGATCACGGACAA-1,SA535X5XB02895_TCAGGATCACGGACAA-1,SA535X5XB02895,B_C
.cache/TENX048/filtered_feature_bc_matrix,TCAGGATTCCTTGCCA-1,SA535X5XB02895_TCAGGATTCCTTGCCA-1,SA535X5XB02895,B_C
.cache/TENX048/filtered_feature_bc_matrix,TCAGGATTCGGTTCGG-1,SA535X5XB02895_TCAGGATTCGGTTCGG-1,SA535X5XB02895,B_C
.cache/TENX048/filtered_feature_bc_matrix,TCAGGTAAGGCATTGG-1,SA535X5XB02895_TCAGGTAAGGCATTGG-1,SA535X5XB02895,B_C
.cache/TENX048/filtered_feature_bc_matrix,TCAGGTAAGTGCCATT-1,SA535X5XB02895_TCAGGTAAGTGCCATT-1,SA535X5XB02895,B_C
.cache/TENX048/filtered_feature_bc_matrix,TCAGGTATCCCTCAGT-1,SA535X5XB02895_TCAGGTATCCCTCAGT-1,SA535X5XB02895,B_C
.cache/TENX048/filtered_feature_bc_matrix,TCATTTGGTGCAGGTA-1,SA535X5XB02895_TCATTTGGTGCAGGTA-1,SA535X5XB02895,B_C
.cache/TENX048/filtered_feature_bc_matrix,TCCACACGTGAGGGAG-1,SA535X5XB02895_TCCACACGTGAGGGAG-1,SA535X5XB02895,B_C
.cache/TENX048/filtered_feature_bc_matrix,TCCCGATGTCAGAATA-1,SA535X5XB02895_TCCCGATGTCAGAATA-1,SA535X5XB02895,B_C
.cache/TENX048/filtered_feature_bc_matrix,TCCCGATGTCATATGC-1,SA535X5XB02895_TCCCGATGTCATATGC-1,SA535X5XB02895,B_C
.cache/TENX048/filtered_feature_bc_matrix,TCCCGATGTGATGTCT-1,SA535X5XB02895_TCCCGATGTGATGTCT-1,SA535X5XB02895,B_C
.cache/TENX048/filtered_feature_bc_matrix,TCGCGAGAGAATGTTG-1,SA535X5XB02895_TCGCGAGAGAATGTTG-1,SA535X5XB02895,B_C
.cache/TENX048/filtered_feature_bc_matrix,TCGCGAGAGTGCCAGA-1,SA535X5XB02895_TCGCGAGAGTGCCAGA-1,SA535X5XB02895,B_C
.cache/TENX048/filtered_feature_bc_matrix,TCGCGAGGTGTTTGTG-1,SA535X5XB02895_TCGCGAGGTGTTTGTG-1,SA535X5XB02895,B_C
.cache/TENX048/filtered_feature_bc_matrix,TCGCGTTCACAAGACG-1,SA535X5XB02895_TCGCGTTCACAAGACG-1,SA535X5XB02895,B_C
.cache/TENX048/filtered_feature_bc_matrix,TCGGGACCAGCCTGTG-1,SA535X5XB02895_TCGGGACCAGCCTGTG-1,SA535X5XB02895,B_C
.cache/TENX048/filtered_feature_bc_matrix,TCGGGACCATGTAAGA-1,SA535X5XB02895_TCGGGACCATGTAAGA-1,SA535X5XB02895,B_C
.cache/TENX048/filtered_feature_bc_matrix,TCGGGACTCTGGCGAC-1,SA535X5XB02895_TCGGGACTCTGGCGAC-1,SA535X5XB02895,B_C
.cache/TENX048/filtered_feature_bc_matrix,TCGGTAACAAGGTTCT-1,SA535X5XB02895_TCGGTAACAAGGTTCT-1,SA535X5XB02895,B_C
.cache/TENX048/filtered_feature_bc_matrix,TCGTACCAGCGTAATA-1,SA535X5XB02895_TCGTACCAGCGTAATA-1,SA535X5XB02895,B_C
.cache/TENX048/filtered_feature_bc_matrix,TCGTACCGTCTAGCGC-1,SA535X5XB02895_TCGTACCGTCTAGCGC-1,SA535X5XB02895,B_C
.cache/TENX048/filtered_feature_bc_matrix,TCGTACCTCATTCACT-1,SA535X5XB02895_TCGTACCTCATTCACT-1,SA535X5XB02895,B_C
.cache/TENX048/filtered_feature_bc_matrix,TCGTAGAAGACCTTTG-1,SA535X5XB02895_TCGTAGAAGACCTTTG-1,SA535X5XB02895,B_C
.cache/TENX048/filtered_feature_bc_matrix,TCTATTGGTAATCACC-1,SA535X5XB02895_TCTATTGGTAATCACC-1,SA535X5XB02895,B_C
.cache/TENX048/filtered_feature_bc_matrix,TCTATTGGTCGTGGCT-1,SA535X5XB02895_TCTATTGGTCGTGGCT-1,SA535X5XB02895,B_C
.cache/TENX048/filtered_feature_bc_matrix,TCTATTGTCACAAACC-1,SA535X5XB02895_TCTATTGTCACAAACC-1,SA535X5XB02895,B_C
.cache/TENX048/filtered_feature_bc_matrix,TCTCATAAGCAGCCTC-1,SA535X5XB02895_TCTCATAAGCAGCCTC-1,SA535X5XB02895,B_C
.cache/TENX048/filtered_feature_bc_matrix,TCTCATATCATCATTC-1,SA535X5XB02895_TCTCATATCATCATTC-1,SA535X5XB02895,B_C
.cache/TENX048/filtered_feature_bc_matrix,TCTCTAAAGAAACCGC-1,SA535X5XB02895_TCTCTAAAGAAACCGC-1,SA535X5XB02895,B_C
.cache/TENX048/filtered_feature_bc_matrix,TCTCTAATCCAAGTAC-1,SA535X5XB02895_TCTCTAATCCAAGTAC-1,SA535X5XB02895,B_C
.cache/TENX048/filtered_feature_bc_matrix,TCTGAGAGTCTCCCTA-1,SA535X5XB02895_TCTGAGAGTCTCCCTA-1,SA535X5XB02895,B_C
.cache/TENX048/filtered_feature_bc_matrix,TCTGGAAAGTGGTAGC-1,SA535X5XB02895_TCTGGAAAGTGGTAGC-1,SA535X5XB02895,B_C
.cache/TENX048/filtered_feature_bc_matrix,TCTGGAAGTCAATACC-1,SA535X5XB02895_TCTGGAAGTCAATACC-1,SA535X5XB02895,B_C
.cache/TENX048/filtered_feature_bc_matrix,TCTGGAAGTCGGCTCA-1,SA535X5XB02895_TCTGGAAGTCGGCTCA-1,SA535X5XB02895,B_C
.cache/TENX048/filtered_feature_bc_matrix,TCTTCGGAGTCAAGCG-1,SA535X5XB02895_TCTTCGGAGTCAAGCG-1,SA535X5XB02895,B_C
.cache/TENX048/filtered_feature_bc_matrix,TCTTTCCTCGCCATAA-1,SA535X5XB02895_TCTTTCCTCGCCATAA-1,SA535X5XB02895,B_C
.cache/TENX048/filtered_feature_bc_matrix,TCTTTCCTCGCGCCAA-1,SA535X5XB02895_TCTTTCCTCGCGCCAA-1,SA535X5XB02895,B_C
.cache/TENX048/filtered_feature_bc_matrix,TGAAAGACATTCCTGC-1,SA535X5XB02895_TGAAAGACATTCCTGC-1,SA535X5XB02895,B_C
.cache/TENX048/filtered_feature_bc_matrix,TGACTAGCATTTCACT-1,SA535X5XB02895_TGACTAGCATTTCACT-1,SA535X5XB02895,B_C
.cache/TENX048/filtered_feature_bc_matrix,TGACTTTAGAGTGACC-1,SA535X5XB02895_TGACTTTAGAGTGACC-1,SA535X5XB02895,B_C
.cache/TENX048/filtered_feature_bc_matrix,TGACTTTCAGCTCGAC-1,SA535X5XB02895_TGACTTTCAGCTCGAC-1,SA535X5XB02895,B_C
.cache/TENX048/filtered_feature_bc_matrix,TGAGAGGAGGAATCGC-1,SA535X5XB02895_TGAGAGGAGGAATCGC-1,SA535X5XB02895,B_C
.cache/TENX048/filtered_feature_bc_matrix,TGAGAGGGTCAGATAA-1,SA535X5XB02895_TGAGAGGGTCAGATAA-1,SA535X5XB02895,B_C
.cache/TENX048/filtered_feature_bc_matrix,TGAGCATAGGAGCGTT-1,SA535X5XB02895_TGAGCATAGGAGCGTT-1,SA535X5XB02895,B_C
.cache/TENX048/filtered_feature_bc_matrix,TGAGCATAGGCTAGAC-1,SA535X5XB02895_TGAGCATAGGCTAGAC-1,SA535X5XB02895,B_C
.cache/TENX048/filtered_feature_bc_matrix,TGAGCATAGGTCATCT-1,SA535X5XB02895_TGAGCATAGGTCATCT-1,SA535X5XB02895,B_C
.cache/TENX048/filtered_feature_bc_matrix,TGAGGGAGTTAAGACA-1,SA535X5XB02895_TGAGGGAGTTAAGACA-1,SA535X5XB02895,B_C
.cache/TENX048/filtered_feature_bc_matrix,TGATTTCGTGAAATCA-1,SA535X5XB02895_TGATTTCGTGAAATCA-1,SA535X5XB02895,B_C
.cache/TENX048/filtered_feature_bc_matrix,TGATTTCGTTGTCTTT-1,SA535X5XB02895_TGATTTCGTTGTCTTT-1,SA535X5XB02895,B_C
.cache/TENX048/filtered_feature_bc_matrix,TGCACCTAGACACTAA-1,SA535X5XB02895_TGCACCTAGACACTAA-1,SA535X5XB02895,B_C
.cache/TENX048/filtered_feature_bc_matrix,TGCCAAAGTAGCGTAG-1,SA535X5XB02895_TGCCAAAGTAGCGTAG-1,SA535X5XB02895,B_C
.cache/TENX048/filtered_feature_bc_matrix,TGCCCTAGTACCAGTT-1,SA535X5XB02895_TGCCCTAGTACCAGTT-1,SA535X5XB02895,B_C
.cache/TENX048/filtered_feature_bc_matrix,TGCGGGTGTTACCAGT-1,SA535X5XB02895_TGCGGGTGTTACCAGT-1,SA535X5XB02895,B_C
.cache/TENX048/filtered_feature_bc_matrix,TGCTACCCAGTACACT-1,SA535X5XB02895_TGCTACCCAGTACACT-1,SA535X5XB02895,B_C
.cache/TENX048/filtered_feature_bc_matrix,TGCTACCTCTATCCTA-1,SA535X5XB02895_TGCTACCTCTATCCTA-1,SA535X5XB02895,B_C
.cache/TENX048/filtered_feature_bc_matrix,TGGACGCGTTCGTTGA-1,SA535X5XB02895_TGGACGCGTTCGTTGA-1,SA535X5XB02895,B_C
.cache/TENX048/filtered_feature_bc_matrix,TGGACGCTCGGCGGTT-1,SA535X5XB02895_TGGACGCTCGGCGGTT-1,SA535X5XB02895,B_C
.cache/TENX048/filtered_feature_bc_matrix,TGGCGCACAAACTGTC-1,SA535X5XB02895_TGGCGCACAAACTGTC-1,SA535X5XB02895,B_C
.cache/TENX048/filtered_feature_bc_matrix,TGGCGCACATCTATGG-1,SA535X5XB02895_TGGCGCACATCTATGG-1,SA535X5XB02895,B_C
.cache/TENX048/filtered_feature_bc_matrix,TGGCTGGAGGGATCTG-1,SA535X5XB02895_TGGCTGGAGGGATCTG-1,SA535X5XB02895,B_C
.cache/TENX048/filtered_feature_bc_matrix,TGGTTAGAGTAGGTGC-1,SA535X5XB02895_TGGTTAGAGTAGGTGC-1,SA535X5XB02895,B_C
.cache/TENX048/filtered_feature_bc_matrix,TGTATTCAGCGATAGC-1,SA535X5XB02895_TGTATTCAGCGATAGC-1,SA535X5XB02895,B_C
.cache/TENX048/filtered_feature_bc_matrix,TGTATTCGTTTGGGCC-1,SA535X5XB02895_TGTATTCGTTTGGGCC-1,SA535X5XB02895,B_C
.cache/TENX048/filtered_feature_bc_matrix,TGTCCCAAGATTACCC-1,SA535X5XB02895_TGTCCCAAGATTACCC-1,SA535X5XB02895,B_C
.cache/TENX048/filtered_feature_bc_matrix,TGTCCCAGTGAGGGTT-1,SA535X5XB02895_TGTCCCAGTGAGGGTT-1,SA535X5XB02895,B_C
.cache/TENX048/filtered_feature_bc_matrix,TGTGGTAAGACTACAA-1,SA535X5XB02895_TGTGGTAAGACTACAA-1,SA535X5XB02895,B_C
.cache/TENX048/filtered_feature_bc_matrix,TGTGGTAAGGAGTTTA-1,SA535X5XB02895_TGTGGTAAGGAGTTTA-1,SA535X5XB02895,B_C
.cache/TENX048/filtered_feature_bc_matrix,TGTGGTATCATCATTC-1,SA535X5XB02895_TGTGGTATCATCATTC-1,SA535X5XB02895,B_C
.cache/TENX048/filtered_feature_bc_matrix,TGTGTTTAGGCAAAGA-1,SA535X5XB02895_TGTGTTTAGGCAAAGA-1,SA535X5XB02895,B_C
.cache/TENX048/filtered_feature_bc_matrix,TGTGTTTTCTTATCTG-1,SA535X5XB02895_TGTGTTTTCTTATCTG-1,SA535X5XB02895,B_C
.cache/TENX048/filtered_feature_bc_matrix,TTAGGACAGTTAGCGG-1,SA535X5XB02895_TTAGGACAGTTAGCGG-1,SA535X5XB02895,B_C
.cache/TENX048/filtered_feature_bc_matrix,TTAGGACTCATCTGCC-1,SA535X5XB02895_TTAGGACTCATCTGCC-1,SA535X5XB02895,B_C
.cache/TENX048/filtered_feature_bc_matrix,TTAGGACTCCTACAGA-1,SA535X5XB02895_TTAGGACTCCTACAGA-1,SA535X5XB02895,B_C
.cache/TENX048/filtered_feature_bc_matrix,TTAGGCAAGACACGAC-1,SA535X5XB02895_TTAGGCAAGACACGAC-1,SA535X5XB02895,B_C
.cache/TENX048/filtered_feature_bc_matrix,TTAGGCACAATAGCAA-1,SA535X5XB02895_TTAGGCACAATAGCAA-1,SA535X5XB02895,B_C
.cache/TENX048/filtered_feature_bc_matrix,TTATGCTGTCAATACC-1,SA535X5XB02895_TTATGCTGTCAATACC-1,SA535X5XB02895,B_C
.cache/TENX048/filtered_feature_bc_matrix,TTCGAAGTCAGCAACT-1,SA535X5XB02895_TTCGAAGTCAGCAACT-1,SA535X5XB02895,B_C
.cache/TENX048/filtered_feature_bc_matrix,TTCGAAGTCCACGTTC-1,SA535X5XB02895_TTCGAAGTCCACGTTC-1,SA535X5XB02895,B_C
.cache/TENX048/filtered_feature_bc_matrix,TTCGGTCAGTTGTAGA-1,SA535X5XB02895_TTCGGTCAGTTGTAGA-1,SA535X5XB02895,B_C
.cache/TENX048/filtered_feature_bc_matrix,TTCGGTCGTGGAAAGA-1,SA535X5XB02895_TTCGGTCGTGGAAAGA-1,SA535X5XB02895,B_C
.cache/TENX048/filtered_feature_bc_matrix,TTCTCAAAGCCCTAAT-1,SA535X5XB02895_TTCTCAAAGCCCTAAT-1,SA535X5XB02895,B_C
.cache/TENX048/filtered_feature_bc_matrix,TTCTCAAAGTTTAGGA-1,SA535X5XB02895_TTCTCAAAGTTTAGGA-1,SA535X5XB02895,B_C
.cache/TENX048/filtered_feature_bc_matrix,TTCTCCTCAGCCAATT-1,SA535X5XB02895_TTCTCCTCAGCCAATT-1,SA535X5XB02895,B_C
.cache/TENX048/filtered_feature_bc_matrix,TTCTTAGAGCTTCGCG-1,SA535X5XB02895_TTCTTAGAGCTTCGCG-1,SA535X5XB02895,B_C
.cache/TENX048/filtered_feature_bc_matrix,TTCTTAGCAGCTGTGC-1,SA535X5XB02895_TTCTTAGCAGCTGTGC-1,SA535X5XB02895,B_C
.cache/TENX048/filtered_feature_bc_matrix,TTGAACGAGTAGCCGA-1,SA535X5XB02895_TTGAACGAGTAGCCGA-1,SA535X5XB02895,B_C
.cache/TENX048/filtered_feature_bc_matrix,TTGCCGTTCACTCTTA-1,SA535X5XB02895_TTGCCGTTCACTCTTA-1,SA535X5XB02895,B_C
.cache/TENX048/filtered_feature_bc_matrix,TTGGAACTCCTAAGTG-1,SA535X5XB02895_TTGGAACTCCTAAGTG-1,SA535X5XB02895,B_C
.cache/TENX048/filtered_feature_bc_matrix,TTGTAGGAGATCCTGT-1,SA535X5XB02895_TTGTAGGAGATCCTGT-1,SA535X5XB02895,B_C
.cache/TENX048/filtered_feature_bc_matrix,TTGTAGGAGTGCCATT-1,SA535X5XB02895_TTGTAGGAGTGCCATT-1,SA535X5XB02895,B_C
.cache/TENX048/filtered_feature_bc_matrix,TTTATGCCAAGACGTG-1,SA535X5XB02895_TTTATGCCAAGACGTG-1,SA535X5XB02895,B_C
.cache/TENX048/filtered_feature_bc_matrix,TTTCCTCTCACGCATA-1,SA535X5XB02895_TTTCCTCTCACGCATA-1,SA535X5XB02895,B_C
.cache/TENX048/filtered_feature_bc_matrix,TTTGCGCTCAGATAAG-1,SA535X5XB02895_TTTGCGCTCAGATAAG-1,SA535X5XB02895,B_C
.cache/TENX048/filtered_feature_bc_matrix,TTTGCGCTCTGCTGCT-1,SA535X5XB02895_TTTGCGCTCTGCTGCT-1,SA535X5XB02895,B_C
.cache/TENX048/filtered_feature_bc_matrix,TTTGTCAAGTACGTAA-1,SA535X5XB02895_TTTGTCAAGTACGTAA-1,SA535X5XB02895,B_C
