Sample,Barcode,cell_id,id,clone
.cache/SCRNA10X_SA_CHIP0208_002/filtered_feature_bc_matrix,AAACGAATCCAACCGG-1,SA535X9XB03776_AAACGAATCCAACCGG-1,SA535X9XB03776,G
.cache/SCRNA10X_SA_CHIP0208_002/filtered_feature_bc_matrix,AAAGTCCGTCGCTTAA-1,SA535X9XB03776_AAAGTCCGTCGCTTAA-1,SA535X9XB03776,G
.cache/SCRNA10X_SA_CHIP0208_002/filtered_feature_bc_matrix,AAAGTGACAGCCGGTT-1,SA535X9XB03776_AAAGTGACAGCCGGTT-1,SA535X9XB03776,G
.cache/SCRNA10X_SA_CHIP0208_002/filtered_feature_bc_matrix,AAATGGAAGACATGCG-1,SA535X9XB03776_AAATGGAAGACATGCG-1,SA535X9XB03776,G
.cache/SCRNA10X_SA_CHIP0208_002/filtered_feature_bc_matrix,AAATGGATCTCGGCTT-1,SA535X9XB03776_AAATGGATCTCGGCTT-1,SA535X9XB03776,G
.cache/SCRNA10X_SA_CHIP0208_002/filtered_feature_bc_matrix,AACAACCTCCCGAAAT-1,SA535X9XB03776_AACAACCTCCCGAAAT-1,SA535X9XB03776,G
.cache/SCRNA10X_SA_CHIP0208_002/filtered_feature_bc_matrix,AACCAACAGAACCGCA-1,SA535X9XB03776_AACCAACAGAACCGCA-1,SA535X9XB03776,G
.cache/SCRNA10X_SA_CHIP0208_002/filtered_feature_bc_matrix,AACCAACTCTTCGTAT-1,SA535X9XB03776_AACCAACTCTTCGTAT-1,SA535X9XB03776,G
.cache/SCRNA10X_SA_CHIP0208_002/filtered_feature_bc_matrix,AACCACATCCATGAGT-1,SA535X9XB03776_AACCACATCCATGAGT-1,SA535X9XB03776,G
.cache/SCRNA10X_SA_CHIP0208_002/filtered_feature_bc_matrix,AACCACATCGTCGCTT-1,SA535X9XB03776_AACCACATCGTCGCTT-1,SA535X9XB03776,G
.cache/SCRNA10X_SA_CHIP0208_002/filtered_feature_bc_matrix,AACCCAAGTGCTTATG-1,SA535X9XB03776_AACCCAAGTGCTTATG-1,SA535X9XB03776,G
.cache/SCRNA10X_SA_CHIP0208_002/filtered_feature_bc_matrix,AACCTGAGTAATGCGG-1,SA535X9XB03776_AACCTGAGTAATGCGG-1,SA535X9XB03776,G
.cache/SCRNA10X_SA_CHIP0208_002/filtered_feature_bc_matrix,AACCTTTGTAGCTGTT-1,SA535X9XB03776_AACCTTTGTAGCTGTT-1,SA535X9XB03776,G
.cache/SCRNA10X_SA_CHIP0208_002/filtered_feature_bc_matrix,AACCTTTTCCCATTCG-1,SA535X9XB03776_AACCTTTTCCCATTCG-1,SA535X9XB03776,G
.cache/SCRNA10X_SA_CHIP0208_002/filtered_feature_bc_matrix,AACGGGACATGTTCAG-1,SA535X9XB03776_AACGGGACATGTTCAG-1,SA535X9XB03776,G
.cache/SCRNA10X_SA_CHIP0208_002/filtered_feature_bc_matrix,AACTTCTGTATTTCGG-1,SA535X9XB03776_AACTTCTGTATTTCGG-1,SA535X9XB03776,G
.cache/SCRNA10X_SA_CHIP0208_002/filtered_feature_bc_matrix,AAGAACAAGTCTAGAA-1,SA535X9XB03776_AAGAACAAGTCTAGAA-1,SA535X9XB03776,G
.cache/SCRNA10X_SA_CHIP0208_002/filtered_feature_bc_matrix,AAGACTCCAACAAGTA-1,SA535X9XB03776_AAGACTCCAACAAGTA-1,SA535X9XB03776,G
.cache/SCRNA10X_SA_CHIP0208_002/filtered_feature_bc_matrix,AAGACTCGTTTACCTT-1,SA535X9XB03776_AAGACTCGTTTACCTT-1,SA535X9XB03776,G
.cache/SCRNA10X_SA_CHIP0208_002/filtered_feature_bc_matrix,AAGATAGCACATGACT-1,SA535X9XB03776_AAGATAGCACATGACT-1,SA535X9XB03776,G
.cache/SCRNA10X_SA_CHIP0208_002/filtered_feature_bc_matrix,AAGCATCCAATCCTAG-1,SA535X9XB03776_AAGCATCCAATCCTAG-1,SA535X9XB03776,G
.cache/SCRNA10X_SA_CHIP0208_002/filtered_feature_bc_matrix,AAGCCATAGTTCTCTT-1,SA535X9XB03776_AAGCCATAGTTCTCTT-1,SA535X9XB03776,G
.cache/SCRNA10X_SA_CHIP0208_002/filtered_feature_bc_matrix,AAGCCATGTTCTGACA-1,SA535X9XB03776_AAGCCATGTTCTGACA-1,SA535X9XB03776,G
.cache/SCRNA10X_SA_CHIP0208_002/filtered_feature_bc_matrix,AAGCCATTCACGTAGT-1,SA535X9XB03776_AAGCCATTCACGTAGT-1,SA535X9XB03776,G
.cache/SCRNA10X_SA_CHIP0208_002/filtered_feature_bc_matrix,AAGCGAGCAGCAGACA-1,SA535X9XB03776_AAGCGAGCAGCAGACA-1,SA535X9XB03776,G
.cache/SCRNA10X_SA_CHIP0208_002/filtered_feature_bc_matrix,AAGGAATAGTTCTCTT-1,SA535X9XB03776_AAGGAATAGTTCTCTT-1,SA535X9XB03776,G
.cache/SCRNA10X_SA_CHIP0208_002/filtered_feature_bc_matrix,AAGTGAACACTGGATT-1,SA535X9XB03776_AAGTGAACACTGGATT-1,SA535X9XB03776,G
.cache/SCRNA10X_SA_CHIP0208_002/filtered_feature_bc_matrix,AATCACGCAGAAGCGT-1,SA535X9XB03776_AATCACGCAGAAGCGT-1,SA535X9XB03776,G
.cache/SCRNA10X_SA_CHIP0208_002/filtered_feature_bc_matrix,AATCGACAGAGAGCGG-1,SA535X9XB03776_AATCGACAGAGAGCGG-1,SA535X9XB03776,G
.cache/SCRNA10X_SA_CHIP0208_002/filtered_feature_bc_matrix,AATGGCTGTTAGAAAC-1,SA535X9XB03776_AATGGCTGTTAGAAAC-1,SA535X9XB03776,G
.cache/SCRNA10X_SA_CHIP0208_002/filtered_feature_bc_matrix,AATTCCTGTAGCCCTG-1,SA535X9XB03776_AATTCCTGTAGCCCTG-1,SA535X9XB03776,G
.cache/SCRNA10X_SA_CHIP0208_002/filtered_feature_bc_matrix,AATTTCCAGCATCCCG-1,SA535X9XB03776_AATTTCCAGCATCCCG-1,SA535X9XB03776,G
.cache/SCRNA10X_SA_CHIP0208_002/filtered_feature_bc_matrix,ACAAAGATCTACTTCA-1,SA535X9XB03776_ACAAAGATCTACTTCA-1,SA535X9XB03776,G
.cache/SCRNA10X_SA_CHIP0208_002/filtered_feature_bc_matrix,ACAAGCTAGATGGTAT-1,SA535X9XB03776_ACAAGCTAGATGGTAT-1,SA535X9XB03776,G
.cache/SCRNA10X_SA_CHIP0208_002/filtered_feature_bc_matrix,ACAAGCTCAAGAATGT-1,SA535X9XB03776_ACAAGCTCAAGAATGT-1,SA535X9XB03776,G
.cache/SCRNA10X_SA_CHIP0208_002/filtered_feature_bc_matrix,ACACGCGAGGTAGTAT-1,SA535X9XB03776_ACACGCGAGGTAGTAT-1,SA535X9XB03776,G
.cache/SCRNA10X_SA_CHIP0208_002/filtered_feature_bc_matrix,ACACGCGGTATCGAGG-1,SA535X9XB03776_ACACGCGGTATCGAGG-1,SA535X9XB03776,G
.cache/SCRNA10X_SA_CHIP0208_002/filtered_feature_bc_matrix,ACAGAAATCGCGGTAC-1,SA535X9XB03776_ACAGAAATCGCGGTAC-1,SA535X9XB03776,G
.cache/SCRNA10X_SA_CHIP0208_002/filtered_feature_bc_matrix,ACAGGGAAGAGCATTA-1,SA535X9XB03776_ACAGGGAAGAGCATTA-1,SA535X9XB03776,G
.cache/SCRNA10X_SA_CHIP0208_002/filtered_feature_bc_matrix,ACAGGGAAGTGTTGTC-1,SA535X9XB03776_ACAGGGAAGTGTTGTC-1,SA535X9XB03776,G
.cache/SCRNA10X_SA_CHIP0208_002/filtered_feature_bc_matrix,ACAGGGAGTACGTACT-1,SA535X9XB03776_ACAGGGAGTACGTACT-1,SA535X9XB03776,G
.cache/SCRNA10X_SA_CHIP0208_002/filtered_feature_bc_matrix,ACATCCCAGCATCAAA-1,SA535X9XB03776_ACATCCCAGCATCAAA-1,SA535X9XB03776,G
.cache/SCRNA10X_SA_CHIP0208_002/filtered_feature_bc_matrix,ACATTTCAGAATCCCT-1,SA535X9XB03776_ACATTTCAGAATCCCT-1,SA535X9XB03776,G
.cache/SCRNA10X_SA_CHIP0208_002/filtered_feature_bc_matrix,ACATTTCTCCATAAGC-1,SA535X9XB03776_ACATTTCTCCATAAGC-1,SA535X9XB03776,G
.cache/SCRNA10X_SA_CHIP0208_002/filtered_feature_bc_matrix,ACCAAACCAGATACTC-1,SA535X9XB03776_ACCAAACCAGATACTC-1,SA535X9XB03776,G
.cache/SCRNA10X_SA_CHIP0208_002/filtered_feature_bc_matrix,ACCAAACGTCGTTTCC-1,SA535X9XB03776_ACCAAACGTCGTTTCC-1,SA535X9XB03776,G
.cache/SCRNA10X_SA_CHIP0208_002/filtered_feature_bc_matrix,ACCAACAGTCGGCTAC-1,SA535X9XB03776_ACCAACAGTCGGCTAC-1,SA535X9XB03776,G
.cache/SCRNA10X_SA_CHIP0208_002/filtered_feature_bc_matrix,ACCATTTAGTGGTGAC-1,SA535X9XB03776_ACCATTTAGTGGTGAC-1,SA535X9XB03776,G
.cache/SCRNA10X_SA_CHIP0208_002/filtered_feature_bc_matrix,ACCCAAACACCCTAAA-1,SA535X9XB03776_ACCCAAACACCCTAAA-1,SA535X9XB03776,G
.cache/SCRNA10X_SA_CHIP0208_002/filtered_feature_bc_matrix,ACCCAAAGTACAAGTA-1,SA535X9XB03776_ACCCAAAGTACAAGTA-1,SA535X9XB03776,G
.cache/SCRNA10X_SA_CHIP0208_002/filtered_feature_bc_matrix,ACCCTCAAGGGTGAGG-1,SA535X9XB03776_ACCCTCAAGGGTGAGG-1,SA535X9XB03776,G
.cache/SCRNA10X_SA_CHIP0208_002/filtered_feature_bc_matrix,ACCCTTGAGGCTCACC-1,SA535X9XB03776_ACCCTTGAGGCTCACC-1,SA535X9XB03776,G
.cache/SCRNA10X_SA_CHIP0208_002/filtered_feature_bc_matrix,ACCCTTGCACTGAATC-1,SA535X9XB03776_ACCCTTGCACTGAATC-1,SA535X9XB03776,G
.cache/SCRNA10X_SA_CHIP0208_002/filtered_feature_bc_matrix,ACCCTTGGTTCTTGTT-1,SA535X9XB03776_ACCCTTGGTTCTTGTT-1,SA535X9XB03776,G
.cache/SCRNA10X_SA_CHIP0208_002/filtered_feature_bc_matrix,ACCGTTCCAATGTCAC-1,SA535X9XB03776_ACCGTTCCAATGTCAC-1,SA535X9XB03776,G
.cache/SCRNA10X_SA_CHIP0208_002/filtered_feature_bc_matrix,ACCGTTCGTATAATGG-1,SA535X9XB03776_ACCGTTCGTATAATGG-1,SA535X9XB03776,G
.cache/SCRNA10X_SA_CHIP0208_002/filtered_feature_bc_matrix,ACCTGAAGTCCGACGT-1,SA535X9XB03776_ACCTGAAGTCCGACGT-1,SA535X9XB03776,G
.cache/SCRNA10X_SA_CHIP0208_002/filtered_feature_bc_matrix,ACGCACGAGTGCGACA-1,SA535X9XB03776_ACGCACGAGTGCGACA-1,SA535X9XB03776,G
.cache/SCRNA10X_SA_CHIP0208_002/filtered_feature_bc_matrix,ACGCACGGTAACATCC-1,SA535X9XB03776_ACGCACGGTAACATCC-1,SA535X9XB03776,G
.cache/SCRNA10X_SA_CHIP0208_002/filtered_feature_bc_matrix,ACGCACGTCCTACGAA-1,SA535X9XB03776_ACGCACGTCCTACGAA-1,SA535X9XB03776,G
.cache/SCRNA10X_SA_CHIP0208_002/filtered_feature_bc_matrix,ACGGAAGTCCCATAAG-1,SA535X9XB03776_ACGGAAGTCCCATAAG-1,SA535X9XB03776,G
.cache/SCRNA10X_SA_CHIP0208_002/filtered_feature_bc_matrix,ACGGGTCCAACCACAT-1,SA535X9XB03776_ACGGGTCCAACCACAT-1,SA535X9XB03776,G
.cache/SCRNA10X_SA_CHIP0208_002/filtered_feature_bc_matrix,ACGGGTCGTAACGCGA-1,SA535X9XB03776_ACGGGTCGTAACGCGA-1,SA535X9XB03776,G
.cache/SCRNA10X_SA_CHIP0208_002/filtered_feature_bc_matrix,ACGTAACAGGTGTGAC-1,SA535X9XB03776_ACGTAACAGGTGTGAC-1,SA535X9XB03776,G
.cache/SCRNA10X_SA_CHIP0208_002/filtered_feature_bc_matrix,ACGTAACCACAATGTC-1,SA535X9XB03776_ACGTAACCACAATGTC-1,SA535X9XB03776,G
.cache/SCRNA10X_SA_CHIP0208_002/filtered_feature_bc_matrix,ACGTCCTAGGTGCAGT-1,SA535X9XB03776_ACGTCCTAGGTGCAGT-1,SA535X9XB03776,G
.cache/SCRNA10X_SA_CHIP0208_002/filtered_feature_bc_matrix,ACGTCCTTCCGTGACG-1,SA535X9XB03776_ACGTCCTTCCGTGACG-1,SA535X9XB03776,G
.cache/SCRNA10X_SA_CHIP0208_002/filtered_feature_bc_matrix,ACGTTCCAGACCACGA-1,SA535X9XB03776_ACGTTCCAGACCACGA-1,SA535X9XB03776,G
.cache/SCRNA10X_SA_CHIP0208_002/filtered_feature_bc_matrix,ACGTTCCTCTGCTAGA-1,SA535X9XB03776_ACGTTCCTCTGCTAGA-1,SA535X9XB03776,G
.cache/SCRNA10X_SA_CHIP0208_002/filtered_feature_bc_matrix,ACTACGAAGCGTGAGT-1,SA535X9XB03776_ACTACGAAGCGTGAGT-1,SA535X9XB03776,G
.cache/SCRNA10X_SA_CHIP0208_002/filtered_feature_bc_matrix,ACTACGACAATAGGGC-1,SA535X9XB03776_ACTACGACAATAGGGC-1,SA535X9XB03776,G
.cache/SCRNA10X_SA_CHIP0208_002/filtered_feature_bc_matrix,ACTATCTAGTTGAAGT-1,SA535X9XB03776_ACTATCTAGTTGAAGT-1,SA535X9XB03776,G
.cache/SCRNA10X_SA_CHIP0208_002/filtered_feature_bc_matrix,ACTATCTTCGCGGTAC-1,SA535X9XB03776_ACTATCTTCGCGGTAC-1,SA535X9XB03776,G
.cache/SCRNA10X_SA_CHIP0208_002/filtered_feature_bc_matrix,ACTATCTTCGTCAAAC-1,SA535X9XB03776_ACTATCTTCGTCAAAC-1,SA535X9XB03776,G
.cache/SCRNA10X_SA_CHIP0208_002/filtered_feature_bc_matrix,ACTATGGCATCCGAGC-1,SA535X9XB03776_ACTATGGCATCCGAGC-1,SA535X9XB03776,G
.cache/SCRNA10X_SA_CHIP0208_002/filtered_feature_bc_matrix,ACTATTCAGCATCAGG-1,SA535X9XB03776_ACTATTCAGCATCAGG-1,SA535X9XB03776,G
.cache/SCRNA10X_SA_CHIP0208_002/filtered_feature_bc_matrix,ACTATTCGTCCAGTTA-1,SA535X9XB03776_ACTATTCGTCCAGTTA-1,SA535X9XB03776,G
.cache/SCRNA10X_SA_CHIP0208_002/filtered_feature_bc_matrix,ACTCTCGTCGTTATCT-1,SA535X9XB03776_ACTCTCGTCGTTATCT-1,SA535X9XB03776,G
.cache/SCRNA10X_SA_CHIP0208_002/filtered_feature_bc_matrix,ACTGATGAGTAGGAAG-1,SA535X9XB03776_ACTGATGAGTAGGAAG-1,SA535X9XB03776,G
.cache/SCRNA10X_SA_CHIP0208_002/filtered_feature_bc_matrix,ACTGATGTCGTTCATT-1,SA535X9XB03776_ACTGATGTCGTTCATT-1,SA535X9XB03776,G
.cache/SCRNA10X_SA_CHIP0208_002/filtered_feature_bc_matrix,ACTGCAACACGCAGTC-1,SA535X9XB03776_ACTGCAACACGCAGTC-1,SA535X9XB03776,G
.cache/SCRNA10X_SA_CHIP0208_002/filtered_feature_bc_matrix,ACTGTCCCACCTCTGT-1,SA535X9XB03776_ACTGTCCCACCTCTGT-1,SA535X9XB03776,G
.cache/SCRNA10X_SA_CHIP0208_002/filtered_feature_bc_matrix,ACTTAGGCAAATGGTA-1,SA535X9XB03776_ACTTAGGCAAATGGTA-1,SA535X9XB03776,G
.cache/SCRNA10X_SA_CHIP0208_002/filtered_feature_bc_matrix,ACTTAGGGTTTCGTGA-1,SA535X9XB03776_ACTTAGGGTTTCGTGA-1,SA535X9XB03776,G
.cache/SCRNA10X_SA_CHIP0208_002/filtered_feature_bc_matrix,ACTTCGCGTGTAAATG-1,SA535X9XB03776_ACTTCGCGTGTAAATG-1,SA535X9XB03776,G
.cache/SCRNA10X_SA_CHIP0208_002/filtered_feature_bc_matrix,ACTTTGTCAGGAAGTC-1,SA535X9XB03776_ACTTTGTCAGGAAGTC-1,SA535X9XB03776,G
.cache/SCRNA10X_SA_CHIP0208_002/filtered_feature_bc_matrix,ACTTTGTGTGGAAGTC-1,SA535X9XB03776_ACTTTGTGTGGAAGTC-1,SA535X9XB03776,G
.cache/SCRNA10X_SA_CHIP0208_002/filtered_feature_bc_matrix,AGAACAAAGTTCGCAT-1,SA535X9XB03776_AGAACAAAGTTCGCAT-1,SA535X9XB03776,G
.cache/SCRNA10X_SA_CHIP0208_002/filtered_feature_bc_matrix,AGAACAACAAGTCCCG-1,SA535X9XB03776_AGAACAACAAGTCCCG-1,SA535X9XB03776,G
.cache/SCRNA10X_SA_CHIP0208_002/filtered_feature_bc_matrix,AGAACAATCCGATTAG-1,SA535X9XB03776_AGAACAATCCGATTAG-1,SA535X9XB03776,G
.cache/SCRNA10X_SA_CHIP0208_002/filtered_feature_bc_matrix,AGAACAATCCTTTAGT-1,SA535X9XB03776_AGAACAATCCTTTAGT-1,SA535X9XB03776,G
.cache/SCRNA10X_SA_CHIP0208_002/filtered_feature_bc_matrix,AGAACCTAGAGTCCGA-1,SA535X9XB03776_AGAACCTAGAGTCCGA-1,SA535X9XB03776,G
.cache/SCRNA10X_SA_CHIP0208_002/filtered_feature_bc_matrix,AGAAGTACACCGCTAG-1,SA535X9XB03776_AGAAGTACACCGCTAG-1,SA535X9XB03776,G
.cache/SCRNA10X_SA_CHIP0208_002/filtered_feature_bc_matrix,AGACCATTCCCTCAAC-1,SA535X9XB03776_AGACCATTCCCTCAAC-1,SA535X9XB03776,G
.cache/SCRNA10X_SA_CHIP0208_002/filtered_feature_bc_matrix,AGAGAGCCAGGACTTT-1,SA535X9XB03776_AGAGAGCCAGGACTTT-1,SA535X9XB03776,G
.cache/SCRNA10X_SA_CHIP0208_002/filtered_feature_bc_matrix,AGATAGACATAGAAAC-1,SA535X9XB03776_AGATAGACATAGAAAC-1,SA535X9XB03776,G
.cache/SCRNA10X_SA_CHIP0208_002/filtered_feature_bc_matrix,AGATCCATCAGGGTAG-1,SA535X9XB03776_AGATCCATCAGGGTAG-1,SA535X9XB03776,G
.cache/SCRNA10X_SA_CHIP0208_002/filtered_feature_bc_matrix,AGATCCATCCGTGTGG-1,SA535X9XB03776_AGATCCATCCGTGTGG-1,SA535X9XB03776,G
.cache/SCRNA10X_SA_CHIP0208_002/filtered_feature_bc_matrix,AGCCAATAGAGAGCGG-1,SA535X9XB03776_AGCCAATAGAGAGCGG-1,SA535X9XB03776,G
.cache/SCRNA10X_SA_CHIP0208_002/filtered_feature_bc_matrix,AGCCAATAGTGGAAAG-1,SA535X9XB03776_AGCCAATAGTGGAAAG-1,SA535X9XB03776,G
.cache/SCRNA10X_SA_CHIP0208_002/filtered_feature_bc_matrix,AGCGCCAGTATGCAAA-1,SA535X9XB03776_AGCGCCAGTATGCAAA-1,SA535X9XB03776,G
.cache/SCRNA10X_SA_CHIP0208_002/filtered_feature_bc_matrix,AGCTCAAGTAGGTCAG-1,SA535X9XB03776_AGCTCAAGTAGGTCAG-1,SA535X9XB03776,G
.cache/SCRNA10X_SA_CHIP0208_002/filtered_feature_bc_matrix,AGGAAATTCTCGCTTG-1,SA535X9XB03776_AGGAAATTCTCGCTTG-1,SA535X9XB03776,G
.cache/SCRNA10X_SA_CHIP0208_002/filtered_feature_bc_matrix,AGGAATAGTATGTCAC-1,SA535X9XB03776_AGGAATAGTATGTCAC-1,SA535X9XB03776,G
.cache/SCRNA10X_SA_CHIP0208_002/filtered_feature_bc_matrix,AGGACGACAGTAGTTC-1,SA535X9XB03776_AGGACGACAGTAGTTC-1,SA535X9XB03776,G
.cache/SCRNA10X_SA_CHIP0208_002/filtered_feature_bc_matrix,AGGACGATCTATACGG-1,SA535X9XB03776_AGGACGATCTATACGG-1,SA535X9XB03776,G
.cache/SCRNA10X_SA_CHIP0208_002/filtered_feature_bc_matrix,AGGACTTTCACGGTCG-1,SA535X9XB03776_AGGACTTTCACGGTCG-1,SA535X9XB03776,G
.cache/SCRNA10X_SA_CHIP0208_002/filtered_feature_bc_matrix,AGGAGGTAGGTGCAGT-1,SA535X9XB03776_AGGAGGTAGGTGCAGT-1,SA535X9XB03776,G
.cache/SCRNA10X_SA_CHIP0208_002/filtered_feature_bc_matrix,AGGATCTCAGGTCAGA-1,SA535X9XB03776_AGGATCTCAGGTCAGA-1,SA535X9XB03776,G
.cache/SCRNA10X_SA_CHIP0208_002/filtered_feature_bc_matrix,AGGATCTGTCTCGGAC-1,SA535X9XB03776_AGGATCTGTCTCGGAC-1,SA535X9XB03776,G
.cache/SCRNA10X_SA_CHIP0208_002/filtered_feature_bc_matrix,AGGATCTGTTAGAAAC-1,SA535X9XB03776_AGGATCTGTTAGAAAC-1,SA535X9XB03776,G
.cache/SCRNA10X_SA_CHIP0208_002/filtered_feature_bc_matrix,AGGCTGCGTCCGGCAT-1,SA535X9XB03776_AGGCTGCGTCCGGCAT-1,SA535X9XB03776,G
.cache/SCRNA10X_SA_CHIP0208_002/filtered_feature_bc_matrix,AGGGCCTCACGGCGTT-1,SA535X9XB03776_AGGGCCTCACGGCGTT-1,SA535X9XB03776,G
.cache/SCRNA10X_SA_CHIP0208_002/filtered_feature_bc_matrix,AGGGCTCAGGGATCGT-1,SA535X9XB03776_AGGGCTCAGGGATCGT-1,SA535X9XB03776,G
.cache/SCRNA10X_SA_CHIP0208_002/filtered_feature_bc_matrix,AGGTCATCACAATGAA-1,SA535X9XB03776_AGGTCATCACAATGAA-1,SA535X9XB03776,G
.cache/SCRNA10X_SA_CHIP0208_002/filtered_feature_bc_matrix,AGGTCATGTTCGTGCG-1,SA535X9XB03776_AGGTCATGTTCGTGCG-1,SA535X9XB03776,G
.cache/SCRNA10X_SA_CHIP0208_002/filtered_feature_bc_matrix,AGGTCATTCGATTGGT-1,SA535X9XB03776_AGGTCATTCGATTGGT-1,SA535X9XB03776,G
.cache/SCRNA10X_SA_CHIP0208_002/filtered_feature_bc_matrix,AGGTTACTCATTGCGA-1,SA535X9XB03776_AGGTTACTCATTGCGA-1,SA535X9XB03776,G
.cache/SCRNA10X_SA_CHIP0208_002/filtered_feature_bc_matrix,AGTAACCGTCTTGGTA-1,SA535X9XB03776_AGTAACCGTCTTGGTA-1,SA535X9XB03776,G
.cache/SCRNA10X_SA_CHIP0208_002/filtered_feature_bc_matrix,AGTAACCTCGAGAGCA-1,SA535X9XB03776_AGTAACCTCGAGAGCA-1,SA535X9XB03776,G
.cache/SCRNA10X_SA_CHIP0208_002/filtered_feature_bc_matrix,AGTCACAGTTTACTGG-1,SA535X9XB03776_AGTCACAGTTTACTGG-1,SA535X9XB03776,G
.cache/SCRNA10X_SA_CHIP0208_002/filtered_feature_bc_matrix,AGTCATGAGTTAACAG-1,SA535X9XB03776_AGTCATGAGTTAACAG-1,SA535X9XB03776,G
.cache/SCRNA10X_SA_CHIP0208_002/filtered_feature_bc_matrix,AGTGACTCAGGGAATC-1,SA535X9XB03776_AGTGACTCAGGGAATC-1,SA535X9XB03776,G
.cache/SCRNA10X_SA_CHIP0208_002/filtered_feature_bc_matrix,AGTGACTTCGAGCCTG-1,SA535X9XB03776_AGTGACTTCGAGCCTG-1,SA535X9XB03776,G
.cache/SCRNA10X_SA_CHIP0208_002/filtered_feature_bc_matrix,AGTGATCAGAACTGAT-1,SA535X9XB03776_AGTGATCAGAACTGAT-1,SA535X9XB03776,G
.cache/SCRNA10X_SA_CHIP0208_002/filtered_feature_bc_matrix,AGTTAGCGTTTACGAC-1,SA535X9XB03776_AGTTAGCGTTTACGAC-1,SA535X9XB03776,G
.cache/SCRNA10X_SA_CHIP0208_002/filtered_feature_bc_matrix,AGTTCCCAGATTGCGG-1,SA535X9XB03776_AGTTCCCAGATTGCGG-1,SA535X9XB03776,G
.cache/SCRNA10X_SA_CHIP0208_002/filtered_feature_bc_matrix,AGTTCCCAGTCAATCC-1,SA535X9XB03776_AGTTCCCAGTCAATCC-1,SA535X9XB03776,G
.cache/SCRNA10X_SA_CHIP0208_002/filtered_feature_bc_matrix,ATACCGAGTTCTAACG-1,SA535X9XB03776_ATACCGAGTTCTAACG-1,SA535X9XB03776,G
.cache/SCRNA10X_SA_CHIP0208_002/filtered_feature_bc_matrix,ATACCTTCAGTCTCTC-1,SA535X9XB03776_ATACCTTCAGTCTCTC-1,SA535X9XB03776,G
.cache/SCRNA10X_SA_CHIP0208_002/filtered_feature_bc_matrix,ATACCTTGTACGATTC-1,SA535X9XB03776_ATACCTTGTACGATTC-1,SA535X9XB03776,G
.cache/SCRNA10X_SA_CHIP0208_002/filtered_feature_bc_matrix,ATACTTCGTCTGCAAT-1,SA535X9XB03776_ATACTTCGTCTGCAAT-1,SA535X9XB03776,G
.cache/SCRNA10X_SA_CHIP0208_002/filtered_feature_bc_matrix,ATAGACCGTACGTTCA-1,SA535X9XB03776_ATAGACCGTACGTTCA-1,SA535X9XB03776,G
.cache/SCRNA10X_SA_CHIP0208_002/filtered_feature_bc_matrix,ATAGAGAAGGCATCTT-1,SA535X9XB03776_ATAGAGAAGGCATCTT-1,SA535X9XB03776,G
.cache/SCRNA10X_SA_CHIP0208_002/filtered_feature_bc_matrix,ATAGGCTAGCCACTCG-1,SA535X9XB03776_ATAGGCTAGCCACTCG-1,SA535X9XB03776,G
.cache/SCRNA10X_SA_CHIP0208_002/filtered_feature_bc_matrix,ATATCCTAGTGTTGTC-1,SA535X9XB03776_ATATCCTAGTGTTGTC-1,SA535X9XB03776,G
.cache/SCRNA10X_SA_CHIP0208_002/filtered_feature_bc_matrix,ATCACGACATGCAGGA-1,SA535X9XB03776_ATCACGACATGCAGGA-1,SA535X9XB03776,G
.cache/SCRNA10X_SA_CHIP0208_002/filtered_feature_bc_matrix,ATCACTTCATATAGCC-1,SA535X9XB03776_ATCACTTCATATAGCC-1,SA535X9XB03776,G
.cache/SCRNA10X_SA_CHIP0208_002/filtered_feature_bc_matrix,ATCAGGTGTGACACGA-1,SA535X9XB03776_ATCAGGTGTGACACGA-1,SA535X9XB03776,G
.cache/SCRNA10X_SA_CHIP0208_002/filtered_feature_bc_matrix,ATCATTCCATCGGATT-1,SA535X9XB03776_ATCATTCCATCGGATT-1,SA535X9XB03776,G
.cache/SCRNA10X_SA_CHIP0208_002/filtered_feature_bc_matrix,ATCATTCTCGCGAAGA-1,SA535X9XB03776_ATCATTCTCGCGAAGA-1,SA535X9XB03776,G
.cache/SCRNA10X_SA_CHIP0208_002/filtered_feature_bc_matrix,ATCCATTAGGCGACAT-1,SA535X9XB03776_ATCCATTAGGCGACAT-1,SA535X9XB03776,G
.cache/SCRNA10X_SA_CHIP0208_002/filtered_feature_bc_matrix,ATCCGTCTCCCGAATA-1,SA535X9XB03776_ATCCGTCTCCCGAATA-1,SA535X9XB03776,G
.cache/SCRNA10X_SA_CHIP0208_002/filtered_feature_bc_matrix,ATCCTATTCTTTCGAT-1,SA535X9XB03776_ATCCTATTCTTTCGAT-1,SA535X9XB03776,G
.cache/SCRNA10X_SA_CHIP0208_002/filtered_feature_bc_matrix,ATCGTGAAGAGAGGTA-1,SA535X9XB03776_ATCGTGAAGAGAGGTA-1,SA535X9XB03776,G
.cache/SCRNA10X_SA_CHIP0208_002/filtered_feature_bc_matrix,ATCTCTACAAGGCAAC-1,SA535X9XB03776_ATCTCTACAAGGCAAC-1,SA535X9XB03776,G
.cache/SCRNA10X_SA_CHIP0208_002/filtered_feature_bc_matrix,ATCTTCAAGAGCAACC-1,SA535X9XB03776_ATCTTCAAGAGCAACC-1,SA535X9XB03776,G
.cache/SCRNA10X_SA_CHIP0208_002/filtered_feature_bc_matrix,ATCTTCAGTCTGTGTA-1,SA535X9XB03776_ATCTTCAGTCTGTGTA-1,SA535X9XB03776,G
.cache/SCRNA10X_SA_CHIP0208_002/filtered_feature_bc_matrix,ATCTTCAGTTTGAACC-1,SA535X9XB03776_ATCTTCAGTTTGAACC-1,SA535X9XB03776,G
.cache/SCRNA10X_SA_CHIP0208_002/filtered_feature_bc_matrix,ATGACCAAGTGTTGAA-1,SA535X9XB03776_ATGACCAAGTGTTGAA-1,SA535X9XB03776,G
.cache/SCRNA10X_SA_CHIP0208_002/filtered_feature_bc_matrix,ATGAGGGTCGTGGCGT-1,SA535X9XB03776_ATGAGGGTCGTGGCGT-1,SA535X9XB03776,G
.cache/SCRNA10X_SA_CHIP0208_002/filtered_feature_bc_matrix,ATGATCGCAAAGACTA-1,SA535X9XB03776_ATGATCGCAAAGACTA-1,SA535X9XB03776,G
.cache/SCRNA10X_SA_CHIP0208_002/filtered_feature_bc_matrix,ATGCATGCAATTGCCA-1,SA535X9XB03776_ATGCATGCAATTGCCA-1,SA535X9XB03776,G
.cache/SCRNA10X_SA_CHIP0208_002/filtered_feature_bc_matrix,ATGCGATAGGACAAGA-1,SA535X9XB03776_ATGCGATAGGACAAGA-1,SA535X9XB03776,G
.cache/SCRNA10X_SA_CHIP0208_002/filtered_feature_bc_matrix,ATGGAGGCATTCCTCG-1,SA535X9XB03776_ATGGAGGCATTCCTCG-1,SA535X9XB03776,G
.cache/SCRNA10X_SA_CHIP0208_002/filtered_feature_bc_matrix,ATGGTTGAGAAATGGG-1,SA535X9XB03776_ATGGTTGAGAAATGGG-1,SA535X9XB03776,G
.cache/SCRNA10X_SA_CHIP0208_002/filtered_feature_bc_matrix,ATTACCTCATCGAAGG-1,SA535X9XB03776_ATTACCTCATCGAAGG-1,SA535X9XB03776,G
.cache/SCRNA10X_SA_CHIP0208_002/filtered_feature_bc_matrix,ATTCACTAGCAGATAT-1,SA535X9XB03776_ATTCACTAGCAGATAT-1,SA535X9XB03776,G
.cache/SCRNA10X_SA_CHIP0208_002/filtered_feature_bc_matrix,ATTCACTAGGACAGTC-1,SA535X9XB03776_ATTCACTAGGACAGTC-1,SA535X9XB03776,G
.cache/SCRNA10X_SA_CHIP0208_002/filtered_feature_bc_matrix,ATTCAGGTCAAAGAAC-1,SA535X9XB03776_ATTCAGGTCAAAGAAC-1,SA535X9XB03776,G
.cache/SCRNA10X_SA_CHIP0208_002/filtered_feature_bc_matrix,ATTCATCGTGAATTGA-1,SA535X9XB03776_ATTCATCGTGAATTGA-1,SA535X9XB03776,G
.cache/SCRNA10X_SA_CHIP0208_002/filtered_feature_bc_matrix,ATTGTTCGTTGGGTTT-1,SA535X9XB03776_ATTGTTCGTTGGGTTT-1,SA535X9XB03776,G
.cache/SCRNA10X_SA_CHIP0208_002/filtered_feature_bc_matrix,ATTGTTCTCATAGACC-1,SA535X9XB03776_ATTGTTCTCATAGACC-1,SA535X9XB03776,G
.cache/SCRNA10X_SA_CHIP0208_002/filtered_feature_bc_matrix,ATTTCACCATTGCTTT-1,SA535X9XB03776_ATTTCACCATTGCTTT-1,SA535X9XB03776,G
.cache/SCRNA10X_SA_CHIP0208_002/filtered_feature_bc_matrix,ATTTCACGTTACGCCG-1,SA535X9XB03776_ATTTCACGTTACGCCG-1,SA535X9XB03776,G
.cache/SCRNA10X_SA_CHIP0208_002/filtered_feature_bc_matrix,ATTTCACTCTAGTGAC-1,SA535X9XB03776_ATTTCACTCTAGTGAC-1,SA535X9XB03776,G
.cache/SCRNA10X_SA_CHIP0208_002/filtered_feature_bc_matrix,ATTTCTGAGCCGATAG-1,SA535X9XB03776_ATTTCTGAGCCGATAG-1,SA535X9XB03776,G
.cache/SCRNA10X_SA_CHIP0208_002/filtered_feature_bc_matrix,CAACGATCACGGTGTC-1,SA535X9XB03776_CAACGATCACGGTGTC-1,SA535X9XB03776,G
.cache/SCRNA10X_SA_CHIP0208_002/filtered_feature_bc_matrix,CAAGCTAGTAATGTGA-1,SA535X9XB03776_CAAGCTAGTAATGTGA-1,SA535X9XB03776,G
.cache/SCRNA10X_SA_CHIP0208_002/filtered_feature_bc_matrix,CAAGGGAAGGGATGTC-1,SA535X9XB03776_CAAGGGAAGGGATGTC-1,SA535X9XB03776,G
.cache/SCRNA10X_SA_CHIP0208_002/filtered_feature_bc_matrix,CAAGGGATCTGACCCT-1,SA535X9XB03776_CAAGGGATCTGACCCT-1,SA535X9XB03776,G
.cache/SCRNA10X_SA_CHIP0208_002/filtered_feature_bc_matrix,CACAACATCCGAAGGA-1,SA535X9XB03776_CACAACATCCGAAGGA-1,SA535X9XB03776,G
.cache/SCRNA10X_SA_CHIP0208_002/filtered_feature_bc_matrix,CACAGATAGTAGCCAG-1,SA535X9XB03776_CACAGATAGTAGCCAG-1,SA535X9XB03776,G
.cache/SCRNA10X_SA_CHIP0208_002/filtered_feature_bc_matrix,CACAGGCAGGTCGACA-1,SA535X9XB03776_CACAGGCAGGTCGACA-1,SA535X9XB03776,G
.cache/SCRNA10X_SA_CHIP0208_002/filtered_feature_bc_matrix,CACAGGCGTATTTCTC-1,SA535X9XB03776_CACAGGCGTATTTCTC-1,SA535X9XB03776,G
.cache/SCRNA10X_SA_CHIP0208_002/filtered_feature_bc_matrix,CACGAATAGCACCTGC-1,SA535X9XB03776_CACGAATAGCACCTGC-1,SA535X9XB03776,G
.cache/SCRNA10X_SA_CHIP0208_002/filtered_feature_bc_matrix,CACGAATAGTTCCGTA-1,SA535X9XB03776_CACGAATAGTTCCGTA-1,SA535X9XB03776,G
.cache/SCRNA10X_SA_CHIP0208_002/filtered_feature_bc_matrix,CACGTGGCAAATGCTC-1,SA535X9XB03776_CACGTGGCAAATGCTC-1,SA535X9XB03776,G
.cache/SCRNA10X_SA_CHIP0208_002/filtered_feature_bc_matrix,CACTGGGGTGTGTGGA-1,SA535X9XB03776_CACTGGGGTGTGTGGA-1,SA535X9XB03776,G
.cache/SCRNA10X_SA_CHIP0208_002/filtered_feature_bc_matrix,CACTGGGGTTGCGAAG-1,SA535X9XB03776_CACTGGGGTTGCGAAG-1,SA535X9XB03776,G
.cache/SCRNA10X_SA_CHIP0208_002/filtered_feature_bc_matrix,CACTTCGCAAGACAAT-1,SA535X9XB03776_CACTTCGCAAGACAAT-1,SA535X9XB03776,G
.cache/SCRNA10X_SA_CHIP0208_002/filtered_feature_bc_matrix,CAGCACGTCATCCCGT-1,SA535X9XB03776_CAGCACGTCATCCCGT-1,SA535X9XB03776,G
.cache/SCRNA10X_SA_CHIP0208_002/filtered_feature_bc_matrix,CAGCAGCGTACGATTC-1,SA535X9XB03776_CAGCAGCGTACGATTC-1,SA535X9XB03776,G
.cache/SCRNA10X_SA_CHIP0208_002/filtered_feature_bc_matrix,CAGCCAGAGCATGGGT-1,SA535X9XB03776_CAGCCAGAGCATGGGT-1,SA535X9XB03776,G
.cache/SCRNA10X_SA_CHIP0208_002/filtered_feature_bc_matrix,CAGCGTGAGTCCGTCG-1,SA535X9XB03776_CAGCGTGAGTCCGTCG-1,SA535X9XB03776,G
.cache/SCRNA10X_SA_CHIP0208_002/filtered_feature_bc_matrix,CAGGTATTCAAGGCTT-1,SA535X9XB03776_CAGGTATTCAAGGCTT-1,SA535X9XB03776,G
.cache/SCRNA10X_SA_CHIP0208_002/filtered_feature_bc_matrix,CAGTGCGTCCCATTCG-1,SA535X9XB03776_CAGTGCGTCCCATTCG-1,SA535X9XB03776,G
.cache/SCRNA10X_SA_CHIP0208_002/filtered_feature_bc_matrix,CAGTTAGGTACAGGTG-1,SA535X9XB03776_CAGTTAGGTACAGGTG-1,SA535X9XB03776,G
.cache/SCRNA10X_SA_CHIP0208_002/filtered_feature_bc_matrix,CATAAGCAGGATACAT-1,SA535X9XB03776_CATAAGCAGGATACAT-1,SA535X9XB03776,G
.cache/SCRNA10X_SA_CHIP0208_002/filtered_feature_bc_matrix,CATACCCTCTAACACG-1,SA535X9XB03776_CATACCCTCTAACACG-1,SA535X9XB03776,G
.cache/SCRNA10X_SA_CHIP0208_002/filtered_feature_bc_matrix,CATACTTAGGAGCTGT-1,SA535X9XB03776_CATACTTAGGAGCTGT-1,SA535X9XB03776,G
.cache/SCRNA10X_SA_CHIP0208_002/filtered_feature_bc_matrix,CATCCACCAATTGGTC-1,SA535X9XB03776_CATCCACCAATTGGTC-1,SA535X9XB03776,G
.cache/SCRNA10X_SA_CHIP0208_002/filtered_feature_bc_matrix,CATCCCACACATGTTG-1,SA535X9XB03776_CATCCCACACATGTTG-1,SA535X9XB03776,G
.cache/SCRNA10X_SA_CHIP0208_002/filtered_feature_bc_matrix,CATCGCTGTTTGAACC-1,SA535X9XB03776_CATCGCTGTTTGAACC-1,SA535X9XB03776,G
.cache/SCRNA10X_SA_CHIP0208_002/filtered_feature_bc_matrix,CATCGTCGTTTGCAGT-1,SA535X9XB03776_CATCGTCGTTTGCAGT-1,SA535X9XB03776,G
.cache/SCRNA10X_SA_CHIP0208_002/filtered_feature_bc_matrix,CATGAGTTCGGTAGAG-1,SA535X9XB03776_CATGAGTTCGGTAGAG-1,SA535X9XB03776,G
.cache/SCRNA10X_SA_CHIP0208_002/filtered_feature_bc_matrix,CATGCGGCAACTCCAA-1,SA535X9XB03776_CATGCGGCAACTCCAA-1,SA535X9XB03776,G
.cache/SCRNA10X_SA_CHIP0208_002/filtered_feature_bc_matrix,CATTCATCATGTTCGA-1,SA535X9XB03776_CATTCATCATGTTCGA-1,SA535X9XB03776,G
.cache/SCRNA10X_SA_CHIP0208_002/filtered_feature_bc_matrix,CATTCCGAGCCACAAG-1,SA535X9XB03776_CATTCCGAGCCACAAG-1,SA535X9XB03776,G
.cache/SCRNA10X_SA_CHIP0208_002/filtered_feature_bc_matrix,CATTCCGCAGTCGGAA-1,SA535X9XB03776_CATTCCGCAGTCGGAA-1,SA535X9XB03776,G
.cache/SCRNA10X_SA_CHIP0208_002/filtered_feature_bc_matrix,CATTCTAAGTATGAAC-1,SA535X9XB03776_CATTCTAAGTATGAAC-1,SA535X9XB03776,G
.cache/SCRNA10X_SA_CHIP0208_002/filtered_feature_bc_matrix,CATTGAGCATCGCTGG-1,SA535X9XB03776_CATTGAGCATCGCTGG-1,SA535X9XB03776,G
.cache/SCRNA10X_SA_CHIP0208_002/filtered_feature_bc_matrix,CCAATGAAGAACCCGA-1,SA535X9XB03776_CCAATGAAGAACCCGA-1,SA535X9XB03776,G
.cache/SCRNA10X_SA_CHIP0208_002/filtered_feature_bc_matrix,CCAATTTCATCCCGTT-1,SA535X9XB03776_CCAATTTCATCCCGTT-1,SA535X9XB03776,G
.cache/SCRNA10X_SA_CHIP0208_002/filtered_feature_bc_matrix,CCACCATAGCTATCCA-1,SA535X9XB03776_CCACCATAGCTATCCA-1,SA535X9XB03776,G
.cache/SCRNA10X_SA_CHIP0208_002/filtered_feature_bc_matrix,CCACGTTTCATGCTAG-1,SA535X9XB03776_CCACGTTTCATGCTAG-1,SA535X9XB03776,G
.cache/SCRNA10X_SA_CHIP0208_002/filtered_feature_bc_matrix,CCACTTGTCTGCTAGA-1,SA535X9XB03776_CCACTTGTCTGCTAGA-1,SA535X9XB03776,G
.cache/SCRNA10X_SA_CHIP0208_002/filtered_feature_bc_matrix,CCCAACTCAACAGCCC-1,SA535X9XB03776_CCCAACTCAACAGCCC-1,SA535X9XB03776,G
.cache/SCRNA10X_SA_CHIP0208_002/filtered_feature_bc_matrix,CCCAACTCAACTGCTA-1,SA535X9XB03776_CCCAACTCAACTGCTA-1,SA535X9XB03776,G
.cache/SCRNA10X_SA_CHIP0208_002/filtered_feature_bc_matrix,CCCATTGAGTGGAATT-1,SA535X9XB03776_CCCATTGAGTGGAATT-1,SA535X9XB03776,G
.cache/SCRNA10X_SA_CHIP0208_002/filtered_feature_bc_matrix,CCCGAAGGTCTTAGTG-1,SA535X9XB03776_CCCGAAGGTCTTAGTG-1,SA535X9XB03776,G
.cache/SCRNA10X_SA_CHIP0208_002/filtered_feature_bc_matrix,CCCTAACTCCGGACTG-1,SA535X9XB03776_CCCTAACTCCGGACTG-1,SA535X9XB03776,G
.cache/SCRNA10X_SA_CHIP0208_002/filtered_feature_bc_matrix,CCCTAACTCTCGACCT-1,SA535X9XB03776_CCCTAACTCTCGACCT-1,SA535X9XB03776,G
.cache/SCRNA10X_SA_CHIP0208_002/filtered_feature_bc_matrix,CCCTCAACACGACGCT-1,SA535X9XB03776_CCCTCAACACGACGCT-1,SA535X9XB03776,G
.cache/SCRNA10X_SA_CHIP0208_002/filtered_feature_bc_matrix,CCCTCTCAGATAGTGT-1,SA535X9XB03776_CCCTCTCAGATAGTGT-1,SA535X9XB03776,G
.cache/SCRNA10X_SA_CHIP0208_002/filtered_feature_bc_matrix,CCCTGATGTCACTCTC-1,SA535X9XB03776_CCCTGATGTCACTCTC-1,SA535X9XB03776,G
.cache/SCRNA10X_SA_CHIP0208_002/filtered_feature_bc_matrix,CCCTTAGAGCATGAAT-1,SA535X9XB03776_CCCTTAGAGCATGAAT-1,SA535X9XB03776,G
.cache/SCRNA10X_SA_CHIP0208_002/filtered_feature_bc_matrix,CCGATCTGTAGGATAT-1,SA535X9XB03776_CCGATCTGTAGGATAT-1,SA535X9XB03776,G
.cache/SCRNA10X_SA_CHIP0208_002/filtered_feature_bc_matrix,CCGCAAGCATGCAGGA-1,SA535X9XB03776_CCGCAAGCATGCAGGA-1,SA535X9XB03776,G
.cache/SCRNA10X_SA_CHIP0208_002/filtered_feature_bc_matrix,CCGGGTATCGGAATTC-1,SA535X9XB03776_CCGGGTATCGGAATTC-1,SA535X9XB03776,G
.cache/SCRNA10X_SA_CHIP0208_002/filtered_feature_bc_matrix,CCGGTGATCAGACTGT-1,SA535X9XB03776_CCGGTGATCAGACTGT-1,SA535X9XB03776,G
.cache/SCRNA10X_SA_CHIP0208_002/filtered_feature_bc_matrix,CCGGTGATCGGAAACG-1,SA535X9XB03776_CCGGTGATCGGAAACG-1,SA535X9XB03776,G
.cache/SCRNA10X_SA_CHIP0208_002/filtered_feature_bc_matrix,CCGTAGGGTTTGGCTA-1,SA535X9XB03776_CCGTAGGGTTTGGCTA-1,SA535X9XB03776,G
.cache/SCRNA10X_SA_CHIP0208_002/filtered_feature_bc_matrix,CCTAACCGTCCACAGC-1,SA535X9XB03776_CCTAACCGTCCACAGC-1,SA535X9XB03776,G
.cache/SCRNA10X_SA_CHIP0208_002/filtered_feature_bc_matrix,CCTACGTTCTGTCCCA-1,SA535X9XB03776_CCTACGTTCTGTCCCA-1,SA535X9XB03776,G
.cache/SCRNA10X_SA_CHIP0208_002/filtered_feature_bc_matrix,CCTCAACAGGTAAGAG-1,SA535X9XB03776_CCTCAACAGGTAAGAG-1,SA535X9XB03776,G
.cache/SCRNA10X_SA_CHIP0208_002/filtered_feature_bc_matrix,CCTCAACAGGTATCTC-1,SA535X9XB03776_CCTCAACAGGTATCTC-1,SA535X9XB03776,G
.cache/SCRNA10X_SA_CHIP0208_002/filtered_feature_bc_matrix,CCTCCAATCGTTAGTG-1,SA535X9XB03776_CCTCCAATCGTTAGTG-1,SA535X9XB03776,G
.cache/SCRNA10X_SA_CHIP0208_002/filtered_feature_bc_matrix,CCTCTCCAGGCTAAAT-1,SA535X9XB03776_CCTCTCCAGGCTAAAT-1,SA535X9XB03776,G
.cache/SCRNA10X_SA_CHIP0208_002/filtered_feature_bc_matrix,CCTGCATGTCCATCTC-1,SA535X9XB03776_CCTGCATGTCCATCTC-1,SA535X9XB03776,G
.cache/SCRNA10X_SA_CHIP0208_002/filtered_feature_bc_matrix,CCTTTGGGTGCCGAAA-1,SA535X9XB03776_CCTTTGGGTGCCGAAA-1,SA535X9XB03776,G
.cache/SCRNA10X_SA_CHIP0208_002/filtered_feature_bc_matrix,CGAAGGACACACACTA-1,SA535X9XB03776_CGAAGGACACACACTA-1,SA535X9XB03776,G
.cache/SCRNA10X_SA_CHIP0208_002/filtered_feature_bc_matrix,CGAATTGTCTGTAAGC-1,SA535X9XB03776_CGAATTGTCTGTAAGC-1,SA535X9XB03776,G
.cache/SCRNA10X_SA_CHIP0208_002/filtered_feature_bc_matrix,CGAGAAGGTAGGACCA-1,SA535X9XB03776_CGAGAAGGTAGGACCA-1,SA535X9XB03776,G
.cache/SCRNA10X_SA_CHIP0208_002/filtered_feature_bc_matrix,CGAGAAGGTTTCGATG-1,SA535X9XB03776_CGAGAAGGTTTCGATG-1,SA535X9XB03776,G
.cache/SCRNA10X_SA_CHIP0208_002/filtered_feature_bc_matrix,CGAGGAATCCTGGCTT-1,SA535X9XB03776_CGAGGAATCCTGGCTT-1,SA535X9XB03776,G
.cache/SCRNA10X_SA_CHIP0208_002/filtered_feature_bc_matrix,CGAGGCTCAGATAAAC-1,SA535X9XB03776_CGAGGCTCAGATAAAC-1,SA535X9XB03776,G
.cache/SCRNA10X_SA_CHIP0208_002/filtered_feature_bc_matrix,CGAGGCTGTAGCTGAG-1,SA535X9XB03776_CGAGGCTGTAGCTGAG-1,SA535X9XB03776,G
.cache/SCRNA10X_SA_CHIP0208_002/filtered_feature_bc_matrix,CGATCGGGTAACACGG-1,SA535X9XB03776_CGATCGGGTAACACGG-1,SA535X9XB03776,G
.cache/SCRNA10X_SA_CHIP0208_002/filtered_feature_bc_matrix,CGATCGGTCTTTACAC-1,SA535X9XB03776_CGATCGGTCTTTACAC-1,SA535X9XB03776,G
.cache/SCRNA10X_SA_CHIP0208_002/filtered_feature_bc_matrix,CGATGCGTCTCACCCA-1,SA535X9XB03776_CGATGCGTCTCACCCA-1,SA535X9XB03776,G
.cache/SCRNA10X_SA_CHIP0208_002/filtered_feature_bc_matrix,CGCATGGAGAAGGATG-1,SA535X9XB03776_CGCATGGAGAAGGATG-1,SA535X9XB03776,G
.cache/SCRNA10X_SA_CHIP0208_002/filtered_feature_bc_matrix,CGCGTGATCTCAACCC-1,SA535X9XB03776_CGCGTGATCTCAACCC-1,SA535X9XB03776,G
.cache/SCRNA10X_SA_CHIP0208_002/filtered_feature_bc_matrix,CGGAACCCAAAGTGTA-1,SA535X9XB03776_CGGAACCCAAAGTGTA-1,SA535X9XB03776,G
.cache/SCRNA10X_SA_CHIP0208_002/filtered_feature_bc_matrix,CGGAGAAGTAGTCTTG-1,SA535X9XB03776_CGGAGAAGTAGTCTTG-1,SA535X9XB03776,G
.cache/SCRNA10X_SA_CHIP0208_002/filtered_feature_bc_matrix,CGGGCATCAAAGGAGA-1,SA535X9XB03776_CGGGCATCAAAGGAGA-1,SA535X9XB03776,G
.cache/SCRNA10X_SA_CHIP0208_002/filtered_feature_bc_matrix,CGGGCATTCAAGTGTC-1,SA535X9XB03776_CGGGCATTCAAGTGTC-1,SA535X9XB03776,G
.cache/SCRNA10X_SA_CHIP0208_002/filtered_feature_bc_matrix,CGGGTCAGTGCTTCAA-1,SA535X9XB03776_CGGGTCAGTGCTTCAA-1,SA535X9XB03776,G
.cache/SCRNA10X_SA_CHIP0208_002/filtered_feature_bc_matrix,CGTAAGTAGGGTACGT-1,SA535X9XB03776_CGTAAGTAGGGTACGT-1,SA535X9XB03776,G
.cache/SCRNA10X_SA_CHIP0208_002/filtered_feature_bc_matrix,CGTCAAAGTCATCCGG-1,SA535X9XB03776_CGTCAAAGTCATCCGG-1,SA535X9XB03776,G
.cache/SCRNA10X_SA_CHIP0208_002/filtered_feature_bc_matrix,CGTGATAAGTGAGTGC-1,SA535X9XB03776_CGTGATAAGTGAGTGC-1,SA535X9XB03776,G
.cache/SCRNA10X_SA_CHIP0208_002/filtered_feature_bc_matrix,CGTGTCTAGTATGGCG-1,SA535X9XB03776_CGTGTCTAGTATGGCG-1,SA535X9XB03776,G
.cache/SCRNA10X_SA_CHIP0208_002/filtered_feature_bc_matrix,CGTTAGACACTACCCT-1,SA535X9XB03776_CGTTAGACACTACCCT-1,SA535X9XB03776,G
.cache/SCRNA10X_SA_CHIP0208_002/filtered_feature_bc_matrix,CGTTGGGGTACTGCCG-1,SA535X9XB03776_CGTTGGGGTACTGCCG-1,SA535X9XB03776,G
.cache/SCRNA10X_SA_CHIP0208_002/filtered_feature_bc_matrix,CTAAGTGAGCCGCACT-1,SA535X9XB03776_CTAAGTGAGCCGCACT-1,SA535X9XB03776,G
.cache/SCRNA10X_SA_CHIP0208_002/filtered_feature_bc_matrix,CTAAGTGTCCAGCAAT-1,SA535X9XB03776_CTAAGTGTCCAGCAAT-1,SA535X9XB03776,G
.cache/SCRNA10X_SA_CHIP0208_002/filtered_feature_bc_matrix,CTACCTGCACTATCCC-1,SA535X9XB03776_CTACCTGCACTATCCC-1,SA535X9XB03776,G
.cache/SCRNA10X_SA_CHIP0208_002/filtered_feature_bc_matrix,CTACGGGCACTGTCCT-1,SA535X9XB03776_CTACGGGCACTGTCCT-1,SA535X9XB03776,G
.cache/SCRNA10X_SA_CHIP0208_002/filtered_feature_bc_matrix,CTACTATGTGTTCGAT-1,SA535X9XB03776_CTACTATGTGTTCGAT-1,SA535X9XB03776,G
.cache/SCRNA10X_SA_CHIP0208_002/filtered_feature_bc_matrix,CTAGACACAGTTGTCA-1,SA535X9XB03776_CTAGACACAGTTGTCA-1,SA535X9XB03776,G
.cache/SCRNA10X_SA_CHIP0208_002/filtered_feature_bc_matrix,CTAGGTAAGACAGTCG-1,SA535X9XB03776_CTAGGTAAGACAGTCG-1,SA535X9XB03776,G
.cache/SCRNA10X_SA_CHIP0208_002/filtered_feature_bc_matrix,CTAGGTACACTTCAGA-1,SA535X9XB03776_CTAGGTACACTTCAGA-1,SA535X9XB03776,G
.cache/SCRNA10X_SA_CHIP0208_002/filtered_feature_bc_matrix,CTATCCGAGGTAGCAC-1,SA535X9XB03776_CTATCCGAGGTAGCAC-1,SA535X9XB03776,G
.cache/SCRNA10X_SA_CHIP0208_002/filtered_feature_bc_matrix,CTATCCGGTAATGCTC-1,SA535X9XB03776_CTATCCGGTAATGCTC-1,SA535X9XB03776,G
.cache/SCRNA10X_SA_CHIP0208_002/filtered_feature_bc_matrix,CTCAACCTCCTCATAT-1,SA535X9XB03776_CTCAACCTCCTCATAT-1,SA535X9XB03776,G
.cache/SCRNA10X_SA_CHIP0208_002/filtered_feature_bc_matrix,CTCAATTTCCTTCTGG-1,SA535X9XB03776_CTCAATTTCCTTCTGG-1,SA535X9XB03776,G
.cache/SCRNA10X_SA_CHIP0208_002/filtered_feature_bc_matrix,CTCACTGAGCAACTTC-1,SA535X9XB03776_CTCACTGAGCAACTTC-1,SA535X9XB03776,G
.cache/SCRNA10X_SA_CHIP0208_002/filtered_feature_bc_matrix,CTCAGAAGTCTAGGTT-1,SA535X9XB03776_CTCAGAAGTCTAGGTT-1,SA535X9XB03776,G
.cache/SCRNA10X_SA_CHIP0208_002/filtered_feature_bc_matrix,CTCAGGGAGGATGAGA-1,SA535X9XB03776_CTCAGGGAGGATGAGA-1,SA535X9XB03776,G
.cache/SCRNA10X_SA_CHIP0208_002/filtered_feature_bc_matrix,CTCAGTCCACCAATTG-1,SA535X9XB03776_CTCAGTCCACCAATTG-1,SA535X9XB03776,G
.cache/SCRNA10X_SA_CHIP0208_002/filtered_feature_bc_matrix,CTCAGTCGTCAAGTTC-1,SA535X9XB03776_CTCAGTCGTCAAGTTC-1,SA535X9XB03776,G
.cache/SCRNA10X_SA_CHIP0208_002/filtered_feature_bc_matrix,CTCAGTCGTCCTCAGG-1,SA535X9XB03776_CTCAGTCGTCCTCAGG-1,SA535X9XB03776,G
.cache/SCRNA10X_SA_CHIP0208_002/filtered_feature_bc_matrix,CTCATCGGTCATCCCT-1,SA535X9XB03776_CTCATCGGTCATCCCT-1,SA535X9XB03776,G
.cache/SCRNA10X_SA_CHIP0208_002/filtered_feature_bc_matrix,CTCCAACCAAGGTTGG-1,SA535X9XB03776_CTCCAACCAAGGTTGG-1,SA535X9XB03776,G
.cache/SCRNA10X_SA_CHIP0208_002/filtered_feature_bc_matrix,CTCCTCCGTTAGAAAC-1,SA535X9XB03776_CTCCTCCGTTAGAAAC-1,SA535X9XB03776,G
.cache/SCRNA10X_SA_CHIP0208_002/filtered_feature_bc_matrix,CTCGAGGAGCAGAAAG-1,SA535X9XB03776_CTCGAGGAGCAGAAAG-1,SA535X9XB03776,G
.cache/SCRNA10X_SA_CHIP0208_002/filtered_feature_bc_matrix,CTCTCGATCGAGAGCA-1,SA535X9XB03776_CTCTCGATCGAGAGCA-1,SA535X9XB03776,G
.cache/SCRNA10X_SA_CHIP0208_002/filtered_feature_bc_matrix,CTCTGGTAGGCTCAAG-1,SA535X9XB03776_CTCTGGTAGGCTCAAG-1,SA535X9XB03776,G
.cache/SCRNA10X_SA_CHIP0208_002/filtered_feature_bc_matrix,CTCTGGTGTGGTACAG-1,SA535X9XB03776_CTCTGGTGTGGTACAG-1,SA535X9XB03776,G
.cache/SCRNA10X_SA_CHIP0208_002/filtered_feature_bc_matrix,CTGATCCAGGGTCAAC-1,SA535X9XB03776_CTGATCCAGGGTCAAC-1,SA535X9XB03776,G
.cache/SCRNA10X_SA_CHIP0208_002/filtered_feature_bc_matrix,CTGCCATTCTGGTCAA-1,SA535X9XB03776_CTGCCATTCTGGTCAA-1,SA535X9XB03776,G
.cache/SCRNA10X_SA_CHIP0208_002/filtered_feature_bc_matrix,CTGCGAGCAGTTACCA-1,SA535X9XB03776_CTGCGAGCAGTTACCA-1,SA535X9XB03776,G
.cache/SCRNA10X_SA_CHIP0208_002/filtered_feature_bc_matrix,CTGCTCAGTTCCTACC-1,SA535X9XB03776_CTGCTCAGTTCCTACC-1,SA535X9XB03776,G
.cache/SCRNA10X_SA_CHIP0208_002/filtered_feature_bc_matrix,CTGGCAGCATAGAATG-1,SA535X9XB03776_CTGGCAGCATAGAATG-1,SA535X9XB03776,G
.cache/SCRNA10X_SA_CHIP0208_002/filtered_feature_bc_matrix,CTGTACCGTCCACATA-1,SA535X9XB03776_CTGTACCGTCCACATA-1,SA535X9XB03776,G
.cache/SCRNA10X_SA_CHIP0208_002/filtered_feature_bc_matrix,CTGTAGATCGCAATGT-1,SA535X9XB03776_CTGTAGATCGCAATGT-1,SA535X9XB03776,G
.cache/SCRNA10X_SA_CHIP0208_002/filtered_feature_bc_matrix,CTGTATTCACGACGCT-1,SA535X9XB03776_CTGTATTCACGACGCT-1,SA535X9XB03776,G
.cache/SCRNA10X_SA_CHIP0208_002/filtered_feature_bc_matrix,CTGTATTCATATGCGT-1,SA535X9XB03776_CTGTATTCATATGCGT-1,SA535X9XB03776,G
.cache/SCRNA10X_SA_CHIP0208_002/filtered_feature_bc_matrix,CTGTGGGGTGCGAACA-1,SA535X9XB03776_CTGTGGGGTGCGAACA-1,SA535X9XB03776,G
.cache/SCRNA10X_SA_CHIP0208_002/filtered_feature_bc_matrix,CTGTGGGTCATGGCCG-1,SA535X9XB03776_CTGTGGGTCATGGCCG-1,SA535X9XB03776,G
.cache/SCRNA10X_SA_CHIP0208_002/filtered_feature_bc_matrix,CTTACCGTCGCGCTGA-1,SA535X9XB03776_CTTACCGTCGCGCTGA-1,SA535X9XB03776,G
.cache/SCRNA10X_SA_CHIP0208_002/filtered_feature_bc_matrix,CTTCCGACAGACTCTA-1,SA535X9XB03776_CTTCCGACAGACTCTA-1,SA535X9XB03776,G
.cache/SCRNA10X_SA_CHIP0208_002/filtered_feature_bc_matrix,CTTCCTTAGTAGGTTA-1,SA535X9XB03776_CTTCCTTAGTAGGTTA-1,SA535X9XB03776,G
.cache/SCRNA10X_SA_CHIP0208_002/filtered_feature_bc_matrix,CTTCCTTGTTCTCCAC-1,SA535X9XB03776_CTTCCTTGTTCTCCAC-1,SA535X9XB03776,G
.cache/SCRNA10X_SA_CHIP0208_002/filtered_feature_bc_matrix,CTTCCTTTCTGGTGCG-1,SA535X9XB03776_CTTCCTTTCTGGTGCG-1,SA535X9XB03776,G
.cache/SCRNA10X_SA_CHIP0208_002/filtered_feature_bc_matrix,CTTCTCTTCACCTCAC-1,SA535X9XB03776_CTTCTCTTCACCTCAC-1,SA535X9XB03776,G
.cache/SCRNA10X_SA_CHIP0208_002/filtered_feature_bc_matrix,CTTGATTTCTTTCAGT-1,SA535X9XB03776_CTTGATTTCTTTCAGT-1,SA535X9XB03776,G
.cache/SCRNA10X_SA_CHIP0208_002/filtered_feature_bc_matrix,CTTTCGGGTTATCTGG-1,SA535X9XB03776_CTTTCGGGTTATCTGG-1,SA535X9XB03776,G
.cache/SCRNA10X_SA_CHIP0208_002/filtered_feature_bc_matrix,GAAACCTTCGGCTGAC-1,SA535X9XB03776_GAAACCTTCGGCTGAC-1,SA535X9XB03776,G
.cache/SCRNA10X_SA_CHIP0208_002/filtered_feature_bc_matrix,GAAATGAGTTAGGCCC-1,SA535X9XB03776_GAAATGAGTTAGGCCC-1,SA535X9XB03776,G
.cache/SCRNA10X_SA_CHIP0208_002/filtered_feature_bc_matrix,GAACACTAGCAGCCTC-1,SA535X9XB03776_GAACACTAGCAGCCTC-1,SA535X9XB03776,G
.cache/SCRNA10X_SA_CHIP0208_002/filtered_feature_bc_matrix,GAACACTCATTGAAAG-1,SA535X9XB03776_GAACACTCATTGAAAG-1,SA535X9XB03776,G
.cache/SCRNA10X_SA_CHIP0208_002/filtered_feature_bc_matrix,GAACACTGTAGGACCA-1,SA535X9XB03776_GAACACTGTAGGACCA-1,SA535X9XB03776,G
.cache/SCRNA10X_SA_CHIP0208_002/filtered_feature_bc_matrix,GAAGAATCAAGGATGC-1,SA535X9XB03776_GAAGAATCAAGGATGC-1,SA535X9XB03776,G
.cache/SCRNA10X_SA_CHIP0208_002/filtered_feature_bc_matrix,GAAGCCCTCTAAGGAA-1,SA535X9XB03776_GAAGCCCTCTAAGGAA-1,SA535X9XB03776,G
.cache/SCRNA10X_SA_CHIP0208_002/filtered_feature_bc_matrix,GAATCGTAGTATGAGT-1,SA535X9XB03776_GAATCGTAGTATGAGT-1,SA535X9XB03776,G
.cache/SCRNA10X_SA_CHIP0208_002/filtered_feature_bc_matrix,GAATCGTTCGCGTCGA-1,SA535X9XB03776_GAATCGTTCGCGTCGA-1,SA535X9XB03776,G
.cache/SCRNA10X_SA_CHIP0208_002/filtered_feature_bc_matrix,GACACGCCAGCATGCC-1,SA535X9XB03776_GACACGCCAGCATGCC-1,SA535X9XB03776,G
.cache/SCRNA10X_SA_CHIP0208_002/filtered_feature_bc_matrix,GACCGTGAGACGCCAA-1,SA535X9XB03776_GACCGTGAGACGCCAA-1,SA535X9XB03776,G
.cache/SCRNA10X_SA_CHIP0208_002/filtered_feature_bc_matrix,GACGCTGTCTACCAGA-1,SA535X9XB03776_GACGCTGTCTACCAGA-1,SA535X9XB03776,G
.cache/SCRNA10X_SA_CHIP0208_002/filtered_feature_bc_matrix,GACGTTATCCTTCGAC-1,SA535X9XB03776_GACGTTATCCTTCGAC-1,SA535X9XB03776,G
.cache/SCRNA10X_SA_CHIP0208_002/filtered_feature_bc_matrix,GACTCTCGTAATGCGG-1,SA535X9XB03776_GACTCTCGTAATGCGG-1,SA535X9XB03776,G
.cache/SCRNA10X_SA_CHIP0208_002/filtered_feature_bc_matrix,GACTCTCTCGGAAACG-1,SA535X9XB03776_GACTCTCTCGGAAACG-1,SA535X9XB03776,G
.cache/SCRNA10X_SA_CHIP0208_002/filtered_feature_bc_matrix,GACTTCCTCCTCGATC-1,SA535X9XB03776_GACTTCCTCCTCGATC-1,SA535X9XB03776,G
.cache/SCRNA10X_SA_CHIP0208_002/filtered_feature_bc_matrix,GAGAAATAGCTAGATA-1,SA535X9XB03776_GAGAAATAGCTAGATA-1,SA535X9XB03776,G
.cache/SCRNA10X_SA_CHIP0208_002/filtered_feature_bc_matrix,GAGCCTGAGGATCACG-1,SA535X9XB03776_GAGCCTGAGGATCACG-1,SA535X9XB03776,G
.cache/SCRNA10X_SA_CHIP0208_002/filtered_feature_bc_matrix,GAGCTGCCAAGTGCAG-1,SA535X9XB03776_GAGCTGCCAAGTGCAG-1,SA535X9XB03776,G
.cache/SCRNA10X_SA_CHIP0208_002/filtered_feature_bc_matrix,GAGGCCTCACAGTGTT-1,SA535X9XB03776_GAGGCCTCACAGTGTT-1,SA535X9XB03776,G
.cache/SCRNA10X_SA_CHIP0208_002/filtered_feature_bc_matrix,GAGGGATCAGCTTCGG-1,SA535X9XB03776_GAGGGATCAGCTTCGG-1,SA535X9XB03776,G
.cache/SCRNA10X_SA_CHIP0208_002/filtered_feature_bc_matrix,GAGGGTAAGACAACAT-1,SA535X9XB03776_GAGGGTAAGACAACAT-1,SA535X9XB03776,G
.cache/SCRNA10X_SA_CHIP0208_002/filtered_feature_bc_matrix,GAGTCATAGTACAACA-1,SA535X9XB03776_GAGTCATAGTACAACA-1,SA535X9XB03776,G
.cache/SCRNA10X_SA_CHIP0208_002/filtered_feature_bc_matrix,GATAGAATCGAGAAAT-1,SA535X9XB03776_GATAGAATCGAGAAAT-1,SA535X9XB03776,G
.cache/SCRNA10X_SA_CHIP0208_002/filtered_feature_bc_matrix,GATAGCTAGGTACCTT-1,SA535X9XB03776_GATAGCTAGGTACCTT-1,SA535X9XB03776,G
.cache/SCRNA10X_SA_CHIP0208_002/filtered_feature_bc_matrix,GATCAGTGTTACGCCG-1,SA535X9XB03776_GATCAGTGTTACGCCG-1,SA535X9XB03776,G
.cache/SCRNA10X_SA_CHIP0208_002/filtered_feature_bc_matrix,GATCATGGTCCGACGT-1,SA535X9XB03776_GATCATGGTCCGACGT-1,SA535X9XB03776,G
.cache/SCRNA10X_SA_CHIP0208_002/filtered_feature_bc_matrix,GATCGTAAGGCGCTCT-1,SA535X9XB03776_GATCGTAAGGCGCTCT-1,SA535X9XB03776,G
.cache/SCRNA10X_SA_CHIP0208_002/filtered_feature_bc_matrix,GATGATCAGGTTACCT-1,SA535X9XB03776_GATGATCAGGTTACCT-1,SA535X9XB03776,G
.cache/SCRNA10X_SA_CHIP0208_002/filtered_feature_bc_matrix,GATGATCTCCACGTCT-1,SA535X9XB03776_GATGATCTCCACGTCT-1,SA535X9XB03776,G
.cache/SCRNA10X_SA_CHIP0208_002/filtered_feature_bc_matrix,GATGGAGCATTCACCC-1,SA535X9XB03776_GATGGAGCATTCACCC-1,SA535X9XB03776,G
.cache/SCRNA10X_SA_CHIP0208_002/filtered_feature_bc_matrix,GATTGGTTCCAGCAAT-1,SA535X9XB03776_GATTGGTTCCAGCAAT-1,SA535X9XB03776,G
.cache/SCRNA10X_SA_CHIP0208_002/filtered_feature_bc_matrix,GCACGGTGTCAGCTTA-1,SA535X9XB03776_GCACGGTGTCAGCTTA-1,SA535X9XB03776,G
.cache/SCRNA10X_SA_CHIP0208_002/filtered_feature_bc_matrix,GCACGGTTCGAGATAA-1,SA535X9XB03776_GCACGGTTCGAGATAA-1,SA535X9XB03776,G
.cache/SCRNA10X_SA_CHIP0208_002/filtered_feature_bc_matrix,GCAGCCAAGCGTTCAT-1,SA535X9XB03776_GCAGCCAAGCGTTCAT-1,SA535X9XB03776,G
.cache/SCRNA10X_SA_CHIP0208_002/filtered_feature_bc_matrix,GCAGCCATCACAAGAA-1,SA535X9XB03776_GCAGCCATCACAAGAA-1,SA535X9XB03776,G
.cache/SCRNA10X_SA_CHIP0208_002/filtered_feature_bc_matrix,GCAGGCTTCCCAATAG-1,SA535X9XB03776_GCAGGCTTCCCAATAG-1,SA535X9XB03776,G
.cache/SCRNA10X_SA_CHIP0208_002/filtered_feature_bc_matrix,GCAGGCTTCTTCCAGC-1,SA535X9XB03776_GCAGGCTTCTTCCAGC-1,SA535X9XB03776,G
.cache/SCRNA10X_SA_CHIP0208_002/filtered_feature_bc_matrix,GCAGTTAAGGCTAACG-1,SA535X9XB03776_GCAGTTAAGGCTAACG-1,SA535X9XB03776,G
.cache/SCRNA10X_SA_CHIP0208_002/filtered_feature_bc_matrix,GCATCGGGTAACGTTC-1,SA535X9XB03776_GCATCGGGTAACGTTC-1,SA535X9XB03776,G
.cache/SCRNA10X_SA_CHIP0208_002/filtered_feature_bc_matrix,GCATGATAGGGAGGTG-1,SA535X9XB03776_GCATGATAGGGAGGTG-1,SA535X9XB03776,G
.cache/SCRNA10X_SA_CHIP0208_002/filtered_feature_bc_matrix,GCCCAGAGTCATTCCC-1,SA535X9XB03776_GCCCAGAGTCATTCCC-1,SA535X9XB03776,G
.cache/SCRNA10X_SA_CHIP0208_002/filtered_feature_bc_matrix,GCCCGAAGTCTAATCG-1,SA535X9XB03776_GCCCGAAGTCTAATCG-1,SA535X9XB03776,G
.cache/SCRNA10X_SA_CHIP0208_002/filtered_feature_bc_matrix,GCCGATGCAGTTCACA-1,SA535X9XB03776_GCCGATGCAGTTCACA-1,SA535X9XB03776,G
.cache/SCRNA10X_SA_CHIP0208_002/filtered_feature_bc_matrix,GCCGATGTCTATCGGA-1,SA535X9XB03776_GCCGATGTCTATCGGA-1,SA535X9XB03776,G
.cache/SCRNA10X_SA_CHIP0208_002/filtered_feature_bc_matrix,GCGGAAATCCGACAGC-1,SA535X9XB03776_GCGGAAATCCGACAGC-1,SA535X9XB03776,G
.cache/SCRNA10X_SA_CHIP0208_002/filtered_feature_bc_matrix,GCGTGCAGTCAGACGA-1,SA535X9XB03776_GCGTGCAGTCAGACGA-1,SA535X9XB03776,G
.cache/SCRNA10X_SA_CHIP0208_002/filtered_feature_bc_matrix,GCTTCACAGGCAGGTT-1,SA535X9XB03776_GCTTCACAGGCAGGTT-1,SA535X9XB03776,G
.cache/SCRNA10X_SA_CHIP0208_002/filtered_feature_bc_matrix,GCTTCACTCCACTTCG-1,SA535X9XB03776_GCTTCACTCCACTTCG-1,SA535X9XB03776,G
.cache/SCRNA10X_SA_CHIP0208_002/filtered_feature_bc_matrix,GGAACCCCACTTTAGG-1,SA535X9XB03776_GGAACCCCACTTTAGG-1,SA535X9XB03776,G
.cache/SCRNA10X_SA_CHIP0208_002/filtered_feature_bc_matrix,GGAATCTCACCATTCC-1,SA535X9XB03776_GGAATCTCACCATTCC-1,SA535X9XB03776,G
.cache/SCRNA10X_SA_CHIP0208_002/filtered_feature_bc_matrix,GGAATCTCAGGCTACC-1,SA535X9XB03776_GGAATCTCAGGCTACC-1,SA535X9XB03776,G
.cache/SCRNA10X_SA_CHIP0208_002/filtered_feature_bc_matrix,GGAATGGCACAGTCAT-1,SA535X9XB03776_GGAATGGCACAGTCAT-1,SA535X9XB03776,G
.cache/SCRNA10X_SA_CHIP0208_002/filtered_feature_bc_matrix,GGAATGGCACGGATCC-1,SA535X9XB03776_GGAATGGCACGGATCC-1,SA535X9XB03776,G
.cache/SCRNA10X_SA_CHIP0208_002/filtered_feature_bc_matrix,GGAGAACTCGTAGCCG-1,SA535X9XB03776_GGAGAACTCGTAGCCG-1,SA535X9XB03776,G
.cache/SCRNA10X_SA_CHIP0208_002/filtered_feature_bc_matrix,GGAGCAAAGTCTGGTT-1,SA535X9XB03776_GGAGCAAAGTCTGGTT-1,SA535X9XB03776,G
.cache/SCRNA10X_SA_CHIP0208_002/filtered_feature_bc_matrix,GGAGGTAAGAGGGTCT-1,SA535X9XB03776_GGAGGTAAGAGGGTCT-1,SA535X9XB03776,G
.cache/SCRNA10X_SA_CHIP0208_002/filtered_feature_bc_matrix,GGAGGTAGTGTTCGAT-1,SA535X9XB03776_GGAGGTAGTGTTCGAT-1,SA535X9XB03776,G
.cache/SCRNA10X_SA_CHIP0208_002/filtered_feature_bc_matrix,GGAGGTATCAGTCAGT-1,SA535X9XB03776_GGAGGTATCAGTCAGT-1,SA535X9XB03776,G
.cache/SCRNA10X_SA_CHIP0208_002/filtered_feature_bc_matrix,GGATCTAAGCTGTACT-1,SA535X9XB03776_GGATCTAAGCTGTACT-1,SA535X9XB03776,G
.cache/SCRNA10X_SA_CHIP0208_002/filtered_feature_bc_matrix,GGATCTATCGCAGATT-1,SA535X9XB03776_GGATCTATCGCAGATT-1,SA535X9XB03776,G
.cache/SCRNA10X_SA_CHIP0208_002/filtered_feature_bc_matrix,GGCACGTAGGGACACT-1,SA535X9XB03776_GGCACGTAGGGACACT-1,SA535X9XB03776,G
.cache/SCRNA10X_SA_CHIP0208_002/filtered_feature_bc_matrix,GGCACGTTCGACATCA-1,SA535X9XB03776_GGCACGTTCGACATCA-1,SA535X9XB03776,G
.cache/SCRNA10X_SA_CHIP0208_002/filtered_feature_bc_matrix,GGCGTCAAGCGCCGTT-1,SA535X9XB03776_GGCGTCAAGCGCCGTT-1,SA535X9XB03776,G
.cache/SCRNA10X_SA_CHIP0208_002/filtered_feature_bc_matrix,GGCTGTGTCCTACTGC-1,SA535X9XB03776_GGCTGTGTCCTACTGC-1,SA535X9XB03776,G
.cache/SCRNA10X_SA_CHIP0208_002/filtered_feature_bc_matrix,GGCTTGGCATTGCCGG-1,SA535X9XB03776_GGCTTGGCATTGCCGG-1,SA535X9XB03776,G
.cache/SCRNA10X_SA_CHIP0208_002/filtered_feature_bc_matrix,GGCTTTCTCAGCCTCT-1,SA535X9XB03776_GGCTTTCTCAGCCTCT-1,SA535X9XB03776,G
.cache/SCRNA10X_SA_CHIP0208_002/filtered_feature_bc_matrix,GGGACCTCACGAAGAC-1,SA535X9XB03776_GGGACCTCACGAAGAC-1,SA535X9XB03776,G
.cache/SCRNA10X_SA_CHIP0208_002/filtered_feature_bc_matrix,GGGACTCGTGTAAATG-1,SA535X9XB03776_GGGACTCGTGTAAATG-1,SA535X9XB03776,G
.cache/SCRNA10X_SA_CHIP0208_002/filtered_feature_bc_matrix,GGGAGATAGTCATACC-1,SA535X9XB03776_GGGAGATAGTCATACC-1,SA535X9XB03776,G
.cache/SCRNA10X_SA_CHIP0208_002/filtered_feature_bc_matrix,GGGAGATCAATCTCGA-1,SA535X9XB03776_GGGAGATCAATCTCGA-1,SA535X9XB03776,G
.cache/SCRNA10X_SA_CHIP0208_002/filtered_feature_bc_matrix,GGGAGTAAGACCATAA-1,SA535X9XB03776_GGGAGTAAGACCATAA-1,SA535X9XB03776,G
.cache/SCRNA10X_SA_CHIP0208_002/filtered_feature_bc_matrix,GGGCCATTCGACGACC-1,SA535X9XB03776_GGGCCATTCGACGACC-1,SA535X9XB03776,G
.cache/SCRNA10X_SA_CHIP0208_002/filtered_feature_bc_matrix,GGGCTACAGAGTACCG-1,SA535X9XB03776_GGGCTACAGAGTACCG-1,SA535X9XB03776,G
.cache/SCRNA10X_SA_CHIP0208_002/filtered_feature_bc_matrix,GGGTAGACAAGGTTGG-1,SA535X9XB03776_GGGTAGACAAGGTTGG-1,SA535X9XB03776,G
.cache/SCRNA10X_SA_CHIP0208_002/filtered_feature_bc_matrix,GGTAACTCACAAGTTC-1,SA535X9XB03776_GGTAACTCACAAGTTC-1,SA535X9XB03776,G
.cache/SCRNA10X_SA_CHIP0208_002/filtered_feature_bc_matrix,GGTAGAGCAACGTTAC-1,SA535X9XB03776_GGTAGAGCAACGTTAC-1,SA535X9XB03776,G
.cache/SCRNA10X_SA_CHIP0208_002/filtered_feature_bc_matrix,GGTAGAGCACCAGTAT-1,SA535X9XB03776_GGTAGAGCACCAGTAT-1,SA535X9XB03776,G
.cache/SCRNA10X_SA_CHIP0208_002/filtered_feature_bc_matrix,GGTCACGAGACCAGCA-1,SA535X9XB03776_GGTCACGAGACCAGCA-1,SA535X9XB03776,G
.cache/SCRNA10X_SA_CHIP0208_002/filtered_feature_bc_matrix,GGTCACGGTTCTGAGT-1,SA535X9XB03776_GGTCACGGTTCTGAGT-1,SA535X9XB03776,G
.cache/SCRNA10X_SA_CHIP0208_002/filtered_feature_bc_matrix,GGTCTGGAGCATACTC-1,SA535X9XB03776_GGTCTGGAGCATACTC-1,SA535X9XB03776,G
.cache/SCRNA10X_SA_CHIP0208_002/filtered_feature_bc_matrix,GGTCTGGGTCATCCCT-1,SA535X9XB03776_GGTCTGGGTCATCCCT-1,SA535X9XB03776,G
.cache/SCRNA10X_SA_CHIP0208_002/filtered_feature_bc_matrix,GGTGAAGTCAGACCCG-1,SA535X9XB03776_GGTGAAGTCAGACCCG-1,SA535X9XB03776,G
.cache/SCRNA10X_SA_CHIP0208_002/filtered_feature_bc_matrix,GGTGATTTCCATAAGC-1,SA535X9XB03776_GGTGATTTCCATAAGC-1,SA535X9XB03776,G
.cache/SCRNA10X_SA_CHIP0208_002/filtered_feature_bc_matrix,GGTGGCTAGGAGATAG-1,SA535X9XB03776_GGTGGCTAGGAGATAG-1,SA535X9XB03776,G
.cache/SCRNA10X_SA_CHIP0208_002/filtered_feature_bc_matrix,GGTTCTCGTACTCGTA-1,SA535X9XB03776_GGTTCTCGTACTCGTA-1,SA535X9XB03776,G
.cache/SCRNA10X_SA_CHIP0208_002/filtered_feature_bc_matrix,GGTTCTCTCGACCATA-1,SA535X9XB03776_GGTTCTCTCGACCATA-1,SA535X9XB03776,G
.cache/SCRNA10X_SA_CHIP0208_002/filtered_feature_bc_matrix,GGTTGTAAGTGACACG-1,SA535X9XB03776_GGTTGTAAGTGACACG-1,SA535X9XB03776,G
.cache/SCRNA10X_SA_CHIP0208_002/filtered_feature_bc_matrix,GGTTGTACATACTTTC-1,SA535X9XB03776_GGTTGTACATACTTTC-1,SA535X9XB03776,G
.cache/SCRNA10X_SA_CHIP0208_002/filtered_feature_bc_matrix,GGTTGTATCCTAAACG-1,SA535X9XB03776_GGTTGTATCCTAAACG-1,SA535X9XB03776,G
.cache/SCRNA10X_SA_CHIP0208_002/filtered_feature_bc_matrix,GTAACCACAGTATGAA-1,SA535X9XB03776_GTAACCACAGTATGAA-1,SA535X9XB03776,G
.cache/SCRNA10X_SA_CHIP0208_002/filtered_feature_bc_matrix,GTAAGTCCAGAGATGC-1,SA535X9XB03776_GTAAGTCCAGAGATGC-1,SA535X9XB03776,G
.cache/SCRNA10X_SA_CHIP0208_002/filtered_feature_bc_matrix,GTAATGCCACCTGTCT-1,SA535X9XB03776_GTAATGCCACCTGTCT-1,SA535X9XB03776,G
.cache/SCRNA10X_SA_CHIP0208_002/filtered_feature_bc_matrix,GTAGAAAAGGAATGTT-1,SA535X9XB03776_GTAGAAAAGGAATGTT-1,SA535X9XB03776,G
.cache/SCRNA10X_SA_CHIP0208_002/filtered_feature_bc_matrix,GTAGATCAGATCCCAT-1,SA535X9XB03776_GTAGATCAGATCCCAT-1,SA535X9XB03776,G
.cache/SCRNA10X_SA_CHIP0208_002/filtered_feature_bc_matrix,GTAGCTAAGGATGGCT-1,SA535X9XB03776_GTAGCTAAGGATGGCT-1,SA535X9XB03776,G
.cache/SCRNA10X_SA_CHIP0208_002/filtered_feature_bc_matrix,GTAGCTACACAGAGAC-1,SA535X9XB03776_GTAGCTACACAGAGAC-1,SA535X9XB03776,G
.cache/SCRNA10X_SA_CHIP0208_002/filtered_feature_bc_matrix,GTAGCTACACTTGAGT-1,SA535X9XB03776_GTAGCTACACTTGAGT-1,SA535X9XB03776,G
.cache/SCRNA10X_SA_CHIP0208_002/filtered_feature_bc_matrix,GTAGGTTGTCCCTAAA-1,SA535X9XB03776_GTAGGTTGTCCCTAAA-1,SA535X9XB03776,G
.cache/SCRNA10X_SA_CHIP0208_002/filtered_feature_bc_matrix,GTATTGGAGGCGCTCT-1,SA535X9XB03776_GTATTGGAGGCGCTCT-1,SA535X9XB03776,G
.cache/SCRNA10X_SA_CHIP0208_002/filtered_feature_bc_matrix,GTATTGGTCTTGCAAG-1,SA535X9XB03776_GTATTGGTCTTGCAAG-1,SA535X9XB03776,G
.cache/SCRNA10X_SA_CHIP0208_002/filtered_feature_bc_matrix,GTCACGGTCGATTTCT-1,SA535X9XB03776_GTCACGGTCGATTTCT-1,SA535X9XB03776,G
.cache/SCRNA10X_SA_CHIP0208_002/filtered_feature_bc_matrix,GTCCACTAGACGGAAA-1,SA535X9XB03776_GTCCACTAGACGGAAA-1,SA535X9XB03776,G
.cache/SCRNA10X_SA_CHIP0208_002/filtered_feature_bc_matrix,GTCGAATCACTGTCCT-1,SA535X9XB03776_GTCGAATCACTGTCCT-1,SA535X9XB03776,G
.cache/SCRNA10X_SA_CHIP0208_002/filtered_feature_bc_matrix,GTCGCGATCCTTTGAT-1,SA535X9XB03776_GTCGCGATCCTTTGAT-1,SA535X9XB03776,G
.cache/SCRNA10X_SA_CHIP0208_002/filtered_feature_bc_matrix,GTCGTAAAGTGTGTTC-1,SA535X9XB03776_GTCGTAAAGTGTGTTC-1,SA535X9XB03776,G
.cache/SCRNA10X_SA_CHIP0208_002/filtered_feature_bc_matrix,GTCGTTCCACCGTGAC-1,SA535X9XB03776_GTCGTTCCACCGTGAC-1,SA535X9XB03776,G
.cache/SCRNA10X_SA_CHIP0208_002/filtered_feature_bc_matrix,GTCGTTCCACGTAACT-1,SA535X9XB03776_GTCGTTCCACGTAACT-1,SA535X9XB03776,G
.cache/SCRNA10X_SA_CHIP0208_002/filtered_feature_bc_matrix,GTCGTTCTCCATCTCG-1,SA535X9XB03776_GTCGTTCTCCATCTCG-1,SA535X9XB03776,G
.cache/SCRNA10X_SA_CHIP0208_002/filtered_feature_bc_matrix,GTGAGTTTCCGTAATG-1,SA535X9XB03776_GTGAGTTTCCGTAATG-1,SA535X9XB03776,G
.cache/SCRNA10X_SA_CHIP0208_002/filtered_feature_bc_matrix,GTGAGTTTCGGCCCAA-1,SA535X9XB03776_GTGAGTTTCGGCCCAA-1,SA535X9XB03776,G
.cache/SCRNA10X_SA_CHIP0208_002/filtered_feature_bc_matrix,GTGATGTGTTGCATGT-1,SA535X9XB03776_GTGATGTGTTGCATGT-1,SA535X9XB03776,G
.cache/SCRNA10X_SA_CHIP0208_002/filtered_feature_bc_matrix,GTGATGTTCCCGAACG-1,SA535X9XB03776_GTGATGTTCCCGAACG-1,SA535X9XB03776,G
.cache/SCRNA10X_SA_CHIP0208_002/filtered_feature_bc_matrix,GTGCTGGTCATCGCCT-1,SA535X9XB03776_GTGCTGGTCATCGCCT-1,SA535X9XB03776,G
.cache/SCRNA10X_SA_CHIP0208_002/filtered_feature_bc_matrix,GTGCTTCTCTGGGCCA-1,SA535X9XB03776_GTGCTTCTCTGGGCCA-1,SA535X9XB03776,G
.cache/SCRNA10X_SA_CHIP0208_002/filtered_feature_bc_matrix,GTGGCGTAGTACCCTA-1,SA535X9XB03776_GTGGCGTAGTACCCTA-1,SA535X9XB03776,G
.cache/SCRNA10X_SA_CHIP0208_002/filtered_feature_bc_matrix,GTGTTCCGTGGTACAG-1,SA535X9XB03776_GTGTTCCGTGGTACAG-1,SA535X9XB03776,G
.cache/SCRNA10X_SA_CHIP0208_002/filtered_feature_bc_matrix,GTTACGAGTCGCATGC-1,SA535X9XB03776_GTTACGAGTCGCATGC-1,SA535X9XB03776,G
.cache/SCRNA10X_SA_CHIP0208_002/filtered_feature_bc_matrix,GTTAGACGTTGTCCCT-1,SA535X9XB03776_GTTAGACGTTGTCCCT-1,SA535X9XB03776,G
.cache/SCRNA10X_SA_CHIP0208_002/filtered_feature_bc_matrix,GTTAGACTCCCATACC-1,SA535X9XB03776_GTTAGACTCCCATACC-1,SA535X9XB03776,G
.cache/SCRNA10X_SA_CHIP0208_002/filtered_feature_bc_matrix,GTTCATTGTTCTCAGA-1,SA535X9XB03776_GTTCATTGTTCTCAGA-1,SA535X9XB03776,G
.cache/SCRNA10X_SA_CHIP0208_002/filtered_feature_bc_matrix,GTTCGCTAGCTGCCTG-1,SA535X9XB03776_GTTCGCTAGCTGCCTG-1,SA535X9XB03776,G
.cache/SCRNA10X_SA_CHIP0208_002/filtered_feature_bc_matrix,GTTCTATGTCCACTCT-1,SA535X9XB03776_GTTCTATGTCCACTCT-1,SA535X9XB03776,G
.cache/SCRNA10X_SA_CHIP0208_002/filtered_feature_bc_matrix,GTTGTGAGTCGGATTT-1,SA535X9XB03776_GTTGTGAGTCGGATTT-1,SA535X9XB03776,G
.cache/SCRNA10X_SA_CHIP0208_002/filtered_feature_bc_matrix,GTTTACTAGAAAGCGA-1,SA535X9XB03776_GTTTACTAGAAAGCGA-1,SA535X9XB03776,G
.cache/SCRNA10X_SA_CHIP0208_002/filtered_feature_bc_matrix,GTTTACTAGCGATTCT-1,SA535X9XB03776_GTTTACTAGCGATTCT-1,SA535X9XB03776,G
.cache/SCRNA10X_SA_CHIP0208_002/filtered_feature_bc_matrix,TAAGCACAGTAAGAGG-1,SA535X9XB03776_TAAGCACAGTAAGAGG-1,SA535X9XB03776,G
.cache/SCRNA10X_SA_CHIP0208_002/filtered_feature_bc_matrix,TAAGCGTTCAAACTGC-1,SA535X9XB03776_TAAGCGTTCAAACTGC-1,SA535X9XB03776,G
.cache/SCRNA10X_SA_CHIP0208_002/filtered_feature_bc_matrix,TAATCTCGTTGAAGTA-1,SA535X9XB03776_TAATCTCGTTGAAGTA-1,SA535X9XB03776,G
.cache/SCRNA10X_SA_CHIP0208_002/filtered_feature_bc_matrix,TAATCTCTCAATGTCG-1,SA535X9XB03776_TAATCTCTCAATGTCG-1,SA535X9XB03776,G
.cache/SCRNA10X_SA_CHIP0208_002/filtered_feature_bc_matrix,TAATTCCGTAAGCGGT-1,SA535X9XB03776_TAATTCCGTAAGCGGT-1,SA535X9XB03776,G
.cache/SCRNA10X_SA_CHIP0208_002/filtered_feature_bc_matrix,TACAACGGTCCACATA-1,SA535X9XB03776_TACAACGGTCCACATA-1,SA535X9XB03776,G
.cache/SCRNA10X_SA_CHIP0208_002/filtered_feature_bc_matrix,TACAGGTTCATTGAGC-1,SA535X9XB03776_TACAGGTTCATTGAGC-1,SA535X9XB03776,G
.cache/SCRNA10X_SA_CHIP0208_002/filtered_feature_bc_matrix,TACCCGTCAGTGTGGA-1,SA535X9XB03776_TACCCGTCAGTGTGGA-1,SA535X9XB03776,G
.cache/SCRNA10X_SA_CHIP0208_002/filtered_feature_bc_matrix,TACGGGCGTATGTGTC-1,SA535X9XB03776_TACGGGCGTATGTGTC-1,SA535X9XB03776,G
.cache/SCRNA10X_SA_CHIP0208_002/filtered_feature_bc_matrix,TACGGGCTCTAGAACC-1,SA535X9XB03776_TACGGGCTCTAGAACC-1,SA535X9XB03776,G
.cache/SCRNA10X_SA_CHIP0208_002/filtered_feature_bc_matrix,TACGGTAGTAAGCAAT-1,SA535X9XB03776_TACGGTAGTAAGCAAT-1,SA535X9XB03776,G
.cache/SCRNA10X_SA_CHIP0208_002/filtered_feature_bc_matrix,TACGGTAGTCAAAGTA-1,SA535X9XB03776_TACGGTAGTCAAAGTA-1,SA535X9XB03776,G
.cache/SCRNA10X_SA_CHIP0208_002/filtered_feature_bc_matrix,TACTTACGTTAAGGAT-1,SA535X9XB03776_TACTTACGTTAAGGAT-1,SA535X9XB03776,G
.cache/SCRNA10X_SA_CHIP0208_002/filtered_feature_bc_matrix,TACTTCAAGCATTGAA-1,SA535X9XB03776_TACTTCAAGCATTGAA-1,SA535X9XB03776,G
.cache/SCRNA10X_SA_CHIP0208_002/filtered_feature_bc_matrix,TACTTCACATCACAGT-1,SA535X9XB03776_TACTTCACATCACAGT-1,SA535X9XB03776,G
.cache/SCRNA10X_SA_CHIP0208_002/filtered_feature_bc_matrix,TAGACCATCATGACAC-1,SA535X9XB03776_TAGACCATCATGACAC-1,SA535X9XB03776,G
.cache/SCRNA10X_SA_CHIP0208_002/filtered_feature_bc_matrix,TAGACTGTCGCGTAGC-1,SA535X9XB03776_TAGACTGTCGCGTAGC-1,SA535X9XB03776,G
.cache/SCRNA10X_SA_CHIP0208_002/filtered_feature_bc_matrix,TAGATCGAGCCTCTCT-1,SA535X9XB03776_TAGATCGAGCCTCTCT-1,SA535X9XB03776,G
.cache/SCRNA10X_SA_CHIP0208_002/filtered_feature_bc_matrix,TAGATCGGTACTTGTG-1,SA535X9XB03776_TAGATCGGTACTTGTG-1,SA535X9XB03776,G
.cache/SCRNA10X_SA_CHIP0208_002/filtered_feature_bc_matrix,TAGCACATCTTAGGAC-1,SA535X9XB03776_TAGCACATCTTAGGAC-1,SA535X9XB03776,G
.cache/SCRNA10X_SA_CHIP0208_002/filtered_feature_bc_matrix,TAGGAGGAGTCTGGTT-1,SA535X9XB03776_TAGGAGGAGTCTGGTT-1,SA535X9XB03776,G
.cache/SCRNA10X_SA_CHIP0208_002/filtered_feature_bc_matrix,TAGGTACAGTGCACCC-1,SA535X9XB03776_TAGGTACAGTGCACCC-1,SA535X9XB03776,G
.cache/SCRNA10X_SA_CHIP0208_002/filtered_feature_bc_matrix,TAGGTTGAGTCTAGCT-1,SA535X9XB03776_TAGGTTGAGTCTAGCT-1,SA535X9XB03776,G
.cache/SCRNA10X_SA_CHIP0208_002/filtered_feature_bc_matrix,TATACCTAGAACAGGA-1,SA535X9XB03776_TATACCTAGAACAGGA-1,SA535X9XB03776,G
.cache/SCRNA10X_SA_CHIP0208_002/filtered_feature_bc_matrix,TATCAGGTCGAGCCAC-1,SA535X9XB03776_TATCAGGTCGAGCCAC-1,SA535X9XB03776,G
.cache/SCRNA10X_SA_CHIP0208_002/filtered_feature_bc_matrix,TATCCTACACCGGTCA-1,SA535X9XB03776_TATCCTACACCGGTCA-1,SA535X9XB03776,G
.cache/SCRNA10X_SA_CHIP0208_002/filtered_feature_bc_matrix,TATCCTAGTACGACAG-1,SA535X9XB03776_TATCCTAGTACGACAG-1,SA535X9XB03776,G
.cache/SCRNA10X_SA_CHIP0208_002/filtered_feature_bc_matrix,TATCGCCCAATTCTTC-1,SA535X9XB03776_TATCGCCCAATTCTTC-1,SA535X9XB03776,G
.cache/SCRNA10X_SA_CHIP0208_002/filtered_feature_bc_matrix,TATCTGTTCGAGTGAG-1,SA535X9XB03776_TATCTGTTCGAGTGAG-1,SA535X9XB03776,G
.cache/SCRNA10X_SA_CHIP0208_002/filtered_feature_bc_matrix,TATCTTGGTTAGGCCC-1,SA535X9XB03776_TATCTTGGTTAGGCCC-1,SA535X9XB03776,G
.cache/SCRNA10X_SA_CHIP0208_002/filtered_feature_bc_matrix,TATCTTGTCGCAGATT-1,SA535X9XB03776_TATCTTGTCGCAGATT-1,SA535X9XB03776,G
.cache/SCRNA10X_SA_CHIP0208_002/filtered_feature_bc_matrix,TATGTTCGTGGCTAGA-1,SA535X9XB03776_TATGTTCGTGGCTAGA-1,SA535X9XB03776,G
.cache/SCRNA10X_SA_CHIP0208_002/filtered_feature_bc_matrix,TATTCCACAAGACCGA-1,SA535X9XB03776_TATTCCACAAGACCGA-1,SA535X9XB03776,G
.cache/SCRNA10X_SA_CHIP0208_002/filtered_feature_bc_matrix,TATTGGGGTCCAAAGG-1,SA535X9XB03776_TATTGGGGTCCAAAGG-1,SA535X9XB03776,G
.cache/SCRNA10X_SA_CHIP0208_002/filtered_feature_bc_matrix,TATTGGGTCGAGAAAT-1,SA535X9XB03776_TATTGGGTCGAGAAAT-1,SA535X9XB03776,G
.cache/SCRNA10X_SA_CHIP0208_002/filtered_feature_bc_matrix,TCAAGCACACAATGTC-1,SA535X9XB03776_TCAAGCACACAATGTC-1,SA535X9XB03776,G
.cache/SCRNA10X_SA_CHIP0208_002/filtered_feature_bc_matrix,TCAAGCACAGCAATTC-1,SA535X9XB03776_TCAAGCACAGCAATTC-1,SA535X9XB03776,G
.cache/SCRNA10X_SA_CHIP0208_002/filtered_feature_bc_matrix,TCAATTCTCTCTGGTC-1,SA535X9XB03776_TCAATTCTCTCTGGTC-1,SA535X9XB03776,G
.cache/SCRNA10X_SA_CHIP0208_002/filtered_feature_bc_matrix,TCACATTAGTTTCAGC-1,SA535X9XB03776_TCACATTAGTTTCAGC-1,SA535X9XB03776,G
.cache/SCRNA10X_SA_CHIP0208_002/filtered_feature_bc_matrix,TCACGGGGTACAGAAT-1,SA535X9XB03776_TCACGGGGTACAGAAT-1,SA535X9XB03776,G
.cache/SCRNA10X_SA_CHIP0208_002/filtered_feature_bc_matrix,TCACTATAGGTTCCGC-1,SA535X9XB03776_TCACTATAGGTTCCGC-1,SA535X9XB03776,G
.cache/SCRNA10X_SA_CHIP0208_002/filtered_feature_bc_matrix,TCACTATCAACTTCTT-1,SA535X9XB03776_TCACTATCAACTTCTT-1,SA535X9XB03776,G
.cache/SCRNA10X_SA_CHIP0208_002/filtered_feature_bc_matrix,TCACTATCACTGCGAC-1,SA535X9XB03776_TCACTATCACTGCGAC-1,SA535X9XB03776,G
.cache/SCRNA10X_SA_CHIP0208_002/filtered_feature_bc_matrix,TCACTCGCACTTCCTG-1,SA535X9XB03776_TCACTCGCACTTCCTG-1,SA535X9XB03776,G
.cache/SCRNA10X_SA_CHIP0208_002/filtered_feature_bc_matrix,TCAGCCTCAGACACCC-1,SA535X9XB03776_TCAGCCTCAGACACCC-1,SA535X9XB03776,G
.cache/SCRNA10X_SA_CHIP0208_002/filtered_feature_bc_matrix,TCAGGTACATCTATCT-1,SA535X9XB03776_TCAGGTACATCTATCT-1,SA535X9XB03776,G
.cache/SCRNA10X_SA_CHIP0208_002/filtered_feature_bc_matrix,TCAGTCCAGTCTCGTA-1,SA535X9XB03776_TCAGTCCAGTCTCGTA-1,SA535X9XB03776,G
.cache/SCRNA10X_SA_CHIP0208_002/filtered_feature_bc_matrix,TCAGTCCAGTGAGTGC-1,SA535X9XB03776_TCAGTCCAGTGAGTGC-1,SA535X9XB03776,G
.cache/SCRNA10X_SA_CHIP0208_002/filtered_feature_bc_matrix,TCAGTTTTCTCCTGCA-1,SA535X9XB03776_TCAGTTTTCTCCTGCA-1,SA535X9XB03776,G
.cache/SCRNA10X_SA_CHIP0208_002/filtered_feature_bc_matrix,TCATCCGGTAATGATG-1,SA535X9XB03776_TCATCCGGTAATGATG-1,SA535X9XB03776,G
.cache/SCRNA10X_SA_CHIP0208_002/filtered_feature_bc_matrix,TCATGGACAATCGCGC-1,SA535X9XB03776_TCATGGACAATCGCGC-1,SA535X9XB03776,G
.cache/SCRNA10X_SA_CHIP0208_002/filtered_feature_bc_matrix,TCATGGACAGCGATTT-1,SA535X9XB03776_TCATGGACAGCGATTT-1,SA535X9XB03776,G
.cache/SCRNA10X_SA_CHIP0208_002/filtered_feature_bc_matrix,TCATGGATCAGGCGAA-1,SA535X9XB03776_TCATGGATCAGGCGAA-1,SA535X9XB03776,G
.cache/SCRNA10X_SA_CHIP0208_002/filtered_feature_bc_matrix,TCATTACCACTGGCGT-1,SA535X9XB03776_TCATTACCACTGGCGT-1,SA535X9XB03776,G
.cache/SCRNA10X_SA_CHIP0208_002/filtered_feature_bc_matrix,TCATTCATCTGCCTGT-1,SA535X9XB03776_TCATTCATCTGCCTGT-1,SA535X9XB03776,G
.cache/SCRNA10X_SA_CHIP0208_002/filtered_feature_bc_matrix,TCCACCACACGACAAG-1,SA535X9XB03776_TCCACCACACGACAAG-1,SA535X9XB03776,G
.cache/SCRNA10X_SA_CHIP0208_002/filtered_feature_bc_matrix,TCCACCATCACATACG-1,SA535X9XB03776_TCCACCATCACATACG-1,SA535X9XB03776,G
.cache/SCRNA10X_SA_CHIP0208_002/filtered_feature_bc_matrix,TCCACGTCACGTTGGC-1,SA535X9XB03776_TCCACGTCACGTTGGC-1,SA535X9XB03776,G
.cache/SCRNA10X_SA_CHIP0208_002/filtered_feature_bc_matrix,TCCATCGCACAATGTC-1,SA535X9XB03776_TCCATCGCACAATGTC-1,SA535X9XB03776,G
.cache/SCRNA10X_SA_CHIP0208_002/filtered_feature_bc_matrix,TCCGGGATCGCGTAGC-1,SA535X9XB03776_TCCGGGATCGCGTAGC-1,SA535X9XB03776,G
.cache/SCRNA10X_SA_CHIP0208_002/filtered_feature_bc_matrix,TCCTAATCACCGGCTA-1,SA535X9XB03776_TCCTAATCACCGGCTA-1,SA535X9XB03776,G
.cache/SCRNA10X_SA_CHIP0208_002/filtered_feature_bc_matrix,TCCTCGACACAACGTT-1,SA535X9XB03776_TCCTCGACACAACGTT-1,SA535X9XB03776,G
.cache/SCRNA10X_SA_CHIP0208_002/filtered_feature_bc_matrix,TCCTCGAGTACCGTCG-1,SA535X9XB03776_TCCTCGAGTACCGTCG-1,SA535X9XB03776,G
.cache/SCRNA10X_SA_CHIP0208_002/filtered_feature_bc_matrix,TCCTCTTCAATTCACG-1,SA535X9XB03776_TCCTCTTCAATTCACG-1,SA535X9XB03776,G
.cache/SCRNA10X_SA_CHIP0208_002/filtered_feature_bc_matrix,TCCTTTCTCGTGGACC-1,SA535X9XB03776_TCCTTTCTCGTGGACC-1,SA535X9XB03776,G
.cache/SCRNA10X_SA_CHIP0208_002/filtered_feature_bc_matrix,TCGAACAGTATTCCTT-1,SA535X9XB03776_TCGAACAGTATTCCTT-1,SA535X9XB03776,G
.cache/SCRNA10X_SA_CHIP0208_002/filtered_feature_bc_matrix,TCGAACATCCATTCGC-1,SA535X9XB03776_TCGAACATCCATTCGC-1,SA535X9XB03776,G
.cache/SCRNA10X_SA_CHIP0208_002/filtered_feature_bc_matrix,TCGACCTTCATGCATG-1,SA535X9XB03776_TCGACCTTCATGCATG-1,SA535X9XB03776,G
.cache/SCRNA10X_SA_CHIP0208_002/filtered_feature_bc_matrix,TCGACGGTCATTGTGG-1,SA535X9XB03776_TCGACGGTCATTGTGG-1,SA535X9XB03776,G
.cache/SCRNA10X_SA_CHIP0208_002/filtered_feature_bc_matrix,TCGATTTGTGAACGGT-1,SA535X9XB03776_TCGATTTGTGAACGGT-1,SA535X9XB03776,G
.cache/SCRNA10X_SA_CHIP0208_002/filtered_feature_bc_matrix,TCGCAGGTCGCAATGT-1,SA535X9XB03776_TCGCAGGTCGCAATGT-1,SA535X9XB03776,G
.cache/SCRNA10X_SA_CHIP0208_002/filtered_feature_bc_matrix,TCGGATAGTAGCTTAC-1,SA535X9XB03776_TCGGATAGTAGCTTAC-1,SA535X9XB03776,G
.cache/SCRNA10X_SA_CHIP0208_002/filtered_feature_bc_matrix,TCGGATAGTCACTACA-1,SA535X9XB03776_TCGGATAGTCACTACA-1,SA535X9XB03776,G
.cache/SCRNA10X_SA_CHIP0208_002/filtered_feature_bc_matrix,TCGGGACAGGTAGTCG-1,SA535X9XB03776_TCGGGACAGGTAGTCG-1,SA535X9XB03776,G
.cache/SCRNA10X_SA_CHIP0208_002/filtered_feature_bc_matrix,TCGTAGAGTATGGGAC-1,SA535X9XB03776_TCGTAGAGTATGGGAC-1,SA535X9XB03776,G
.cache/SCRNA10X_SA_CHIP0208_002/filtered_feature_bc_matrix,TCGTCCAAGCTGAAAT-1,SA535X9XB03776_TCGTCCAAGCTGAAAT-1,SA535X9XB03776,G
.cache/SCRNA10X_SA_CHIP0208_002/filtered_feature_bc_matrix,TCTACCGTCCATTGGA-1,SA535X9XB03776_TCTACCGTCCATTGGA-1,SA535X9XB03776,G
.cache/SCRNA10X_SA_CHIP0208_002/filtered_feature_bc_matrix,TCTATACGTCTGCCTT-1,SA535X9XB03776_TCTATACGTCTGCCTT-1,SA535X9XB03776,G
.cache/SCRNA10X_SA_CHIP0208_002/filtered_feature_bc_matrix,TCTCACGGTTCTCCCA-1,SA535X9XB03776_TCTCACGGTTCTCCCA-1,SA535X9XB03776,G
.cache/SCRNA10X_SA_CHIP0208_002/filtered_feature_bc_matrix,TCTCAGCAGCATTGTC-1,SA535X9XB03776_TCTCAGCAGCATTGTC-1,SA535X9XB03776,G
.cache/SCRNA10X_SA_CHIP0208_002/filtered_feature_bc_matrix,TCTCTGGCAGGTTCCG-1,SA535X9XB03776_TCTCTGGCAGGTTCCG-1,SA535X9XB03776,G
.cache/SCRNA10X_SA_CHIP0208_002/filtered_feature_bc_matrix,TCTGCCAGTGCCTAAT-1,SA535X9XB03776_TCTGCCAGTGCCTAAT-1,SA535X9XB03776,G
.cache/SCRNA10X_SA_CHIP0208_002/filtered_feature_bc_matrix,TCTTAGTCAGGCGTTC-1,SA535X9XB03776_TCTTAGTCAGGCGTTC-1,SA535X9XB03776,G
.cache/SCRNA10X_SA_CHIP0208_002/filtered_feature_bc_matrix,TGAATGCTCCGAGTGC-1,SA535X9XB03776_TGAATGCTCCGAGTGC-1,SA535X9XB03776,G
.cache/SCRNA10X_SA_CHIP0208_002/filtered_feature_bc_matrix,TGACAGTAGGTGAGAA-1,SA535X9XB03776_TGACAGTAGGTGAGAA-1,SA535X9XB03776,G
.cache/SCRNA10X_SA_CHIP0208_002/filtered_feature_bc_matrix,TGACGCGCAAATGCTC-1,SA535X9XB03776_TGACGCGCAAATGCTC-1,SA535X9XB03776,G
.cache/SCRNA10X_SA_CHIP0208_002/filtered_feature_bc_matrix,TGACTCCCACCAGACC-1,SA535X9XB03776_TGACTCCCACCAGACC-1,SA535X9XB03776,G
.cache/SCRNA10X_SA_CHIP0208_002/filtered_feature_bc_matrix,TGACTCCTCGCTAAAC-1,SA535X9XB03776_TGACTCCTCGCTAAAC-1,SA535X9XB03776,G
.cache/SCRNA10X_SA_CHIP0208_002/filtered_feature_bc_matrix,TGAGCATGTCTTGCGG-1,SA535X9XB03776_TGAGCATGTCTTGCGG-1,SA535X9XB03776,G
.cache/SCRNA10X_SA_CHIP0208_002/filtered_feature_bc_matrix,TGAGCATGTTGTTGAC-1,SA535X9XB03776_TGAGCATGTTGTTGAC-1,SA535X9XB03776,G
.cache/SCRNA10X_SA_CHIP0208_002/filtered_feature_bc_matrix,TGAGGAGAGGCCACCT-1,SA535X9XB03776_TGAGGAGAGGCCACCT-1,SA535X9XB03776,G
.cache/SCRNA10X_SA_CHIP0208_002/filtered_feature_bc_matrix,TGAGGAGGTCTACGTA-1,SA535X9XB03776_TGAGGAGGTCTACGTA-1,SA535X9XB03776,G
.cache/SCRNA10X_SA_CHIP0208_002/filtered_feature_bc_matrix,TGAGGAGTCGTCAACA-1,SA535X9XB03776_TGAGGAGTCGTCAACA-1,SA535X9XB03776,G
.cache/SCRNA10X_SA_CHIP0208_002/filtered_feature_bc_matrix,TGAGTCAGTACGCGTC-1,SA535X9XB03776_TGAGTCAGTACGCGTC-1,SA535X9XB03776,G
.cache/SCRNA10X_SA_CHIP0208_002/filtered_feature_bc_matrix,TGATCTTAGGCAGGGA-1,SA535X9XB03776_TGATCTTAGGCAGGGA-1,SA535X9XB03776,G
.cache/SCRNA10X_SA_CHIP0208_002/filtered_feature_bc_matrix,TGATCTTAGTTCCGGC-1,SA535X9XB03776_TGATCTTAGTTCCGGC-1,SA535X9XB03776,G
.cache/SCRNA10X_SA_CHIP0208_002/filtered_feature_bc_matrix,TGATCTTTCATTGTGG-1,SA535X9XB03776_TGATCTTTCATTGTGG-1,SA535X9XB03776,G
.cache/SCRNA10X_SA_CHIP0208_002/filtered_feature_bc_matrix,TGATGCATCATACAGC-1,SA535X9XB03776_TGATGCATCATACAGC-1,SA535X9XB03776,G
.cache/SCRNA10X_SA_CHIP0208_002/filtered_feature_bc_matrix,TGCAGATAGCACTAGG-1,SA535X9XB03776_TGCAGATAGCACTAGG-1,SA535X9XB03776,G
.cache/SCRNA10X_SA_CHIP0208_002/filtered_feature_bc_matrix,TGCAGATGTTTCGGCG-1,SA535X9XB03776_TGCAGATGTTTCGGCG-1,SA535X9XB03776,G
.cache/SCRNA10X_SA_CHIP0208_002/filtered_feature_bc_matrix,TGCCGAGAGTTTGAGA-1,SA535X9XB03776_TGCCGAGAGTTTGAGA-1,SA535X9XB03776,G
.cache/SCRNA10X_SA_CHIP0208_002/filtered_feature_bc_matrix,TGCGGCATCCCATAGA-1,SA535X9XB03776_TGCGGCATCCCATAGA-1,SA535X9XB03776,G
.cache/SCRNA10X_SA_CHIP0208_002/filtered_feature_bc_matrix,TGCTGAAAGCACCAGA-1,SA535X9XB03776_TGCTGAAAGCACCAGA-1,SA535X9XB03776,G
.cache/SCRNA10X_SA_CHIP0208_002/filtered_feature_bc_matrix,TGCTTGCTCAGCTTCC-1,SA535X9XB03776_TGCTTGCTCAGCTTCC-1,SA535X9XB03776,G
.cache/SCRNA10X_SA_CHIP0208_002/filtered_feature_bc_matrix,TGGAGAGTCGGTGAAG-1,SA535X9XB03776_TGGAGAGTCGGTGAAG-1,SA535X9XB03776,G
.cache/SCRNA10X_SA_CHIP0208_002/filtered_feature_bc_matrix,TGGATCATCCGCAAAT-1,SA535X9XB03776_TGGATCATCCGCAAAT-1,SA535X9XB03776,G
.cache/SCRNA10X_SA_CHIP0208_002/filtered_feature_bc_matrix,TGGCGTGAGTCATCGT-1,SA535X9XB03776_TGGCGTGAGTCATCGT-1,SA535X9XB03776,G
.cache/SCRNA10X_SA_CHIP0208_002/filtered_feature_bc_matrix,TGTAACGGTTTAGACC-1,SA535X9XB03776_TGTAACGGTTTAGACC-1,SA535X9XB03776,G
.cache/SCRNA10X_SA_CHIP0208_002/filtered_feature_bc_matrix,TGTAGACCAGTCGGTC-1,SA535X9XB03776_TGTAGACCAGTCGGTC-1,SA535X9XB03776,G
.cache/SCRNA10X_SA_CHIP0208_002/filtered_feature_bc_matrix,TGTCCCACACAGCATT-1,SA535X9XB03776_TGTCCCACACAGCATT-1,SA535X9XB03776,G
.cache/SCRNA10X_SA_CHIP0208_002/filtered_feature_bc_matrix,TGTGAGTCATGTGCCG-1,SA535X9XB03776_TGTGAGTCATGTGCCG-1,SA535X9XB03776,G
.cache/SCRNA10X_SA_CHIP0208_002/filtered_feature_bc_matrix,TGTGAGTTCTGAGCAT-1,SA535X9XB03776_TGTGAGTTCTGAGCAT-1,SA535X9XB03776,G
.cache/SCRNA10X_SA_CHIP0208_002/filtered_feature_bc_matrix,TGTGGCGCATCGTGGC-1,SA535X9XB03776_TGTGGCGCATCGTGGC-1,SA535X9XB03776,G
.cache/SCRNA10X_SA_CHIP0208_002/filtered_feature_bc_matrix,TGTTCATTCGATTTCT-1,SA535X9XB03776_TGTTCATTCGATTTCT-1,SA535X9XB03776,G
.cache/SCRNA10X_SA_CHIP0208_002/filtered_feature_bc_matrix,TGTTCCGAGTGATAAC-1,SA535X9XB03776_TGTTCCGAGTGATAAC-1,SA535X9XB03776,G
.cache/SCRNA10X_SA_CHIP0208_002/filtered_feature_bc_matrix,TGTTCCGGTGATTCTG-1,SA535X9XB03776_TGTTCCGGTGATTCTG-1,SA535X9XB03776,G
.cache/SCRNA10X_SA_CHIP0208_002/filtered_feature_bc_matrix,TTACAGGGTGTCTTGA-1,SA535X9XB03776_TTACAGGGTGTCTTGA-1,SA535X9XB03776,G
.cache/SCRNA10X_SA_CHIP0208_002/filtered_feature_bc_matrix,TTACAGGTCCAGTACA-1,SA535X9XB03776_TTACAGGTCCAGTACA-1,SA535X9XB03776,G
.cache/SCRNA10X_SA_CHIP0208_002/filtered_feature_bc_matrix,TTACCGCAGGGAGGCA-1,SA535X9XB03776_TTACCGCAGGGAGGCA-1,SA535X9XB03776,G
.cache/SCRNA10X_SA_CHIP0208_002/filtered_feature_bc_matrix,TTAGGGTCAAGTGGTG-1,SA535X9XB03776_TTAGGGTCAAGTGGTG-1,SA535X9XB03776,G
.cache/SCRNA10X_SA_CHIP0208_002/filtered_feature_bc_matrix,TTAGTCTAGGTAAGTT-1,SA535X9XB03776_TTAGTCTAGGTAAGTT-1,SA535X9XB03776,G
.cache/SCRNA10X_SA_CHIP0208_002/filtered_feature_bc_matrix,TTAGTCTCATGATAGA-1,SA535X9XB03776_TTAGTCTCATGATAGA-1,SA535X9XB03776,G
.cache/SCRNA10X_SA_CHIP0208_002/filtered_feature_bc_matrix,TTAGTCTGTCTACTGA-1,SA535X9XB03776_TTAGTCTGTCTACTGA-1,SA535X9XB03776,G
.cache/SCRNA10X_SA_CHIP0208_002/filtered_feature_bc_matrix,TTAGTCTTCTGACCCT-1,SA535X9XB03776_TTAGTCTTCTGACCCT-1,SA535X9XB03776,G
.cache/SCRNA10X_SA_CHIP0208_002/filtered_feature_bc_matrix,TTATTGCAGATTGCGG-1,SA535X9XB03776_TTATTGCAGATTGCGG-1,SA535X9XB03776,G
.cache/SCRNA10X_SA_CHIP0208_002/filtered_feature_bc_matrix,TTCACCGAGCGGTAAC-1,SA535X9XB03776_TTCACCGAGCGGTAAC-1,SA535X9XB03776,G
.cache/SCRNA10X_SA_CHIP0208_002/filtered_feature_bc_matrix,TTCACCGGTACAAGCG-1,SA535X9XB03776_TTCACCGGTACAAGCG-1,SA535X9XB03776,G
.cache/SCRNA10X_SA_CHIP0208_002/filtered_feature_bc_matrix,TTCACCGGTGGTACAG-1,SA535X9XB03776_TTCACCGGTGGTACAG-1,SA535X9XB03776,G
.cache/SCRNA10X_SA_CHIP0208_002/filtered_feature_bc_matrix,TTCACCGTCCGTAGTA-1,SA535X9XB03776_TTCACCGTCCGTAGTA-1,SA535X9XB03776,G
.cache/SCRNA10X_SA_CHIP0208_002/filtered_feature_bc_matrix,TTCCACGAGCCATTCA-1,SA535X9XB03776_TTCCACGAGCCATTCA-1,SA535X9XB03776,G
.cache/SCRNA10X_SA_CHIP0208_002/filtered_feature_bc_matrix,TTCCACGCAGTTGAAA-1,SA535X9XB03776_TTCCACGCAGTTGAAA-1,SA535X9XB03776,G
.cache/SCRNA10X_SA_CHIP0208_002/filtered_feature_bc_matrix,TTCCACGGTTCTAACG-1,SA535X9XB03776_TTCCACGGTTCTAACG-1,SA535X9XB03776,G
.cache/SCRNA10X_SA_CHIP0208_002/filtered_feature_bc_matrix,TTCCGTGTCTCACGAA-1,SA535X9XB03776_TTCCGTGTCTCACGAA-1,SA535X9XB03776,G
.cache/SCRNA10X_SA_CHIP0208_002/filtered_feature_bc_matrix,TTCGCTGGTGTGAGCA-1,SA535X9XB03776_TTCGCTGGTGTGAGCA-1,SA535X9XB03776,G
.cache/SCRNA10X_SA_CHIP0208_002/filtered_feature_bc_matrix,TTCTAACTCCTCTCTT-1,SA535X9XB03776_TTCTAACTCCTCTCTT-1,SA535X9XB03776,G
.cache/SCRNA10X_SA_CHIP0208_002/filtered_feature_bc_matrix,TTCTAGTAGAGGTCGT-1,SA535X9XB03776_TTCTAGTAGAGGTCGT-1,SA535X9XB03776,G
.cache/SCRNA10X_SA_CHIP0208_002/filtered_feature_bc_matrix,TTCTAGTAGATAACGT-1,SA535X9XB03776_TTCTAGTAGATAACGT-1,SA535X9XB03776,G
.cache/SCRNA10X_SA_CHIP0208_002/filtered_feature_bc_matrix,TTCTGTAAGCCGCTTG-1,SA535X9XB03776_TTCTGTAAGCCGCTTG-1,SA535X9XB03776,G
.cache/SCRNA10X_SA_CHIP0208_002/filtered_feature_bc_matrix,TTCTTCCAGCGTTACT-1,SA535X9XB03776_TTCTTCCAGCGTTACT-1,SA535X9XB03776,G
.cache/SCRNA10X_SA_CHIP0208_002/filtered_feature_bc_matrix,TTCTTCCTCCGCGAGT-1,SA535X9XB03776_TTCTTCCTCCGCGAGT-1,SA535X9XB03776,G
.cache/SCRNA10X_SA_CHIP0208_002/filtered_feature_bc_matrix,TTGAACGCATAAGCAA-1,SA535X9XB03776_TTGAACGCATAAGCAA-1,SA535X9XB03776,G
.cache/SCRNA10X_SA_CHIP0208_002/filtered_feature_bc_matrix,TTGAACGCATCGTCCT-1,SA535X9XB03776_TTGAACGCATCGTCCT-1,SA535X9XB03776,G
.cache/SCRNA10X_SA_CHIP0208_002/filtered_feature_bc_matrix,TTGACCCAGACCAAAT-1,SA535X9XB03776_TTGACCCAGACCAAAT-1,SA535X9XB03776,G
.cache/SCRNA10X_SA_CHIP0208_002/filtered_feature_bc_matrix,TTGACCCAGCCAAGCA-1,SA535X9XB03776_TTGACCCAGCCAAGCA-1,SA535X9XB03776,G
.cache/SCRNA10X_SA_CHIP0208_002/filtered_feature_bc_matrix,TTGAGTGGTTAGGGTG-1,SA535X9XB03776_TTGAGTGGTTAGGGTG-1,SA535X9XB03776,G
.cache/SCRNA10X_SA_CHIP0208_002/filtered_feature_bc_matrix,TTGATGGGTAGGGTAC-1,SA535X9XB03776_TTGATGGGTAGGGTAC-1,SA535X9XB03776,G
.cache/SCRNA10X_SA_CHIP0208_002/filtered_feature_bc_matrix,TTGATGGTCGTTCAGA-1,SA535X9XB03776_TTGATGGTCGTTCAGA-1,SA535X9XB03776,G
.cache/SCRNA10X_SA_CHIP0208_002/filtered_feature_bc_matrix,TTGCCTGAGATGGGCT-1,SA535X9XB03776_TTGCCTGAGATGGGCT-1,SA535X9XB03776,G
.cache/SCRNA10X_SA_CHIP0208_002/filtered_feature_bc_matrix,TTGCCTGGTTGTTGAC-1,SA535X9XB03776_TTGCCTGGTTGTTGAC-1,SA535X9XB03776,G
.cache/SCRNA10X_SA_CHIP0208_002/filtered_feature_bc_matrix,TTGGATGAGGAAGTGA-1,SA535X9XB03776_TTGGATGAGGAAGTGA-1,SA535X9XB03776,G
.cache/SCRNA10X_SA_CHIP0208_002/filtered_feature_bc_matrix,TTGGGTAAGATCGCTT-1,SA535X9XB03776_TTGGGTAAGATCGCTT-1,SA535X9XB03776,G
.cache/SCRNA10X_SA_CHIP0208_002/filtered_feature_bc_matrix,TTGGTTTAGCGTACAG-1,SA535X9XB03776_TTGGTTTAGCGTACAG-1,SA535X9XB03776,G
.cache/SCRNA10X_SA_CHIP0208_002/filtered_feature_bc_matrix,TTGTGGACAGAGACTG-1,SA535X9XB03776_TTGTGGACAGAGACTG-1,SA535X9XB03776,G
.cache/SCRNA10X_SA_CHIP0208_002/filtered_feature_bc_matrix,TTGTTTGGTGGCAACA-1,SA535X9XB03776_TTGTTTGGTGGCAACA-1,SA535X9XB03776,G
.cache/SCRNA10X_SA_CHIP0208_002/filtered_feature_bc_matrix,TTTACCAGTCATCCCT-1,SA535X9XB03776_TTTACCAGTCATCCCT-1,SA535X9XB03776,G
.cache/SCRNA10X_SA_CHIP0208_002/filtered_feature_bc_matrix,TTTACGTAGATGTTGA-1,SA535X9XB03776_TTTACGTAGATGTTGA-1,SA535X9XB03776,G
.cache/SCRNA10X_SA_CHIP0208_002/filtered_feature_bc_matrix,TTTACGTCAGTGGGTA-1,SA535X9XB03776_TTTACGTCAGTGGGTA-1,SA535X9XB03776,G
.cache/SCRNA10X_SA_CHIP0208_002/filtered_feature_bc_matrix,TTTACGTTCATCAGTG-1,SA535X9XB03776_TTTACGTTCATCAGTG-1,SA535X9XB03776,G
.cache/SCRNA10X_SA_CHIP0208_002/filtered_feature_bc_matrix,TTTATGCAGCAGGGAG-1,SA535X9XB03776_TTTATGCAGCAGGGAG-1,SA535X9XB03776,G
.cache/SCRNA10X_SA_CHIP0208_002/filtered_feature_bc_matrix,TTTCAGTGTGTAGTGG-1,SA535X9XB03776_TTTCAGTGTGTAGTGG-1,SA535X9XB03776,G
.cache/SCRNA10X_SA_CHIP0208_002/filtered_feature_bc_matrix,TTTCGATAGGTTTACC-1,SA535X9XB03776_TTTCGATAGGTTTACC-1,SA535X9XB03776,G
.cache/SCRNA10X_SA_CHIP0208_002/filtered_feature_bc_matrix,TTTGACTGTATGATCC-1,SA535X9XB03776_TTTGACTGTATGATCC-1,SA535X9XB03776,G
.cache/SCRNA10X_SA_CHIP0208_002/filtered_feature_bc_matrix,TTTGGAGAGCTTTGTG-1,SA535X9XB03776_TTTGGAGAGCTTTGTG-1,SA535X9XB03776,G
.cache/SCRNA10X_SA_CHIP0208_002/filtered_feature_bc_matrix,TTTGGAGGTCAACGCC-1,SA535X9XB03776_TTTGGAGGTCAACGCC-1,SA535X9XB03776,G
.cache/SCRNA10X_SA_CHIP0208_002/filtered_feature_bc_matrix,TTTGGAGTCCAAATGC-1,SA535X9XB03776_TTTGGAGTCCAAATGC-1,SA535X9XB03776,G
