Sample,Barcode,cell_id,id,clone
.cache/SCRNA10X_SA_CHIP0184_002/filtered_feature_bc_matrix,AAACGCTAGCTAATCC-1,SA535X8XB03434_AAACGCTAGCTAATCC-1,SA535X8XB03434,D
.cache/SCRNA10X_SA_CHIP0184_002/filtered_feature_bc_matrix,AAAGAACAGGCCACCT-1,SA535X8XB03434_AAAGAACAGGCCACCT-1,SA535X8XB03434,D
.cache/SCRNA10X_SA_CHIP0184_002/filtered_feature_bc_matrix,AAAGGGCGTATCACCA-1,SA535X8XB03434_AAAGGGCGTATCACCA-1,SA535X8XB03434,D
.cache/SCRNA10X_SA_CHIP0184_002/filtered_feature_bc_matrix,AAAGGTATCCGCAAAT-1,SA535X8XB03434_AAAGGTATCCGCAAAT-1,SA535X8XB03434,D
.cache/SCRNA10X_SA_CHIP0184_002/filtered_feature_bc_matrix,AAAGTCCCATCACGGC-1,SA535X8XB03434_AAAGTCCCATCACGGC-1,SA535X8XB03434,D
.cache/SCRNA10X_SA_CHIP0184_002/filtered_feature_bc_matrix,AAAGTCCGTCTCTCAC-1,SA535X8XB03434_AAAGTCCGTCTCTCAC-1,SA535X8XB03434,H
.cache/SCRNA10X_SA_CHIP0184_002/filtered_feature_bc_matrix,AACACACAGCATCAAA-1,SA535X8XB03434_AACACACAGCATCAAA-1,SA535X8XB03434,H
.cache/SCRNA10X_SA_CHIP0184_002/filtered_feature_bc_matrix,AACCAACCATCAACCA-1,SA535X8XB03434_AACCAACCATCAACCA-1,SA535X8XB03434,D
.cache/SCRNA10X_SA_CHIP0184_002/filtered_feature_bc_matrix,AACCATGCACTAACCA-1,SA535X8XB03434_AACCATGCACTAACCA-1,SA535X8XB03434,D
.cache/SCRNA10X_SA_CHIP0184_002/filtered_feature_bc_matrix,AACGGGATCGGCCAAC-1,SA535X8XB03434_AACGGGATCGGCCAAC-1,SA535X8XB03434,E_J
.cache/SCRNA10X_SA_CHIP0184_002/filtered_feature_bc_matrix,AAGACTCAGCTGAGCA-1,SA535X8XB03434_AAGACTCAGCTGAGCA-1,SA535X8XB03434,D
.cache/SCRNA10X_SA_CHIP0184_002/filtered_feature_bc_matrix,AAGCGTTAGTCAATCC-1,SA535X8XB03434_AAGCGTTAGTCAATCC-1,SA535X8XB03434,G
.cache/SCRNA10X_SA_CHIP0184_002/filtered_feature_bc_matrix,AAGCGTTGTTGGATCT-1,SA535X8XB03434_AAGCGTTGTTGGATCT-1,SA535X8XB03434,F
.cache/SCRNA10X_SA_CHIP0184_002/filtered_feature_bc_matrix,AAGCGTTTCACTGCTC-1,SA535X8XB03434_AAGCGTTTCACTGCTC-1,SA535X8XB03434,E_J
.cache/SCRNA10X_SA_CHIP0184_002/filtered_feature_bc_matrix,AAGGAATGTGCACGCT-1,SA535X8XB03434_AAGGAATGTGCACGCT-1,SA535X8XB03434,E_J
.cache/SCRNA10X_SA_CHIP0184_002/filtered_feature_bc_matrix,AATCACGTCTTCACGC-1,SA535X8XB03434_AATCACGTCTTCACGC-1,SA535X8XB03434,E_J
.cache/SCRNA10X_SA_CHIP0184_002/filtered_feature_bc_matrix,AATGACCCAGAACGCA-1,SA535X8XB03434_AATGACCCAGAACGCA-1,SA535X8XB03434,E_J
.cache/SCRNA10X_SA_CHIP0184_002/filtered_feature_bc_matrix,AATGCCAGTCGGTGTC-1,SA535X8XB03434_AATGCCAGTCGGTGTC-1,SA535X8XB03434,E_J
.cache/SCRNA10X_SA_CHIP0184_002/filtered_feature_bc_matrix,AATGGCTCATGTGGTT-1,SA535X8XB03434_AATGGCTCATGTGGTT-1,SA535X8XB03434,A
.cache/SCRNA10X_SA_CHIP0184_002/filtered_feature_bc_matrix,AATTCCTTCCTTTAGT-1,SA535X8XB03434_AATTCCTTCCTTTAGT-1,SA535X8XB03434,E_J
.cache/SCRNA10X_SA_CHIP0184_002/filtered_feature_bc_matrix,ACAAAGACATTCTCTA-1,SA535X8XB03434_ACAAAGACATTCTCTA-1,SA535X8XB03434,D
.cache/SCRNA10X_SA_CHIP0184_002/filtered_feature_bc_matrix,ACAAAGAGTTATAGAG-1,SA535X8XB03434_ACAAAGAGTTATAGAG-1,SA535X8XB03434,F
.cache/SCRNA10X_SA_CHIP0184_002/filtered_feature_bc_matrix,ACAAGCTGTCATGACT-1,SA535X8XB03434_ACAAGCTGTCATGACT-1,SA535X8XB03434,unassigned
.cache/SCRNA10X_SA_CHIP0184_002/filtered_feature_bc_matrix,ACACGCGCAGGCACAA-1,SA535X8XB03434_ACACGCGCAGGCACAA-1,SA535X8XB03434,G
.cache/SCRNA10X_SA_CHIP0184_002/filtered_feature_bc_matrix,ACATCCCCAAGGCTTT-1,SA535X8XB03434_ACATCCCCAAGGCTTT-1,SA535X8XB03434,unassigned
.cache/SCRNA10X_SA_CHIP0184_002/filtered_feature_bc_matrix,ACATCCCCACGACAGA-1,SA535X8XB03434_ACATCCCCACGACAGA-1,SA535X8XB03434,H
.cache/SCRNA10X_SA_CHIP0184_002/filtered_feature_bc_matrix,ACATTTCTCGGCTGAC-1,SA535X8XB03434_ACATTTCTCGGCTGAC-1,SA535X8XB03434,D
.cache/SCRNA10X_SA_CHIP0184_002/filtered_feature_bc_matrix,ACCTACCGTTGCCATA-1,SA535X8XB03434_ACCTACCGTTGCCATA-1,SA535X8XB03434,E_J
.cache/SCRNA10X_SA_CHIP0184_002/filtered_feature_bc_matrix,ACGGGTCGTCGTCGGT-1,SA535X8XB03434_ACGGGTCGTCGTCGGT-1,SA535X8XB03434,D
.cache/SCRNA10X_SA_CHIP0184_002/filtered_feature_bc_matrix,ACGGTCGCAATGAAAC-1,SA535X8XB03434_ACGGTCGCAATGAAAC-1,SA535X8XB03434,E_J
.cache/SCRNA10X_SA_CHIP0184_002/filtered_feature_bc_matrix,ACGGTCGTCTCTGAGA-1,SA535X8XB03434_ACGGTCGTCTCTGAGA-1,SA535X8XB03434,A
.cache/SCRNA10X_SA_CHIP0184_002/filtered_feature_bc_matrix,ACGTAACAGCTCGGCT-1,SA535X8XB03434_ACGTAACAGCTCGGCT-1,SA535X8XB03434,A
.cache/SCRNA10X_SA_CHIP0184_002/filtered_feature_bc_matrix,ACGTAACTCTTGCGCT-1,SA535X8XB03434_ACGTAACTCTTGCGCT-1,SA535X8XB03434,G
.cache/SCRNA10X_SA_CHIP0184_002/filtered_feature_bc_matrix,ACGTAGTTCGGCATTA-1,SA535X8XB03434_ACGTAGTTCGGCATTA-1,SA535X8XB03434,D
.cache/SCRNA10X_SA_CHIP0184_002/filtered_feature_bc_matrix,ACGTCCTCACTCCTGT-1,SA535X8XB03434_ACGTCCTCACTCCTGT-1,SA535X8XB03434,D
.cache/SCRNA10X_SA_CHIP0184_002/filtered_feature_bc_matrix,ACTACGAGTGTCACAT-1,SA535X8XB03434_ACTACGAGTGTCACAT-1,SA535X8XB03434,E_J
.cache/SCRNA10X_SA_CHIP0184_002/filtered_feature_bc_matrix,ACTACGAGTTCAACGT-1,SA535X8XB03434_ACTACGAGTTCAACGT-1,SA535X8XB03434,E_J
.cache/SCRNA10X_SA_CHIP0184_002/filtered_feature_bc_matrix,ACTATCTGTTGTTTGG-1,SA535X8XB03434_ACTATCTGTTGTTTGG-1,SA535X8XB03434,A
.cache/SCRNA10X_SA_CHIP0184_002/filtered_feature_bc_matrix,ACTATCTTCTCGCGTT-1,SA535X8XB03434_ACTATCTTCTCGCGTT-1,SA535X8XB03434,G
.cache/SCRNA10X_SA_CHIP0184_002/filtered_feature_bc_matrix,ACTATGGCAAGTGTCT-1,SA535X8XB03434_ACTATGGCAAGTGTCT-1,SA535X8XB03434,D
.cache/SCRNA10X_SA_CHIP0184_002/filtered_feature_bc_matrix,ACTATGGTCTACCTTA-1,SA535X8XB03434_ACTATGGTCTACCTTA-1,SA535X8XB03434,D
.cache/SCRNA10X_SA_CHIP0184_002/filtered_feature_bc_matrix,ACTGCAAGTATCGGTT-1,SA535X8XB03434_ACTGCAAGTATCGGTT-1,SA535X8XB03434,G
.cache/SCRNA10X_SA_CHIP0184_002/filtered_feature_bc_matrix,ACTGTCCCAAGTGCAG-1,SA535X8XB03434_ACTGTCCCAAGTGCAG-1,SA535X8XB03434,E_J
.cache/SCRNA10X_SA_CHIP0184_002/filtered_feature_bc_matrix,ACTTATCAGAGTCCGA-1,SA535X8XB03434_ACTTATCAGAGTCCGA-1,SA535X8XB03434,G
.cache/SCRNA10X_SA_CHIP0184_002/filtered_feature_bc_matrix,ACTTCCGGTGCGGATA-1,SA535X8XB03434_ACTTCCGGTGCGGATA-1,SA535X8XB03434,D
.cache/SCRNA10X_SA_CHIP0184_002/filtered_feature_bc_matrix,AGAAATGTCCATTCAT-1,SA535X8XB03434_AGAAATGTCCATTCAT-1,SA535X8XB03434,E_J
.cache/SCRNA10X_SA_CHIP0184_002/filtered_feature_bc_matrix,AGAACAAAGGTGATAT-1,SA535X8XB03434_AGAACAAAGGTGATAT-1,SA535X8XB03434,D
.cache/SCRNA10X_SA_CHIP0184_002/filtered_feature_bc_matrix,AGAACAAAGTTAACGA-1,SA535X8XB03434_AGAACAAAGTTAACGA-1,SA535X8XB03434,F
.cache/SCRNA10X_SA_CHIP0184_002/filtered_feature_bc_matrix,AGAACCTGTGAATGTA-1,SA535X8XB03434_AGAACCTGTGAATGTA-1,SA535X8XB03434,G
.cache/SCRNA10X_SA_CHIP0184_002/filtered_feature_bc_matrix,AGAAGTAAGTCGCCAC-1,SA535X8XB03434_AGAAGTAAGTCGCCAC-1,SA535X8XB03434,D
.cache/SCRNA10X_SA_CHIP0184_002/filtered_feature_bc_matrix,AGAAGTATCAGACCTA-1,SA535X8XB03434_AGAAGTATCAGACCTA-1,SA535X8XB03434,D
.cache/SCRNA10X_SA_CHIP0184_002/filtered_feature_bc_matrix,AGACAAAAGTTTGCTG-1,SA535X8XB03434_AGACAAAAGTTTGCTG-1,SA535X8XB03434,G
.cache/SCRNA10X_SA_CHIP0184_002/filtered_feature_bc_matrix,AGACACTCAGTGGTGA-1,SA535X8XB03434_AGACACTCAGTGGTGA-1,SA535X8XB03434,D
.cache/SCRNA10X_SA_CHIP0184_002/filtered_feature_bc_matrix,AGACTCAAGCTATCTG-1,SA535X8XB03434_AGACTCAAGCTATCTG-1,SA535X8XB03434,E_J
.cache/SCRNA10X_SA_CHIP0184_002/filtered_feature_bc_matrix,AGAGAATTCATGCCGG-1,SA535X8XB03434_AGAGAATTCATGCCGG-1,SA535X8XB03434,D
.cache/SCRNA10X_SA_CHIP0184_002/filtered_feature_bc_matrix,AGAGAGCCATTCCTCG-1,SA535X8XB03434_AGAGAGCCATTCCTCG-1,SA535X8XB03434,G
.cache/SCRNA10X_SA_CHIP0184_002/filtered_feature_bc_matrix,AGAGCAGTCTATGCCC-1,SA535X8XB03434_AGAGCAGTCTATGCCC-1,SA535X8XB03434,D
.cache/SCRNA10X_SA_CHIP0184_002/filtered_feature_bc_matrix,AGATCCAAGTTGGACG-1,SA535X8XB03434_AGATCCAAGTTGGACG-1,SA535X8XB03434,A
.cache/SCRNA10X_SA_CHIP0184_002/filtered_feature_bc_matrix,AGATGAACAGCATACT-1,SA535X8XB03434_AGATGAACAGCATACT-1,SA535X8XB03434,E_J
.cache/SCRNA10X_SA_CHIP0184_002/filtered_feature_bc_matrix,AGCCAATAGCGACAGT-1,SA535X8XB03434_AGCCAATAGCGACAGT-1,SA535X8XB03434,unassigned
.cache/SCRNA10X_SA_CHIP0184_002/filtered_feature_bc_matrix,AGCCAATGTAGCTGAG-1,SA535X8XB03434_AGCCAATGTAGCTGAG-1,SA535X8XB03434,E_J
.cache/SCRNA10X_SA_CHIP0184_002/filtered_feature_bc_matrix,AGCCAGCCAATCCTTT-1,SA535X8XB03434_AGCCAGCCAATCCTTT-1,SA535X8XB03434,G
.cache/SCRNA10X_SA_CHIP0184_002/filtered_feature_bc_matrix,AGCGCCAAGCTACGTT-1,SA535X8XB03434_AGCGCCAAGCTACGTT-1,SA535X8XB03434,E_J
.cache/SCRNA10X_SA_CHIP0184_002/filtered_feature_bc_matrix,AGCGTATAGGCTAAAT-1,SA535X8XB03434_AGCGTATAGGCTAAAT-1,SA535X8XB03434,E_J
.cache/SCRNA10X_SA_CHIP0184_002/filtered_feature_bc_matrix,AGCTCAAAGGGTATAT-1,SA535X8XB03434_AGCTCAAAGGGTATAT-1,SA535X8XB03434,G
.cache/SCRNA10X_SA_CHIP0184_002/filtered_feature_bc_matrix,AGGATAAAGGTTCTAC-1,SA535X8XB03434_AGGATAAAGGTTCTAC-1,SA535X8XB03434,G
.cache/SCRNA10X_SA_CHIP0184_002/filtered_feature_bc_matrix,AGGATAATCTGTGCGG-1,SA535X8XB03434_AGGATAATCTGTGCGG-1,SA535X8XB03434,D
.cache/SCRNA10X_SA_CHIP0184_002/filtered_feature_bc_matrix,AGGCATTTCTACTTCA-1,SA535X8XB03434_AGGCATTTCTACTTCA-1,SA535X8XB03434,E_J
.cache/SCRNA10X_SA_CHIP0184_002/filtered_feature_bc_matrix,AGGGAGTCAACCGTAT-1,SA535X8XB03434_AGGGAGTCAACCGTAT-1,SA535X8XB03434,F
.cache/SCRNA10X_SA_CHIP0184_002/filtered_feature_bc_matrix,AGGGCCTGTATCAAGA-1,SA535X8XB03434_AGGGCCTGTATCAAGA-1,SA535X8XB03434,A
.cache/SCRNA10X_SA_CHIP0184_002/filtered_feature_bc_matrix,AGGGCTCCACGCGTGT-1,SA535X8XB03434_AGGGCTCCACGCGTGT-1,SA535X8XB03434,D
.cache/SCRNA10X_SA_CHIP0184_002/filtered_feature_bc_matrix,AGGGTCCTCGCTATTT-1,SA535X8XB03434_AGGGTCCTCGCTATTT-1,SA535X8XB03434,G
.cache/SCRNA10X_SA_CHIP0184_002/filtered_feature_bc_matrix,AGGGTGAGTGCCCAGT-1,SA535X8XB03434_AGGGTGAGTGCCCAGT-1,SA535X8XB03434,D
.cache/SCRNA10X_SA_CHIP0184_002/filtered_feature_bc_matrix,AGGTGTTCAAAGGCGT-1,SA535X8XB03434_AGGTGTTCAAAGGCGT-1,SA535X8XB03434,E_J
.cache/SCRNA10X_SA_CHIP0184_002/filtered_feature_bc_matrix,AGGTGTTCATCGTGCG-1,SA535X8XB03434_AGGTGTTCATCGTGCG-1,SA535X8XB03434,E_J
.cache/SCRNA10X_SA_CHIP0184_002/filtered_feature_bc_matrix,AGGTTGTGTATGGTAA-1,SA535X8XB03434_AGGTTGTGTATGGTAA-1,SA535X8XB03434,D
.cache/SCRNA10X_SA_CHIP0184_002/filtered_feature_bc_matrix,AGTAACCTCGCAACAT-1,SA535X8XB03434_AGTAACCTCGCAACAT-1,SA535X8XB03434,D
.cache/SCRNA10X_SA_CHIP0184_002/filtered_feature_bc_matrix,AGTAACCTCTACCCAC-1,SA535X8XB03434_AGTAACCTCTACCCAC-1,SA535X8XB03434,H
.cache/SCRNA10X_SA_CHIP0184_002/filtered_feature_bc_matrix,AGTACCACAATTCTTC-1,SA535X8XB03434_AGTACCACAATTCTTC-1,SA535X8XB03434,unassigned
.cache/SCRNA10X_SA_CHIP0184_002/filtered_feature_bc_matrix,AGTACTGAGAGTTGCG-1,SA535X8XB03434_AGTACTGAGAGTTGCG-1,SA535X8XB03434,D
.cache/SCRNA10X_SA_CHIP0184_002/filtered_feature_bc_matrix,AGTACTGGTCGTTGGC-1,SA535X8XB03434_AGTACTGGTCGTTGGC-1,SA535X8XB03434,F
.cache/SCRNA10X_SA_CHIP0184_002/filtered_feature_bc_matrix,AGTAGCTAGAATAACC-1,SA535X8XB03434_AGTAGCTAGAATAACC-1,SA535X8XB03434,D
.cache/SCRNA10X_SA_CHIP0184_002/filtered_feature_bc_matrix,AGTAGCTAGCTTACGT-1,SA535X8XB03434_AGTAGCTAGCTTACGT-1,SA535X8XB03434,E_J
.cache/SCRNA10X_SA_CHIP0184_002/filtered_feature_bc_matrix,AGTAGCTGTCCAACGC-1,SA535X8XB03434_AGTAGCTGTCCAACGC-1,SA535X8XB03434,E_J
.cache/SCRNA10X_SA_CHIP0184_002/filtered_feature_bc_matrix,AGTAGTCGTCTTACTT-1,SA535X8XB03434_AGTAGTCGTCTTACTT-1,SA535X8XB03434,A
.cache/SCRNA10X_SA_CHIP0184_002/filtered_feature_bc_matrix,AGTCATGCACACGCCA-1,SA535X8XB03434_AGTCATGCACACGCCA-1,SA535X8XB03434,E_J
.cache/SCRNA10X_SA_CHIP0184_002/filtered_feature_bc_matrix,AGTGACTAGAGCAAGA-1,SA535X8XB03434_AGTGACTAGAGCAAGA-1,SA535X8XB03434,A
.cache/SCRNA10X_SA_CHIP0184_002/filtered_feature_bc_matrix,AGTGACTAGTGTCATC-1,SA535X8XB03434_AGTGACTAGTGTCATC-1,SA535X8XB03434,A
.cache/SCRNA10X_SA_CHIP0184_002/filtered_feature_bc_matrix,AGTGACTTCGAGCACC-1,SA535X8XB03434_AGTGACTTCGAGCACC-1,SA535X8XB03434,D
.cache/SCRNA10X_SA_CHIP0184_002/filtered_feature_bc_matrix,AGTTAGCAGTCGTTAC-1,SA535X8XB03434_AGTTAGCAGTCGTTAC-1,SA535X8XB03434,D
.cache/SCRNA10X_SA_CHIP0184_002/filtered_feature_bc_matrix,AGTTCGATCCCAAGTA-1,SA535X8XB03434_AGTTCGATCCCAAGTA-1,SA535X8XB03434,D
.cache/SCRNA10X_SA_CHIP0184_002/filtered_feature_bc_matrix,ATACCTTCACATAACC-1,SA535X8XB03434_ATACCTTCACATAACC-1,SA535X8XB03434,D
.cache/SCRNA10X_SA_CHIP0184_002/filtered_feature_bc_matrix,ATACCTTCATGTCAGT-1,SA535X8XB03434_ATACCTTCATGTCAGT-1,SA535X8XB03434,E_J
.cache/SCRNA10X_SA_CHIP0184_002/filtered_feature_bc_matrix,ATACCTTGTTGTGCAT-1,SA535X8XB03434_ATACCTTGTTGTGCAT-1,SA535X8XB03434,D
.cache/SCRNA10X_SA_CHIP0184_002/filtered_feature_bc_matrix,ATACTTCCAAGAAACT-1,SA535X8XB03434_ATACTTCCAAGAAACT-1,SA535X8XB03434,E_J
.cache/SCRNA10X_SA_CHIP0184_002/filtered_feature_bc_matrix,ATAGAGACAGAGGTAC-1,SA535X8XB03434_ATAGAGACAGAGGTAC-1,SA535X8XB03434,D
.cache/SCRNA10X_SA_CHIP0184_002/filtered_feature_bc_matrix,ATAGGCTGTTACCCAA-1,SA535X8XB03434_ATAGGCTGTTACCCAA-1,SA535X8XB03434,D
.cache/SCRNA10X_SA_CHIP0184_002/filtered_feature_bc_matrix,ATAGGCTTCGTGGGAA-1,SA535X8XB03434_ATAGGCTTCGTGGGAA-1,SA535X8XB03434,A
.cache/SCRNA10X_SA_CHIP0184_002/filtered_feature_bc_matrix,ATATCCTGTGTCTTCC-1,SA535X8XB03434_ATATCCTGTGTCTTCC-1,SA535X8XB03434,D
.cache/SCRNA10X_SA_CHIP0184_002/filtered_feature_bc_matrix,ATCCACCAGCCTTTCC-1,SA535X8XB03434_ATCCACCAGCCTTTCC-1,SA535X8XB03434,D
.cache/SCRNA10X_SA_CHIP0184_002/filtered_feature_bc_matrix,ATCCACCGTTTCGGCG-1,SA535X8XB03434_ATCCACCGTTTCGGCG-1,SA535X8XB03434,D
.cache/SCRNA10X_SA_CHIP0184_002/filtered_feature_bc_matrix,ATCGGATAGCAATTCC-1,SA535X8XB03434_ATCGGATAGCAATTCC-1,SA535X8XB03434,D
.cache/SCRNA10X_SA_CHIP0184_002/filtered_feature_bc_matrix,ATCTCTAGTGCATGAG-1,SA535X8XB03434_ATCTCTAGTGCATGAG-1,SA535X8XB03434,A
.cache/SCRNA10X_SA_CHIP0184_002/filtered_feature_bc_matrix,ATGACCATCCAGCAAT-1,SA535X8XB03434_ATGACCATCCAGCAAT-1,SA535X8XB03434,E_J
.cache/SCRNA10X_SA_CHIP0184_002/filtered_feature_bc_matrix,ATGTCCCTCACGGTCG-1,SA535X8XB03434_ATGTCCCTCACGGTCG-1,SA535X8XB03434,E_J
.cache/SCRNA10X_SA_CHIP0184_002/filtered_feature_bc_matrix,ATTACCTCAAATACAG-1,SA535X8XB03434_ATTACCTCAAATACAG-1,SA535X8XB03434,D
.cache/SCRNA10X_SA_CHIP0184_002/filtered_feature_bc_matrix,ATTATCCTCCGCTGTT-1,SA535X8XB03434_ATTATCCTCCGCTGTT-1,SA535X8XB03434,D
.cache/SCRNA10X_SA_CHIP0184_002/filtered_feature_bc_matrix,ATTCATCAGTAGGAAG-1,SA535X8XB03434_ATTCATCAGTAGGAAG-1,SA535X8XB03434,A
.cache/SCRNA10X_SA_CHIP0184_002/filtered_feature_bc_matrix,ATTCATCCAGAGTCTT-1,SA535X8XB03434_ATTCATCCAGAGTCTT-1,SA535X8XB03434,A
.cache/SCRNA10X_SA_CHIP0184_002/filtered_feature_bc_matrix,ATTCCCGAGGAAGTCC-1,SA535X8XB03434_ATTCCCGAGGAAGTCC-1,SA535X8XB03434,F
.cache/SCRNA10X_SA_CHIP0184_002/filtered_feature_bc_matrix,ATTCCCGTCAGCTTGA-1,SA535X8XB03434_ATTCCCGTCAGCTTGA-1,SA535X8XB03434,unassigned
.cache/SCRNA10X_SA_CHIP0184_002/filtered_feature_bc_matrix,ATTCCCGTCGCTTAAG-1,SA535X8XB03434_ATTCCCGTCGCTTAAG-1,SA535X8XB03434,D
.cache/SCRNA10X_SA_CHIP0184_002/filtered_feature_bc_matrix,ATTCCTAAGCGCATCC-1,SA535X8XB03434_ATTCCTAAGCGCATCC-1,SA535X8XB03434,H
.cache/SCRNA10X_SA_CHIP0184_002/filtered_feature_bc_matrix,ATTTACCGTCACATTG-1,SA535X8XB03434_ATTTACCGTCACATTG-1,SA535X8XB03434,unassigned
.cache/SCRNA10X_SA_CHIP0184_002/filtered_feature_bc_matrix,CAACCTCGTACAGTCT-1,SA535X8XB03434_CAACCTCGTACAGTCT-1,SA535X8XB03434,E_J
.cache/SCRNA10X_SA_CHIP0184_002/filtered_feature_bc_matrix,CAACGGCCAAGTGCTT-1,SA535X8XB03434_CAACGGCCAAGTGCTT-1,SA535X8XB03434,G
.cache/SCRNA10X_SA_CHIP0184_002/filtered_feature_bc_matrix,CAAGCTACAAACCACT-1,SA535X8XB03434_CAAGCTACAAACCACT-1,SA535X8XB03434,H
.cache/SCRNA10X_SA_CHIP0184_002/filtered_feature_bc_matrix,CAAGCTACATCAGCTA-1,SA535X8XB03434_CAAGCTACATCAGCTA-1,SA535X8XB03434,A
.cache/SCRNA10X_SA_CHIP0184_002/filtered_feature_bc_matrix,CACACAACACGGTCTG-1,SA535X8XB03434_CACACAACACGGTCTG-1,SA535X8XB03434,D
.cache/SCRNA10X_SA_CHIP0184_002/filtered_feature_bc_matrix,CACAGATTCGGAGATG-1,SA535X8XB03434_CACAGATTCGGAGATG-1,SA535X8XB03434,F
.cache/SCRNA10X_SA_CHIP0184_002/filtered_feature_bc_matrix,CACAGGCAGCTAGAAT-1,SA535X8XB03434_CACAGGCAGCTAGAAT-1,SA535X8XB03434,A
.cache/SCRNA10X_SA_CHIP0184_002/filtered_feature_bc_matrix,CACCAAACAACCAATC-1,SA535X8XB03434_CACCAAACAACCAATC-1,SA535X8XB03434,F
.cache/SCRNA10X_SA_CHIP0184_002/filtered_feature_bc_matrix,CACCGTTGTCATGCAT-1,SA535X8XB03434_CACCGTTGTCATGCAT-1,SA535X8XB03434,D
.cache/SCRNA10X_SA_CHIP0184_002/filtered_feature_bc_matrix,CACGGGTGTGGAGGTT-1,SA535X8XB03434_CACGGGTGTGGAGGTT-1,SA535X8XB03434,H
.cache/SCRNA10X_SA_CHIP0184_002/filtered_feature_bc_matrix,CACGTGGTCATTATCC-1,SA535X8XB03434_CACGTGGTCATTATCC-1,SA535X8XB03434,F
.cache/SCRNA10X_SA_CHIP0184_002/filtered_feature_bc_matrix,CACTAAGCAGTATGAA-1,SA535X8XB03434_CACTAAGCAGTATGAA-1,SA535X8XB03434,F
.cache/SCRNA10X_SA_CHIP0184_002/filtered_feature_bc_matrix,CACTGAATCTTGTTAC-1,SA535X8XB03434_CACTGAATCTTGTTAC-1,SA535X8XB03434,D
.cache/SCRNA10X_SA_CHIP0184_002/filtered_feature_bc_matrix,CACTGGGGTTCGGCCA-1,SA535X8XB03434_CACTGGGGTTCGGCCA-1,SA535X8XB03434,G
.cache/SCRNA10X_SA_CHIP0184_002/filtered_feature_bc_matrix,CAGATCACACTGGACC-1,SA535X8XB03434_CAGATCACACTGGACC-1,SA535X8XB03434,E_J
.cache/SCRNA10X_SA_CHIP0184_002/filtered_feature_bc_matrix,CAGATTGTCTACGGTA-1,SA535X8XB03434_CAGATTGTCTACGGTA-1,SA535X8XB03434,D
.cache/SCRNA10X_SA_CHIP0184_002/filtered_feature_bc_matrix,CAGCAATGTGCATACT-1,SA535X8XB03434_CAGCAATGTGCATACT-1,SA535X8XB03434,A
.cache/SCRNA10X_SA_CHIP0184_002/filtered_feature_bc_matrix,CAGCAGCCATCCGTGG-1,SA535X8XB03434_CAGCAGCCATCCGTGG-1,SA535X8XB03434,A
.cache/SCRNA10X_SA_CHIP0184_002/filtered_feature_bc_matrix,CAGCCAGAGCACCGTC-1,SA535X8XB03434_CAGCCAGAGCACCGTC-1,SA535X8XB03434,E_J
.cache/SCRNA10X_SA_CHIP0184_002/filtered_feature_bc_matrix,CAGCCAGAGGTAAACT-1,SA535X8XB03434_CAGCCAGAGGTAAACT-1,SA535X8XB03434,A
.cache/SCRNA10X_SA_CHIP0184_002/filtered_feature_bc_matrix,CAGGCCATCTCGGTAA-1,SA535X8XB03434_CAGGCCATCTCGGTAA-1,SA535X8XB03434,D
.cache/SCRNA10X_SA_CHIP0184_002/filtered_feature_bc_matrix,CAGGGCTAGCATGCAG-1,SA535X8XB03434_CAGGGCTAGCATGCAG-1,SA535X8XB03434,H
.cache/SCRNA10X_SA_CHIP0184_002/filtered_feature_bc_matrix,CATACCCCAACTGTGT-1,SA535X8XB03434_CATACCCCAACTGTGT-1,SA535X8XB03434,D
.cache/SCRNA10X_SA_CHIP0184_002/filtered_feature_bc_matrix,CATCCGTCAAGGCCTC-1,SA535X8XB03434_CATCCGTCAAGGCCTC-1,SA535X8XB03434,D
.cache/SCRNA10X_SA_CHIP0184_002/filtered_feature_bc_matrix,CATCGCTGTGAGTAAT-1,SA535X8XB03434_CATCGCTGTGAGTAAT-1,SA535X8XB03434,A
.cache/SCRNA10X_SA_CHIP0184_002/filtered_feature_bc_matrix,CATCGCTTCCCTCAAC-1,SA535X8XB03434_CATCGCTTCCCTCAAC-1,SA535X8XB03434,D
.cache/SCRNA10X_SA_CHIP0184_002/filtered_feature_bc_matrix,CATCGGGAGTAACCGG-1,SA535X8XB03434_CATCGGGAGTAACCGG-1,SA535X8XB03434,G
.cache/SCRNA10X_SA_CHIP0184_002/filtered_feature_bc_matrix,CATCGGGTCAAAGGAT-1,SA535X8XB03434_CATCGGGTCAAAGGAT-1,SA535X8XB03434,A
.cache/SCRNA10X_SA_CHIP0184_002/filtered_feature_bc_matrix,CATGCCTCAATCGTCA-1,SA535X8XB03434_CATGCCTCAATCGTCA-1,SA535X8XB03434,D
.cache/SCRNA10X_SA_CHIP0184_002/filtered_feature_bc_matrix,CATGCGGTCTCTATGT-1,SA535X8XB03434_CATGCGGTCTCTATGT-1,SA535X8XB03434,D
.cache/SCRNA10X_SA_CHIP0184_002/filtered_feature_bc_matrix,CATGCTCCAGGTGTTT-1,SA535X8XB03434_CATGCTCCAGGTGTTT-1,SA535X8XB03434,A
.cache/SCRNA10X_SA_CHIP0184_002/filtered_feature_bc_matrix,CATGGTACAGGATCTT-1,SA535X8XB03434_CATGGTACAGGATCTT-1,SA535X8XB03434,D
.cache/SCRNA10X_SA_CHIP0184_002/filtered_feature_bc_matrix,CATTCCGTCTTCGATT-1,SA535X8XB03434_CATTCCGTCTTCGATT-1,SA535X8XB03434,D
.cache/SCRNA10X_SA_CHIP0184_002/filtered_feature_bc_matrix,CATTGAGCAGCTGTCG-1,SA535X8XB03434_CATTGAGCAGCTGTCG-1,SA535X8XB03434,A
.cache/SCRNA10X_SA_CHIP0184_002/filtered_feature_bc_matrix,CATTTCAGTAGTCTTG-1,SA535X8XB03434_CATTTCAGTAGTCTTG-1,SA535X8XB03434,unassigned
.cache/SCRNA10X_SA_CHIP0184_002/filtered_feature_bc_matrix,CATTTCATCGGATTAC-1,SA535X8XB03434_CATTTCATCGGATTAC-1,SA535X8XB03434,D
.cache/SCRNA10X_SA_CHIP0184_002/filtered_feature_bc_matrix,CCAATTTCAATCTCTT-1,SA535X8XB03434_CCAATTTCAATCTCTT-1,SA535X8XB03434,F
.cache/SCRNA10X_SA_CHIP0184_002/filtered_feature_bc_matrix,CCACAAAGTTCAGGTT-1,SA535X8XB03434_CCACAAAGTTCAGGTT-1,SA535X8XB03434,E_J
.cache/SCRNA10X_SA_CHIP0184_002/filtered_feature_bc_matrix,CCACCATCACCTCTAC-1,SA535X8XB03434_CCACCATCACCTCTAC-1,SA535X8XB03434,D
.cache/SCRNA10X_SA_CHIP0184_002/filtered_feature_bc_matrix,CCACGAGGTCTCTCAC-1,SA535X8XB03434_CCACGAGGTCTCTCAC-1,SA535X8XB03434,D
.cache/SCRNA10X_SA_CHIP0184_002/filtered_feature_bc_matrix,CCACGTTAGCACCTGC-1,SA535X8XB03434_CCACGTTAGCACCTGC-1,SA535X8XB03434,E_J
.cache/SCRNA10X_SA_CHIP0184_002/filtered_feature_bc_matrix,CCACGTTGTATTTCTC-1,SA535X8XB03434_CCACGTTGTATTTCTC-1,SA535X8XB03434,D
.cache/SCRNA10X_SA_CHIP0184_002/filtered_feature_bc_matrix,CCACTTGAGTCCCAAT-1,SA535X8XB03434_CCACTTGAGTCCCAAT-1,SA535X8XB03434,G
.cache/SCRNA10X_SA_CHIP0184_002/filtered_feature_bc_matrix,CCATAAGTCTAATTCC-1,SA535X8XB03434_CCATAAGTCTAATTCC-1,SA535X8XB03434,D
.cache/SCRNA10X_SA_CHIP0184_002/filtered_feature_bc_matrix,CCCGGAACAGCTGTTA-1,SA535X8XB03434_CCCGGAACAGCTGTTA-1,SA535X8XB03434,H
.cache/SCRNA10X_SA_CHIP0184_002/filtered_feature_bc_matrix,CCCTAACGTGGTCTTA-1,SA535X8XB03434_CCCTAACGTGGTCTTA-1,SA535X8XB03434,E_J
.cache/SCRNA10X_SA_CHIP0184_002/filtered_feature_bc_matrix,CCCTCAACAATGTTGC-1,SA535X8XB03434_CCCTCAACAATGTTGC-1,SA535X8XB03434,E_J
.cache/SCRNA10X_SA_CHIP0184_002/filtered_feature_bc_matrix,CCCTCAAGTGGTAATA-1,SA535X8XB03434_CCCTCAAGTGGTAATA-1,SA535X8XB03434,E_J
.cache/SCRNA10X_SA_CHIP0184_002/filtered_feature_bc_matrix,CCCTTAGCAAAGCAAT-1,SA535X8XB03434_CCCTTAGCAAAGCAAT-1,SA535X8XB03434,A
.cache/SCRNA10X_SA_CHIP0184_002/filtered_feature_bc_matrix,CCGAACGAGTTTCTTC-1,SA535X8XB03434_CCGAACGAGTTTCTTC-1,SA535X8XB03434,D
.cache/SCRNA10X_SA_CHIP0184_002/filtered_feature_bc_matrix,CCGAACGTCCTAGCCT-1,SA535X8XB03434_CCGAACGTCCTAGCCT-1,SA535X8XB03434,E_J
.cache/SCRNA10X_SA_CHIP0184_002/filtered_feature_bc_matrix,CCGATCTCATGCCGCA-1,SA535X8XB03434_CCGATCTCATGCCGCA-1,SA535X8XB03434,F
.cache/SCRNA10X_SA_CHIP0184_002/filtered_feature_bc_matrix,CCGATGGGTGTTGAGG-1,SA535X8XB03434_CCGATGGGTGTTGAGG-1,SA535X8XB03434,D
.cache/SCRNA10X_SA_CHIP0184_002/filtered_feature_bc_matrix,CCGCAAGAGGGATCTG-1,SA535X8XB03434_CCGCAAGAGGGATCTG-1,SA535X8XB03434,unassigned
.cache/SCRNA10X_SA_CHIP0184_002/filtered_feature_bc_matrix,CCGGGTATCGGAGATG-1,SA535X8XB03434_CCGGGTATCGGAGATG-1,SA535X8XB03434,D
.cache/SCRNA10X_SA_CHIP0184_002/filtered_feature_bc_matrix,CCGGTAGAGAGGATCC-1,SA535X8XB03434_CCGGTAGAGAGGATCC-1,SA535X8XB03434,A
.cache/SCRNA10X_SA_CHIP0184_002/filtered_feature_bc_matrix,CCGTGAGCAAAGGCGT-1,SA535X8XB03434_CCGTGAGCAAAGGCGT-1,SA535X8XB03434,D
.cache/SCRNA10X_SA_CHIP0184_002/filtered_feature_bc_matrix,CCTATCGAGTTACGTC-1,SA535X8XB03434_CCTATCGAGTTACGTC-1,SA535X8XB03434,H
.cache/SCRNA10X_SA_CHIP0184_002/filtered_feature_bc_matrix,CCTCAACTCCACTTTA-1,SA535X8XB03434_CCTCAACTCCACTTTA-1,SA535X8XB03434,D
.cache/SCRNA10X_SA_CHIP0184_002/filtered_feature_bc_matrix,CCTCAACTCCTAGCGG-1,SA535X8XB03434_CCTCAACTCCTAGCGG-1,SA535X8XB03434,E_J
.cache/SCRNA10X_SA_CHIP0184_002/filtered_feature_bc_matrix,CCTCAGTCAACAGATA-1,SA535X8XB03434_CCTCAGTCAACAGATA-1,SA535X8XB03434,G
.cache/SCRNA10X_SA_CHIP0184_002/filtered_feature_bc_matrix,CCTCCTCAGACTTAAG-1,SA535X8XB03434_CCTCCTCAGACTTAAG-1,SA535X8XB03434,A
.cache/SCRNA10X_SA_CHIP0184_002/filtered_feature_bc_matrix,CCTCCTCCAAGCACAG-1,SA535X8XB03434_CCTCCTCCAAGCACAG-1,SA535X8XB03434,A
.cache/SCRNA10X_SA_CHIP0184_002/filtered_feature_bc_matrix,CCTCTCCGTGATACTC-1,SA535X8XB03434_CCTCTCCGTGATACTC-1,SA535X8XB03434,H
.cache/SCRNA10X_SA_CHIP0184_002/filtered_feature_bc_matrix,CCTTCAGAGCGTATGG-1,SA535X8XB03434_CCTTCAGAGCGTATGG-1,SA535X8XB03434,unassigned
.cache/SCRNA10X_SA_CHIP0184_002/filtered_feature_bc_matrix,CCTTTGGTCTTCCACG-1,SA535X8XB03434_CCTTTGGTCTTCCACG-1,SA535X8XB03434,G
.cache/SCRNA10X_SA_CHIP0184_002/filtered_feature_bc_matrix,CGAAGGATCTAGACAC-1,SA535X8XB03434_CGAAGGATCTAGACAC-1,SA535X8XB03434,A
.cache/SCRNA10X_SA_CHIP0184_002/filtered_feature_bc_matrix,CGAAGTTAGGATCATA-1,SA535X8XB03434_CGAAGTTAGGATCATA-1,SA535X8XB03434,E_J
.cache/SCRNA10X_SA_CHIP0184_002/filtered_feature_bc_matrix,CGAATTGTCGCAAGAG-1,SA535X8XB03434_CGAATTGTCGCAAGAG-1,SA535X8XB03434,G
.cache/SCRNA10X_SA_CHIP0184_002/filtered_feature_bc_matrix,CGAGTTACACGTTGGC-1,SA535X8XB03434_CGAGTTACACGTTGGC-1,SA535X8XB03434,G
.cache/SCRNA10X_SA_CHIP0184_002/filtered_feature_bc_matrix,CGATGCGGTACAAACA-1,SA535X8XB03434_CGATGCGGTACAAACA-1,SA535X8XB03434,D
.cache/SCRNA10X_SA_CHIP0184_002/filtered_feature_bc_matrix,CGATGCGTCCTGGTCT-1,SA535X8XB03434_CGATGCGTCCTGGTCT-1,SA535X8XB03434,G
.cache/SCRNA10X_SA_CHIP0184_002/filtered_feature_bc_matrix,CGATGGCTCTTCGCTG-1,SA535X8XB03434_CGATGGCTCTTCGCTG-1,SA535X8XB03434,G
.cache/SCRNA10X_SA_CHIP0184_002/filtered_feature_bc_matrix,CGCAGGTAGCTCTGTA-1,SA535X8XB03434_CGCAGGTAGCTCTGTA-1,SA535X8XB03434,A
.cache/SCRNA10X_SA_CHIP0184_002/filtered_feature_bc_matrix,CGCAGGTAGGTCCGAA-1,SA535X8XB03434_CGCAGGTAGGTCCGAA-1,SA535X8XB03434,E_J
.cache/SCRNA10X_SA_CHIP0184_002/filtered_feature_bc_matrix,CGCATAAAGATGGCGT-1,SA535X8XB03434_CGCATAAAGATGGCGT-1,SA535X8XB03434,A
.cache/SCRNA10X_SA_CHIP0184_002/filtered_feature_bc_matrix,CGGAATTGTCGTTGCG-1,SA535X8XB03434_CGGAATTGTCGTTGCG-1,SA535X8XB03434,E_J
.cache/SCRNA10X_SA_CHIP0184_002/filtered_feature_bc_matrix,CGGCAGTTCACTCGAA-1,SA535X8XB03434_CGGCAGTTCACTCGAA-1,SA535X8XB03434,E_J
.cache/SCRNA10X_SA_CHIP0184_002/filtered_feature_bc_matrix,CGGGACTAGTCGGCCT-1,SA535X8XB03434_CGGGACTAGTCGGCCT-1,SA535X8XB03434,D
.cache/SCRNA10X_SA_CHIP0184_002/filtered_feature_bc_matrix,CGGTCAGCACTGCTTC-1,SA535X8XB03434_CGGTCAGCACTGCTTC-1,SA535X8XB03434,D
.cache/SCRNA10X_SA_CHIP0184_002/filtered_feature_bc_matrix,CGGTCAGCAGTCGGTC-1,SA535X8XB03434_CGGTCAGCAGTCGGTC-1,SA535X8XB03434,D
.cache/SCRNA10X_SA_CHIP0184_002/filtered_feature_bc_matrix,CGGTCAGTCGATACGT-1,SA535X8XB03434_CGGTCAGTCGATACGT-1,SA535X8XB03434,D
.cache/SCRNA10X_SA_CHIP0184_002/filtered_feature_bc_matrix,CGTAATGAGTGAGCCA-1,SA535X8XB03434_CGTAATGAGTGAGCCA-1,SA535X8XB03434,E_J
.cache/SCRNA10X_SA_CHIP0184_002/filtered_feature_bc_matrix,CGTAATGCACATTGTG-1,SA535X8XB03434_CGTAATGCACATTGTG-1,SA535X8XB03434,unassigned
.cache/SCRNA10X_SA_CHIP0184_002/filtered_feature_bc_matrix,CGTCAAATCGAACCAT-1,SA535X8XB03434_CGTCAAATCGAACCAT-1,SA535X8XB03434,D
.cache/SCRNA10X_SA_CHIP0184_002/filtered_feature_bc_matrix,CGTGAATCAGCTTTCC-1,SA535X8XB03434_CGTGAATCAGCTTTCC-1,SA535X8XB03434,F
.cache/SCRNA10X_SA_CHIP0184_002/filtered_feature_bc_matrix,CGTGATAGTGTGTGGA-1,SA535X8XB03434_CGTGATAGTGTGTGGA-1,SA535X8XB03434,F
.cache/SCRNA10X_SA_CHIP0184_002/filtered_feature_bc_matrix,CGTTGGGGTCTTGAGT-1,SA535X8XB03434_CGTTGGGGTCTTGAGT-1,SA535X8XB03434,D
.cache/SCRNA10X_SA_CHIP0184_002/filtered_feature_bc_matrix,CTAACCCGTAGATTGA-1,SA535X8XB03434_CTAACCCGTAGATTGA-1,SA535X8XB03434,A
.cache/SCRNA10X_SA_CHIP0184_002/filtered_feature_bc_matrix,CTAAGTGAGCCAAGCA-1,SA535X8XB03434_CTAAGTGAGCCAAGCA-1,SA535X8XB03434,D
.cache/SCRNA10X_SA_CHIP0184_002/filtered_feature_bc_matrix,CTAAGTGCAGTATGAA-1,SA535X8XB03434_CTAAGTGCAGTATGAA-1,SA535X8XB03434,G
.cache/SCRNA10X_SA_CHIP0184_002/filtered_feature_bc_matrix,CTACATTTCAAGTTGC-1,SA535X8XB03434_CTACATTTCAAGTTGC-1,SA535X8XB03434,A
.cache/SCRNA10X_SA_CHIP0184_002/filtered_feature_bc_matrix,CTACCCACAGATGCGA-1,SA535X8XB03434_CTACCCACAGATGCGA-1,SA535X8XB03434,A
.cache/SCRNA10X_SA_CHIP0184_002/filtered_feature_bc_matrix,CTACCTGGTACGTACT-1,SA535X8XB03434_CTACCTGGTACGTACT-1,SA535X8XB03434,E_J
.cache/SCRNA10X_SA_CHIP0184_002/filtered_feature_bc_matrix,CTACGGGCAGTCTGGC-1,SA535X8XB03434_CTACGGGCAGTCTGGC-1,SA535X8XB03434,D
.cache/SCRNA10X_SA_CHIP0184_002/filtered_feature_bc_matrix,CTACGGGTCGTGCAGC-1,SA535X8XB03434_CTACGGGTCGTGCAGC-1,SA535X8XB03434,D
.cache/SCRNA10X_SA_CHIP0184_002/filtered_feature_bc_matrix,CTACTATCAACGACTT-1,SA535X8XB03434_CTACTATCAACGACTT-1,SA535X8XB03434,E_J
.cache/SCRNA10X_SA_CHIP0184_002/filtered_feature_bc_matrix,CTACTATTCTACTCAT-1,SA535X8XB03434_CTACTATTCTACTCAT-1,SA535X8XB03434,E_J
.cache/SCRNA10X_SA_CHIP0184_002/filtered_feature_bc_matrix,CTAGACACAGCGACAA-1,SA535X8XB03434_CTAGACACAGCGACAA-1,SA535X8XB03434,D
.cache/SCRNA10X_SA_CHIP0184_002/filtered_feature_bc_matrix,CTAGACATCAGACCCG-1,SA535X8XB03434_CTAGACATCAGACCCG-1,SA535X8XB03434,E_J
.cache/SCRNA10X_SA_CHIP0184_002/filtered_feature_bc_matrix,CTAGGTACAGGCTCTG-1,SA535X8XB03434_CTAGGTACAGGCTCTG-1,SA535X8XB03434,E_J
.cache/SCRNA10X_SA_CHIP0184_002/filtered_feature_bc_matrix,CTCAAGAGTAGGTTTC-1,SA535X8XB03434_CTCAAGAGTAGGTTTC-1,SA535X8XB03434,D
.cache/SCRNA10X_SA_CHIP0184_002/filtered_feature_bc_matrix,CTCAAGATCAAACTGC-1,SA535X8XB03434_CTCAAGATCAAACTGC-1,SA535X8XB03434,D
.cache/SCRNA10X_SA_CHIP0184_002/filtered_feature_bc_matrix,CTCAGAAGTACTGCCG-1,SA535X8XB03434_CTCAGAAGTACTGCCG-1,SA535X8XB03434,D
.cache/SCRNA10X_SA_CHIP0184_002/filtered_feature_bc_matrix,CTCAGGGAGCACCTGC-1,SA535X8XB03434_CTCAGGGAGCACCTGC-1,SA535X8XB03434,D
.cache/SCRNA10X_SA_CHIP0184_002/filtered_feature_bc_matrix,CTCAGGGCAGACTCTA-1,SA535X8XB03434_CTCAGGGCAGACTCTA-1,SA535X8XB03434,G
.cache/SCRNA10X_SA_CHIP0184_002/filtered_feature_bc_matrix,CTCATTACAGTCTACA-1,SA535X8XB03434_CTCATTACAGTCTACA-1,SA535X8XB03434,D
.cache/SCRNA10X_SA_CHIP0184_002/filtered_feature_bc_matrix,CTCCATGCACCATTCC-1,SA535X8XB03434_CTCCATGCACCATTCC-1,SA535X8XB03434,A
.cache/SCRNA10X_SA_CHIP0184_002/filtered_feature_bc_matrix,CTCCGATCACAGTATC-1,SA535X8XB03434_CTCCGATCACAGTATC-1,SA535X8XB03434,E_J
.cache/SCRNA10X_SA_CHIP0184_002/filtered_feature_bc_matrix,CTCCGATTCCTCATAT-1,SA535X8XB03434_CTCCGATTCCTCATAT-1,SA535X8XB03434,A
.cache/SCRNA10X_SA_CHIP0184_002/filtered_feature_bc_matrix,CTCCTCCAGATACCAA-1,SA535X8XB03434_CTCCTCCAGATACCAA-1,SA535X8XB03434,D
.cache/SCRNA10X_SA_CHIP0184_002/filtered_feature_bc_matrix,CTCCTCCGTTATAGAG-1,SA535X8XB03434_CTCCTCCGTTATAGAG-1,SA535X8XB03434,D
.cache/SCRNA10X_SA_CHIP0184_002/filtered_feature_bc_matrix,CTCGAGGAGTTGCTCA-1,SA535X8XB03434_CTCGAGGAGTTGCTCA-1,SA535X8XB03434,unassigned
.cache/SCRNA10X_SA_CHIP0184_002/filtered_feature_bc_matrix,CTCGAGGCATCGTGGC-1,SA535X8XB03434_CTCGAGGCATCGTGGC-1,SA535X8XB03434,G
.cache/SCRNA10X_SA_CHIP0184_002/filtered_feature_bc_matrix,CTCGAGGTCAGCTTCC-1,SA535X8XB03434_CTCGAGGTCAGCTTCC-1,SA535X8XB03434,A
.cache/SCRNA10X_SA_CHIP0184_002/filtered_feature_bc_matrix,CTCTCGAAGGCCTAGA-1,SA535X8XB03434_CTCTCGAAGGCCTAGA-1,SA535X8XB03434,D
.cache/SCRNA10X_SA_CHIP0184_002/filtered_feature_bc_matrix,CTGAGCGAGGAGGGTG-1,SA535X8XB03434_CTGAGCGAGGAGGGTG-1,SA535X8XB03434,A
.cache/SCRNA10X_SA_CHIP0184_002/filtered_feature_bc_matrix,CTGCGAGGTTTCTTAC-1,SA535X8XB03434_CTGCGAGGTTTCTTAC-1,SA535X8XB03434,D
.cache/SCRNA10X_SA_CHIP0184_002/filtered_feature_bc_matrix,CTGTATTGTTGAGGAC-1,SA535X8XB03434_CTGTATTGTTGAGGAC-1,SA535X8XB03434,E_J
.cache/SCRNA10X_SA_CHIP0184_002/filtered_feature_bc_matrix,CTTAGGAAGTGTAGTA-1,SA535X8XB03434_CTTAGGAAGTGTAGTA-1,SA535X8XB03434,D
.cache/SCRNA10X_SA_CHIP0184_002/filtered_feature_bc_matrix,CTTAGGATCTGCGAGC-1,SA535X8XB03434_CTTAGGATCTGCGAGC-1,SA535X8XB03434,A
.cache/SCRNA10X_SA_CHIP0184_002/filtered_feature_bc_matrix,CTTCAATGTACGACTT-1,SA535X8XB03434_CTTCAATGTACGACTT-1,SA535X8XB03434,A
.cache/SCRNA10X_SA_CHIP0184_002/filtered_feature_bc_matrix,CTTCCTTCATCACGGC-1,SA535X8XB03434_CTTCCTTCATCACGGC-1,SA535X8XB03434,H
.cache/SCRNA10X_SA_CHIP0184_002/filtered_feature_bc_matrix,CTTCCTTGTCATACCA-1,SA535X8XB03434_CTTCCTTGTCATACCA-1,SA535X8XB03434,H
.cache/SCRNA10X_SA_CHIP0184_002/filtered_feature_bc_matrix,CTTCGGTGTACTGTTG-1,SA535X8XB03434_CTTCGGTGTACTGTTG-1,SA535X8XB03434,E_J
.cache/SCRNA10X_SA_CHIP0184_002/filtered_feature_bc_matrix,CTTCTCTTCATTGAGC-1,SA535X8XB03434_CTTCTCTTCATTGAGC-1,SA535X8XB03434,E_J
.cache/SCRNA10X_SA_CHIP0184_002/filtered_feature_bc_matrix,CTTTCAAGTATTGAGA-1,SA535X8XB03434_CTTTCAAGTATTGAGA-1,SA535X8XB03434,D
.cache/SCRNA10X_SA_CHIP0184_002/filtered_feature_bc_matrix,CTTTCAATCAAGTAAG-1,SA535X8XB03434_CTTTCAATCAAGTAAG-1,SA535X8XB03434,D
.cache/SCRNA10X_SA_CHIP0184_002/filtered_feature_bc_matrix,GAAACCTTCAAGGAGC-1,SA535X8XB03434_GAAACCTTCAAGGAGC-1,SA535X8XB03434,A
.cache/SCRNA10X_SA_CHIP0184_002/filtered_feature_bc_matrix,GAACACTAGACTACCT-1,SA535X8XB03434_GAACACTAGACTACCT-1,SA535X8XB03434,D
.cache/SCRNA10X_SA_CHIP0184_002/filtered_feature_bc_matrix,GAACACTAGTGATAAC-1,SA535X8XB03434_GAACACTAGTGATAAC-1,SA535X8XB03434,G
.cache/SCRNA10X_SA_CHIP0184_002/filtered_feature_bc_matrix,GAACGTTGTGGCTAGA-1,SA535X8XB03434_GAACGTTGTGGCTAGA-1,SA535X8XB03434,D
.cache/SCRNA10X_SA_CHIP0184_002/filtered_feature_bc_matrix,GAAGCCCAGGATATGT-1,SA535X8XB03434_GAAGCCCAGGATATGT-1,SA535X8XB03434,A
.cache/SCRNA10X_SA_CHIP0184_002/filtered_feature_bc_matrix,GAAGCGAGTGTAAACA-1,SA535X8XB03434_GAAGCGAGTGTAAACA-1,SA535X8XB03434,E_J
.cache/SCRNA10X_SA_CHIP0184_002/filtered_feature_bc_matrix,GAAGGACAGAAACTGT-1,SA535X8XB03434_GAAGGACAGAAACTGT-1,SA535X8XB03434,D
.cache/SCRNA10X_SA_CHIP0184_002/filtered_feature_bc_matrix,GAAGGACAGGGCCCTT-1,SA535X8XB03434_GAAGGACAGGGCCCTT-1,SA535X8XB03434,E_J
.cache/SCRNA10X_SA_CHIP0184_002/filtered_feature_bc_matrix,GAAGTAACAACAACAA-1,SA535X8XB03434_GAAGTAACAACAACAA-1,SA535X8XB03434,unassigned
.cache/SCRNA10X_SA_CHIP0184_002/filtered_feature_bc_matrix,GAAGTAAGTACAAGCG-1,SA535X8XB03434_GAAGTAAGTACAAGCG-1,SA535X8XB03434,D
.cache/SCRNA10X_SA_CHIP0184_002/filtered_feature_bc_matrix,GAATAGACAAGGCCTC-1,SA535X8XB03434_GAATAGACAAGGCCTC-1,SA535X8XB03434,G
.cache/SCRNA10X_SA_CHIP0184_002/filtered_feature_bc_matrix,GAATCGTTCTCATAGG-1,SA535X8XB03434_GAATCGTTCTCATAGG-1,SA535X8XB03434,E_J
.cache/SCRNA10X_SA_CHIP0184_002/filtered_feature_bc_matrix,GACACGCTCCGCTAGG-1,SA535X8XB03434_GACACGCTCCGCTAGG-1,SA535X8XB03434,A
.cache/SCRNA10X_SA_CHIP0184_002/filtered_feature_bc_matrix,GACAGCCAGTCTTCCC-1,SA535X8XB03434_GACAGCCAGTCTTCCC-1,SA535X8XB03434,E_J
.cache/SCRNA10X_SA_CHIP0184_002/filtered_feature_bc_matrix,GACATCAAGCTCACTA-1,SA535X8XB03434_GACATCAAGCTCACTA-1,SA535X8XB03434,E_J
.cache/SCRNA10X_SA_CHIP0184_002/filtered_feature_bc_matrix,GACATCATCAACTGGT-1,SA535X8XB03434_GACATCATCAACTGGT-1,SA535X8XB03434,unassigned
.cache/SCRNA10X_SA_CHIP0184_002/filtered_feature_bc_matrix,GACCAATTCCCGAAAT-1,SA535X8XB03434_GACCAATTCCCGAAAT-1,SA535X8XB03434,D
.cache/SCRNA10X_SA_CHIP0184_002/filtered_feature_bc_matrix,GACCCAGCAACCTAAC-1,SA535X8XB03434_GACCCAGCAACCTAAC-1,SA535X8XB03434,E_J
.cache/SCRNA10X_SA_CHIP0184_002/filtered_feature_bc_matrix,GACCCTTAGATTGGGC-1,SA535X8XB03434_GACCCTTAGATTGGGC-1,SA535X8XB03434,unassigned
.cache/SCRNA10X_SA_CHIP0184_002/filtered_feature_bc_matrix,GACCGTGAGAATTGTG-1,SA535X8XB03434_GACCGTGAGAATTGTG-1,SA535X8XB03434,D
.cache/SCRNA10X_SA_CHIP0184_002/filtered_feature_bc_matrix,GACCGTGCACTACCGG-1,SA535X8XB03434_GACCGTGCACTACCGG-1,SA535X8XB03434,E_J
.cache/SCRNA10X_SA_CHIP0184_002/filtered_feature_bc_matrix,GACCTTCAGGTCCGAA-1,SA535X8XB03434_GACCTTCAGGTCCGAA-1,SA535X8XB03434,A
.cache/SCRNA10X_SA_CHIP0184_002/filtered_feature_bc_matrix,GACGTTAAGCGTCGAA-1,SA535X8XB03434_GACGTTAAGCGTCGAA-1,SA535X8XB03434,E_J
.cache/SCRNA10X_SA_CHIP0184_002/filtered_feature_bc_matrix,GACGTTAAGCTGTGCC-1,SA535X8XB03434_GACGTTAAGCTGTGCC-1,SA535X8XB03434,G
.cache/SCRNA10X_SA_CHIP0184_002/filtered_feature_bc_matrix,GACTCAACAGTTGGTT-1,SA535X8XB03434_GACTCAACAGTTGGTT-1,SA535X8XB03434,E_J
.cache/SCRNA10X_SA_CHIP0184_002/filtered_feature_bc_matrix,GACTGATCAATAACCC-1,SA535X8XB03434_GACTGATCAATAACCC-1,SA535X8XB03434,D
.cache/SCRNA10X_SA_CHIP0184_002/filtered_feature_bc_matrix,GAGACCCCAGAGCCCT-1,SA535X8XB03434_GAGACCCCAGAGCCCT-1,SA535X8XB03434,E_J
.cache/SCRNA10X_SA_CHIP0184_002/filtered_feature_bc_matrix,GAGGGTACAAGTCCCG-1,SA535X8XB03434_GAGGGTACAAGTCCCG-1,SA535X8XB03434,G
.cache/SCRNA10X_SA_CHIP0184_002/filtered_feature_bc_matrix,GAGTCTATCACTCTTA-1,SA535X8XB03434_GAGTCTATCACTCTTA-1,SA535X8XB03434,A
.cache/SCRNA10X_SA_CHIP0184_002/filtered_feature_bc_matrix,GAGTTACAGCTACTGT-1,SA535X8XB03434_GAGTTACAGCTACTGT-1,SA535X8XB03434,H
.cache/SCRNA10X_SA_CHIP0184_002/filtered_feature_bc_matrix,GATAGAAGTGACGCCT-1,SA535X8XB03434_GATAGAAGTGACGCCT-1,SA535X8XB03434,A
.cache/SCRNA10X_SA_CHIP0184_002/filtered_feature_bc_matrix,GATAGCTGTATGTCAC-1,SA535X8XB03434_GATAGCTGTATGTCAC-1,SA535X8XB03434,D
.cache/SCRNA10X_SA_CHIP0184_002/filtered_feature_bc_matrix,GATCCCTTCTGCGAGC-1,SA535X8XB03434_GATCCCTTCTGCGAGC-1,SA535X8XB03434,D
.cache/SCRNA10X_SA_CHIP0184_002/filtered_feature_bc_matrix,GATCCCTTCTGTGTGA-1,SA535X8XB03434_GATCCCTTCTGTGTGA-1,SA535X8XB03434,E_J
.cache/SCRNA10X_SA_CHIP0184_002/filtered_feature_bc_matrix,GATGACTAGTGTTCCA-1,SA535X8XB03434_GATGACTAGTGTTCCA-1,SA535X8XB03434,G
.cache/SCRNA10X_SA_CHIP0184_002/filtered_feature_bc_matrix,GATGAGGCATTCTGTT-1,SA535X8XB03434_GATGAGGCATTCTGTT-1,SA535X8XB03434,D
.cache/SCRNA10X_SA_CHIP0184_002/filtered_feature_bc_matrix,GCAACATAGTCTGCGC-1,SA535X8XB03434_GCAACATAGTCTGCGC-1,SA535X8XB03434,D
.cache/SCRNA10X_SA_CHIP0184_002/filtered_feature_bc_matrix,GCAACCGTCGACACCG-1,SA535X8XB03434_GCAACCGTCGACACCG-1,SA535X8XB03434,D
.cache/SCRNA10X_SA_CHIP0184_002/filtered_feature_bc_matrix,GCACGTGAGGTTACAA-1,SA535X8XB03434_GCACGTGAGGTTACAA-1,SA535X8XB03434,D
.cache/SCRNA10X_SA_CHIP0184_002/filtered_feature_bc_matrix,GCACTAAAGTCCGCCA-1,SA535X8XB03434_GCACTAAAGTCCGCCA-1,SA535X8XB03434,D
.cache/SCRNA10X_SA_CHIP0184_002/filtered_feature_bc_matrix,GCACTAAGTAGTGCGA-1,SA535X8XB03434_GCACTAAGTAGTGCGA-1,SA535X8XB03434,D
.cache/SCRNA10X_SA_CHIP0184_002/filtered_feature_bc_matrix,GCACTAAGTCACTCTC-1,SA535X8XB03434_GCACTAAGTCACTCTC-1,SA535X8XB03434,D
.cache/SCRNA10X_SA_CHIP0184_002/filtered_feature_bc_matrix,GCACTAATCCAAGCCG-1,SA535X8XB03434_GCACTAATCCAAGCCG-1,SA535X8XB03434,D
.cache/SCRNA10X_SA_CHIP0184_002/filtered_feature_bc_matrix,GCAGGCTAGCCACAAG-1,SA535X8XB03434_GCAGGCTAGCCACAAG-1,SA535X8XB03434,A
.cache/SCRNA10X_SA_CHIP0184_002/filtered_feature_bc_matrix,GCAGGCTTCCTACACC-1,SA535X8XB03434_GCAGGCTTCCTACACC-1,SA535X8XB03434,G
.cache/SCRNA10X_SA_CHIP0184_002/filtered_feature_bc_matrix,GCATCTCAGCAAGTGC-1,SA535X8XB03434_GCATCTCAGCAAGTGC-1,SA535X8XB03434,G
.cache/SCRNA10X_SA_CHIP0184_002/filtered_feature_bc_matrix,GCATCTCAGGAAGAAC-1,SA535X8XB03434_GCATCTCAGGAAGAAC-1,SA535X8XB03434,E_J
.cache/SCRNA10X_SA_CHIP0184_002/filtered_feature_bc_matrix,GCATGATAGCTGAGCA-1,SA535X8XB03434_GCATGATAGCTGAGCA-1,SA535X8XB03434,D
.cache/SCRNA10X_SA_CHIP0184_002/filtered_feature_bc_matrix,GCATGATTCGGCATCG-1,SA535X8XB03434_GCATGATTCGGCATCG-1,SA535X8XB03434,A
.cache/SCRNA10X_SA_CHIP0184_002/filtered_feature_bc_matrix,GCCAGTGAGGTTACAA-1,SA535X8XB03434_GCCAGTGAGGTTACAA-1,SA535X8XB03434,F
.cache/SCRNA10X_SA_CHIP0184_002/filtered_feature_bc_matrix,GCCGATGGTTACGTAC-1,SA535X8XB03434_GCCGATGGTTACGTAC-1,SA535X8XB03434,D
.cache/SCRNA10X_SA_CHIP0184_002/filtered_feature_bc_matrix,GCCTGTTTCGCTACAA-1,SA535X8XB03434_GCCTGTTTCGCTACAA-1,SA535X8XB03434,F
.cache/SCRNA10X_SA_CHIP0184_002/filtered_feature_bc_matrix,GCGTGCATCAAGAGGC-1,SA535X8XB03434_GCGTGCATCAAGAGGC-1,SA535X8XB03434,D
.cache/SCRNA10X_SA_CHIP0184_002/filtered_feature_bc_matrix,GCTCAAACACAATTCG-1,SA535X8XB03434_GCTCAAACACAATTCG-1,SA535X8XB03434,D
.cache/SCRNA10X_SA_CHIP0184_002/filtered_feature_bc_matrix,GCTGGGTAGCGATCGA-1,SA535X8XB03434_GCTGGGTAGCGATCGA-1,SA535X8XB03434,D
.cache/SCRNA10X_SA_CHIP0184_002/filtered_feature_bc_matrix,GCTGGGTAGGTGCGAT-1,SA535X8XB03434_GCTGGGTAGGTGCGAT-1,SA535X8XB03434,A
.cache/SCRNA10X_SA_CHIP0184_002/filtered_feature_bc_matrix,GCTGGGTAGGTTAAAC-1,SA535X8XB03434_GCTGGGTAGGTTAAAC-1,SA535X8XB03434,G
.cache/SCRNA10X_SA_CHIP0184_002/filtered_feature_bc_matrix,GCTGGGTCAAGACCGA-1,SA535X8XB03434_GCTGGGTCAAGACCGA-1,SA535X8XB03434,D
.cache/SCRNA10X_SA_CHIP0184_002/filtered_feature_bc_matrix,GCTTGGGAGAGCTGAC-1,SA535X8XB03434_GCTTGGGAGAGCTGAC-1,SA535X8XB03434,D
.cache/SCRNA10X_SA_CHIP0184_002/filtered_feature_bc_matrix,GGAAGTGGTGCCCAGT-1,SA535X8XB03434_GGAAGTGGTGCCCAGT-1,SA535X8XB03434,E_J
.cache/SCRNA10X_SA_CHIP0184_002/filtered_feature_bc_matrix,GGAATCTTCTTTCAGT-1,SA535X8XB03434_GGAATCTTCTTTCAGT-1,SA535X8XB03434,G
.cache/SCRNA10X_SA_CHIP0184_002/filtered_feature_bc_matrix,GGAATGGAGCCACCGT-1,SA535X8XB03434_GGAATGGAGCCACCGT-1,SA535X8XB03434,A
.cache/SCRNA10X_SA_CHIP0184_002/filtered_feature_bc_matrix,GGAATGGAGGACTAAT-1,SA535X8XB03434_GGAATGGAGGACTAAT-1,SA535X8XB03434,E_J
.cache/SCRNA10X_SA_CHIP0184_002/filtered_feature_bc_matrix,GGAGATGTCAAACGAA-1,SA535X8XB03434_GGAGATGTCAAACGAA-1,SA535X8XB03434,D
.cache/SCRNA10X_SA_CHIP0184_002/filtered_feature_bc_matrix,GGAGCAAGTCAAGTTC-1,SA535X8XB03434_GGAGCAAGTCAAGTTC-1,SA535X8XB03434,G
.cache/SCRNA10X_SA_CHIP0184_002/filtered_feature_bc_matrix,GGATCTACAACAGCCC-1,SA535X8XB03434_GGATCTACAACAGCCC-1,SA535X8XB03434,F
.cache/SCRNA10X_SA_CHIP0184_002/filtered_feature_bc_matrix,GGCTGTGAGGAGCAAA-1,SA535X8XB03434_GGCTGTGAGGAGCAAA-1,SA535X8XB03434,F
.cache/SCRNA10X_SA_CHIP0184_002/filtered_feature_bc_matrix,GGCTTGGTCCTACCAC-1,SA535X8XB03434_GGCTTGGTCCTACCAC-1,SA535X8XB03434,H
.cache/SCRNA10X_SA_CHIP0184_002/filtered_feature_bc_matrix,GGCTTTCGTAGTGATA-1,SA535X8XB03434_GGCTTTCGTAGTGATA-1,SA535X8XB03434,A
.cache/SCRNA10X_SA_CHIP0184_002/filtered_feature_bc_matrix,GGGACAACAGCGGTCT-1,SA535X8XB03434_GGGACAACAGCGGTCT-1,SA535X8XB03434,A
.cache/SCRNA10X_SA_CHIP0184_002/filtered_feature_bc_matrix,GGGACCTAGCAGCGAT-1,SA535X8XB03434_GGGACCTAGCAGCGAT-1,SA535X8XB03434,E_J
.cache/SCRNA10X_SA_CHIP0184_002/filtered_feature_bc_matrix,GGGAGATGTAGATGTA-1,SA535X8XB03434_GGGAGATGTAGATGTA-1,SA535X8XB03434,D
.cache/SCRNA10X_SA_CHIP0184_002/filtered_feature_bc_matrix,GGGAGTACACCTGATA-1,SA535X8XB03434_GGGAGTACACCTGATA-1,SA535X8XB03434,E_J
.cache/SCRNA10X_SA_CHIP0184_002/filtered_feature_bc_matrix,GGGATGATCTCCTGTG-1,SA535X8XB03434_GGGATGATCTCCTGTG-1,SA535X8XB03434,G
.cache/SCRNA10X_SA_CHIP0184_002/filtered_feature_bc_matrix,GGGCCATTCGCCTTTG-1,SA535X8XB03434_GGGCCATTCGCCTTTG-1,SA535X8XB03434,D
.cache/SCRNA10X_SA_CHIP0184_002/filtered_feature_bc_matrix,GGGCGTTCATGACAAA-1,SA535X8XB03434_GGGCGTTCATGACAAA-1,SA535X8XB03434,E_J
.cache/SCRNA10X_SA_CHIP0184_002/filtered_feature_bc_matrix,GGGTCACTCTAGCCTC-1,SA535X8XB03434_GGGTCACTCTAGCCTC-1,SA535X8XB03434,D
.cache/SCRNA10X_SA_CHIP0184_002/filtered_feature_bc_matrix,GGGTGTCCACCCTAGG-1,SA535X8XB03434_GGGTGTCCACCCTAGG-1,SA535X8XB03434,E_J
.cache/SCRNA10X_SA_CHIP0184_002/filtered_feature_bc_matrix,GGTAGAGCACCTTCGT-1,SA535X8XB03434_GGTAGAGCACCTTCGT-1,SA535X8XB03434,E_J
.cache/SCRNA10X_SA_CHIP0184_002/filtered_feature_bc_matrix,GGTCACGAGGAGAGTA-1,SA535X8XB03434_GGTCACGAGGAGAGTA-1,SA535X8XB03434,D
.cache/SCRNA10X_SA_CHIP0184_002/filtered_feature_bc_matrix,GGTCTGGGTCAACCAT-1,SA535X8XB03434_GGTCTGGGTCAACCAT-1,SA535X8XB03434,unassigned
.cache/SCRNA10X_SA_CHIP0184_002/filtered_feature_bc_matrix,GGTGAAGCAAATAGCA-1,SA535X8XB03434_GGTGAAGCAAATAGCA-1,SA535X8XB03434,D
.cache/SCRNA10X_SA_CHIP0184_002/filtered_feature_bc_matrix,GGTGGCTGTATGGGAC-1,SA535X8XB03434_GGTGGCTGTATGGGAC-1,SA535X8XB03434,G
.cache/SCRNA10X_SA_CHIP0184_002/filtered_feature_bc_matrix,GGTGTCGCAATCTGCA-1,SA535X8XB03434_GGTGTCGCAATCTGCA-1,SA535X8XB03434,E_J
.cache/SCRNA10X_SA_CHIP0184_002/filtered_feature_bc_matrix,GGTTAACCACTCTCGT-1,SA535X8XB03434_GGTTAACCACTCTCGT-1,SA535X8XB03434,E_J
.cache/SCRNA10X_SA_CHIP0184_002/filtered_feature_bc_matrix,GGTTCTCCAGCTAACT-1,SA535X8XB03434_GGTTCTCCAGCTAACT-1,SA535X8XB03434,F
.cache/SCRNA10X_SA_CHIP0184_002/filtered_feature_bc_matrix,GGTTCTCGTCGATTCA-1,SA535X8XB03434_GGTTCTCGTCGATTCA-1,SA535X8XB03434,E_J
.cache/SCRNA10X_SA_CHIP0184_002/filtered_feature_bc_matrix,GGTTGTACATTGAGCT-1,SA535X8XB03434_GGTTGTACATTGAGCT-1,SA535X8XB03434,D
.cache/SCRNA10X_SA_CHIP0184_002/filtered_feature_bc_matrix,GGTTGTATCGAGAGCA-1,SA535X8XB03434_GGTTGTATCGAGAGCA-1,SA535X8XB03434,H
.cache/SCRNA10X_SA_CHIP0184_002/filtered_feature_bc_matrix,GTAAGTCGTGGCTAGA-1,SA535X8XB03434_GTAAGTCGTGGCTAGA-1,SA535X8XB03434,D
.cache/SCRNA10X_SA_CHIP0184_002/filtered_feature_bc_matrix,GTACAACAGAGTTGAT-1,SA535X8XB03434_GTACAACAGAGTTGAT-1,SA535X8XB03434,E_J
.cache/SCRNA10X_SA_CHIP0184_002/filtered_feature_bc_matrix,GTAGAAAGTGCCGAAA-1,SA535X8XB03434_GTAGAAAGTGCCGAAA-1,SA535X8XB03434,D
.cache/SCRNA10X_SA_CHIP0184_002/filtered_feature_bc_matrix,GTAGGTTTCCCAGGAC-1,SA535X8XB03434_GTAGGTTTCCCAGGAC-1,SA535X8XB03434,D
.cache/SCRNA10X_SA_CHIP0184_002/filtered_feature_bc_matrix,GTAGGTTTCGTTCTCG-1,SA535X8XB03434_GTAGGTTTCGTTCTCG-1,SA535X8XB03434,D
.cache/SCRNA10X_SA_CHIP0184_002/filtered_feature_bc_matrix,GTAGGTTTCTATCCAT-1,SA535X8XB03434_GTAGGTTTCTATCCAT-1,SA535X8XB03434,D
.cache/SCRNA10X_SA_CHIP0184_002/filtered_feature_bc_matrix,GTATTGGCAATTGCTG-1,SA535X8XB03434_GTATTGGCAATTGCTG-1,SA535X8XB03434,E_J
.cache/SCRNA10X_SA_CHIP0184_002/filtered_feature_bc_matrix,GTATTGGGTGATTGGG-1,SA535X8XB03434_GTATTGGGTGATTGGG-1,SA535X8XB03434,E_J
.cache/SCRNA10X_SA_CHIP0184_002/filtered_feature_bc_matrix,GTCAAACGTGCCAAGA-1,SA535X8XB03434_GTCAAACGTGCCAAGA-1,SA535X8XB03434,E_J
.cache/SCRNA10X_SA_CHIP0184_002/filtered_feature_bc_matrix,GTCAAGTAGCTCTATG-1,SA535X8XB03434_GTCAAGTAGCTCTATG-1,SA535X8XB03434,D
.cache/SCRNA10X_SA_CHIP0184_002/filtered_feature_bc_matrix,GTCATCCAGGCCACCT-1,SA535X8XB03434_GTCATCCAGGCCACCT-1,SA535X8XB03434,E_J
.cache/SCRNA10X_SA_CHIP0184_002/filtered_feature_bc_matrix,GTCCACTCAATTCTCT-1,SA535X8XB03434_GTCCACTCAATTCTCT-1,SA535X8XB03434,D
.cache/SCRNA10X_SA_CHIP0184_002/filtered_feature_bc_matrix,GTCGAATGTCGCGGTT-1,SA535X8XB03434_GTCGAATGTCGCGGTT-1,SA535X8XB03434,D
.cache/SCRNA10X_SA_CHIP0184_002/filtered_feature_bc_matrix,GTCTACCAGCTACAAA-1,SA535X8XB03434_GTCTACCAGCTACAAA-1,SA535X8XB03434,D
.cache/SCRNA10X_SA_CHIP0184_002/filtered_feature_bc_matrix,GTCTCACAGTTTGGCT-1,SA535X8XB03434_GTCTCACAGTTTGGCT-1,SA535X8XB03434,E_J
.cache/SCRNA10X_SA_CHIP0184_002/filtered_feature_bc_matrix,GTCTGTCGTAGCGTCC-1,SA535X8XB03434_GTCTGTCGTAGCGTCC-1,SA535X8XB03434,D
.cache/SCRNA10X_SA_CHIP0184_002/filtered_feature_bc_matrix,GTGCAGCGTTCCGCGA-1,SA535X8XB03434_GTGCAGCGTTCCGCGA-1,SA535X8XB03434,D
.cache/SCRNA10X_SA_CHIP0184_002/filtered_feature_bc_matrix,GTGCGTGTCGGCTTCT-1,SA535X8XB03434_GTGCGTGTCGGCTTCT-1,SA535X8XB03434,E_J
.cache/SCRNA10X_SA_CHIP0184_002/filtered_feature_bc_matrix,GTGGTTATCCTTTAGT-1,SA535X8XB03434_GTGGTTATCCTTTAGT-1,SA535X8XB03434,H
.cache/SCRNA10X_SA_CHIP0184_002/filtered_feature_bc_matrix,GTGGTTATCGCACTCT-1,SA535X8XB03434_GTGGTTATCGCACTCT-1,SA535X8XB03434,D
.cache/SCRNA10X_SA_CHIP0184_002/filtered_feature_bc_matrix,GTGTCCTAGAGTGTGC-1,SA535X8XB03434_GTGTCCTAGAGTGTGC-1,SA535X8XB03434,unassigned
.cache/SCRNA10X_SA_CHIP0184_002/filtered_feature_bc_matrix,GTTAGTGCAATACGAA-1,SA535X8XB03434_GTTAGTGCAATACGAA-1,SA535X8XB03434,E_J
.cache/SCRNA10X_SA_CHIP0184_002/filtered_feature_bc_matrix,GTTATGGGTATCTCTT-1,SA535X8XB03434_GTTATGGGTATCTCTT-1,SA535X8XB03434,unassigned
.cache/SCRNA10X_SA_CHIP0184_002/filtered_feature_bc_matrix,GTTCATTCAGTTAGAA-1,SA535X8XB03434_GTTCATTCAGTTAGAA-1,SA535X8XB03434,E_J
.cache/SCRNA10X_SA_CHIP0184_002/filtered_feature_bc_matrix,GTTCATTTCTTCCCAG-1,SA535X8XB03434_GTTCATTTCTTCCCAG-1,SA535X8XB03434,D
.cache/SCRNA10X_SA_CHIP0184_002/filtered_feature_bc_matrix,TAACCAGGTTAGCTAC-1,SA535X8XB03434_TAACCAGGTTAGCTAC-1,SA535X8XB03434,D
.cache/SCRNA10X_SA_CHIP0184_002/filtered_feature_bc_matrix,TAACGACTCTGACAGT-1,SA535X8XB03434_TAACGACTCTGACAGT-1,SA535X8XB03434,F
.cache/SCRNA10X_SA_CHIP0184_002/filtered_feature_bc_matrix,TAACGACTCTTGAGCA-1,SA535X8XB03434_TAACGACTCTTGAGCA-1,SA535X8XB03434,D
.cache/SCRNA10X_SA_CHIP0184_002/filtered_feature_bc_matrix,TAACTTCTCAACTCTT-1,SA535X8XB03434_TAACTTCTCAACTCTT-1,SA535X8XB03434,D
.cache/SCRNA10X_SA_CHIP0184_002/filtered_feature_bc_matrix,TAATCTCTCCACTGAA-1,SA535X8XB03434_TAATCTCTCCACTGAA-1,SA535X8XB03434,D
.cache/SCRNA10X_SA_CHIP0184_002/filtered_feature_bc_matrix,TACAGGTTCCCTCATG-1,SA535X8XB03434_TACAGGTTCCCTCATG-1,SA535X8XB03434,E_J
.cache/SCRNA10X_SA_CHIP0184_002/filtered_feature_bc_matrix,TACCCGTGTACAATAG-1,SA535X8XB03434_TACCCGTGTACAATAG-1,SA535X8XB03434,E_J
.cache/SCRNA10X_SA_CHIP0184_002/filtered_feature_bc_matrix,TACCGGGCATCAACCA-1,SA535X8XB03434_TACCGGGCATCAACCA-1,SA535X8XB03434,A
.cache/SCRNA10X_SA_CHIP0184_002/filtered_feature_bc_matrix,TACCTGCCAAAGGGTC-1,SA535X8XB03434_TACCTGCCAAAGGGTC-1,SA535X8XB03434,D
.cache/SCRNA10X_SA_CHIP0184_002/filtered_feature_bc_matrix,TACCTGCCAACCGTAT-1,SA535X8XB03434_TACCTGCCAACCGTAT-1,SA535X8XB03434,E_J
.cache/SCRNA10X_SA_CHIP0184_002/filtered_feature_bc_matrix,TACCTGCCATTGTACG-1,SA535X8XB03434_TACCTGCCATTGTACG-1,SA535X8XB03434,D
.cache/SCRNA10X_SA_CHIP0184_002/filtered_feature_bc_matrix,TACGCTCAGTGGACTG-1,SA535X8XB03434_TACGCTCAGTGGACTG-1,SA535X8XB03434,G
.cache/SCRNA10X_SA_CHIP0184_002/filtered_feature_bc_matrix,TACGCTCTCGGCCCAA-1,SA535X8XB03434_TACGCTCTCGGCCCAA-1,SA535X8XB03434,D
.cache/SCRNA10X_SA_CHIP0184_002/filtered_feature_bc_matrix,TACGGGCCACTCATAG-1,SA535X8XB03434_TACGGGCCACTCATAG-1,SA535X8XB03434,E_J
.cache/SCRNA10X_SA_CHIP0184_002/filtered_feature_bc_matrix,TACTTACAGAGAGTTT-1,SA535X8XB03434_TACTTACAGAGAGTTT-1,SA535X8XB03434,D
.cache/SCRNA10X_SA_CHIP0184_002/filtered_feature_bc_matrix,TACTTCAAGTTACGTC-1,SA535X8XB03434_TACTTCAAGTTACGTC-1,SA535X8XB03434,E_J
.cache/SCRNA10X_SA_CHIP0184_002/filtered_feature_bc_matrix,TAGCACATCGCTAAAC-1,SA535X8XB03434_TAGCACATCGCTAAAC-1,SA535X8XB03434,E_J
.cache/SCRNA10X_SA_CHIP0184_002/filtered_feature_bc_matrix,TAGGAGGAGCCTATCA-1,SA535X8XB03434_TAGGAGGAGCCTATCA-1,SA535X8XB03434,H
.cache/SCRNA10X_SA_CHIP0184_002/filtered_feature_bc_matrix,TATACCTCACTACGGC-1,SA535X8XB03434_TATACCTCACTACGGC-1,SA535X8XB03434,A
.cache/SCRNA10X_SA_CHIP0184_002/filtered_feature_bc_matrix,TATCGCCCAGACTCTA-1,SA535X8XB03434_TATCGCCCAGACTCTA-1,SA535X8XB03434,D
.cache/SCRNA10X_SA_CHIP0184_002/filtered_feature_bc_matrix,TATCTGTAGGTCCCGT-1,SA535X8XB03434_TATCTGTAGGTCCCGT-1,SA535X8XB03434,E_J
.cache/SCRNA10X_SA_CHIP0184_002/filtered_feature_bc_matrix,TATCTTGCAGAGGGTT-1,SA535X8XB03434_TATCTTGCAGAGGGTT-1,SA535X8XB03434,A
.cache/SCRNA10X_SA_CHIP0184_002/filtered_feature_bc_matrix,TATTGGGCATTGACCA-1,SA535X8XB03434_TATTGGGCATTGACCA-1,SA535X8XB03434,D
.cache/SCRNA10X_SA_CHIP0184_002/filtered_feature_bc_matrix,TCAAGTGTCCCAGCGA-1,SA535X8XB03434_TCAAGTGTCCCAGCGA-1,SA535X8XB03434,D
.cache/SCRNA10X_SA_CHIP0184_002/filtered_feature_bc_matrix,TCACGCTGTCACATTG-1,SA535X8XB03434_TCACGCTGTCACATTG-1,SA535X8XB03434,H
.cache/SCRNA10X_SA_CHIP0184_002/filtered_feature_bc_matrix,TCACTATAGGTGCGAT-1,SA535X8XB03434_TCACTATAGGTGCGAT-1,SA535X8XB03434,E_J
.cache/SCRNA10X_SA_CHIP0184_002/filtered_feature_bc_matrix,TCACTCGAGTGCCTCG-1,SA535X8XB03434_TCACTCGAGTGCCTCG-1,SA535X8XB03434,F
.cache/SCRNA10X_SA_CHIP0184_002/filtered_feature_bc_matrix,TCACTCGCAGCTCTGG-1,SA535X8XB03434_TCACTCGCAGCTCTGG-1,SA535X8XB03434,E_J
.cache/SCRNA10X_SA_CHIP0184_002/filtered_feature_bc_matrix,TCACTCGGTTAACCTG-1,SA535X8XB03434_TCACTCGGTTAACCTG-1,SA535X8XB03434,D
.cache/SCRNA10X_SA_CHIP0184_002/filtered_feature_bc_matrix,TCAGCAAAGGTCCCGT-1,SA535X8XB03434_TCAGCAAAGGTCCCGT-1,SA535X8XB03434,E_J
.cache/SCRNA10X_SA_CHIP0184_002/filtered_feature_bc_matrix,TCAGCAACACGCTGAC-1,SA535X8XB03434_TCAGCAACACGCTGAC-1,SA535X8XB03434,F
.cache/SCRNA10X_SA_CHIP0184_002/filtered_feature_bc_matrix,TCAGGTAGTGCGTTTA-1,SA535X8XB03434_TCAGGTAGTGCGTTTA-1,SA535X8XB03434,D
.cache/SCRNA10X_SA_CHIP0184_002/filtered_feature_bc_matrix,TCAGGTATCTAGGCCG-1,SA535X8XB03434_TCAGGTATCTAGGCCG-1,SA535X8XB03434,A
.cache/SCRNA10X_SA_CHIP0184_002/filtered_feature_bc_matrix,TCAGTGATCCGTATAG-1,SA535X8XB03434_TCAGTGATCCGTATAG-1,SA535X8XB03434,E_J
.cache/SCRNA10X_SA_CHIP0184_002/filtered_feature_bc_matrix,TCATCATGTGAATAAC-1,SA535X8XB03434_TCATCATGTGAATAAC-1,SA535X8XB03434,D
.cache/SCRNA10X_SA_CHIP0184_002/filtered_feature_bc_matrix,TCCACCAAGGTATCTC-1,SA535X8XB03434_TCCACCAAGGTATCTC-1,SA535X8XB03434,G
.cache/SCRNA10X_SA_CHIP0184_002/filtered_feature_bc_matrix,TCCAGAAAGTCTTCCC-1,SA535X8XB03434_TCCAGAAAGTCTTCCC-1,SA535X8XB03434,D
.cache/SCRNA10X_SA_CHIP0184_002/filtered_feature_bc_matrix,TCCCACAAGGTCGTCC-1,SA535X8XB03434_TCCCACAAGGTCGTCC-1,SA535X8XB03434,D
.cache/SCRNA10X_SA_CHIP0184_002/filtered_feature_bc_matrix,TCCCAGTGTAGCGCCT-1,SA535X8XB03434_TCCCAGTGTAGCGCCT-1,SA535X8XB03434,E_J
.cache/SCRNA10X_SA_CHIP0184_002/filtered_feature_bc_matrix,TCCGTGTGTGGTCTTA-1,SA535X8XB03434_TCCGTGTGTGGTCTTA-1,SA535X8XB03434,D
.cache/SCRNA10X_SA_CHIP0184_002/filtered_feature_bc_matrix,TCCGTGTTCTTCTGTA-1,SA535X8XB03434_TCCGTGTTCTTCTGTA-1,SA535X8XB03434,G
.cache/SCRNA10X_SA_CHIP0184_002/filtered_feature_bc_matrix,TCGAACAAGTTAACGA-1,SA535X8XB03434_TCGAACAAGTTAACGA-1,SA535X8XB03434,E_J
.cache/SCRNA10X_SA_CHIP0184_002/filtered_feature_bc_matrix,TCGACCTTCCACTTTA-1,SA535X8XB03434_TCGACCTTCCACTTTA-1,SA535X8XB03434,A
.cache/SCRNA10X_SA_CHIP0184_002/filtered_feature_bc_matrix,TCGACGGCACCGTCGA-1,SA535X8XB03434_TCGACGGCACCGTCGA-1,SA535X8XB03434,D
.cache/SCRNA10X_SA_CHIP0184_002/filtered_feature_bc_matrix,TCGACGGCAGAAGCGT-1,SA535X8XB03434_TCGACGGCAGAAGCGT-1,SA535X8XB03434,D
.cache/SCRNA10X_SA_CHIP0184_002/filtered_feature_bc_matrix,TCGACGGGTGCATGTT-1,SA535X8XB03434_TCGACGGGTGCATGTT-1,SA535X8XB03434,D
.cache/SCRNA10X_SA_CHIP0184_002/filtered_feature_bc_matrix,TCGACGGTCAGACAAA-1,SA535X8XB03434_TCGACGGTCAGACAAA-1,SA535X8XB03434,G
.cache/SCRNA10X_SA_CHIP0184_002/filtered_feature_bc_matrix,TCGCACTTCCGGCAGT-1,SA535X8XB03434_TCGCACTTCCGGCAGT-1,SA535X8XB03434,E_J
.cache/SCRNA10X_SA_CHIP0184_002/filtered_feature_bc_matrix,TCGCTTGAGGGTTGCA-1,SA535X8XB03434_TCGCTTGAGGGTTGCA-1,SA535X8XB03434,A
.cache/SCRNA10X_SA_CHIP0184_002/filtered_feature_bc_matrix,TCGGATAGTTAACCTG-1,SA535X8XB03434_TCGGATAGTTAACCTG-1,SA535X8XB03434,E_J
.cache/SCRNA10X_SA_CHIP0184_002/filtered_feature_bc_matrix,TCGGGACAGTAAGGGA-1,SA535X8XB03434_TCGGGACAGTAAGGGA-1,SA535X8XB03434,E_J
.cache/SCRNA10X_SA_CHIP0184_002/filtered_feature_bc_matrix,TCGGGTGCAGCTGAGA-1,SA535X8XB03434_TCGGGTGCAGCTGAGA-1,SA535X8XB03434,G
.cache/SCRNA10X_SA_CHIP0184_002/filtered_feature_bc_matrix,TCGTGCTAGCGTTCAT-1,SA535X8XB03434_TCGTGCTAGCGTTCAT-1,SA535X8XB03434,H
.cache/SCRNA10X_SA_CHIP0184_002/filtered_feature_bc_matrix,TCTACATTCAACCTCC-1,SA535X8XB03434_TCTACATTCAACCTCC-1,SA535X8XB03434,D
.cache/SCRNA10X_SA_CHIP0184_002/filtered_feature_bc_matrix,TCTATACGTCAAACGG-1,SA535X8XB03434_TCTATACGTCAAACGG-1,SA535X8XB03434,D
.cache/SCRNA10X_SA_CHIP0184_002/filtered_feature_bc_matrix,TCTATCAGTCATCTAG-1,SA535X8XB03434_TCTATCAGTCATCTAG-1,SA535X8XB03434,F
.cache/SCRNA10X_SA_CHIP0184_002/filtered_feature_bc_matrix,TCTATCAGTCCTTAAG-1,SA535X8XB03434_TCTATCAGTCCTTAAG-1,SA535X8XB03434,D
.cache/SCRNA10X_SA_CHIP0184_002/filtered_feature_bc_matrix,TCTCACGGTGATAGAT-1,SA535X8XB03434_TCTCACGGTGATAGAT-1,SA535X8XB03434,F
.cache/SCRNA10X_SA_CHIP0184_002/filtered_feature_bc_matrix,TCTCAGCCACACGGTC-1,SA535X8XB03434_TCTCAGCCACACGGTC-1,SA535X8XB03434,D
.cache/SCRNA10X_SA_CHIP0184_002/filtered_feature_bc_matrix,TCTGGCTTCCCGGTAG-1,SA535X8XB03434_TCTGGCTTCCCGGTAG-1,SA535X8XB03434,unassigned
.cache/SCRNA10X_SA_CHIP0184_002/filtered_feature_bc_matrix,TCTGTCGCAGAGGCAT-1,SA535X8XB03434_TCTGTCGCAGAGGCAT-1,SA535X8XB03434,G
.cache/SCRNA10X_SA_CHIP0184_002/filtered_feature_bc_matrix,TCTGTCGGTTCAGGTT-1,SA535X8XB03434_TCTGTCGGTTCAGGTT-1,SA535X8XB03434,H
.cache/SCRNA10X_SA_CHIP0184_002/filtered_feature_bc_matrix,TCTTTGACAATTCTTC-1,SA535X8XB03434_TCTTTGACAATTCTTC-1,SA535X8XB03434,E_J
.cache/SCRNA10X_SA_CHIP0184_002/filtered_feature_bc_matrix,TGAACGTCAGAGCTAG-1,SA535X8XB03434_TGAACGTCAGAGCTAG-1,SA535X8XB03434,E_J
.cache/SCRNA10X_SA_CHIP0184_002/filtered_feature_bc_matrix,TGAACGTCATTGACCA-1,SA535X8XB03434_TGAACGTCATTGACCA-1,SA535X8XB03434,F
.cache/SCRNA10X_SA_CHIP0184_002/filtered_feature_bc_matrix,TGAACGTGTTGGGAAC-1,SA535X8XB03434_TGAACGTGTTGGGAAC-1,SA535X8XB03434,D
.cache/SCRNA10X_SA_CHIP0184_002/filtered_feature_bc_matrix,TGAATCGGTAGCTTTG-1,SA535X8XB03434_TGAATCGGTAGCTTTG-1,SA535X8XB03434,E_J
.cache/SCRNA10X_SA_CHIP0184_002/filtered_feature_bc_matrix,TGAATCGTCATTGGTG-1,SA535X8XB03434_TGAATCGTCATTGGTG-1,SA535X8XB03434,E_J
.cache/SCRNA10X_SA_CHIP0184_002/filtered_feature_bc_matrix,TGACAGTCATTGACTG-1,SA535X8XB03434_TGACAGTCATTGACTG-1,SA535X8XB03434,G
.cache/SCRNA10X_SA_CHIP0184_002/filtered_feature_bc_matrix,TGACAGTGTATACCTG-1,SA535X8XB03434_TGACAGTGTATACCTG-1,SA535X8XB03434,H
.cache/SCRNA10X_SA_CHIP0184_002/filtered_feature_bc_matrix,TGACAGTGTTCCGTTC-1,SA535X8XB03434_TGACAGTGTTCCGTTC-1,SA535X8XB03434,H
.cache/SCRNA10X_SA_CHIP0184_002/filtered_feature_bc_matrix,TGACAGTGTTGTACGT-1,SA535X8XB03434_TGACAGTGTTGTACGT-1,SA535X8XB03434,E_J
.cache/SCRNA10X_SA_CHIP0184_002/filtered_feature_bc_matrix,TGACGCGTCACCTACC-1,SA535X8XB03434_TGACGCGTCACCTACC-1,SA535X8XB03434,G
.cache/SCRNA10X_SA_CHIP0184_002/filtered_feature_bc_matrix,TGACTCCTCAAACGTC-1,SA535X8XB03434_TGACTCCTCAAACGTC-1,SA535X8XB03434,E_J
.cache/SCRNA10X_SA_CHIP0184_002/filtered_feature_bc_matrix,TGAGACTTCCGGTAGC-1,SA535X8XB03434_TGAGACTTCCGGTAGC-1,SA535X8XB03434,E_J
.cache/SCRNA10X_SA_CHIP0184_002/filtered_feature_bc_matrix,TGAGCGCAGGAGTATT-1,SA535X8XB03434_TGAGCGCAGGAGTATT-1,SA535X8XB03434,E_J
.cache/SCRNA10X_SA_CHIP0184_002/filtered_feature_bc_matrix,TGAGGGAAGAGCCTGA-1,SA535X8XB03434_TGAGGGAAGAGCCTGA-1,SA535X8XB03434,D
.cache/SCRNA10X_SA_CHIP0184_002/filtered_feature_bc_matrix,TGAGGGAGTGCCCGTA-1,SA535X8XB03434_TGAGGGAGTGCCCGTA-1,SA535X8XB03434,D
.cache/SCRNA10X_SA_CHIP0184_002/filtered_feature_bc_matrix,TGAGGTTTCAACGCTA-1,SA535X8XB03434_TGAGGTTTCAACGCTA-1,SA535X8XB03434,E_J
.cache/SCRNA10X_SA_CHIP0184_002/filtered_feature_bc_matrix,TGAGGTTTCTGCTCTG-1,SA535X8XB03434_TGAGGTTTCTGCTCTG-1,SA535X8XB03434,G
.cache/SCRNA10X_SA_CHIP0184_002/filtered_feature_bc_matrix,TGATGGTCACGCTGTG-1,SA535X8XB03434_TGATGGTCACGCTGTG-1,SA535X8XB03434,H
.cache/SCRNA10X_SA_CHIP0184_002/filtered_feature_bc_matrix,TGCACGGAGTTCCGGC-1,SA535X8XB03434_TGCACGGAGTTCCGGC-1,SA535X8XB03434,F
.cache/SCRNA10X_SA_CHIP0184_002/filtered_feature_bc_matrix,TGCAGGCTCTCATGCC-1,SA535X8XB03434_TGCAGGCTCTCATGCC-1,SA535X8XB03434,D
.cache/SCRNA10X_SA_CHIP0184_002/filtered_feature_bc_matrix,TGCCGAGTCATCACCC-1,SA535X8XB03434_TGCCGAGTCATCACCC-1,SA535X8XB03434,D
.cache/SCRNA10X_SA_CHIP0184_002/filtered_feature_bc_matrix,TGCGGGTGTCCAAGAG-1,SA535X8XB03434_TGCGGGTGTCCAAGAG-1,SA535X8XB03434,unassigned
.cache/SCRNA10X_SA_CHIP0184_002/filtered_feature_bc_matrix,TGCGGGTGTCGAATGG-1,SA535X8XB03434_TGCGGGTGTCGAATGG-1,SA535X8XB03434,G
.cache/SCRNA10X_SA_CHIP0184_002/filtered_feature_bc_matrix,TGCTCCATCATGCTAG-1,SA535X8XB03434_TGCTCCATCATGCTAG-1,SA535X8XB03434,D
.cache/SCRNA10X_SA_CHIP0184_002/filtered_feature_bc_matrix,TGCTTCGTCAGCTGAT-1,SA535X8XB03434_TGCTTCGTCAGCTGAT-1,SA535X8XB03434,E_J
.cache/SCRNA10X_SA_CHIP0184_002/filtered_feature_bc_matrix,TGCTTCGTCTTACGGA-1,SA535X8XB03434_TGCTTCGTCTTACGGA-1,SA535X8XB03434,G
.cache/SCRNA10X_SA_CHIP0184_002/filtered_feature_bc_matrix,TGGAACTCACACAGCC-1,SA535X8XB03434_TGGAACTCACACAGCC-1,SA535X8XB03434,D
.cache/SCRNA10X_SA_CHIP0184_002/filtered_feature_bc_matrix,TGGATCATCGAACCAT-1,SA535X8XB03434_TGGATCATCGAACCAT-1,SA535X8XB03434,unassigned
.cache/SCRNA10X_SA_CHIP0184_002/filtered_feature_bc_matrix,TGGGATTCACACGCCA-1,SA535X8XB03434_TGGGATTCACACGCCA-1,SA535X8XB03434,unassigned
.cache/SCRNA10X_SA_CHIP0184_002/filtered_feature_bc_matrix,TGGGATTCATTCTTCA-1,SA535X8XB03434_TGGGATTCATTCTTCA-1,SA535X8XB03434,E_J
.cache/SCRNA10X_SA_CHIP0184_002/filtered_feature_bc_matrix,TGGGCGTCAAGGTACG-1,SA535X8XB03434_TGGGCGTCAAGGTACG-1,SA535X8XB03434,D
.cache/SCRNA10X_SA_CHIP0184_002/filtered_feature_bc_matrix,TGTAAGCGTTGGTAGG-1,SA535X8XB03434_TGTAAGCGTTGGTAGG-1,SA535X8XB03434,G
.cache/SCRNA10X_SA_CHIP0184_002/filtered_feature_bc_matrix,TGTAGACAGCAGCACA-1,SA535X8XB03434_TGTAGACAGCAGCACA-1,SA535X8XB03434,A
.cache/SCRNA10X_SA_CHIP0184_002/filtered_feature_bc_matrix,TGTCAGATCGGTTAGT-1,SA535X8XB03434_TGTCAGATCGGTTAGT-1,SA535X8XB03434,G
.cache/SCRNA10X_SA_CHIP0184_002/filtered_feature_bc_matrix,TGTCAGATCTATGTGG-1,SA535X8XB03434_TGTCAGATCTATGTGG-1,SA535X8XB03434,G
.cache/SCRNA10X_SA_CHIP0184_002/filtered_feature_bc_matrix,TGTCCACCAACCGATT-1,SA535X8XB03434_TGTCCACCAACCGATT-1,SA535X8XB03434,D
.cache/SCRNA10X_SA_CHIP0184_002/filtered_feature_bc_matrix,TGTCCCAGTGCAGTGA-1,SA535X8XB03434_TGTCCCAGTGCAGTGA-1,SA535X8XB03434,F
.cache/SCRNA10X_SA_CHIP0184_002/filtered_feature_bc_matrix,TGTGAGTTCCAGTGCG-1,SA535X8XB03434_TGTGAGTTCCAGTGCG-1,SA535X8XB03434,A
.cache/SCRNA10X_SA_CHIP0184_002/filtered_feature_bc_matrix,TGTGGCGCAAGATCCT-1,SA535X8XB03434_TGTGGCGCAAGATCCT-1,SA535X8XB03434,E_J
.cache/SCRNA10X_SA_CHIP0184_002/filtered_feature_bc_matrix,TGTTGAGTCCAACACA-1,SA535X8XB03434_TGTTGAGTCCAACACA-1,SA535X8XB03434,D
.cache/SCRNA10X_SA_CHIP0184_002/filtered_feature_bc_matrix,TTACAGGCAGCCCACA-1,SA535X8XB03434_TTACAGGCAGCCCACA-1,SA535X8XB03434,E_J
.cache/SCRNA10X_SA_CHIP0184_002/filtered_feature_bc_matrix,TTACCATGTAAGGCCA-1,SA535X8XB03434_TTACCATGTAAGGCCA-1,SA535X8XB03434,F
.cache/SCRNA10X_SA_CHIP0184_002/filtered_feature_bc_matrix,TTACGCCAGCGACAGT-1,SA535X8XB03434_TTACGCCAGCGACAGT-1,SA535X8XB03434,unassigned
.cache/SCRNA10X_SA_CHIP0184_002/filtered_feature_bc_matrix,TTAGTCTTCGGCTGTG-1,SA535X8XB03434_TTAGTCTTCGGCTGTG-1,SA535X8XB03434,E_J
.cache/SCRNA10X_SA_CHIP0184_002/filtered_feature_bc_matrix,TTATTGCAGCTCGCAC-1,SA535X8XB03434_TTATTGCAGCTCGCAC-1,SA535X8XB03434,E_J
.cache/SCRNA10X_SA_CHIP0184_002/filtered_feature_bc_matrix,TTCAATCTCTCAATCT-1,SA535X8XB03434_TTCAATCTCTCAATCT-1,SA535X8XB03434,F
.cache/SCRNA10X_SA_CHIP0184_002/filtered_feature_bc_matrix,TTCAGGACAACAGAGC-1,SA535X8XB03434_TTCAGGACAACAGAGC-1,SA535X8XB03434,A
.cache/SCRNA10X_SA_CHIP0184_002/filtered_feature_bc_matrix,TTCATGTGTTTGGAGG-1,SA535X8XB03434_TTCATGTGTTTGGAGG-1,SA535X8XB03434,D
.cache/SCRNA10X_SA_CHIP0184_002/filtered_feature_bc_matrix,TTCCACGCACTACACA-1,SA535X8XB03434_TTCCACGCACTACACA-1,SA535X8XB03434,F
.cache/SCRNA10X_SA_CHIP0184_002/filtered_feature_bc_matrix,TTCCACGGTCGATTCA-1,SA535X8XB03434_TTCCACGGTCGATTCA-1,SA535X8XB03434,G
.cache/SCRNA10X_SA_CHIP0184_002/filtered_feature_bc_matrix,TTCCGTGAGCTCCATA-1,SA535X8XB03434_TTCCGTGAGCTCCATA-1,SA535X8XB03434,D
.cache/SCRNA10X_SA_CHIP0184_002/filtered_feature_bc_matrix,TTCCGTGCACGGCTAC-1,SA535X8XB03434_TTCCGTGCACGGCTAC-1,SA535X8XB03434,E_J
.cache/SCRNA10X_SA_CHIP0184_002/filtered_feature_bc_matrix,TTCCTAACACGAAAGC-1,SA535X8XB03434_TTCCTAACACGAAAGC-1,SA535X8XB03434,E_J
.cache/SCRNA10X_SA_CHIP0184_002/filtered_feature_bc_matrix,TTCCTTCCATTACTCT-1,SA535X8XB03434_TTCCTTCCATTACTCT-1,SA535X8XB03434,D
.cache/SCRNA10X_SA_CHIP0184_002/filtered_feature_bc_matrix,TTCGCTGGTTACCGTA-1,SA535X8XB03434_TTCGCTGGTTACCGTA-1,SA535X8XB03434,E_J
.cache/SCRNA10X_SA_CHIP0184_002/filtered_feature_bc_matrix,TTCGGTCAGATGTTAG-1,SA535X8XB03434_TTCGGTCAGATGTTAG-1,SA535X8XB03434,E_J
.cache/SCRNA10X_SA_CHIP0184_002/filtered_feature_bc_matrix,TTCTTCCCACAGCATT-1,SA535X8XB03434_TTCTTCCCACAGCATT-1,SA535X8XB03434,D
.cache/SCRNA10X_SA_CHIP0184_002/filtered_feature_bc_matrix,TTCTTCCCATATGAAG-1,SA535X8XB03434_TTCTTCCCATATGAAG-1,SA535X8XB03434,E_J
.cache/SCRNA10X_SA_CHIP0184_002/filtered_feature_bc_matrix,TTCTTGACAATGCTCA-1,SA535X8XB03434_TTCTTGACAATGCTCA-1,SA535X8XB03434,unassigned
.cache/SCRNA10X_SA_CHIP0184_002/filtered_feature_bc_matrix,TTGCATTTCTCTTAAC-1,SA535X8XB03434_TTGCATTTCTCTTAAC-1,SA535X8XB03434,F
.cache/SCRNA10X_SA_CHIP0184_002/filtered_feature_bc_matrix,TTGCGTCTCAGCGGAA-1,SA535X8XB03434_TTGCGTCTCAGCGGAA-1,SA535X8XB03434,E_J
.cache/SCRNA10X_SA_CHIP0184_002/filtered_feature_bc_matrix,TTGCTGCCAATGAAAC-1,SA535X8XB03434_TTGCTGCCAATGAAAC-1,SA535X8XB03434,A
.cache/SCRNA10X_SA_CHIP0184_002/filtered_feature_bc_matrix,TTGGGATCATGAGATA-1,SA535X8XB03434_TTGGGATCATGAGATA-1,SA535X8XB03434,A
.cache/SCRNA10X_SA_CHIP0184_002/filtered_feature_bc_matrix,TTGTGGACACAGAAGC-1,SA535X8XB03434_TTGTGGACACAGAAGC-1,SA535X8XB03434,E_J
.cache/SCRNA10X_SA_CHIP0184_002/filtered_feature_bc_matrix,TTGTTGTAGGCTCCCA-1,SA535X8XB03434_TTGTTGTAGGCTCCCA-1,SA535X8XB03434,E_J
.cache/SCRNA10X_SA_CHIP0184_002/filtered_feature_bc_matrix,TTGTTGTCAAACTAGA-1,SA535X8XB03434_TTGTTGTCAAACTAGA-1,SA535X8XB03434,E_J
.cache/SCRNA10X_SA_CHIP0184_002/filtered_feature_bc_matrix,TTGTTGTTCCATTTAC-1,SA535X8XB03434_TTGTTGTTCCATTTAC-1,SA535X8XB03434,D
.cache/SCRNA10X_SA_CHIP0184_002/filtered_feature_bc_matrix,TTTAGTCTCGTAGGAG-1,SA535X8XB03434_TTTAGTCTCGTAGGAG-1,SA535X8XB03434,D
.cache/SCRNA10X_SA_CHIP0184_002/filtered_feature_bc_matrix,TTTCACAGTCTCAGAT-1,SA535X8XB03434_TTTCACAGTCTCAGAT-1,SA535X8XB03434,D
.cache/SCRNA10X_SA_CHIP0184_002/filtered_feature_bc_matrix,TTTCGATCAGGAATAT-1,SA535X8XB03434_TTTCGATCAGGAATAT-1,SA535X8XB03434,D
.cache/SCRNA10X_SA_CHIP0184_002/filtered_feature_bc_matrix,TTTGACTTCATTTCCA-1,SA535X8XB03434_TTTGACTTCATTTCCA-1,SA535X8XB03434,H
.cache/SCRNA10X_SA_CHIP0184_002/filtered_feature_bc_matrix,TTTGATCAGTCAGAGC-1,SA535X8XB03434_TTTGATCAGTCAGAGC-1,SA535X8XB03434,A
.cache/SCRNA10X_SA_CHIP0184_002/filtered_feature_bc_matrix,TTTGATCCATTGACTG-1,SA535X8XB03434_TTTGATCCATTGACTG-1,SA535X8XB03434,F
.cache/SCRNA10X_SA_CHIP0184_002/filtered_feature_bc_matrix,TTTGATCGTGAGCCAA-1,SA535X8XB03434_TTTGATCGTGAGCCAA-1,SA535X8XB03434,D
