Sample,Barcode,cell_id,id,clone
.cache/SCRNA10X_SA_CHIP0189_001/filtered_feature_bc_matrix,AAACGAACACTGCTTC-1,SA535X7XB03448_AAACGAACACTGCTTC-1,SA535X7XB03448,B_C
.cache/SCRNA10X_SA_CHIP0189_001/filtered_feature_bc_matrix,AAACGCTTCGTTCTGC-1,SA535X7XB03448_AAACGCTTCGTTCTGC-1,SA535X7XB03448,B_C
.cache/SCRNA10X_SA_CHIP0189_001/filtered_feature_bc_matrix,AAAGGGCCAGATTCGT-1,SA535X7XB03448_AAAGGGCCAGATTCGT-1,SA535X7XB03448,B_C
.cache/SCRNA10X_SA_CHIP0189_001/filtered_feature_bc_matrix,AAAGTCCCATCGTTCC-1,SA535X7XB03448_AAAGTCCCATCGTTCC-1,SA535X7XB03448,B_C
.cache/SCRNA10X_SA_CHIP0189_001/filtered_feature_bc_matrix,AACAACCAGCCTTCTC-1,SA535X7XB03448_AACAACCAGCCTTCTC-1,SA535X7XB03448,G
.cache/SCRNA10X_SA_CHIP0189_001/filtered_feature_bc_matrix,AACAAGAAGATTGAGT-1,SA535X7XB03448_AACAAGAAGATTGAGT-1,SA535X7XB03448,B_C
.cache/SCRNA10X_SA_CHIP0189_001/filtered_feature_bc_matrix,AACAAGACACTCGATA-1,SA535X7XB03448_AACAAGACACTCGATA-1,SA535X7XB03448,B_C
.cache/SCRNA10X_SA_CHIP0189_001/filtered_feature_bc_matrix,AACACACGTGCACATT-1,SA535X7XB03448_AACACACGTGCACATT-1,SA535X7XB03448,B_C
.cache/SCRNA10X_SA_CHIP0189_001/filtered_feature_bc_matrix,AACAGGGAGTAGGATT-1,SA535X7XB03448_AACAGGGAGTAGGATT-1,SA535X7XB03448,G
.cache/SCRNA10X_SA_CHIP0189_001/filtered_feature_bc_matrix,AACCAACGTTGGGTAG-1,SA535X7XB03448_AACCAACGTTGGGTAG-1,SA535X7XB03448,B_C
.cache/SCRNA10X_SA_CHIP0189_001/filtered_feature_bc_matrix,AACCCAAAGAGTACCG-1,SA535X7XB03448_AACCCAAAGAGTACCG-1,SA535X7XB03448,G
.cache/SCRNA10X_SA_CHIP0189_001/filtered_feature_bc_matrix,AACCTGAAGCGGTAAC-1,SA535X7XB03448_AACCTGAAGCGGTAAC-1,SA535X7XB03448,B_C
.cache/SCRNA10X_SA_CHIP0189_001/filtered_feature_bc_matrix,AACCTTTCAGCGACAA-1,SA535X7XB03448_AACCTTTCAGCGACAA-1,SA535X7XB03448,B_C
.cache/SCRNA10X_SA_CHIP0189_001/filtered_feature_bc_matrix,AACGAAACATGTTACG-1,SA535X7XB03448_AACGAAACATGTTACG-1,SA535X7XB03448,B_C
.cache/SCRNA10X_SA_CHIP0189_001/filtered_feature_bc_matrix,AAGACAAAGGCCCAAA-1,SA535X7XB03448_AAGACAAAGGCCCAAA-1,SA535X7XB03448,B_C
.cache/SCRNA10X_SA_CHIP0189_001/filtered_feature_bc_matrix,AAGACTCAGAATTGTG-1,SA535X7XB03448_AAGACTCAGAATTGTG-1,SA535X7XB03448,B_C
.cache/SCRNA10X_SA_CHIP0189_001/filtered_feature_bc_matrix,AAGACTCTCGAAGCAG-1,SA535X7XB03448_AAGACTCTCGAAGCAG-1,SA535X7XB03448,G
.cache/SCRNA10X_SA_CHIP0189_001/filtered_feature_bc_matrix,AAGCATCAGACCTGGA-1,SA535X7XB03448_AAGCATCAGACCTGGA-1,SA535X7XB03448,B_C
.cache/SCRNA10X_SA_CHIP0189_001/filtered_feature_bc_matrix,AAGCATCAGCCATTGT-1,SA535X7XB03448_AAGCATCAGCCATTGT-1,SA535X7XB03448,B_C
.cache/SCRNA10X_SA_CHIP0189_001/filtered_feature_bc_matrix,AAGCATCCAGGATGAC-1,SA535X7XB03448_AAGCATCCAGGATGAC-1,SA535X7XB03448,B_C
.cache/SCRNA10X_SA_CHIP0189_001/filtered_feature_bc_matrix,AAGCATCTCAGACTGT-1,SA535X7XB03448_AAGCATCTCAGACTGT-1,SA535X7XB03448,B_C
.cache/SCRNA10X_SA_CHIP0189_001/filtered_feature_bc_matrix,AAGCCATCAAGCAATA-1,SA535X7XB03448_AAGCCATCAAGCAATA-1,SA535X7XB03448,B_C
.cache/SCRNA10X_SA_CHIP0189_001/filtered_feature_bc_matrix,AAGCGAGCAATTGCGT-1,SA535X7XB03448_AAGCGAGCAATTGCGT-1,SA535X7XB03448,B_C
.cache/SCRNA10X_SA_CHIP0189_001/filtered_feature_bc_matrix,AAGCGTTCATGACTCA-1,SA535X7XB03448_AAGCGTTCATGACTCA-1,SA535X7XB03448,G
.cache/SCRNA10X_SA_CHIP0189_001/filtered_feature_bc_matrix,AAGGAATAGGTCTGGA-1,SA535X7XB03448_AAGGAATAGGTCTGGA-1,SA535X7XB03448,B_C
.cache/SCRNA10X_SA_CHIP0189_001/filtered_feature_bc_matrix,AAGGTAAGTGGGTATG-1,SA535X7XB03448_AAGGTAAGTGGGTATG-1,SA535X7XB03448,B_C
.cache/SCRNA10X_SA_CHIP0189_001/filtered_feature_bc_matrix,AAGTACCGTTAAGACA-1,SA535X7XB03448_AAGTACCGTTAAGACA-1,SA535X7XB03448,B_C
.cache/SCRNA10X_SA_CHIP0189_001/filtered_feature_bc_matrix,AAGTCGTCACCCAACG-1,SA535X7XB03448_AAGTCGTCACCCAACG-1,SA535X7XB03448,B_C
.cache/SCRNA10X_SA_CHIP0189_001/filtered_feature_bc_matrix,AAGTCGTTCGATAACC-1,SA535X7XB03448_AAGTCGTTCGATAACC-1,SA535X7XB03448,B_C
.cache/SCRNA10X_SA_CHIP0189_001/filtered_feature_bc_matrix,AAGTTCGTCGTTGTAG-1,SA535X7XB03448_AAGTTCGTCGTTGTAG-1,SA535X7XB03448,B_C
.cache/SCRNA10X_SA_CHIP0189_001/filtered_feature_bc_matrix,AATAGAGCAAATCCCA-1,SA535X7XB03448_AATAGAGCAAATCCCA-1,SA535X7XB03448,G
.cache/SCRNA10X_SA_CHIP0189_001/filtered_feature_bc_matrix,AATCACGCATGACAAA-1,SA535X7XB03448_AATCACGCATGACAAA-1,SA535X7XB03448,B_C
.cache/SCRNA10X_SA_CHIP0189_001/filtered_feature_bc_matrix,AATCGTGCATTGCAAC-1,SA535X7XB03448_AATCGTGCATTGCAAC-1,SA535X7XB03448,B_C
.cache/SCRNA10X_SA_CHIP0189_001/filtered_feature_bc_matrix,AATGACCGTGACGTCC-1,SA535X7XB03448_AATGACCGTGACGTCC-1,SA535X7XB03448,D
.cache/SCRNA10X_SA_CHIP0189_001/filtered_feature_bc_matrix,AATGCCACAGGACATG-1,SA535X7XB03448_AATGCCACAGGACATG-1,SA535X7XB03448,B_C
.cache/SCRNA10X_SA_CHIP0189_001/filtered_feature_bc_matrix,AATGGAAGTGCGAGTA-1,SA535X7XB03448_AATGGAAGTGCGAGTA-1,SA535X7XB03448,B_C
.cache/SCRNA10X_SA_CHIP0189_001/filtered_feature_bc_matrix,AATTTCCTCTTCGTAT-1,SA535X7XB03448_AATTTCCTCTTCGTAT-1,SA535X7XB03448,G
.cache/SCRNA10X_SA_CHIP0189_001/filtered_feature_bc_matrix,ACAAAGAAGGCTAAAT-1,SA535X7XB03448_ACAAAGAAGGCTAAAT-1,SA535X7XB03448,B_C
.cache/SCRNA10X_SA_CHIP0189_001/filtered_feature_bc_matrix,ACAACCAAGTGCACTT-1,SA535X7XB03448_ACAACCAAGTGCACTT-1,SA535X7XB03448,B_C
.cache/SCRNA10X_SA_CHIP0189_001/filtered_feature_bc_matrix,ACACAGTTCGACGATT-1,SA535X7XB03448_ACACAGTTCGACGATT-1,SA535X7XB03448,B_C
.cache/SCRNA10X_SA_CHIP0189_001/filtered_feature_bc_matrix,ACACCAAAGGTCCTGC-1,SA535X7XB03448_ACACCAAAGGTCCTGC-1,SA535X7XB03448,G
.cache/SCRNA10X_SA_CHIP0189_001/filtered_feature_bc_matrix,ACACGCGCACATTCTT-1,SA535X7XB03448_ACACGCGCACATTCTT-1,SA535X7XB03448,B_C
.cache/SCRNA10X_SA_CHIP0189_001/filtered_feature_bc_matrix,ACACGCGGTTTACCAG-1,SA535X7XB03448_ACACGCGGTTTACCAG-1,SA535X7XB03448,B_C
.cache/SCRNA10X_SA_CHIP0189_001/filtered_feature_bc_matrix,ACACTGATCACTGTCC-1,SA535X7XB03448_ACACTGATCACTGTCC-1,SA535X7XB03448,G
.cache/SCRNA10X_SA_CHIP0189_001/filtered_feature_bc_matrix,ACAGCCGCAGGTCCGT-1,SA535X7XB03448_ACAGCCGCAGGTCCGT-1,SA535X7XB03448,B_C
.cache/SCRNA10X_SA_CHIP0189_001/filtered_feature_bc_matrix,ACAGGGACAATCCAGT-1,SA535X7XB03448_ACAGGGACAATCCAGT-1,SA535X7XB03448,B_C
.cache/SCRNA10X_SA_CHIP0189_001/filtered_feature_bc_matrix,ACAGGGACAGTGGCTC-1,SA535X7XB03448_ACAGGGACAGTGGCTC-1,SA535X7XB03448,B_C
.cache/SCRNA10X_SA_CHIP0189_001/filtered_feature_bc_matrix,ACATCCCGTACTGCCG-1,SA535X7XB03448_ACATCCCGTACTGCCG-1,SA535X7XB03448,B_C
.cache/SCRNA10X_SA_CHIP0189_001/filtered_feature_bc_matrix,ACATCGACACCTGTCT-1,SA535X7XB03448_ACATCGACACCTGTCT-1,SA535X7XB03448,B_C
.cache/SCRNA10X_SA_CHIP0189_001/filtered_feature_bc_matrix,ACCAAACCAAACTAGA-1,SA535X7XB03448_ACCAAACCAAACTAGA-1,SA535X7XB03448,G
.cache/SCRNA10X_SA_CHIP0189_001/filtered_feature_bc_matrix,ACCACAATCTTTGCAT-1,SA535X7XB03448_ACCACAATCTTTGCAT-1,SA535X7XB03448,B_C
.cache/SCRNA10X_SA_CHIP0189_001/filtered_feature_bc_matrix,ACCCTCAGTATCGATC-1,SA535X7XB03448_ACCCTCAGTATCGATC-1,SA535X7XB03448,B_C
.cache/SCRNA10X_SA_CHIP0189_001/filtered_feature_bc_matrix,ACCTACCAGTTGGAGC-1,SA535X7XB03448_ACCTACCAGTTGGAGC-1,SA535X7XB03448,G
.cache/SCRNA10X_SA_CHIP0189_001/filtered_feature_bc_matrix,ACCTGTCGTTGCTTGA-1,SA535X7XB03448_ACCTGTCGTTGCTTGA-1,SA535X7XB03448,B_C
.cache/SCRNA10X_SA_CHIP0189_001/filtered_feature_bc_matrix,ACGATCACATGGTACT-1,SA535X7XB03448_ACGATCACATGGTACT-1,SA535X7XB03448,B_C
.cache/SCRNA10X_SA_CHIP0189_001/filtered_feature_bc_matrix,ACGATGTGTCAGGCAA-1,SA535X7XB03448_ACGATGTGTCAGGCAA-1,SA535X7XB03448,B_C
.cache/SCRNA10X_SA_CHIP0189_001/filtered_feature_bc_matrix,ACGGGTCTCGATTGAC-1,SA535X7XB03448_ACGGGTCTCGATTGAC-1,SA535X7XB03448,B_C
.cache/SCRNA10X_SA_CHIP0189_001/filtered_feature_bc_matrix,ACGGTCGGTCGTGGAA-1,SA535X7XB03448_ACGGTCGGTCGTGGAA-1,SA535X7XB03448,B_C
.cache/SCRNA10X_SA_CHIP0189_001/filtered_feature_bc_matrix,ACGGTCGGTGCTCGTG-1,SA535X7XB03448_ACGGTCGGTGCTCGTG-1,SA535X7XB03448,B_C
.cache/SCRNA10X_SA_CHIP0189_001/filtered_feature_bc_matrix,ACGTAACCAACTGCCG-1,SA535X7XB03448_ACGTAACCAACTGCCG-1,SA535X7XB03448,B_C
.cache/SCRNA10X_SA_CHIP0189_001/filtered_feature_bc_matrix,ACGTAACGTTACTCAG-1,SA535X7XB03448_ACGTAACGTTACTCAG-1,SA535X7XB03448,B_C
.cache/SCRNA10X_SA_CHIP0189_001/filtered_feature_bc_matrix,ACGTAGTTCAAGAGGC-1,SA535X7XB03448_ACGTAGTTCAAGAGGC-1,SA535X7XB03448,F
.cache/SCRNA10X_SA_CHIP0189_001/filtered_feature_bc_matrix,ACGTCCTTCTTAAGGC-1,SA535X7XB03448_ACGTCCTTCTTAAGGC-1,SA535X7XB03448,G
.cache/SCRNA10X_SA_CHIP0189_001/filtered_feature_bc_matrix,ACGTTCCAGAGAGGTA-1,SA535X7XB03448_ACGTTCCAGAGAGGTA-1,SA535X7XB03448,B_C
.cache/SCRNA10X_SA_CHIP0189_001/filtered_feature_bc_matrix,ACTATGGTCAAGAATG-1,SA535X7XB03448_ACTATGGTCAAGAATG-1,SA535X7XB03448,B_C
.cache/SCRNA10X_SA_CHIP0189_001/filtered_feature_bc_matrix,ACTATTCCACCTCAGG-1,SA535X7XB03448_ACTATTCCACCTCAGG-1,SA535X7XB03448,G
.cache/SCRNA10X_SA_CHIP0189_001/filtered_feature_bc_matrix,ACTATTCTCACATACG-1,SA535X7XB03448_ACTATTCTCACATACG-1,SA535X7XB03448,B_C
.cache/SCRNA10X_SA_CHIP0189_001/filtered_feature_bc_matrix,ACTGATGGTTGGGATG-1,SA535X7XB03448_ACTGATGGTTGGGATG-1,SA535X7XB03448,B_C
.cache/SCRNA10X_SA_CHIP0189_001/filtered_feature_bc_matrix,ACTGCAACATGTTACG-1,SA535X7XB03448_ACTGCAACATGTTACG-1,SA535X7XB03448,B_C
.cache/SCRNA10X_SA_CHIP0189_001/filtered_feature_bc_matrix,ACTGTCCGTTAAACCC-1,SA535X7XB03448_ACTGTCCGTTAAACCC-1,SA535X7XB03448,B_C
.cache/SCRNA10X_SA_CHIP0189_001/filtered_feature_bc_matrix,ACTTAGGAGCTGAAGC-1,SA535X7XB03448_ACTTAGGAGCTGAAGC-1,SA535X7XB03448,G
.cache/SCRNA10X_SA_CHIP0189_001/filtered_feature_bc_matrix,ACTTCCGAGGTGCCTC-1,SA535X7XB03448_ACTTCCGAGGTGCCTC-1,SA535X7XB03448,B_C
.cache/SCRNA10X_SA_CHIP0189_001/filtered_feature_bc_matrix,ACTTCCGTCAGTGTCA-1,SA535X7XB03448_ACTTCCGTCAGTGTCA-1,SA535X7XB03448,B_C
.cache/SCRNA10X_SA_CHIP0189_001/filtered_feature_bc_matrix,ACTTCGCCAATGCTCA-1,SA535X7XB03448_ACTTCGCCAATGCTCA-1,SA535X7XB03448,B_C
.cache/SCRNA10X_SA_CHIP0189_001/filtered_feature_bc_matrix,ACTTTCACACGACCTG-1,SA535X7XB03448_ACTTTCACACGACCTG-1,SA535X7XB03448,B_C
.cache/SCRNA10X_SA_CHIP0189_001/filtered_feature_bc_matrix,AGAAATGAGGCGCTTC-1,SA535X7XB03448_AGAAATGAGGCGCTTC-1,SA535X7XB03448,B_C
.cache/SCRNA10X_SA_CHIP0189_001/filtered_feature_bc_matrix,AGAAATGGTCCTTTGC-1,SA535X7XB03448_AGAAATGGTCCTTTGC-1,SA535X7XB03448,B_C
.cache/SCRNA10X_SA_CHIP0189_001/filtered_feature_bc_matrix,AGAACCTGTCTAATCG-1,SA535X7XB03448_AGAACCTGTCTAATCG-1,SA535X7XB03448,E
.cache/SCRNA10X_SA_CHIP0189_001/filtered_feature_bc_matrix,AGAAGCGTCAAAGACA-1,SA535X7XB03448_AGAAGCGTCAAAGACA-1,SA535X7XB03448,B_C
.cache/SCRNA10X_SA_CHIP0189_001/filtered_feature_bc_matrix,AGAAGTATCTGATGGT-1,SA535X7XB03448_AGAAGTATCTGATGGT-1,SA535X7XB03448,B_C
.cache/SCRNA10X_SA_CHIP0189_001/filtered_feature_bc_matrix,AGACAAATCGTGGGAA-1,SA535X7XB03448_AGACAAATCGTGGGAA-1,SA535X7XB03448,B_C
.cache/SCRNA10X_SA_CHIP0189_001/filtered_feature_bc_matrix,AGACAAATCTAACGCA-1,SA535X7XB03448_AGACAAATCTAACGCA-1,SA535X7XB03448,G
.cache/SCRNA10X_SA_CHIP0189_001/filtered_feature_bc_matrix,AGACACTAGTTAGTGA-1,SA535X7XB03448_AGACACTAGTTAGTGA-1,SA535X7XB03448,B_C
.cache/SCRNA10X_SA_CHIP0189_001/filtered_feature_bc_matrix,AGACAGGCACCCTGTT-1,SA535X7XB03448_AGACAGGCACCCTGTT-1,SA535X7XB03448,B_C
.cache/SCRNA10X_SA_CHIP0189_001/filtered_feature_bc_matrix,AGACCCGTCTGGTCAA-1,SA535X7XB03448_AGACCCGTCTGGTCAA-1,SA535X7XB03448,B_C
.cache/SCRNA10X_SA_CHIP0189_001/filtered_feature_bc_matrix,AGAGAATGTGCAGTGA-1,SA535X7XB03448_AGAGAATGTGCAGTGA-1,SA535X7XB03448,B_C
.cache/SCRNA10X_SA_CHIP0189_001/filtered_feature_bc_matrix,AGAGAATTCCGCGGAT-1,SA535X7XB03448_AGAGAATTCCGCGGAT-1,SA535X7XB03448,B_C
.cache/SCRNA10X_SA_CHIP0189_001/filtered_feature_bc_matrix,AGAGCAGCATCAGCAT-1,SA535X7XB03448_AGAGCAGCATCAGCAT-1,SA535X7XB03448,D
.cache/SCRNA10X_SA_CHIP0189_001/filtered_feature_bc_matrix,AGAGCCCCACAGAGAC-1,SA535X7XB03448_AGAGCCCCACAGAGAC-1,SA535X7XB03448,G
.cache/SCRNA10X_SA_CHIP0189_001/filtered_feature_bc_matrix,AGAGCCCTCCTCTAAT-1,SA535X7XB03448_AGAGCCCTCCTCTAAT-1,SA535X7XB03448,B_C
.cache/SCRNA10X_SA_CHIP0189_001/filtered_feature_bc_matrix,AGATGAACACATCCCT-1,SA535X7XB03448_AGATGAACACATCCCT-1,SA535X7XB03448,B_C
.cache/SCRNA10X_SA_CHIP0189_001/filtered_feature_bc_matrix,AGATGCTAGTCCCAGC-1,SA535X7XB03448_AGATGCTAGTCCCAGC-1,SA535X7XB03448,B_C
.cache/SCRNA10X_SA_CHIP0189_001/filtered_feature_bc_matrix,AGCCAATCAGTGTGGA-1,SA535X7XB03448_AGCCAATCAGTGTGGA-1,SA535X7XB03448,B_C
.cache/SCRNA10X_SA_CHIP0189_001/filtered_feature_bc_matrix,AGCCACGCACCAGTTA-1,SA535X7XB03448_AGCCACGCACCAGTTA-1,SA535X7XB03448,B_C
.cache/SCRNA10X_SA_CHIP0189_001/filtered_feature_bc_matrix,AGCCACGTCCGATCGG-1,SA535X7XB03448_AGCCACGTCCGATCGG-1,SA535X7XB03448,E
.cache/SCRNA10X_SA_CHIP0189_001/filtered_feature_bc_matrix,AGCTCAACACTGGCCA-1,SA535X7XB03448_AGCTCAACACTGGCCA-1,SA535X7XB03448,B_C
.cache/SCRNA10X_SA_CHIP0189_001/filtered_feature_bc_matrix,AGGAATATCCCGTTCA-1,SA535X7XB03448_AGGAATATCCCGTTCA-1,SA535X7XB03448,B_C
.cache/SCRNA10X_SA_CHIP0189_001/filtered_feature_bc_matrix,AGGAATATCCGAAGGA-1,SA535X7XB03448_AGGAATATCCGAAGGA-1,SA535X7XB03448,B_C
.cache/SCRNA10X_SA_CHIP0189_001/filtered_feature_bc_matrix,AGGACTTAGTAATCCC-1,SA535X7XB03448_AGGACTTAGTAATCCC-1,SA535X7XB03448,B_C
.cache/SCRNA10X_SA_CHIP0189_001/filtered_feature_bc_matrix,AGGACTTTCTGGAGAG-1,SA535X7XB03448_AGGACTTTCTGGAGAG-1,SA535X7XB03448,B_C
.cache/SCRNA10X_SA_CHIP0189_001/filtered_feature_bc_matrix,AGGATCTCACCTAAAC-1,SA535X7XB03448_AGGATCTCACCTAAAC-1,SA535X7XB03448,G
.cache/SCRNA10X_SA_CHIP0189_001/filtered_feature_bc_matrix,AGGCATTCAAGATTGA-1,SA535X7XB03448_AGGCATTCAAGATTGA-1,SA535X7XB03448,G
.cache/SCRNA10X_SA_CHIP0189_001/filtered_feature_bc_matrix,AGGCCACCAGGAGGAG-1,SA535X7XB03448_AGGCCACCAGGAGGAG-1,SA535X7XB03448,B_C
.cache/SCRNA10X_SA_CHIP0189_001/filtered_feature_bc_matrix,AGGGCCTAGGATATAC-1,SA535X7XB03448_AGGGCCTAGGATATAC-1,SA535X7XB03448,B_C
.cache/SCRNA10X_SA_CHIP0189_001/filtered_feature_bc_matrix,AGGGTCCTCACGGGCT-1,SA535X7XB03448_AGGGTCCTCACGGGCT-1,SA535X7XB03448,G
.cache/SCRNA10X_SA_CHIP0189_001/filtered_feature_bc_matrix,AGGGTGAGTCCAACGC-1,SA535X7XB03448_AGGGTGAGTCCAACGC-1,SA535X7XB03448,B_C
.cache/SCRNA10X_SA_CHIP0189_001/filtered_feature_bc_matrix,AGGGTGAGTCCTCAGG-1,SA535X7XB03448_AGGGTGAGTCCTCAGG-1,SA535X7XB03448,B_C
.cache/SCRNA10X_SA_CHIP0189_001/filtered_feature_bc_matrix,AGGTCTATCCATCCGT-1,SA535X7XB03448_AGGTCTATCCATCCGT-1,SA535X7XB03448,B_C
.cache/SCRNA10X_SA_CHIP0189_001/filtered_feature_bc_matrix,AGGTCTATCGAAGGAC-1,SA535X7XB03448_AGGTCTATCGAAGGAC-1,SA535X7XB03448,B_C
.cache/SCRNA10X_SA_CHIP0189_001/filtered_feature_bc_matrix,AGGTTACGTCTCTCCA-1,SA535X7XB03448_AGGTTACGTCTCTCCA-1,SA535X7XB03448,G
.cache/SCRNA10X_SA_CHIP0189_001/filtered_feature_bc_matrix,AGGTTGTCACCTAAAC-1,SA535X7XB03448_AGGTTGTCACCTAAAC-1,SA535X7XB03448,unassigned
.cache/SCRNA10X_SA_CHIP0189_001/filtered_feature_bc_matrix,AGGTTGTCACGTCGTG-1,SA535X7XB03448_AGGTTGTCACGTCGTG-1,SA535X7XB03448,B_C
.cache/SCRNA10X_SA_CHIP0189_001/filtered_feature_bc_matrix,AGTACCATCCGGCAGT-1,SA535X7XB03448_AGTACCATCCGGCAGT-1,SA535X7XB03448,B_C
.cache/SCRNA10X_SA_CHIP0189_001/filtered_feature_bc_matrix,AGTACTGAGGGCCTCT-1,SA535X7XB03448_AGTACTGAGGGCCTCT-1,SA535X7XB03448,G
.cache/SCRNA10X_SA_CHIP0189_001/filtered_feature_bc_matrix,AGTACTGTCCAGTACA-1,SA535X7XB03448_AGTACTGTCCAGTACA-1,SA535X7XB03448,B_C
.cache/SCRNA10X_SA_CHIP0189_001/filtered_feature_bc_matrix,AGTAGCTCACTTTAGG-1,SA535X7XB03448_AGTAGCTCACTTTAGG-1,SA535X7XB03448,B_C
.cache/SCRNA10X_SA_CHIP0189_001/filtered_feature_bc_matrix,AGTCAACGTGCGGTAA-1,SA535X7XB03448_AGTCAACGTGCGGTAA-1,SA535X7XB03448,B_C
.cache/SCRNA10X_SA_CHIP0189_001/filtered_feature_bc_matrix,AGTCATGGTAGCACGA-1,SA535X7XB03448_AGTCATGGTAGCACGA-1,SA535X7XB03448,B_C
.cache/SCRNA10X_SA_CHIP0189_001/filtered_feature_bc_matrix,AGTGATCGTAACCAGG-1,SA535X7XB03448_AGTGATCGTAACCAGG-1,SA535X7XB03448,B_C
.cache/SCRNA10X_SA_CHIP0189_001/filtered_feature_bc_matrix,AGTGTTGTCATCTATC-1,SA535X7XB03448_AGTGTTGTCATCTATC-1,SA535X7XB03448,B_C
.cache/SCRNA10X_SA_CHIP0189_001/filtered_feature_bc_matrix,AGTTCGAGTACGGGAT-1,SA535X7XB03448_AGTTCGAGTACGGGAT-1,SA535X7XB03448,B_C
.cache/SCRNA10X_SA_CHIP0189_001/filtered_feature_bc_matrix,AGTTCGAGTGTCATCA-1,SA535X7XB03448_AGTTCGAGTGTCATCA-1,SA535X7XB03448,B_C
.cache/SCRNA10X_SA_CHIP0189_001/filtered_feature_bc_matrix,AGTTCGATCACCGGTG-1,SA535X7XB03448_AGTTCGATCACCGGTG-1,SA535X7XB03448,B_C
.cache/SCRNA10X_SA_CHIP0189_001/filtered_feature_bc_matrix,AGTTCGATCTAAGGAA-1,SA535X7XB03448_AGTTCGATCTAAGGAA-1,SA535X7XB03448,B_C
.cache/SCRNA10X_SA_CHIP0189_001/filtered_feature_bc_matrix,ATAGAGAAGTGCTCAT-1,SA535X7XB03448_ATAGAGAAGTGCTCAT-1,SA535X7XB03448,B_C
.cache/SCRNA10X_SA_CHIP0189_001/filtered_feature_bc_matrix,ATCACAGAGGGCAGGA-1,SA535X7XB03448_ATCACAGAGGGCAGGA-1,SA535X7XB03448,B_C
.cache/SCRNA10X_SA_CHIP0189_001/filtered_feature_bc_matrix,ATCAGGTTCACCTACC-1,SA535X7XB03448_ATCAGGTTCACCTACC-1,SA535X7XB03448,B_C
.cache/SCRNA10X_SA_CHIP0189_001/filtered_feature_bc_matrix,ATCCACCAGCCTGACC-1,SA535X7XB03448_ATCCACCAGCCTGACC-1,SA535X7XB03448,B_C
.cache/SCRNA10X_SA_CHIP0189_001/filtered_feature_bc_matrix,ATCCCTGAGACCTCCG-1,SA535X7XB03448_ATCCCTGAGACCTCCG-1,SA535X7XB03448,G
.cache/SCRNA10X_SA_CHIP0189_001/filtered_feature_bc_matrix,ATCCGTCAGGAACATT-1,SA535X7XB03448_ATCCGTCAGGAACATT-1,SA535X7XB03448,G
.cache/SCRNA10X_SA_CHIP0189_001/filtered_feature_bc_matrix,ATCCTATCACGACCTG-1,SA535X7XB03448_ATCCTATCACGACCTG-1,SA535X7XB03448,G
.cache/SCRNA10X_SA_CHIP0189_001/filtered_feature_bc_matrix,ATCGATGAGGCTTTCA-1,SA535X7XB03448_ATCGATGAGGCTTTCA-1,SA535X7XB03448,B_C
.cache/SCRNA10X_SA_CHIP0189_001/filtered_feature_bc_matrix,ATCGATGAGGGCAGGA-1,SA535X7XB03448_ATCGATGAGGGCAGGA-1,SA535X7XB03448,B_C
.cache/SCRNA10X_SA_CHIP0189_001/filtered_feature_bc_matrix,ATCGATGGTTGATCGT-1,SA535X7XB03448_ATCGATGGTTGATCGT-1,SA535X7XB03448,B_C
.cache/SCRNA10X_SA_CHIP0189_001/filtered_feature_bc_matrix,ATCGGCGAGAGAGGTA-1,SA535X7XB03448_ATCGGCGAGAGAGGTA-1,SA535X7XB03448,B_C
.cache/SCRNA10X_SA_CHIP0189_001/filtered_feature_bc_matrix,ATCGGCGAGGGCAATC-1,SA535X7XB03448_ATCGGCGAGGGCAATC-1,SA535X7XB03448,G
.cache/SCRNA10X_SA_CHIP0189_001/filtered_feature_bc_matrix,ATCGTCCAGACCATAA-1,SA535X7XB03448_ATCGTCCAGACCATAA-1,SA535X7XB03448,F
.cache/SCRNA10X_SA_CHIP0189_001/filtered_feature_bc_matrix,ATCGTGAAGAGCTGAC-1,SA535X7XB03448_ATCGTGAAGAGCTGAC-1,SA535X7XB03448,B_C
.cache/SCRNA10X_SA_CHIP0189_001/filtered_feature_bc_matrix,ATGACCACACGCTTAA-1,SA535X7XB03448_ATGACCACACGCTTAA-1,SA535X7XB03448,B_C
.cache/SCRNA10X_SA_CHIP0189_001/filtered_feature_bc_matrix,ATGATCGTCGAACACT-1,SA535X7XB03448_ATGATCGTCGAACACT-1,SA535X7XB03448,B_C
.cache/SCRNA10X_SA_CHIP0189_001/filtered_feature_bc_matrix,ATGCCTCCACAATGTC-1,SA535X7XB03448_ATGCCTCCACAATGTC-1,SA535X7XB03448,B_C
.cache/SCRNA10X_SA_CHIP0189_001/filtered_feature_bc_matrix,ATGCCTCTCAGAGTTC-1,SA535X7XB03448_ATGCCTCTCAGAGTTC-1,SA535X7XB03448,B_C
.cache/SCRNA10X_SA_CHIP0189_001/filtered_feature_bc_matrix,ATGGGTTCACAGCTTA-1,SA535X7XB03448_ATGGGTTCACAGCTTA-1,SA535X7XB03448,B_C
.cache/SCRNA10X_SA_CHIP0189_001/filtered_feature_bc_matrix,ATTACCTGTCCTCCAT-1,SA535X7XB03448_ATTACCTGTCCTCCAT-1,SA535X7XB03448,B_C
.cache/SCRNA10X_SA_CHIP0189_001/filtered_feature_bc_matrix,ATTACCTGTCGGAACA-1,SA535X7XB03448_ATTACCTGTCGGAACA-1,SA535X7XB03448,B_C
.cache/SCRNA10X_SA_CHIP0189_001/filtered_feature_bc_matrix,ATTATCCCATCGTCCT-1,SA535X7XB03448_ATTATCCCATCGTCCT-1,SA535X7XB03448,G
.cache/SCRNA10X_SA_CHIP0189_001/filtered_feature_bc_matrix,ATTATCCGTCCAAATC-1,SA535X7XB03448_ATTATCCGTCCAAATC-1,SA535X7XB03448,B_C
.cache/SCRNA10X_SA_CHIP0189_001/filtered_feature_bc_matrix,ATTCACTAGCTCAGAG-1,SA535X7XB03448_ATTCACTAGCTCAGAG-1,SA535X7XB03448,G
.cache/SCRNA10X_SA_CHIP0189_001/filtered_feature_bc_matrix,ATTCAGGAGACGGATC-1,SA535X7XB03448_ATTCAGGAGACGGATC-1,SA535X7XB03448,B_C
.cache/SCRNA10X_SA_CHIP0189_001/filtered_feature_bc_matrix,ATTCAGGGTGCACAAG-1,SA535X7XB03448_ATTCAGGGTGCACAAG-1,SA535X7XB03448,B_C
.cache/SCRNA10X_SA_CHIP0189_001/filtered_feature_bc_matrix,ATTCAGGGTTGCATTG-1,SA535X7XB03448_ATTCAGGGTTGCATTG-1,SA535X7XB03448,E
.cache/SCRNA10X_SA_CHIP0189_001/filtered_feature_bc_matrix,ATTCAGGTCGTAACTG-1,SA535X7XB03448_ATTCAGGTCGTAACTG-1,SA535X7XB03448,B_C
.cache/SCRNA10X_SA_CHIP0189_001/filtered_feature_bc_matrix,ATTCGTTAGATGAACT-1,SA535X7XB03448_ATTCGTTAGATGAACT-1,SA535X7XB03448,B_C
.cache/SCRNA10X_SA_CHIP0189_001/filtered_feature_bc_matrix,ATTCGTTAGCACCCAC-1,SA535X7XB03448_ATTCGTTAGCACCCAC-1,SA535X7XB03448,B_C
.cache/SCRNA10X_SA_CHIP0189_001/filtered_feature_bc_matrix,ATTCTACAGTTACGGG-1,SA535X7XB03448_ATTCTACAGTTACGGG-1,SA535X7XB03448,B_C
.cache/SCRNA10X_SA_CHIP0189_001/filtered_feature_bc_matrix,ATTCTACGTTTCGTGA-1,SA535X7XB03448_ATTCTACGTTTCGTGA-1,SA535X7XB03448,B_C
.cache/SCRNA10X_SA_CHIP0189_001/filtered_feature_bc_matrix,ATTGGGTAGTGCTCAT-1,SA535X7XB03448_ATTGGGTAGTGCTCAT-1,SA535X7XB03448,B_C
.cache/SCRNA10X_SA_CHIP0189_001/filtered_feature_bc_matrix,ATTGGGTGTAATCAAG-1,SA535X7XB03448_ATTGGGTGTAATCAAG-1,SA535X7XB03448,B_C
.cache/SCRNA10X_SA_CHIP0189_001/filtered_feature_bc_matrix,ATTGTTCGTGGCGTAA-1,SA535X7XB03448_ATTGTTCGTGGCGTAA-1,SA535X7XB03448,G
.cache/SCRNA10X_SA_CHIP0189_001/filtered_feature_bc_matrix,ATTGTTCGTGGTGATG-1,SA535X7XB03448_ATTGTTCGTGGTGATG-1,SA535X7XB03448,B_C
.cache/SCRNA10X_SA_CHIP0189_001/filtered_feature_bc_matrix,ATTGTTCTCTTCCCAG-1,SA535X7XB03448_ATTGTTCTCTTCCCAG-1,SA535X7XB03448,B_C
.cache/SCRNA10X_SA_CHIP0189_001/filtered_feature_bc_matrix,ATTTACCCACAAATGA-1,SA535X7XB03448_ATTTACCCACAAATGA-1,SA535X7XB03448,G
.cache/SCRNA10X_SA_CHIP0189_001/filtered_feature_bc_matrix,ATTTACCGTAGGCAGT-1,SA535X7XB03448_ATTTACCGTAGGCAGT-1,SA535X7XB03448,B_C
.cache/SCRNA10X_SA_CHIP0189_001/filtered_feature_bc_matrix,ATTTACCGTATGATCC-1,SA535X7XB03448_ATTTACCGTATGATCC-1,SA535X7XB03448,E
.cache/SCRNA10X_SA_CHIP0189_001/filtered_feature_bc_matrix,ATTTCACCACTACCGG-1,SA535X7XB03448_ATTTCACCACTACCGG-1,SA535X7XB03448,B_C
.cache/SCRNA10X_SA_CHIP0189_001/filtered_feature_bc_matrix,ATTTCTGGTCGAATTC-1,SA535X7XB03448_ATTTCTGGTCGAATTC-1,SA535X7XB03448,B_C
.cache/SCRNA10X_SA_CHIP0189_001/filtered_feature_bc_matrix,CAACAGTTCTTCGGAA-1,SA535X7XB03448_CAACAGTTCTTCGGAA-1,SA535X7XB03448,G
.cache/SCRNA10X_SA_CHIP0189_001/filtered_feature_bc_matrix,CAACCTCAGGTGCCTC-1,SA535X7XB03448_CAACCTCAGGTGCCTC-1,SA535X7XB03448,G
.cache/SCRNA10X_SA_CHIP0189_001/filtered_feature_bc_matrix,CAACGATGTGAAGCTG-1,SA535X7XB03448_CAACGATGTGAAGCTG-1,SA535X7XB03448,B_C
.cache/SCRNA10X_SA_CHIP0189_001/filtered_feature_bc_matrix,CAACGATTCAGACAAA-1,SA535X7XB03448_CAACGATTCAGACAAA-1,SA535X7XB03448,G
.cache/SCRNA10X_SA_CHIP0189_001/filtered_feature_bc_matrix,CAACGGCAGGCCTGAA-1,SA535X7XB03448_CAACGGCAGGCCTGAA-1,SA535X7XB03448,B_C
.cache/SCRNA10X_SA_CHIP0189_001/filtered_feature_bc_matrix,CAAGCTATCGGATACT-1,SA535X7XB03448_CAAGCTATCGGATACT-1,SA535X7XB03448,G
.cache/SCRNA10X_SA_CHIP0189_001/filtered_feature_bc_matrix,CAAGGGATCACGGGCT-1,SA535X7XB03448_CAAGGGATCACGGGCT-1,SA535X7XB03448,B_C
.cache/SCRNA10X_SA_CHIP0189_001/filtered_feature_bc_matrix,CAATACGGTTGTACGT-1,SA535X7XB03448_CAATACGGTTGTACGT-1,SA535X7XB03448,B_C
.cache/SCRNA10X_SA_CHIP0189_001/filtered_feature_bc_matrix,CAATGACAGCCTGTCG-1,SA535X7XB03448_CAATGACAGCCTGTCG-1,SA535X7XB03448,B_C
.cache/SCRNA10X_SA_CHIP0189_001/filtered_feature_bc_matrix,CAATGACGTCACATTG-1,SA535X7XB03448_CAATGACGTCACATTG-1,SA535X7XB03448,B_C
.cache/SCRNA10X_SA_CHIP0189_001/filtered_feature_bc_matrix,CAATTTCAGATGCGAC-1,SA535X7XB03448_CAATTTCAGATGCGAC-1,SA535X7XB03448,B_C
.cache/SCRNA10X_SA_CHIP0189_001/filtered_feature_bc_matrix,CAATTTCGTGGCTGAA-1,SA535X7XB03448_CAATTTCGTGGCTGAA-1,SA535X7XB03448,B_C
.cache/SCRNA10X_SA_CHIP0189_001/filtered_feature_bc_matrix,CACACAATCAACTGAC-1,SA535X7XB03448_CACACAATCAACTGAC-1,SA535X7XB03448,B_C
.cache/SCRNA10X_SA_CHIP0189_001/filtered_feature_bc_matrix,CACAGATTCTGTTCAT-1,SA535X7XB03448_CACAGATTCTGTTCAT-1,SA535X7XB03448,B_C
.cache/SCRNA10X_SA_CHIP0189_001/filtered_feature_bc_matrix,CACAGGCGTAGTGTGG-1,SA535X7XB03448_CACAGGCGTAGTGTGG-1,SA535X7XB03448,B_C
.cache/SCRNA10X_SA_CHIP0189_001/filtered_feature_bc_matrix,CACATGAAGGATCACG-1,SA535X7XB03448_CACATGAAGGATCACG-1,SA535X7XB03448,B_C
.cache/SCRNA10X_SA_CHIP0189_001/filtered_feature_bc_matrix,CACATGACATGAGTAA-1,SA535X7XB03448_CACATGACATGAGTAA-1,SA535X7XB03448,B_C
.cache/SCRNA10X_SA_CHIP0189_001/filtered_feature_bc_matrix,CACCGTTTCGGCCAAC-1,SA535X7XB03448_CACCGTTTCGGCCAAC-1,SA535X7XB03448,E
.cache/SCRNA10X_SA_CHIP0189_001/filtered_feature_bc_matrix,CACGAATTCAAGCGTT-1,SA535X7XB03448_CACGAATTCAAGCGTT-1,SA535X7XB03448,G
.cache/SCRNA10X_SA_CHIP0189_001/filtered_feature_bc_matrix,CACGGGTTCAAGGAGC-1,SA535X7XB03448_CACGGGTTCAAGGAGC-1,SA535X7XB03448,B_C
.cache/SCRNA10X_SA_CHIP0189_001/filtered_feature_bc_matrix,CACGTGGCACAGAGAC-1,SA535X7XB03448_CACGTGGCACAGAGAC-1,SA535X7XB03448,B_C
.cache/SCRNA10X_SA_CHIP0189_001/filtered_feature_bc_matrix,CACGTGGTCAGGAAAT-1,SA535X7XB03448_CACGTGGTCAGGAAAT-1,SA535X7XB03448,B_C
.cache/SCRNA10X_SA_CHIP0189_001/filtered_feature_bc_matrix,CACGTTCTCCTAAGTG-1,SA535X7XB03448_CACGTTCTCCTAAGTG-1,SA535X7XB03448,B_C
.cache/SCRNA10X_SA_CHIP0189_001/filtered_feature_bc_matrix,CACTAAGCATGTTACG-1,SA535X7XB03448_CACTAAGCATGTTACG-1,SA535X7XB03448,B_C
.cache/SCRNA10X_SA_CHIP0189_001/filtered_feature_bc_matrix,CACTGTCCAAGGCAAC-1,SA535X7XB03448_CACTGTCCAAGGCAAC-1,SA535X7XB03448,B_C
.cache/SCRNA10X_SA_CHIP0189_001/filtered_feature_bc_matrix,CACTGTCCACGCGTGT-1,SA535X7XB03448_CACTGTCCACGCGTGT-1,SA535X7XB03448,B_C
.cache/SCRNA10X_SA_CHIP0189_001/filtered_feature_bc_matrix,CAGAGCCCACACGCCA-1,SA535X7XB03448_CAGAGCCCACACGCCA-1,SA535X7XB03448,B_C
.cache/SCRNA10X_SA_CHIP0189_001/filtered_feature_bc_matrix,CAGAGCCCAGAACTTC-1,SA535X7XB03448_CAGAGCCCAGAACTTC-1,SA535X7XB03448,B_C
.cache/SCRNA10X_SA_CHIP0189_001/filtered_feature_bc_matrix,CAGATTGGTGACTCTA-1,SA535X7XB03448_CAGATTGGTGACTCTA-1,SA535X7XB03448,B_C
.cache/SCRNA10X_SA_CHIP0189_001/filtered_feature_bc_matrix,CAGCACGAGGAATCGC-1,SA535X7XB03448_CAGCACGAGGAATCGC-1,SA535X7XB03448,B_C
.cache/SCRNA10X_SA_CHIP0189_001/filtered_feature_bc_matrix,CAGCACGCAACTGATC-1,SA535X7XB03448_CAGCACGCAACTGATC-1,SA535X7XB03448,G
.cache/SCRNA10X_SA_CHIP0189_001/filtered_feature_bc_matrix,CAGCACGCATGTAACC-1,SA535X7XB03448_CAGCACGCATGTAACC-1,SA535X7XB03448,B_C
.cache/SCRNA10X_SA_CHIP0189_001/filtered_feature_bc_matrix,CAGCACGGTACGCGTC-1,SA535X7XB03448_CAGCACGGTACGCGTC-1,SA535X7XB03448,B_C
.cache/SCRNA10X_SA_CHIP0189_001/filtered_feature_bc_matrix,CAGCAGCAGCTAATGA-1,SA535X7XB03448_CAGCAGCAGCTAATGA-1,SA535X7XB03448,B_C
.cache/SCRNA10X_SA_CHIP0189_001/filtered_feature_bc_matrix,CAGCAGCGTACAAGTA-1,SA535X7XB03448_CAGCAGCGTACAAGTA-1,SA535X7XB03448,B_C
.cache/SCRNA10X_SA_CHIP0189_001/filtered_feature_bc_matrix,CAGCAGCGTGACTCTA-1,SA535X7XB03448_CAGCAGCGTGACTCTA-1,SA535X7XB03448,B_C
.cache/SCRNA10X_SA_CHIP0189_001/filtered_feature_bc_matrix,CAGGCCAAGATTTGCC-1,SA535X7XB03448_CAGGCCAAGATTTGCC-1,SA535X7XB03448,B_C
.cache/SCRNA10X_SA_CHIP0189_001/filtered_feature_bc_matrix,CAGGCCAGTATCACCA-1,SA535X7XB03448_CAGGCCAGTATCACCA-1,SA535X7XB03448,E
.cache/SCRNA10X_SA_CHIP0189_001/filtered_feature_bc_matrix,CATAAGCAGCCGTAAG-1,SA535X7XB03448_CATAAGCAGCCGTAAG-1,SA535X7XB03448,G
.cache/SCRNA10X_SA_CHIP0189_001/filtered_feature_bc_matrix,CATACAGAGGTAGCAC-1,SA535X7XB03448_CATACAGAGGTAGCAC-1,SA535X7XB03448,G
.cache/SCRNA10X_SA_CHIP0189_001/filtered_feature_bc_matrix,CATACTTGTACCGCGT-1,SA535X7XB03448_CATACTTGTACCGCGT-1,SA535X7XB03448,B_C
.cache/SCRNA10X_SA_CHIP0189_001/filtered_feature_bc_matrix,CATAGACTCTAGGAAA-1,SA535X7XB03448_CATAGACTCTAGGAAA-1,SA535X7XB03448,E
.cache/SCRNA10X_SA_CHIP0189_001/filtered_feature_bc_matrix,CATCCACTCGGCATTA-1,SA535X7XB03448_CATCCACTCGGCATTA-1,SA535X7XB03448,E
.cache/SCRNA10X_SA_CHIP0189_001/filtered_feature_bc_matrix,CATCCCACAGGGAGAG-1,SA535X7XB03448_CATCCCACAGGGAGAG-1,SA535X7XB03448,G
.cache/SCRNA10X_SA_CHIP0189_001/filtered_feature_bc_matrix,CATCCCATCTGGACCG-1,SA535X7XB03448_CATCCCATCTGGACCG-1,SA535X7XB03448,B_C
.cache/SCRNA10X_SA_CHIP0189_001/filtered_feature_bc_matrix,CATCCGTAGAAGCGAA-1,SA535X7XB03448_CATCCGTAGAAGCGAA-1,SA535X7XB03448,B_C
.cache/SCRNA10X_SA_CHIP0189_001/filtered_feature_bc_matrix,CATCGGGGTCTCGGGT-1,SA535X7XB03448_CATCGGGGTCTCGGGT-1,SA535X7XB03448,B_C
.cache/SCRNA10X_SA_CHIP0189_001/filtered_feature_bc_matrix,CATCGTCGTTCGGCTG-1,SA535X7XB03448_CATCGTCGTTCGGCTG-1,SA535X7XB03448,E
.cache/SCRNA10X_SA_CHIP0189_001/filtered_feature_bc_matrix,CATGAGTGTTCAAACC-1,SA535X7XB03448_CATGAGTGTTCAAACC-1,SA535X7XB03448,G
.cache/SCRNA10X_SA_CHIP0189_001/filtered_feature_bc_matrix,CATGCCTTCCCAGTGG-1,SA535X7XB03448_CATGCCTTCCCAGTGG-1,SA535X7XB03448,B_C
.cache/SCRNA10X_SA_CHIP0189_001/filtered_feature_bc_matrix,CATGGATTCCCAAGTA-1,SA535X7XB03448_CATGGATTCCCAAGTA-1,SA535X7XB03448,B_C
.cache/SCRNA10X_SA_CHIP0189_001/filtered_feature_bc_matrix,CATGGTAGTCCAGAAG-1,SA535X7XB03448_CATGGTAGTCCAGAAG-1,SA535X7XB03448,F
.cache/SCRNA10X_SA_CHIP0189_001/filtered_feature_bc_matrix,CATTCATTCGAAGCAG-1,SA535X7XB03448_CATTCATTCGAAGCAG-1,SA535X7XB03448,B_C
.cache/SCRNA10X_SA_CHIP0189_001/filtered_feature_bc_matrix,CATTGAGAGAAGTATC-1,SA535X7XB03448_CATTGAGAGAAGTATC-1,SA535X7XB03448,G
.cache/SCRNA10X_SA_CHIP0189_001/filtered_feature_bc_matrix,CATTGTTAGCACGGAT-1,SA535X7XB03448_CATTGTTAGCACGGAT-1,SA535X7XB03448,B_C
.cache/SCRNA10X_SA_CHIP0189_001/filtered_feature_bc_matrix,CATTTCACACCAGCCA-1,SA535X7XB03448_CATTTCACACCAGCCA-1,SA535X7XB03448,B_C
.cache/SCRNA10X_SA_CHIP0189_001/filtered_feature_bc_matrix,CATTTCAGTTGGGTTT-1,SA535X7XB03448_CATTTCAGTTGGGTTT-1,SA535X7XB03448,B_C
.cache/SCRNA10X_SA_CHIP0189_001/filtered_feature_bc_matrix,CCAATGACATCCTATT-1,SA535X7XB03448_CCAATGACATCCTATT-1,SA535X7XB03448,B_C
.cache/SCRNA10X_SA_CHIP0189_001/filtered_feature_bc_matrix,CCACAAATCGGAAACG-1,SA535X7XB03448_CCACAAATCGGAAACG-1,SA535X7XB03448,B_C
.cache/SCRNA10X_SA_CHIP0189_001/filtered_feature_bc_matrix,CCACACTAGAAGAACG-1,SA535X7XB03448_CCACACTAGAAGAACG-1,SA535X7XB03448,G
.cache/SCRNA10X_SA_CHIP0189_001/filtered_feature_bc_matrix,CCACACTTCTGCTTTA-1,SA535X7XB03448_CCACACTTCTGCTTTA-1,SA535X7XB03448,B_C
.cache/SCRNA10X_SA_CHIP0189_001/filtered_feature_bc_matrix,CCACGAGCAGCACAGA-1,SA535X7XB03448_CCACGAGCAGCACAGA-1,SA535X7XB03448,G
.cache/SCRNA10X_SA_CHIP0189_001/filtered_feature_bc_matrix,CCACGTTCAAGTCCAT-1,SA535X7XB03448_CCACGTTCAAGTCCAT-1,SA535X7XB03448,B_C
.cache/SCRNA10X_SA_CHIP0189_001/filtered_feature_bc_matrix,CCACTTGTCTCTCCGA-1,SA535X7XB03448_CCACTTGTCTCTCCGA-1,SA535X7XB03448,B_C
.cache/SCRNA10X_SA_CHIP0189_001/filtered_feature_bc_matrix,CCATCACGTTGTGCAT-1,SA535X7XB03448_CCATCACGTTGTGCAT-1,SA535X7XB03448,E
.cache/SCRNA10X_SA_CHIP0189_001/filtered_feature_bc_matrix,CCCATTGTCCGCGATG-1,SA535X7XB03448_CCCATTGTCCGCGATG-1,SA535X7XB03448,B_C
.cache/SCRNA10X_SA_CHIP0189_001/filtered_feature_bc_matrix,CCCATTGTCGACATCA-1,SA535X7XB03448_CCCATTGTCGACATCA-1,SA535X7XB03448,B_C
.cache/SCRNA10X_SA_CHIP0189_001/filtered_feature_bc_matrix,CCCGAAGCAATCTCGA-1,SA535X7XB03448_CCCGAAGCAATCTCGA-1,SA535X7XB03448,G
.cache/SCRNA10X_SA_CHIP0189_001/filtered_feature_bc_matrix,CCCGAAGTCAAAGAAC-1,SA535X7XB03448_CCCGAAGTCAAAGAAC-1,SA535X7XB03448,B_C
.cache/SCRNA10X_SA_CHIP0189_001/filtered_feature_bc_matrix,CCCGGAAAGGCCATAG-1,SA535X7XB03448_CCCGGAAAGGCCATAG-1,SA535X7XB03448,G
.cache/SCRNA10X_SA_CHIP0189_001/filtered_feature_bc_matrix,CCCTAACAGTGGTCAG-1,SA535X7XB03448_CCCTAACAGTGGTCAG-1,SA535X7XB03448,B_C
.cache/SCRNA10X_SA_CHIP0189_001/filtered_feature_bc_matrix,CCCTAACCAATTGCTG-1,SA535X7XB03448_CCCTAACCAATTGCTG-1,SA535X7XB03448,B_C
.cache/SCRNA10X_SA_CHIP0189_001/filtered_feature_bc_matrix,CCGAACGAGAGCAGCT-1,SA535X7XB03448_CCGAACGAGAGCAGCT-1,SA535X7XB03448,B_C
.cache/SCRNA10X_SA_CHIP0189_001/filtered_feature_bc_matrix,CCGAACGAGGCTCCCA-1,SA535X7XB03448_CCGAACGAGGCTCCCA-1,SA535X7XB03448,B_C
.cache/SCRNA10X_SA_CHIP0189_001/filtered_feature_bc_matrix,CCGATCTTCGTGGTAT-1,SA535X7XB03448_CCGATCTTCGTGGTAT-1,SA535X7XB03448,G
.cache/SCRNA10X_SA_CHIP0189_001/filtered_feature_bc_matrix,CCGCAAGAGCAACAAT-1,SA535X7XB03448_CCGCAAGAGCAACAAT-1,SA535X7XB03448,G
.cache/SCRNA10X_SA_CHIP0189_001/filtered_feature_bc_matrix,CCGTAGGTCGCCGAGT-1,SA535X7XB03448_CCGTAGGTCGCCGAGT-1,SA535X7XB03448,B_C
.cache/SCRNA10X_SA_CHIP0189_001/filtered_feature_bc_matrix,CCGTAGGTCGCCTCTA-1,SA535X7XB03448_CCGTAGGTCGCCTCTA-1,SA535X7XB03448,F
.cache/SCRNA10X_SA_CHIP0189_001/filtered_feature_bc_matrix,CCTAACCCAATCAGCT-1,SA535X7XB03448_CCTAACCCAATCAGCT-1,SA535X7XB03448,B_C
.cache/SCRNA10X_SA_CHIP0189_001/filtered_feature_bc_matrix,CCTACGTCATCCGGCA-1,SA535X7XB03448_CCTACGTCATCCGGCA-1,SA535X7XB03448,B_C
.cache/SCRNA10X_SA_CHIP0189_001/filtered_feature_bc_matrix,CCTCACAAGAAGTATC-1,SA535X7XB03448_CCTCACAAGAAGTATC-1,SA535X7XB03448,B_C
.cache/SCRNA10X_SA_CHIP0189_001/filtered_feature_bc_matrix,CCTCAGTCACCTTCCA-1,SA535X7XB03448_CCTCAGTCACCTTCCA-1,SA535X7XB03448,B_C
.cache/SCRNA10X_SA_CHIP0189_001/filtered_feature_bc_matrix,CCTCATGCAAGCTGCC-1,SA535X7XB03448_CCTCATGCAAGCTGCC-1,SA535X7XB03448,B_C
.cache/SCRNA10X_SA_CHIP0189_001/filtered_feature_bc_matrix,CCTCATGTCACTGTCC-1,SA535X7XB03448_CCTCATGTCACTGTCC-1,SA535X7XB03448,G
.cache/SCRNA10X_SA_CHIP0189_001/filtered_feature_bc_matrix,CCTCCAAGTACGAGTG-1,SA535X7XB03448_CCTCCAAGTACGAGTG-1,SA535X7XB03448,G
.cache/SCRNA10X_SA_CHIP0189_001/filtered_feature_bc_matrix,CCTCTCCGTTCTCCCA-1,SA535X7XB03448_CCTCTCCGTTCTCCCA-1,SA535X7XB03448,B_C
.cache/SCRNA10X_SA_CHIP0189_001/filtered_feature_bc_matrix,CCTGCATGTGTATCCA-1,SA535X7XB03448_CCTGCATGTGTATCCA-1,SA535X7XB03448,B_C
.cache/SCRNA10X_SA_CHIP0189_001/filtered_feature_bc_matrix,CCTTGTGGTTATGTCG-1,SA535X7XB03448_CCTTGTGGTTATGTCG-1,SA535X7XB03448,B_C
.cache/SCRNA10X_SA_CHIP0189_001/filtered_feature_bc_matrix,CGAAGGAAGATGGTAT-1,SA535X7XB03448_CGAAGGAAGATGGTAT-1,SA535X7XB03448,B_C
.cache/SCRNA10X_SA_CHIP0189_001/filtered_feature_bc_matrix,CGAAGGATCTGCATAG-1,SA535X7XB03448_CGAAGGATCTGCATAG-1,SA535X7XB03448,B_C
.cache/SCRNA10X_SA_CHIP0189_001/filtered_feature_bc_matrix,CGAAGTTGTGAATAAC-1,SA535X7XB03448_CGAAGTTGTGAATAAC-1,SA535X7XB03448,B_C
.cache/SCRNA10X_SA_CHIP0189_001/filtered_feature_bc_matrix,CGAAGTTGTTCTCCTG-1,SA535X7XB03448_CGAAGTTGTTCTCCTG-1,SA535X7XB03448,B_C
.cache/SCRNA10X_SA_CHIP0189_001/filtered_feature_bc_matrix,CGAAGTTTCAAGCCGC-1,SA535X7XB03448_CGAAGTTTCAAGCCGC-1,SA535X7XB03448,B_C
.cache/SCRNA10X_SA_CHIP0189_001/filtered_feature_bc_matrix,CGAATTGTCCTACACC-1,SA535X7XB03448_CGAATTGTCCTACACC-1,SA535X7XB03448,B_C
.cache/SCRNA10X_SA_CHIP0189_001/filtered_feature_bc_matrix,CGAGAAGAGCCTAGGA-1,SA535X7XB03448_CGAGAAGAGCCTAGGA-1,SA535X7XB03448,B_C
.cache/SCRNA10X_SA_CHIP0189_001/filtered_feature_bc_matrix,CGAGAAGCATTCTCCG-1,SA535X7XB03448_CGAGAAGCATTCTCCG-1,SA535X7XB03448,G
.cache/SCRNA10X_SA_CHIP0189_001/filtered_feature_bc_matrix,CGATCGGAGCGAGTAC-1,SA535X7XB03448_CGATCGGAGCGAGTAC-1,SA535X7XB03448,B_C
.cache/SCRNA10X_SA_CHIP0189_001/filtered_feature_bc_matrix,CGCAGGTAGGTTATAG-1,SA535X7XB03448_CGCAGGTAGGTTATAG-1,SA535X7XB03448,B_C
.cache/SCRNA10X_SA_CHIP0189_001/filtered_feature_bc_matrix,CGGAACCCACGGATCC-1,SA535X7XB03448_CGGAACCCACGGATCC-1,SA535X7XB03448,G
.cache/SCRNA10X_SA_CHIP0189_001/filtered_feature_bc_matrix,CGGAACCGTGCACGCT-1,SA535X7XB03448_CGGAACCGTGCACGCT-1,SA535X7XB03448,B_C
.cache/SCRNA10X_SA_CHIP0189_001/filtered_feature_bc_matrix,CGGAATTGTTACCTGA-1,SA535X7XB03448_CGGAATTGTTACCTGA-1,SA535X7XB03448,B_C
.cache/SCRNA10X_SA_CHIP0189_001/filtered_feature_bc_matrix,CGGACACGTTTCAGAC-1,SA535X7XB03448_CGGACACGTTTCAGAC-1,SA535X7XB03448,B_C
.cache/SCRNA10X_SA_CHIP0189_001/filtered_feature_bc_matrix,CGGAGAAAGAAATTCG-1,SA535X7XB03448_CGGAGAAAGAAATTCG-1,SA535X7XB03448,B_C
.cache/SCRNA10X_SA_CHIP0189_001/filtered_feature_bc_matrix,CGGAGAAGTGCCCAGT-1,SA535X7XB03448_CGGAGAAGTGCCCAGT-1,SA535X7XB03448,G
.cache/SCRNA10X_SA_CHIP0189_001/filtered_feature_bc_matrix,CGGAGAATCAGACTGT-1,SA535X7XB03448_CGGAGAATCAGACTGT-1,SA535X7XB03448,B_C
.cache/SCRNA10X_SA_CHIP0189_001/filtered_feature_bc_matrix,CGGGTGTCAACTCCCT-1,SA535X7XB03448_CGGGTGTCAACTCCCT-1,SA535X7XB03448,G
.cache/SCRNA10X_SA_CHIP0189_001/filtered_feature_bc_matrix,CGGTCAGGTGGTACAG-1,SA535X7XB03448_CGGTCAGGTGGTACAG-1,SA535X7XB03448,B_C
.cache/SCRNA10X_SA_CHIP0189_001/filtered_feature_bc_matrix,CGTAAGTAGCTACAAA-1,SA535X7XB03448_CGTAAGTAGCTACAAA-1,SA535X7XB03448,G
.cache/SCRNA10X_SA_CHIP0189_001/filtered_feature_bc_matrix,CGTCAAAAGCTTCATG-1,SA535X7XB03448_CGTCAAAAGCTTCATG-1,SA535X7XB03448,E
.cache/SCRNA10X_SA_CHIP0189_001/filtered_feature_bc_matrix,CGTGAATAGGTTACAA-1,SA535X7XB03448_CGTGAATAGGTTACAA-1,SA535X7XB03448,G
.cache/SCRNA10X_SA_CHIP0189_001/filtered_feature_bc_matrix,CGTGAATCACCGGTCA-1,SA535X7XB03448_CGTGAATCACCGGTCA-1,SA535X7XB03448,B_C
.cache/SCRNA10X_SA_CHIP0189_001/filtered_feature_bc_matrix,CGTGATATCAGCGCGT-1,SA535X7XB03448_CGTGATATCAGCGCGT-1,SA535X7XB03448,B_C
.cache/SCRNA10X_SA_CHIP0189_001/filtered_feature_bc_matrix,CGTGATATCTCATGGA-1,SA535X7XB03448_CGTGATATCTCATGGA-1,SA535X7XB03448,G
.cache/SCRNA10X_SA_CHIP0189_001/filtered_feature_bc_matrix,CGTGCTTAGATCACCT-1,SA535X7XB03448_CGTGCTTAGATCACCT-1,SA535X7XB03448,G
.cache/SCRNA10X_SA_CHIP0189_001/filtered_feature_bc_matrix,CGTGCTTTCGGCTGGT-1,SA535X7XB03448_CGTGCTTTCGGCTGGT-1,SA535X7XB03448,G
.cache/SCRNA10X_SA_CHIP0189_001/filtered_feature_bc_matrix,CGTTCTGTCCTCACTG-1,SA535X7XB03448_CGTTCTGTCCTCACTG-1,SA535X7XB03448,B_C
.cache/SCRNA10X_SA_CHIP0189_001/filtered_feature_bc_matrix,CTAACCCCACAATGTC-1,SA535X7XB03448_CTAACCCCACAATGTC-1,SA535X7XB03448,B_C
.cache/SCRNA10X_SA_CHIP0189_001/filtered_feature_bc_matrix,CTAACTTAGAGCCCAA-1,SA535X7XB03448_CTAACTTAGAGCCCAA-1,SA535X7XB03448,B_C
.cache/SCRNA10X_SA_CHIP0189_001/filtered_feature_bc_matrix,CTACAGAGTCCAGTTA-1,SA535X7XB03448_CTACAGAGTCCAGTTA-1,SA535X7XB03448,B_C
.cache/SCRNA10X_SA_CHIP0189_001/filtered_feature_bc_matrix,CTACCTGCAATAACCC-1,SA535X7XB03448_CTACCTGCAATAACCC-1,SA535X7XB03448,B_C
.cache/SCRNA10X_SA_CHIP0189_001/filtered_feature_bc_matrix,CTACGGGTCTGGGCAC-1,SA535X7XB03448_CTACGGGTCTGGGCAC-1,SA535X7XB03448,B_C
.cache/SCRNA10X_SA_CHIP0189_001/filtered_feature_bc_matrix,CTATAGGTCTTCTGGC-1,SA535X7XB03448_CTATAGGTCTTCTGGC-1,SA535X7XB03448,B_C
.cache/SCRNA10X_SA_CHIP0189_001/filtered_feature_bc_matrix,CTATCTACAAGGTCTT-1,SA535X7XB03448_CTATCTACAAGGTCTT-1,SA535X7XB03448,G
.cache/SCRNA10X_SA_CHIP0189_001/filtered_feature_bc_matrix,CTATCTAGTGACACAG-1,SA535X7XB03448_CTATCTAGTGACACAG-1,SA535X7XB03448,G
.cache/SCRNA10X_SA_CHIP0189_001/filtered_feature_bc_matrix,CTATCTAGTGCGAACA-1,SA535X7XB03448_CTATCTAGTGCGAACA-1,SA535X7XB03448,B_C
.cache/SCRNA10X_SA_CHIP0189_001/filtered_feature_bc_matrix,CTATCTATCAATCCGA-1,SA535X7XB03448_CTATCTATCAATCCGA-1,SA535X7XB03448,B_C
.cache/SCRNA10X_SA_CHIP0189_001/filtered_feature_bc_matrix,CTATCTATCGATGCAT-1,SA535X7XB03448_CTATCTATCGATGCAT-1,SA535X7XB03448,B_C
.cache/SCRNA10X_SA_CHIP0189_001/filtered_feature_bc_matrix,CTCAACCTCTCTGGTC-1,SA535X7XB03448_CTCAACCTCTCTGGTC-1,SA535X7XB03448,B_C
.cache/SCRNA10X_SA_CHIP0189_001/filtered_feature_bc_matrix,CTCAGTCCAGGGTCTC-1,SA535X7XB03448_CTCAGTCCAGGGTCTC-1,SA535X7XB03448,B_C
.cache/SCRNA10X_SA_CHIP0189_001/filtered_feature_bc_matrix,CTCCAACCAATAACGA-1,SA535X7XB03448_CTCCAACCAATAACGA-1,SA535X7XB03448,B_C
.cache/SCRNA10X_SA_CHIP0189_001/filtered_feature_bc_matrix,CTCCAACTCACGGAGA-1,SA535X7XB03448_CTCCAACTCACGGAGA-1,SA535X7XB03448,B_C
.cache/SCRNA10X_SA_CHIP0189_001/filtered_feature_bc_matrix,CTCCACACAGTCTACA-1,SA535X7XB03448_CTCCACACAGTCTACA-1,SA535X7XB03448,B_C
.cache/SCRNA10X_SA_CHIP0189_001/filtered_feature_bc_matrix,CTCCACATCATCAGTG-1,SA535X7XB03448_CTCCACATCATCAGTG-1,SA535X7XB03448,B_C
.cache/SCRNA10X_SA_CHIP0189_001/filtered_feature_bc_matrix,CTCCATGGTGCCCAGT-1,SA535X7XB03448_CTCCATGGTGCCCAGT-1,SA535X7XB03448,B_C
.cache/SCRNA10X_SA_CHIP0189_001/filtered_feature_bc_matrix,CTCCATGTCCCGAACG-1,SA535X7XB03448_CTCCATGTCCCGAACG-1,SA535X7XB03448,G
.cache/SCRNA10X_SA_CHIP0189_001/filtered_feature_bc_matrix,CTCCCAACAATTGCGT-1,SA535X7XB03448_CTCCCAACAATTGCGT-1,SA535X7XB03448,G
.cache/SCRNA10X_SA_CHIP0189_001/filtered_feature_bc_matrix,CTCCCTCCATGGTACT-1,SA535X7XB03448_CTCCCTCCATGGTACT-1,SA535X7XB03448,G
.cache/SCRNA10X_SA_CHIP0189_001/filtered_feature_bc_matrix,CTCCCTCTCCATCTAT-1,SA535X7XB03448_CTCCCTCTCCATCTAT-1,SA535X7XB03448,G
.cache/SCRNA10X_SA_CHIP0189_001/filtered_feature_bc_matrix,CTCCCTCTCGTACCTC-1,SA535X7XB03448_CTCCCTCTCGTACCTC-1,SA535X7XB03448,B_C
.cache/SCRNA10X_SA_CHIP0189_001/filtered_feature_bc_matrix,CTCCTCCGTTCCCAAA-1,SA535X7XB03448_CTCCTCCGTTCCCAAA-1,SA535X7XB03448,B_C
.cache/SCRNA10X_SA_CHIP0189_001/filtered_feature_bc_matrix,CTCTGGTGTGAGTAAT-1,SA535X7XB03448_CTCTGGTGTGAGTAAT-1,SA535X7XB03448,B_C
.cache/SCRNA10X_SA_CHIP0189_001/filtered_feature_bc_matrix,CTGAATGTCAGCTAGT-1,SA535X7XB03448_CTGAATGTCAGCTAGT-1,SA535X7XB03448,B_C
.cache/SCRNA10X_SA_CHIP0189_001/filtered_feature_bc_matrix,CTGAGCGCACGCAAAG-1,SA535X7XB03448_CTGAGCGCACGCAAAG-1,SA535X7XB03448,B_C
.cache/SCRNA10X_SA_CHIP0189_001/filtered_feature_bc_matrix,CTGATCCAGTCGCGAA-1,SA535X7XB03448_CTGATCCAGTCGCGAA-1,SA535X7XB03448,B_C
.cache/SCRNA10X_SA_CHIP0189_001/filtered_feature_bc_matrix,CTGCATCTCTGGCCTT-1,SA535X7XB03448_CTGCATCTCTGGCCTT-1,SA535X7XB03448,B_C
.cache/SCRNA10X_SA_CHIP0189_001/filtered_feature_bc_matrix,CTGCCTAAGCAACAAT-1,SA535X7XB03448_CTGCCTAAGCAACAAT-1,SA535X7XB03448,B_C
.cache/SCRNA10X_SA_CHIP0189_001/filtered_feature_bc_matrix,CTGCCTACAATGTGGG-1,SA535X7XB03448_CTGCCTACAATGTGGG-1,SA535X7XB03448,G
.cache/SCRNA10X_SA_CHIP0189_001/filtered_feature_bc_matrix,CTGCCTATCCTTCTGG-1,SA535X7XB03448_CTGCCTATCCTTCTGG-1,SA535X7XB03448,B_C
.cache/SCRNA10X_SA_CHIP0189_001/filtered_feature_bc_matrix,CTGCGAGGTCACCGCA-1,SA535X7XB03448_CTGCGAGGTCACCGCA-1,SA535X7XB03448,B_C
.cache/SCRNA10X_SA_CHIP0189_001/filtered_feature_bc_matrix,CTGGCAGTCATTCTTG-1,SA535X7XB03448_CTGGCAGTCATTCTTG-1,SA535X7XB03448,G
.cache/SCRNA10X_SA_CHIP0189_001/filtered_feature_bc_matrix,CTGGTCTCACTTCATT-1,SA535X7XB03448_CTGGTCTCACTTCATT-1,SA535X7XB03448,B_C
.cache/SCRNA10X_SA_CHIP0189_001/filtered_feature_bc_matrix,CTGTACCTCAGGTAAA-1,SA535X7XB03448_CTGTACCTCAGGTAAA-1,SA535X7XB03448,B_C
.cache/SCRNA10X_SA_CHIP0189_001/filtered_feature_bc_matrix,CTGTAGAGTCGCGTTG-1,SA535X7XB03448_CTGTAGAGTCGCGTTG-1,SA535X7XB03448,G
.cache/SCRNA10X_SA_CHIP0189_001/filtered_feature_bc_matrix,CTGTAGATCATTTCGT-1,SA535X7XB03448_CTGTAGATCATTTCGT-1,SA535X7XB03448,G
.cache/SCRNA10X_SA_CHIP0189_001/filtered_feature_bc_matrix,CTGTAGATCCACTGAA-1,SA535X7XB03448_CTGTAGATCCACTGAA-1,SA535X7XB03448,G
.cache/SCRNA10X_SA_CHIP0189_001/filtered_feature_bc_matrix,CTGTCGTAGTGGCAGT-1,SA535X7XB03448_CTGTCGTAGTGGCAGT-1,SA535X7XB03448,B_C
.cache/SCRNA10X_SA_CHIP0189_001/filtered_feature_bc_matrix,CTGTCGTTCCATTGCC-1,SA535X7XB03448_CTGTCGTTCCATTGCC-1,SA535X7XB03448,B_C
.cache/SCRNA10X_SA_CHIP0189_001/filtered_feature_bc_matrix,CTGTGAAGTAGGTACG-1,SA535X7XB03448_CTGTGAAGTAGGTACG-1,SA535X7XB03448,B_C
.cache/SCRNA10X_SA_CHIP0189_001/filtered_feature_bc_matrix,CTGTGGGGTTCACGAT-1,SA535X7XB03448_CTGTGGGGTTCACGAT-1,SA535X7XB03448,B_C
.cache/SCRNA10X_SA_CHIP0189_001/filtered_feature_bc_matrix,CTTACCGAGGTACCTT-1,SA535X7XB03448_CTTACCGAGGTACCTT-1,SA535X7XB03448,B_C
.cache/SCRNA10X_SA_CHIP0189_001/filtered_feature_bc_matrix,CTTACCGTCTAAGCGT-1,SA535X7XB03448_CTTACCGTCTAAGCGT-1,SA535X7XB03448,B_C
.cache/SCRNA10X_SA_CHIP0189_001/filtered_feature_bc_matrix,CTTAGGAAGTAGGGTC-1,SA535X7XB03448_CTTAGGAAGTAGGGTC-1,SA535X7XB03448,B_C
.cache/SCRNA10X_SA_CHIP0189_001/filtered_feature_bc_matrix,CTTCCGAAGCACACCC-1,SA535X7XB03448_CTTCCGAAGCACACCC-1,SA535X7XB03448,G
.cache/SCRNA10X_SA_CHIP0189_001/filtered_feature_bc_matrix,CTTCCTTAGGCATCTT-1,SA535X7XB03448_CTTCCTTAGGCATCTT-1,SA535X7XB03448,B_C
.cache/SCRNA10X_SA_CHIP0189_001/filtered_feature_bc_matrix,CTTCCTTTCTATGCCC-1,SA535X7XB03448_CTTCCTTTCTATGCCC-1,SA535X7XB03448,B_C
.cache/SCRNA10X_SA_CHIP0189_001/filtered_feature_bc_matrix,CTTCGGTGTAGCTGAG-1,SA535X7XB03448_CTTCGGTGTAGCTGAG-1,SA535X7XB03448,G
.cache/SCRNA10X_SA_CHIP0189_001/filtered_feature_bc_matrix,CTTCTAACACACCAGC-1,SA535X7XB03448_CTTCTAACACACCAGC-1,SA535X7XB03448,B_C
.cache/SCRNA10X_SA_CHIP0189_001/filtered_feature_bc_matrix,CTTCTAAGTCCGGTCA-1,SA535X7XB03448_CTTCTAAGTCCGGTCA-1,SA535X7XB03448,B_C
.cache/SCRNA10X_SA_CHIP0189_001/filtered_feature_bc_matrix,CTTGATTCAGATACTC-1,SA535X7XB03448_CTTGATTCAGATACTC-1,SA535X7XB03448,G
.cache/SCRNA10X_SA_CHIP0189_001/filtered_feature_bc_matrix,CTTTCAAGTCTTCAAG-1,SA535X7XB03448_CTTTCAAGTCTTCAAG-1,SA535X7XB03448,B_C
.cache/SCRNA10X_SA_CHIP0189_001/filtered_feature_bc_matrix,CTTTCAAGTGGCGCTT-1,SA535X7XB03448_CTTTCAAGTGGCGCTT-1,SA535X7XB03448,G
.cache/SCRNA10X_SA_CHIP0189_001/filtered_feature_bc_matrix,CTTTCAATCATATGGC-1,SA535X7XB03448_CTTTCAATCATATGGC-1,SA535X7XB03448,G
.cache/SCRNA10X_SA_CHIP0189_001/filtered_feature_bc_matrix,CTTTCGGCAAGCCCAC-1,SA535X7XB03448_CTTTCGGCAAGCCCAC-1,SA535X7XB03448,B_C
.cache/SCRNA10X_SA_CHIP0189_001/filtered_feature_bc_matrix,CTTTCGGGTATCAGCT-1,SA535X7XB03448_CTTTCGGGTATCAGCT-1,SA535X7XB03448,G
.cache/SCRNA10X_SA_CHIP0189_001/filtered_feature_bc_matrix,GAAACCTCATGCTGCG-1,SA535X7XB03448_GAAACCTCATGCTGCG-1,SA535X7XB03448,B_C
.cache/SCRNA10X_SA_CHIP0189_001/filtered_feature_bc_matrix,GAACGTTAGTGGCCTC-1,SA535X7XB03448_GAACGTTAGTGGCCTC-1,SA535X7XB03448,B_C
.cache/SCRNA10X_SA_CHIP0189_001/filtered_feature_bc_matrix,GAACGTTGTAGGCTCC-1,SA535X7XB03448_GAACGTTGTAGGCTCC-1,SA535X7XB03448,B_C
.cache/SCRNA10X_SA_CHIP0189_001/filtered_feature_bc_matrix,GAAGCGATCCACACAA-1,SA535X7XB03448_GAAGCGATCCACACAA-1,SA535X7XB03448,B_C
.cache/SCRNA10X_SA_CHIP0189_001/filtered_feature_bc_matrix,GAAGTAACAGCGTGCT-1,SA535X7XB03448_GAAGTAACAGCGTGCT-1,SA535X7XB03448,F
.cache/SCRNA10X_SA_CHIP0189_001/filtered_feature_bc_matrix,GAAGTAAGTTCACCGG-1,SA535X7XB03448_GAAGTAAGTTCACCGG-1,SA535X7XB03448,B_C
.cache/SCRNA10X_SA_CHIP0189_001/filtered_feature_bc_matrix,GAATCGTCAAGCCATT-1,SA535X7XB03448_GAATCGTCAAGCCATT-1,SA535X7XB03448,B_C
.cache/SCRNA10X_SA_CHIP0189_001/filtered_feature_bc_matrix,GACACGCAGGTTAAAC-1,SA535X7XB03448_GACACGCAGGTTAAAC-1,SA535X7XB03448,G
.cache/SCRNA10X_SA_CHIP0189_001/filtered_feature_bc_matrix,GACACGCTCCACATAG-1,SA535X7XB03448_GACACGCTCCACATAG-1,SA535X7XB03448,B_C
.cache/SCRNA10X_SA_CHIP0189_001/filtered_feature_bc_matrix,GACAGCCCAACGACAG-1,SA535X7XB03448_GACAGCCCAACGACAG-1,SA535X7XB03448,B_C
.cache/SCRNA10X_SA_CHIP0189_001/filtered_feature_bc_matrix,GACCAATAGAAACTAC-1,SA535X7XB03448_GACCAATAGAAACTAC-1,SA535X7XB03448,B_C
.cache/SCRNA10X_SA_CHIP0189_001/filtered_feature_bc_matrix,GACCTTCGTTGGGAAC-1,SA535X7XB03448_GACCTTCGTTGGGAAC-1,SA535X7XB03448,B_C
.cache/SCRNA10X_SA_CHIP0189_001/filtered_feature_bc_matrix,GACTGATCACGTCGGT-1,SA535X7XB03448_GACTGATCACGTCGGT-1,SA535X7XB03448,B_C
.cache/SCRNA10X_SA_CHIP0189_001/filtered_feature_bc_matrix,GACTTCCCAGAAATTG-1,SA535X7XB03448_GACTTCCCAGAAATTG-1,SA535X7XB03448,G
.cache/SCRNA10X_SA_CHIP0189_001/filtered_feature_bc_matrix,GACTTCCTCTTTCCAA-1,SA535X7XB03448_GACTTCCTCTTTCCAA-1,SA535X7XB03448,B_C
.cache/SCRNA10X_SA_CHIP0189_001/filtered_feature_bc_matrix,GAGAAATCACCGGCTA-1,SA535X7XB03448_GAGAAATCACCGGCTA-1,SA535X7XB03448,B_C
.cache/SCRNA10X_SA_CHIP0189_001/filtered_feature_bc_matrix,GAGACCCGTCATAAAG-1,SA535X7XB03448_GAGACCCGTCATAAAG-1,SA535X7XB03448,B_C
.cache/SCRNA10X_SA_CHIP0189_001/filtered_feature_bc_matrix,GAGACCCTCGGCCAAC-1,SA535X7XB03448_GAGACCCTCGGCCAAC-1,SA535X7XB03448,G
.cache/SCRNA10X_SA_CHIP0189_001/filtered_feature_bc_matrix,GAGACTTCACACTTAG-1,SA535X7XB03448_GAGACTTCACACTTAG-1,SA535X7XB03448,B_C
.cache/SCRNA10X_SA_CHIP0189_001/filtered_feature_bc_matrix,GAGAGGTAGACAACTA-1,SA535X7XB03448_GAGAGGTAGACAACTA-1,SA535X7XB03448,G
.cache/SCRNA10X_SA_CHIP0189_001/filtered_feature_bc_matrix,GAGAGGTAGACCTCAT-1,SA535X7XB03448_GAGAGGTAGACCTCAT-1,SA535X7XB03448,G
.cache/SCRNA10X_SA_CHIP0189_001/filtered_feature_bc_matrix,GAGAGGTTCCACAAGT-1,SA535X7XB03448_GAGAGGTTCCACAAGT-1,SA535X7XB03448,G
.cache/SCRNA10X_SA_CHIP0189_001/filtered_feature_bc_matrix,GAGATGGAGTGGCGAT-1,SA535X7XB03448_GAGATGGAGTGGCGAT-1,SA535X7XB03448,G
.cache/SCRNA10X_SA_CHIP0189_001/filtered_feature_bc_matrix,GAGATGGCAATACGCT-1,SA535X7XB03448_GAGATGGCAATACGCT-1,SA535X7XB03448,B_C
.cache/SCRNA10X_SA_CHIP0189_001/filtered_feature_bc_matrix,GAGGCAACAACCCTCT-1,SA535X7XB03448_GAGGCAACAACCCTCT-1,SA535X7XB03448,B_C
.cache/SCRNA10X_SA_CHIP0189_001/filtered_feature_bc_matrix,GAGGCAATCGCAATTG-1,SA535X7XB03448_GAGGCAATCGCAATTG-1,SA535X7XB03448,G
.cache/SCRNA10X_SA_CHIP0189_001/filtered_feature_bc_matrix,GAGGCCTGTATCCCAA-1,SA535X7XB03448_GAGGCCTGTATCCCAA-1,SA535X7XB03448,B_C
.cache/SCRNA10X_SA_CHIP0189_001/filtered_feature_bc_matrix,GAGGCCTGTCACGCTG-1,SA535X7XB03448_GAGGCCTGTCACGCTG-1,SA535X7XB03448,G
.cache/SCRNA10X_SA_CHIP0189_001/filtered_feature_bc_matrix,GAGGGATCAAACCATC-1,SA535X7XB03448_GAGGGATCAAACCATC-1,SA535X7XB03448,G
.cache/SCRNA10X_SA_CHIP0189_001/filtered_feature_bc_matrix,GAGGGATCACTTGAAC-1,SA535X7XB03448_GAGGGATCACTTGAAC-1,SA535X7XB03448,B_C
.cache/SCRNA10X_SA_CHIP0189_001/filtered_feature_bc_matrix,GAGTCATTCACTCGAA-1,SA535X7XB03448_GAGTCATTCACTCGAA-1,SA535X7XB03448,B_C
.cache/SCRNA10X_SA_CHIP0189_001/filtered_feature_bc_matrix,GAGTGAGGTTTACTGG-1,SA535X7XB03448_GAGTGAGGTTTACTGG-1,SA535X7XB03448,B_C
.cache/SCRNA10X_SA_CHIP0189_001/filtered_feature_bc_matrix,GAGTGTTCATCTATCT-1,SA535X7XB03448_GAGTGTTCATCTATCT-1,SA535X7XB03448,B_C
.cache/SCRNA10X_SA_CHIP0189_001/filtered_feature_bc_matrix,GAGTGTTGTCTAGGTT-1,SA535X7XB03448_GAGTGTTGTCTAGGTT-1,SA535X7XB03448,B_C
.cache/SCRNA10X_SA_CHIP0189_001/filtered_feature_bc_matrix,GAGTGTTTCCAGTGCG-1,SA535X7XB03448_GAGTGTTTCCAGTGCG-1,SA535X7XB03448,B_C
.cache/SCRNA10X_SA_CHIP0189_001/filtered_feature_bc_matrix,GAGTTACCAAGTGGGT-1,SA535X7XB03448_GAGTTACCAAGTGGGT-1,SA535X7XB03448,B_C
.cache/SCRNA10X_SA_CHIP0189_001/filtered_feature_bc_matrix,GAGTTACCAATTCGTG-1,SA535X7XB03448_GAGTTACCAATTCGTG-1,SA535X7XB03448,G
.cache/SCRNA10X_SA_CHIP0189_001/filtered_feature_bc_matrix,GAGTTACCATAATCGC-1,SA535X7XB03448_GAGTTACCATAATCGC-1,SA535X7XB03448,F
.cache/SCRNA10X_SA_CHIP0189_001/filtered_feature_bc_matrix,GAGTTGTTCGGTAACT-1,SA535X7XB03448_GAGTTGTTCGGTAACT-1,SA535X7XB03448,B_C
.cache/SCRNA10X_SA_CHIP0189_001/filtered_feature_bc_matrix,GATCACATCGCAGAGA-1,SA535X7XB03448_GATCACATCGCAGAGA-1,SA535X7XB03448,B_C
.cache/SCRNA10X_SA_CHIP0189_001/filtered_feature_bc_matrix,GATCAGTAGGTTGGAC-1,SA535X7XB03448_GATCAGTAGGTTGGAC-1,SA535X7XB03448,B_C
.cache/SCRNA10X_SA_CHIP0189_001/filtered_feature_bc_matrix,GATCAGTCAGTGGGTA-1,SA535X7XB03448_GATCAGTCAGTGGGTA-1,SA535X7XB03448,B_C
.cache/SCRNA10X_SA_CHIP0189_001/filtered_feature_bc_matrix,GATCATGCATATCTCT-1,SA535X7XB03448_GATCATGCATATCTCT-1,SA535X7XB03448,B_C
.cache/SCRNA10X_SA_CHIP0189_001/filtered_feature_bc_matrix,GATCGTACAGTGGGTA-1,SA535X7XB03448_GATCGTACAGTGGGTA-1,SA535X7XB03448,G
.cache/SCRNA10X_SA_CHIP0189_001/filtered_feature_bc_matrix,GATGACTTCCGCAAAT-1,SA535X7XB03448_GATGACTTCCGCAAAT-1,SA535X7XB03448,G
.cache/SCRNA10X_SA_CHIP0189_001/filtered_feature_bc_matrix,GATGACTTCTGAGTCA-1,SA535X7XB03448_GATGACTTCTGAGTCA-1,SA535X7XB03448,B_C
.cache/SCRNA10X_SA_CHIP0189_001/filtered_feature_bc_matrix,GATGAGGCATAGATCC-1,SA535X7XB03448_GATGAGGCATAGATCC-1,SA535X7XB03448,B_C
.cache/SCRNA10X_SA_CHIP0189_001/filtered_feature_bc_matrix,GATGAGGGTCGATTTG-1,SA535X7XB03448_GATGAGGGTCGATTTG-1,SA535X7XB03448,B_C
.cache/SCRNA10X_SA_CHIP0189_001/filtered_feature_bc_matrix,GATGAGGTCATCCTGC-1,SA535X7XB03448_GATGAGGTCATCCTGC-1,SA535X7XB03448,B_C
.cache/SCRNA10X_SA_CHIP0189_001/filtered_feature_bc_matrix,GATGATCTCAATGTCG-1,SA535X7XB03448_GATGATCTCAATGTCG-1,SA535X7XB03448,B_C
.cache/SCRNA10X_SA_CHIP0189_001/filtered_feature_bc_matrix,GATGCTAAGCGCCTCA-1,SA535X7XB03448_GATGCTAAGCGCCTCA-1,SA535X7XB03448,B_C
.cache/SCRNA10X_SA_CHIP0189_001/filtered_feature_bc_matrix,GATGGAGAGAGATCGC-1,SA535X7XB03448_GATGGAGAGAGATCGC-1,SA535X7XB03448,B_C
.cache/SCRNA10X_SA_CHIP0189_001/filtered_feature_bc_matrix,GATTCTTCAATTGCGT-1,SA535X7XB03448_GATTCTTCAATTGCGT-1,SA535X7XB03448,G
.cache/SCRNA10X_SA_CHIP0189_001/filtered_feature_bc_matrix,GATTCTTGTGACCGTC-1,SA535X7XB03448_GATTCTTGTGACCGTC-1,SA535X7XB03448,B_C
.cache/SCRNA10X_SA_CHIP0189_001/filtered_feature_bc_matrix,GATTGGTTCTTCGCTG-1,SA535X7XB03448_GATTGGTTCTTCGCTG-1,SA535X7XB03448,D
.cache/SCRNA10X_SA_CHIP0189_001/filtered_feature_bc_matrix,GATTTCTCAGATTCGT-1,SA535X7XB03448_GATTTCTCAGATTCGT-1,SA535X7XB03448,G
.cache/SCRNA10X_SA_CHIP0189_001/filtered_feature_bc_matrix,GCAACATAGTTCCAGT-1,SA535X7XB03448_GCAACATAGTTCCAGT-1,SA535X7XB03448,G
.cache/SCRNA10X_SA_CHIP0189_001/filtered_feature_bc_matrix,GCAACATTCGTCTCAC-1,SA535X7XB03448_GCAACATTCGTCTCAC-1,SA535X7XB03448,B_C
.cache/SCRNA10X_SA_CHIP0189_001/filtered_feature_bc_matrix,GCAACCGGTAATACCC-1,SA535X7XB03448_GCAACCGGTAATACCC-1,SA535X7XB03448,B_C
.cache/SCRNA10X_SA_CHIP0189_001/filtered_feature_bc_matrix,GCAACCGGTGTGCCTG-1,SA535X7XB03448_GCAACCGGTGTGCCTG-1,SA535X7XB03448,B_C
.cache/SCRNA10X_SA_CHIP0189_001/filtered_feature_bc_matrix,GCACATAAGAACCCGA-1,SA535X7XB03448_GCACATAAGAACCCGA-1,SA535X7XB03448,G
.cache/SCRNA10X_SA_CHIP0189_001/filtered_feature_bc_matrix,GCACGTGAGGGCCAAT-1,SA535X7XB03448_GCACGTGAGGGCCAAT-1,SA535X7XB03448,B_C
.cache/SCRNA10X_SA_CHIP0189_001/filtered_feature_bc_matrix,GCACGTGTCTGAGCAT-1,SA535X7XB03448_GCACGTGTCTGAGCAT-1,SA535X7XB03448,G
.cache/SCRNA10X_SA_CHIP0189_001/filtered_feature_bc_matrix,GCACTAATCACTGTTT-1,SA535X7XB03448_GCACTAATCACTGTTT-1,SA535X7XB03448,B_C
.cache/SCRNA10X_SA_CHIP0189_001/filtered_feature_bc_matrix,GCACTAATCTCCCAAC-1,SA535X7XB03448_GCACTAATCTCCCAAC-1,SA535X7XB03448,B_C
.cache/SCRNA10X_SA_CHIP0189_001/filtered_feature_bc_matrix,GCAGCCAGTGCAGTGA-1,SA535X7XB03448_GCAGCCAGTGCAGTGA-1,SA535X7XB03448,B_C
.cache/SCRNA10X_SA_CHIP0189_001/filtered_feature_bc_matrix,GCAGCCATCAGATTGC-1,SA535X7XB03448_GCAGCCATCAGATTGC-1,SA535X7XB03448,B_C
.cache/SCRNA10X_SA_CHIP0189_001/filtered_feature_bc_matrix,GCAGCCATCTGGAAGG-1,SA535X7XB03448_GCAGCCATCTGGAAGG-1,SA535X7XB03448,B_C
.cache/SCRNA10X_SA_CHIP0189_001/filtered_feature_bc_matrix,GCAGCTGAGGTTAGTA-1,SA535X7XB03448_GCAGCTGAGGTTAGTA-1,SA535X7XB03448,F
.cache/SCRNA10X_SA_CHIP0189_001/filtered_feature_bc_matrix,GCAGCTGTCAACGTGT-1,SA535X7XB03448_GCAGCTGTCAACGTGT-1,SA535X7XB03448,G
.cache/SCRNA10X_SA_CHIP0189_001/filtered_feature_bc_matrix,GCAGCTGTCTCTATAC-1,SA535X7XB03448_GCAGCTGTCTCTATAC-1,SA535X7XB03448,G
.cache/SCRNA10X_SA_CHIP0189_001/filtered_feature_bc_matrix,GCAGGCTAGCCAAGTG-1,SA535X7XB03448_GCAGGCTAGCCAAGTG-1,SA535X7XB03448,B_C
.cache/SCRNA10X_SA_CHIP0189_001/filtered_feature_bc_matrix,GCAGTTACATGTCTAG-1,SA535X7XB03448_GCAGTTACATGTCTAG-1,SA535X7XB03448,B_C
.cache/SCRNA10X_SA_CHIP0189_001/filtered_feature_bc_matrix,GCATCTCCATGGCCAC-1,SA535X7XB03448_GCATCTCCATGGCCAC-1,SA535X7XB03448,B_C
.cache/SCRNA10X_SA_CHIP0189_001/filtered_feature_bc_matrix,GCATCTCTCAGAGCGA-1,SA535X7XB03448_GCATCTCTCAGAGCGA-1,SA535X7XB03448,B_C
.cache/SCRNA10X_SA_CHIP0189_001/filtered_feature_bc_matrix,GCATGATTCCATTCAT-1,SA535X7XB03448_GCATGATTCCATTCAT-1,SA535X7XB03448,B_C
.cache/SCRNA10X_SA_CHIP0189_001/filtered_feature_bc_matrix,GCATTAGAGCAGATAT-1,SA535X7XB03448_GCATTAGAGCAGATAT-1,SA535X7XB03448,G
.cache/SCRNA10X_SA_CHIP0189_001/filtered_feature_bc_matrix,GCATTAGAGTAGACCG-1,SA535X7XB03448_GCATTAGAGTAGACCG-1,SA535X7XB03448,B_C
.cache/SCRNA10X_SA_CHIP0189_001/filtered_feature_bc_matrix,GCCATGGAGCCTCGTG-1,SA535X7XB03448_GCCATGGAGCCTCGTG-1,SA535X7XB03448,G
.cache/SCRNA10X_SA_CHIP0189_001/filtered_feature_bc_matrix,GCCATGGCAAATCCCA-1,SA535X7XB03448_GCCATGGCAAATCCCA-1,SA535X7XB03448,B_C
.cache/SCRNA10X_SA_CHIP0189_001/filtered_feature_bc_matrix,GCCATGGTCGCCTAGG-1,SA535X7XB03448_GCCATGGTCGCCTAGG-1,SA535X7XB03448,G
.cache/SCRNA10X_SA_CHIP0189_001/filtered_feature_bc_matrix,GCCCAGACACCGGTCA-1,SA535X7XB03448_GCCCAGACACCGGTCA-1,SA535X7XB03448,G
.cache/SCRNA10X_SA_CHIP0189_001/filtered_feature_bc_matrix,GCCGTGAAGGCTTTCA-1,SA535X7XB03448_GCCGTGAAGGCTTTCA-1,SA535X7XB03448,B_C
.cache/SCRNA10X_SA_CHIP0189_001/filtered_feature_bc_matrix,GCCGTGAGTGCATTAC-1,SA535X7XB03448_GCCGTGAGTGCATTAC-1,SA535X7XB03448,B_C
.cache/SCRNA10X_SA_CHIP0189_001/filtered_feature_bc_matrix,GCCTGTTAGCACTAAA-1,SA535X7XB03448_GCCTGTTAGCACTAAA-1,SA535X7XB03448,G
.cache/SCRNA10X_SA_CHIP0189_001/filtered_feature_bc_matrix,GCGATCGAGGCTAAAT-1,SA535X7XB03448_GCGATCGAGGCTAAAT-1,SA535X7XB03448,B_C
.cache/SCRNA10X_SA_CHIP0189_001/filtered_feature_bc_matrix,GCGATCGTCCACGTGG-1,SA535X7XB03448_GCGATCGTCCACGTGG-1,SA535X7XB03448,B_C
.cache/SCRNA10X_SA_CHIP0189_001/filtered_feature_bc_matrix,GCGGAAAGTTCTATCT-1,SA535X7XB03448_GCGGAAAGTTCTATCT-1,SA535X7XB03448,B_C
.cache/SCRNA10X_SA_CHIP0189_001/filtered_feature_bc_matrix,GCGTTTCCACTACGGC-1,SA535X7XB03448_GCGTTTCCACTACGGC-1,SA535X7XB03448,G
.cache/SCRNA10X_SA_CHIP0189_001/filtered_feature_bc_matrix,GCGTTTCTCCCTGGTT-1,SA535X7XB03448_GCGTTTCTCCCTGGTT-1,SA535X7XB03448,B_C
.cache/SCRNA10X_SA_CHIP0189_001/filtered_feature_bc_matrix,GCTACAACAACAGCTT-1,SA535X7XB03448_GCTACAACAACAGCTT-1,SA535X7XB03448,G
.cache/SCRNA10X_SA_CHIP0189_001/filtered_feature_bc_matrix,GCTACCTAGCGTTCAT-1,SA535X7XB03448_GCTACCTAGCGTTCAT-1,SA535X7XB03448,B_C
.cache/SCRNA10X_SA_CHIP0189_001/filtered_feature_bc_matrix,GCTACCTTCCCTTGGT-1,SA535X7XB03448_GCTACCTTCCCTTGGT-1,SA535X7XB03448,G
.cache/SCRNA10X_SA_CHIP0189_001/filtered_feature_bc_matrix,GCTCAAACACTCATAG-1,SA535X7XB03448_GCTCAAACACTCATAG-1,SA535X7XB03448,B_C
.cache/SCRNA10X_SA_CHIP0189_001/filtered_feature_bc_matrix,GCTGAATCAACCGACC-1,SA535X7XB03448_GCTGAATCAACCGACC-1,SA535X7XB03448,B_C
.cache/SCRNA10X_SA_CHIP0189_001/filtered_feature_bc_matrix,GCTGCAGCACCCAAGC-1,SA535X7XB03448_GCTGCAGCACCCAAGC-1,SA535X7XB03448,G
.cache/SCRNA10X_SA_CHIP0189_001/filtered_feature_bc_matrix,GCTGCAGTCTGGCTGG-1,SA535X7XB03448_GCTGCAGTCTGGCTGG-1,SA535X7XB03448,B_C
.cache/SCRNA10X_SA_CHIP0189_001/filtered_feature_bc_matrix,GCTGGGTAGAAGTCCG-1,SA535X7XB03448_GCTGGGTAGAAGTCCG-1,SA535X7XB03448,G
.cache/SCRNA10X_SA_CHIP0189_001/filtered_feature_bc_matrix,GCTGGGTTCCCTTTGG-1,SA535X7XB03448_GCTGGGTTCCCTTTGG-1,SA535X7XB03448,E
.cache/SCRNA10X_SA_CHIP0189_001/filtered_feature_bc_matrix,GCTTCACAGGTAAACT-1,SA535X7XB03448_GCTTCACAGGTAAACT-1,SA535X7XB03448,B_C
.cache/SCRNA10X_SA_CHIP0189_001/filtered_feature_bc_matrix,GGAACCCAGGTACAGC-1,SA535X7XB03448_GGAACCCAGGTACAGC-1,SA535X7XB03448,B_C
.cache/SCRNA10X_SA_CHIP0189_001/filtered_feature_bc_matrix,GGAAGTGAGCTTGTTG-1,SA535X7XB03448_GGAAGTGAGCTTGTTG-1,SA535X7XB03448,B_C
.cache/SCRNA10X_SA_CHIP0189_001/filtered_feature_bc_matrix,GGAATCTGTTCCGCGA-1,SA535X7XB03448_GGAATCTGTTCCGCGA-1,SA535X7XB03448,B_C
.cache/SCRNA10X_SA_CHIP0189_001/filtered_feature_bc_matrix,GGAATGGGTGTGACCC-1,SA535X7XB03448_GGAATGGGTGTGACCC-1,SA535X7XB03448,B_C
.cache/SCRNA10X_SA_CHIP0189_001/filtered_feature_bc_matrix,GGAATGGTCTAGACAC-1,SA535X7XB03448_GGAATGGTCTAGACAC-1,SA535X7XB03448,B_C
.cache/SCRNA10X_SA_CHIP0189_001/filtered_feature_bc_matrix,GGACGTCTCGTGGCGT-1,SA535X7XB03448_GGACGTCTCGTGGCGT-1,SA535X7XB03448,B_C
.cache/SCRNA10X_SA_CHIP0189_001/filtered_feature_bc_matrix,GGAGGATTCCATTTGT-1,SA535X7XB03448_GGAGGATTCCATTTGT-1,SA535X7XB03448,B_C
.cache/SCRNA10X_SA_CHIP0189_001/filtered_feature_bc_matrix,GGAGGTAGTCTTACAG-1,SA535X7XB03448_GGAGGTAGTCTTACAG-1,SA535X7XB03448,G
.cache/SCRNA10X_SA_CHIP0189_001/filtered_feature_bc_matrix,GGAGGTATCGAAATCC-1,SA535X7XB03448_GGAGGTATCGAAATCC-1,SA535X7XB03448,B_C
.cache/SCRNA10X_SA_CHIP0189_001/filtered_feature_bc_matrix,GGCACGTAGCCAAGTG-1,SA535X7XB03448_GGCACGTAGCCAAGTG-1,SA535X7XB03448,B_C
.cache/SCRNA10X_SA_CHIP0189_001/filtered_feature_bc_matrix,GGCACGTCAGATACCT-1,SA535X7XB03448_GGCACGTCAGATACCT-1,SA535X7XB03448,B_C
.cache/SCRNA10X_SA_CHIP0189_001/filtered_feature_bc_matrix,GGCACGTTCGTGAGAG-1,SA535X7XB03448_GGCACGTTCGTGAGAG-1,SA535X7XB03448,B_C
.cache/SCRNA10X_SA_CHIP0189_001/filtered_feature_bc_matrix,GGCTTGGGTATGCGGA-1,SA535X7XB03448_GGCTTGGGTATGCGGA-1,SA535X7XB03448,G
.cache/SCRNA10X_SA_CHIP0189_001/filtered_feature_bc_matrix,GGCTTTCAGCGACCCT-1,SA535X7XB03448_GGCTTTCAGCGACCCT-1,SA535X7XB03448,B_C
.cache/SCRNA10X_SA_CHIP0189_001/filtered_feature_bc_matrix,GGCTTTCGTTGGGAAC-1,SA535X7XB03448_GGCTTTCGTTGGGAAC-1,SA535X7XB03448,G
.cache/SCRNA10X_SA_CHIP0189_001/filtered_feature_bc_matrix,GGGAAGTCACTCCTTG-1,SA535X7XB03448_GGGAAGTCACTCCTTG-1,SA535X7XB03448,B_C
.cache/SCRNA10X_SA_CHIP0189_001/filtered_feature_bc_matrix,GGGAAGTCAGCTCATA-1,SA535X7XB03448_GGGAAGTCAGCTCATA-1,SA535X7XB03448,B_C
.cache/SCRNA10X_SA_CHIP0189_001/filtered_feature_bc_matrix,GGGAAGTTCGGCCAAC-1,SA535X7XB03448_GGGAAGTTCGGCCAAC-1,SA535X7XB03448,G
.cache/SCRNA10X_SA_CHIP0189_001/filtered_feature_bc_matrix,GGGACCTCACCATTCC-1,SA535X7XB03448_GGGACCTCACCATTCC-1,SA535X7XB03448,G
.cache/SCRNA10X_SA_CHIP0189_001/filtered_feature_bc_matrix,GGGAGATAGATGGCGT-1,SA535X7XB03448_GGGAGATAGATGGCGT-1,SA535X7XB03448,G
.cache/SCRNA10X_SA_CHIP0189_001/filtered_feature_bc_matrix,GGGATCCAGAGCATTA-1,SA535X7XB03448_GGGATCCAGAGCATTA-1,SA535X7XB03448,B_C
.cache/SCRNA10X_SA_CHIP0189_001/filtered_feature_bc_matrix,GGGATCCCACCAGGTC-1,SA535X7XB03448_GGGATCCCACCAGGTC-1,SA535X7XB03448,B_C
.cache/SCRNA10X_SA_CHIP0189_001/filtered_feature_bc_matrix,GGGATGACACAACCGC-1,SA535X7XB03448_GGGATGACACAACCGC-1,SA535X7XB03448,B_C
.cache/SCRNA10X_SA_CHIP0189_001/filtered_feature_bc_matrix,GGGATGATCCACTTTA-1,SA535X7XB03448_GGGATGATCCACTTTA-1,SA535X7XB03448,B_C
.cache/SCRNA10X_SA_CHIP0189_001/filtered_feature_bc_matrix,GGGCTACAGACCGTTT-1,SA535X7XB03448_GGGCTACAGACCGTTT-1,SA535X7XB03448,B_C
.cache/SCRNA10X_SA_CHIP0189_001/filtered_feature_bc_matrix,GGGCTACAGCCAACCC-1,SA535X7XB03448_GGGCTACAGCCAACCC-1,SA535X7XB03448,G
.cache/SCRNA10X_SA_CHIP0189_001/filtered_feature_bc_matrix,GGGCTACTCTCTATGT-1,SA535X7XB03448_GGGCTACTCTCTATGT-1,SA535X7XB03448,G
.cache/SCRNA10X_SA_CHIP0189_001/filtered_feature_bc_matrix,GGGCTCACACAACCGC-1,SA535X7XB03448_GGGCTCACACAACCGC-1,SA535X7XB03448,B_C
.cache/SCRNA10X_SA_CHIP0189_001/filtered_feature_bc_matrix,GGGCTCACACCCATAA-1,SA535X7XB03448_GGGCTCACACCCATAA-1,SA535X7XB03448,B_C
.cache/SCRNA10X_SA_CHIP0189_001/filtered_feature_bc_matrix,GGGTCACCAAACTAAG-1,SA535X7XB03448_GGGTCACCAAACTAAG-1,SA535X7XB03448,G
.cache/SCRNA10X_SA_CHIP0189_001/filtered_feature_bc_matrix,GGGTTATAGCGGTAAC-1,SA535X7XB03448_GGGTTATAGCGGTAAC-1,SA535X7XB03448,G
.cache/SCRNA10X_SA_CHIP0189_001/filtered_feature_bc_matrix,GGGTTATGTAGAGATT-1,SA535X7XB03448_GGGTTATGTAGAGATT-1,SA535X7XB03448,B_C
.cache/SCRNA10X_SA_CHIP0189_001/filtered_feature_bc_matrix,GGGTTTAGTTGTCAGT-1,SA535X7XB03448_GGGTTTAGTTGTCAGT-1,SA535X7XB03448,G
.cache/SCRNA10X_SA_CHIP0189_001/filtered_feature_bc_matrix,GGTAACTAGATTAGCA-1,SA535X7XB03448_GGTAACTAGATTAGCA-1,SA535X7XB03448,B_C
.cache/SCRNA10X_SA_CHIP0189_001/filtered_feature_bc_matrix,GGTCACGCAAGTCCAT-1,SA535X7XB03448_GGTCACGCAAGTCCAT-1,SA535X7XB03448,B_C
.cache/SCRNA10X_SA_CHIP0189_001/filtered_feature_bc_matrix,GGTCTGGGTTAAGACA-1,SA535X7XB03448_GGTCTGGGTTAAGACA-1,SA535X7XB03448,B_C
.cache/SCRNA10X_SA_CHIP0189_001/filtered_feature_bc_matrix,GGTGTCGAGCACTCCG-1,SA535X7XB03448_GGTGTCGAGCACTCCG-1,SA535X7XB03448,G
.cache/SCRNA10X_SA_CHIP0189_001/filtered_feature_bc_matrix,GGTGTCGGTGCTAGCC-1,SA535X7XB03448_GGTGTCGGTGCTAGCC-1,SA535X7XB03448,B_C
.cache/SCRNA10X_SA_CHIP0189_001/filtered_feature_bc_matrix,GGTGTTAAGTCATAGA-1,SA535X7XB03448_GGTGTTAAGTCATAGA-1,SA535X7XB03448,B_C
.cache/SCRNA10X_SA_CHIP0189_001/filtered_feature_bc_matrix,GGTTCTCAGATAACGT-1,SA535X7XB03448_GGTTCTCAGATAACGT-1,SA535X7XB03448,B_C
.cache/SCRNA10X_SA_CHIP0189_001/filtered_feature_bc_matrix,GGTTCTCGTCACGACC-1,SA535X7XB03448_GGTTCTCGTCACGACC-1,SA535X7XB03448,G
.cache/SCRNA10X_SA_CHIP0189_001/filtered_feature_bc_matrix,GTAACCATCCACGGAC-1,SA535X7XB03448_GTAACCATCCACGGAC-1,SA535X7XB03448,B_C
.cache/SCRNA10X_SA_CHIP0189_001/filtered_feature_bc_matrix,GTAATCGGTTGTAAAG-1,SA535X7XB03448_GTAATCGGTTGTAAAG-1,SA535X7XB03448,G
.cache/SCRNA10X_SA_CHIP0189_001/filtered_feature_bc_matrix,GTACAACTCTCTATGT-1,SA535X7XB03448_GTACAACTCTCTATGT-1,SA535X7XB03448,B_C
.cache/SCRNA10X_SA_CHIP0189_001/filtered_feature_bc_matrix,GTAGAGGCATACTTTC-1,SA535X7XB03448_GTAGAGGCATACTTTC-1,SA535X7XB03448,B_C
.cache/SCRNA10X_SA_CHIP0189_001/filtered_feature_bc_matrix,GTAGATCGTTTACTTC-1,SA535X7XB03448_GTAGATCGTTTACTTC-1,SA535X7XB03448,B_C
.cache/SCRNA10X_SA_CHIP0189_001/filtered_feature_bc_matrix,GTAGGTTAGAATCCCT-1,SA535X7XB03448_GTAGGTTAGAATCCCT-1,SA535X7XB03448,B_C
.cache/SCRNA10X_SA_CHIP0189_001/filtered_feature_bc_matrix,GTAGGTTAGATTAGTG-1,SA535X7XB03448_GTAGGTTAGATTAGTG-1,SA535X7XB03448,B_C
.cache/SCRNA10X_SA_CHIP0189_001/filtered_feature_bc_matrix,GTATTGGCACCCTTAC-1,SA535X7XB03448_GTATTGGCACCCTTAC-1,SA535X7XB03448,B_C
.cache/SCRNA10X_SA_CHIP0189_001/filtered_feature_bc_matrix,GTATTGGCATGGATCT-1,SA535X7XB03448_GTATTGGCATGGATCT-1,SA535X7XB03448,B_C
.cache/SCRNA10X_SA_CHIP0189_001/filtered_feature_bc_matrix,GTCACGGGTGTTCGAT-1,SA535X7XB03448_GTCACGGGTGTTCGAT-1,SA535X7XB03448,B_C
.cache/SCRNA10X_SA_CHIP0189_001/filtered_feature_bc_matrix,GTCACTCAGAAGCTGC-1,SA535X7XB03448_GTCACTCAGAAGCTGC-1,SA535X7XB03448,B_C
.cache/SCRNA10X_SA_CHIP0189_001/filtered_feature_bc_matrix,GTCATGAGTGTAAACA-1,SA535X7XB03448_GTCATGAGTGTAAACA-1,SA535X7XB03448,B_C
.cache/SCRNA10X_SA_CHIP0189_001/filtered_feature_bc_matrix,GTCATGATCAGACTGT-1,SA535X7XB03448_GTCATGATCAGACTGT-1,SA535X7XB03448,B_C
.cache/SCRNA10X_SA_CHIP0189_001/filtered_feature_bc_matrix,GTCATGATCGCGTGCA-1,SA535X7XB03448_GTCATGATCGCGTGCA-1,SA535X7XB03448,G
.cache/SCRNA10X_SA_CHIP0189_001/filtered_feature_bc_matrix,GTCGAATGTAATCAGA-1,SA535X7XB03448_GTCGAATGTAATCAGA-1,SA535X7XB03448,B_C
.cache/SCRNA10X_SA_CHIP0189_001/filtered_feature_bc_matrix,GTCTCACTCACCATAG-1,SA535X7XB03448_GTCTCACTCACCATAG-1,SA535X7XB03448,G
.cache/SCRNA10X_SA_CHIP0189_001/filtered_feature_bc_matrix,GTGACGCCAAAGGCAC-1,SA535X7XB03448_GTGACGCCAAAGGCAC-1,SA535X7XB03448,B_C
.cache/SCRNA10X_SA_CHIP0189_001/filtered_feature_bc_matrix,GTGACGCTCATAAGGA-1,SA535X7XB03448_GTGACGCTCATAAGGA-1,SA535X7XB03448,G
.cache/SCRNA10X_SA_CHIP0189_001/filtered_feature_bc_matrix,GTGAGGAGTGCCTGCA-1,SA535X7XB03448_GTGAGGAGTGCCTGCA-1,SA535X7XB03448,G
.cache/SCRNA10X_SA_CHIP0189_001/filtered_feature_bc_matrix,GTGAGGAGTTGTGGAG-1,SA535X7XB03448_GTGAGGAGTTGTGGAG-1,SA535X7XB03448,B_C
.cache/SCRNA10X_SA_CHIP0189_001/filtered_feature_bc_matrix,GTGAGTTAGGGATCTG-1,SA535X7XB03448_GTGAGTTAGGGATCTG-1,SA535X7XB03448,G
.cache/SCRNA10X_SA_CHIP0189_001/filtered_feature_bc_matrix,GTGAGTTTCAATCCAG-1,SA535X7XB03448_GTGAGTTTCAATCCAG-1,SA535X7XB03448,B_C
.cache/SCRNA10X_SA_CHIP0189_001/filtered_feature_bc_matrix,GTGAGTTTCCAACCAA-1,SA535X7XB03448_GTGAGTTTCCAACCAA-1,SA535X7XB03448,B_C
.cache/SCRNA10X_SA_CHIP0189_001/filtered_feature_bc_matrix,GTGATGTCACAGAGAC-1,SA535X7XB03448_GTGATGTCACAGAGAC-1,SA535X7XB03448,B_C
.cache/SCRNA10X_SA_CHIP0189_001/filtered_feature_bc_matrix,GTGCACGAGCAGCGAT-1,SA535X7XB03448_GTGCACGAGCAGCGAT-1,SA535X7XB03448,B_C
.cache/SCRNA10X_SA_CHIP0189_001/filtered_feature_bc_matrix,GTGCACGTCCGATAAC-1,SA535X7XB03448_GTGCACGTCCGATAAC-1,SA535X7XB03448,B_C
.cache/SCRNA10X_SA_CHIP0189_001/filtered_feature_bc_matrix,GTGCTGGCACCATAAC-1,SA535X7XB03448_GTGCTGGCACCATAAC-1,SA535X7XB03448,B_C
.cache/SCRNA10X_SA_CHIP0189_001/filtered_feature_bc_matrix,GTGGAAGAGGGCAATC-1,SA535X7XB03448_GTGGAAGAGGGCAATC-1,SA535X7XB03448,B_C
.cache/SCRNA10X_SA_CHIP0189_001/filtered_feature_bc_matrix,GTGGAGAAGAGGTTAT-1,SA535X7XB03448_GTGGAGAAGAGGTTAT-1,SA535X7XB03448,G
.cache/SCRNA10X_SA_CHIP0189_001/filtered_feature_bc_matrix,GTGGAGAGTCAAAGAT-1,SA535X7XB03448_GTGGAGAGTCAAAGAT-1,SA535X7XB03448,B_C
.cache/SCRNA10X_SA_CHIP0189_001/filtered_feature_bc_matrix,GTGGAGATCCGTGGCA-1,SA535X7XB03448_GTGGAGATCCGTGGCA-1,SA535X7XB03448,B_C
.cache/SCRNA10X_SA_CHIP0189_001/filtered_feature_bc_matrix,GTGGCGTAGGAGGCAG-1,SA535X7XB03448_GTGGCGTAGGAGGCAG-1,SA535X7XB03448,B_C
.cache/SCRNA10X_SA_CHIP0189_001/filtered_feature_bc_matrix,GTGGCGTGTAGGCAAC-1,SA535X7XB03448_GTGGCGTGTAGGCAAC-1,SA535X7XB03448,B_C
.cache/SCRNA10X_SA_CHIP0189_001/filtered_feature_bc_matrix,GTGGCGTGTTGATCGT-1,SA535X7XB03448_GTGGCGTGTTGATCGT-1,SA535X7XB03448,G
.cache/SCRNA10X_SA_CHIP0189_001/filtered_feature_bc_matrix,GTGGCGTTCTATTTCG-1,SA535X7XB03448_GTGGCGTTCTATTTCG-1,SA535X7XB03448,G
.cache/SCRNA10X_SA_CHIP0189_001/filtered_feature_bc_matrix,GTGGGAATCGGCTCTT-1,SA535X7XB03448_GTGGGAATCGGCTCTT-1,SA535X7XB03448,B_C
.cache/SCRNA10X_SA_CHIP0189_001/filtered_feature_bc_matrix,GTGGTTACACCAGCCA-1,SA535X7XB03448_GTGGTTACACCAGCCA-1,SA535X7XB03448,B_C
.cache/SCRNA10X_SA_CHIP0189_001/filtered_feature_bc_matrix,GTGGTTATCTGCTTAT-1,SA535X7XB03448_GTGGTTATCTGCTTAT-1,SA535X7XB03448,B_C
.cache/SCRNA10X_SA_CHIP0189_001/filtered_feature_bc_matrix,GTGTAACAGGAAACGA-1,SA535X7XB03448_GTGTAACAGGAAACGA-1,SA535X7XB03448,B_C
.cache/SCRNA10X_SA_CHIP0189_001/filtered_feature_bc_matrix,GTTACAGTCCAAATGC-1,SA535X7XB03448_GTTACAGTCCAAATGC-1,SA535X7XB03448,B_C
.cache/SCRNA10X_SA_CHIP0189_001/filtered_feature_bc_matrix,GTTACGAAGGACTATA-1,SA535X7XB03448_GTTACGAAGGACTATA-1,SA535X7XB03448,B_C
.cache/SCRNA10X_SA_CHIP0189_001/filtered_feature_bc_matrix,GTTACGACACCATAAC-1,SA535X7XB03448_GTTACGACACCATAAC-1,SA535X7XB03448,G
.cache/SCRNA10X_SA_CHIP0189_001/filtered_feature_bc_matrix,GTTACGAGTTCGAAGG-1,SA535X7XB03448_GTTACGAGTTCGAAGG-1,SA535X7XB03448,B_C
.cache/SCRNA10X_SA_CHIP0189_001/filtered_feature_bc_matrix,GTTAGACTCCTTCACG-1,SA535X7XB03448_GTTAGACTCCTTCACG-1,SA535X7XB03448,G
.cache/SCRNA10X_SA_CHIP0189_001/filtered_feature_bc_matrix,GTTAGTGAGTATTGCC-1,SA535X7XB03448_GTTAGTGAGTATTGCC-1,SA535X7XB03448,B_C
.cache/SCRNA10X_SA_CHIP0189_001/filtered_feature_bc_matrix,GTTAGTGTCGTGGGAA-1,SA535X7XB03448_GTTAGTGTCGTGGGAA-1,SA535X7XB03448,B_C
.cache/SCRNA10X_SA_CHIP0189_001/filtered_feature_bc_matrix,GTTATGGAGGTAAGGA-1,SA535X7XB03448_GTTATGGAGGTAAGGA-1,SA535X7XB03448,B_C
.cache/SCRNA10X_SA_CHIP0189_001/filtered_feature_bc_matrix,GTTATGGTCCTGGTCT-1,SA535X7XB03448_GTTATGGTCCTGGTCT-1,SA535X7XB03448,G
.cache/SCRNA10X_SA_CHIP0189_001/filtered_feature_bc_matrix,GTTCATTTCTATTTCG-1,SA535X7XB03448_GTTCATTTCTATTTCG-1,SA535X7XB03448,B_C
.cache/SCRNA10X_SA_CHIP0189_001/filtered_feature_bc_matrix,GTTCGCTCATTCTGTT-1,SA535X7XB03448_GTTCGCTCATTCTGTT-1,SA535X7XB03448,B_C
.cache/SCRNA10X_SA_CHIP0189_001/filtered_feature_bc_matrix,GTTGTCCTCCACTGGG-1,SA535X7XB03448_GTTGTCCTCCACTGGG-1,SA535X7XB03448,E
.cache/SCRNA10X_SA_CHIP0189_001/filtered_feature_bc_matrix,GTTTGGAGTCAGTCGC-1,SA535X7XB03448_GTTTGGAGTCAGTCGC-1,SA535X7XB03448,B_C
.cache/SCRNA10X_SA_CHIP0189_001/filtered_feature_bc_matrix,TAACCAGTCCCTCGAT-1,SA535X7XB03448_TAACCAGTCCCTCGAT-1,SA535X7XB03448,B_C
.cache/SCRNA10X_SA_CHIP0189_001/filtered_feature_bc_matrix,TAACTTCAGCAGGCAT-1,SA535X7XB03448_TAACTTCAGCAGGCAT-1,SA535X7XB03448,B_C
.cache/SCRNA10X_SA_CHIP0189_001/filtered_feature_bc_matrix,TAAGCACGTCTAGTGT-1,SA535X7XB03448_TAAGCACGTCTAGTGT-1,SA535X7XB03448,B_C
.cache/SCRNA10X_SA_CHIP0189_001/filtered_feature_bc_matrix,TAAGCACGTTGCGGCT-1,SA535X7XB03448_TAAGCACGTTGCGGCT-1,SA535X7XB03448,G
.cache/SCRNA10X_SA_CHIP0189_001/filtered_feature_bc_matrix,TAAGCCACAAGCGAGT-1,SA535X7XB03448_TAAGCCACAAGCGAGT-1,SA535X7XB03448,B_C
.cache/SCRNA10X_SA_CHIP0189_001/filtered_feature_bc_matrix,TAAGCCATCATCACAG-1,SA535X7XB03448_TAAGCCATCATCACAG-1,SA535X7XB03448,B_C
.cache/SCRNA10X_SA_CHIP0189_001/filtered_feature_bc_matrix,TAAGTCGAGTAAGAGG-1,SA535X7XB03448_TAAGTCGAGTAAGAGG-1,SA535X7XB03448,B_C
.cache/SCRNA10X_SA_CHIP0189_001/filtered_feature_bc_matrix,TAATCTCTCAACGTGT-1,SA535X7XB03448_TAATCTCTCAACGTGT-1,SA535X7XB03448,G
.cache/SCRNA10X_SA_CHIP0189_001/filtered_feature_bc_matrix,TAATTCCCATTCCTAT-1,SA535X7XB03448_TAATTCCCATTCCTAT-1,SA535X7XB03448,E
.cache/SCRNA10X_SA_CHIP0189_001/filtered_feature_bc_matrix,TACCGAACACTGGAAG-1,SA535X7XB03448_TACCGAACACTGGAAG-1,SA535X7XB03448,B_C
.cache/SCRNA10X_SA_CHIP0189_001/filtered_feature_bc_matrix,TACCGAAGTACAGAGC-1,SA535X7XB03448_TACCGAAGTACAGAGC-1,SA535X7XB03448,G
.cache/SCRNA10X_SA_CHIP0189_001/filtered_feature_bc_matrix,TACGCTCAGTATAGAC-1,SA535X7XB03448_TACGCTCAGTATAGAC-1,SA535X7XB03448,B_C
.cache/SCRNA10X_SA_CHIP0189_001/filtered_feature_bc_matrix,TACGCTCCACCGTGCA-1,SA535X7XB03448_TACGCTCCACCGTGCA-1,SA535X7XB03448,G
.cache/SCRNA10X_SA_CHIP0189_001/filtered_feature_bc_matrix,TACGCTCTCGAGAACG-1,SA535X7XB03448_TACGCTCTCGAGAACG-1,SA535X7XB03448,G
.cache/SCRNA10X_SA_CHIP0189_001/filtered_feature_bc_matrix,TACGGTAGTTTAGTCG-1,SA535X7XB03448_TACGGTAGTTTAGTCG-1,SA535X7XB03448,B_C
.cache/SCRNA10X_SA_CHIP0189_001/filtered_feature_bc_matrix,TACGGTATCTCCGAGG-1,SA535X7XB03448_TACGGTATCTCCGAGG-1,SA535X7XB03448,G
.cache/SCRNA10X_SA_CHIP0189_001/filtered_feature_bc_matrix,TACGTCCAGAGACAAG-1,SA535X7XB03448_TACGTCCAGAGACAAG-1,SA535X7XB03448,B_C
.cache/SCRNA10X_SA_CHIP0189_001/filtered_feature_bc_matrix,TACTTCAGTCCTTTGC-1,SA535X7XB03448_TACTTCAGTCCTTTGC-1,SA535X7XB03448,B_C
.cache/SCRNA10X_SA_CHIP0189_001/filtered_feature_bc_matrix,TAGACCAAGCGCCCAT-1,SA535X7XB03448_TAGACCAAGCGCCCAT-1,SA535X7XB03448,G
.cache/SCRNA10X_SA_CHIP0189_001/filtered_feature_bc_matrix,TAGACTGAGGTTCCAT-1,SA535X7XB03448_TAGACTGAGGTTCCAT-1,SA535X7XB03448,G
.cache/SCRNA10X_SA_CHIP0189_001/filtered_feature_bc_matrix,TAGACTGTCAGGGATG-1,SA535X7XB03448_TAGACTGTCAGGGATG-1,SA535X7XB03448,B_C
.cache/SCRNA10X_SA_CHIP0189_001/filtered_feature_bc_matrix,TAGCACACAGCTAACT-1,SA535X7XB03448_TAGCACACAGCTAACT-1,SA535X7XB03448,B_C
.cache/SCRNA10X_SA_CHIP0189_001/filtered_feature_bc_matrix,TAGGTACAGGCGTCCT-1,SA535X7XB03448_TAGGTACAGGCGTCCT-1,SA535X7XB03448,B_C
.cache/SCRNA10X_SA_CHIP0189_001/filtered_feature_bc_matrix,TAGGTACCACCGCTAG-1,SA535X7XB03448_TAGGTACCACCGCTAG-1,SA535X7XB03448,B_C
.cache/SCRNA10X_SA_CHIP0189_001/filtered_feature_bc_matrix,TAGGTTGAGCACCAGA-1,SA535X7XB03448_TAGGTTGAGCACCAGA-1,SA535X7XB03448,B_C
.cache/SCRNA10X_SA_CHIP0189_001/filtered_feature_bc_matrix,TAGGTTGTCTGTGTGA-1,SA535X7XB03448_TAGGTTGTCTGTGTGA-1,SA535X7XB03448,B_C
.cache/SCRNA10X_SA_CHIP0189_001/filtered_feature_bc_matrix,TAGTGCACACCTGAAT-1,SA535X7XB03448_TAGTGCACACCTGAAT-1,SA535X7XB03448,B_C
.cache/SCRNA10X_SA_CHIP0189_001/filtered_feature_bc_matrix,TATCAGGAGAGGATCC-1,SA535X7XB03448_TATCAGGAGAGGATCC-1,SA535X7XB03448,B_C
.cache/SCRNA10X_SA_CHIP0189_001/filtered_feature_bc_matrix,TATCCTATCGACGTCG-1,SA535X7XB03448_TATCCTATCGACGTCG-1,SA535X7XB03448,G
.cache/SCRNA10X_SA_CHIP0189_001/filtered_feature_bc_matrix,TATCCTATCTTCCCGA-1,SA535X7XB03448_TATCCTATCTTCCCGA-1,SA535X7XB03448,B_C
.cache/SCRNA10X_SA_CHIP0189_001/filtered_feature_bc_matrix,TATCGCCCAGAGGCAT-1,SA535X7XB03448_TATCGCCCAGAGGCAT-1,SA535X7XB03448,B_C
.cache/SCRNA10X_SA_CHIP0189_001/filtered_feature_bc_matrix,TATCTGTAGCGCGTTC-1,SA535X7XB03448_TATCTGTAGCGCGTTC-1,SA535X7XB03448,B_C
.cache/SCRNA10X_SA_CHIP0189_001/filtered_feature_bc_matrix,TATCTGTCAAGCGATG-1,SA535X7XB03448_TATCTGTCAAGCGATG-1,SA535X7XB03448,G
.cache/SCRNA10X_SA_CHIP0189_001/filtered_feature_bc_matrix,TATCTTGCAACTGTGT-1,SA535X7XB03448_TATCTTGCAACTGTGT-1,SA535X7XB03448,B_C
.cache/SCRNA10X_SA_CHIP0189_001/filtered_feature_bc_matrix,TATTCCACACACCTTC-1,SA535X7XB03448_TATTCCACACACCTTC-1,SA535X7XB03448,B_C
.cache/SCRNA10X_SA_CHIP0189_001/filtered_feature_bc_matrix,TATTTCGCAACTCGAT-1,SA535X7XB03448_TATTTCGCAACTCGAT-1,SA535X7XB03448,B_C
.cache/SCRNA10X_SA_CHIP0189_001/filtered_feature_bc_matrix,TATTTCGCAATCAGCT-1,SA535X7XB03448_TATTTCGCAATCAGCT-1,SA535X7XB03448,B_C
.cache/SCRNA10X_SA_CHIP0189_001/filtered_feature_bc_matrix,TCAAGACGTGATACTC-1,SA535X7XB03448_TCAAGACGTGATACTC-1,SA535X7XB03448,B_C
.cache/SCRNA10X_SA_CHIP0189_001/filtered_feature_bc_matrix,TCAAGTGGTAACATCC-1,SA535X7XB03448_TCAAGTGGTAACATCC-1,SA535X7XB03448,B_C
.cache/SCRNA10X_SA_CHIP0189_001/filtered_feature_bc_matrix,TCAAGTGGTCATCCGG-1,SA535X7XB03448_TCAAGTGGTCATCCGG-1,SA535X7XB03448,B_C
.cache/SCRNA10X_SA_CHIP0189_001/filtered_feature_bc_matrix,TCAATCTAGGTGGTTG-1,SA535X7XB03448_TCAATCTAGGTGGTTG-1,SA535X7XB03448,G
.cache/SCRNA10X_SA_CHIP0189_001/filtered_feature_bc_matrix,TCAATCTGTCGATTCA-1,SA535X7XB03448_TCAATCTGTCGATTCA-1,SA535X7XB03448,B_C
.cache/SCRNA10X_SA_CHIP0189_001/filtered_feature_bc_matrix,TCAATCTTCGCCAATA-1,SA535X7XB03448_TCAATCTTCGCCAATA-1,SA535X7XB03448,B_C
.cache/SCRNA10X_SA_CHIP0189_001/filtered_feature_bc_matrix,TCAATTCGTATGGTTC-1,SA535X7XB03448_TCAATTCGTATGGTTC-1,SA535X7XB03448,G
.cache/SCRNA10X_SA_CHIP0189_001/filtered_feature_bc_matrix,TCAATTCGTCAACCAT-1,SA535X7XB03448_TCAATTCGTCAACCAT-1,SA535X7XB03448,G
.cache/SCRNA10X_SA_CHIP0189_001/filtered_feature_bc_matrix,TCAATTCTCGCCGATG-1,SA535X7XB03448_TCAATTCTCGCCGATG-1,SA535X7XB03448,B_C
.cache/SCRNA10X_SA_CHIP0189_001/filtered_feature_bc_matrix,TCACACCCAAGTGTCT-1,SA535X7XB03448_TCACACCCAAGTGTCT-1,SA535X7XB03448,B_C
.cache/SCRNA10X_SA_CHIP0189_001/filtered_feature_bc_matrix,TCACACCGTAGCTTAC-1,SA535X7XB03448_TCACACCGTAGCTTAC-1,SA535X7XB03448,B_C
.cache/SCRNA10X_SA_CHIP0189_001/filtered_feature_bc_matrix,TCACATTGTTCAAGGG-1,SA535X7XB03448_TCACATTGTTCAAGGG-1,SA535X7XB03448,G
.cache/SCRNA10X_SA_CHIP0189_001/filtered_feature_bc_matrix,TCACGCTTCGATGCTA-1,SA535X7XB03448_TCACGCTTCGATGCTA-1,SA535X7XB03448,B_C
.cache/SCRNA10X_SA_CHIP0189_001/filtered_feature_bc_matrix,TCACGGGAGGATTACA-1,SA535X7XB03448_TCACGGGAGGATTACA-1,SA535X7XB03448,B_C
.cache/SCRNA10X_SA_CHIP0189_001/filtered_feature_bc_matrix,TCAGGTACATACACCA-1,SA535X7XB03448_TCAGGTACATACACCA-1,SA535X7XB03448,D
.cache/SCRNA10X_SA_CHIP0189_001/filtered_feature_bc_matrix,TCAGTCCAGAAACTCA-1,SA535X7XB03448_TCAGTCCAGAAACTCA-1,SA535X7XB03448,B_C
.cache/SCRNA10X_SA_CHIP0189_001/filtered_feature_bc_matrix,TCAGTCCAGATCTCTA-1,SA535X7XB03448_TCAGTCCAGATCTCTA-1,SA535X7XB03448,G
.cache/SCRNA10X_SA_CHIP0189_001/filtered_feature_bc_matrix,TCAGTCCAGTCTTCGA-1,SA535X7XB03448_TCAGTCCAGTCTTCGA-1,SA535X7XB03448,B_C
.cache/SCRNA10X_SA_CHIP0189_001/filtered_feature_bc_matrix,TCAGTCCCATATCTCT-1,SA535X7XB03448_TCAGTCCCATATCTCT-1,SA535X7XB03448,G
.cache/SCRNA10X_SA_CHIP0189_001/filtered_feature_bc_matrix,TCAGTCCGTATCTCTT-1,SA535X7XB03448_TCAGTCCGTATCTCTT-1,SA535X7XB03448,G
.cache/SCRNA10X_SA_CHIP0189_001/filtered_feature_bc_matrix,TCAGTGAGTCAAGGCA-1,SA535X7XB03448_TCAGTGAGTCAAGGCA-1,SA535X7XB03448,B_C
.cache/SCRNA10X_SA_CHIP0189_001/filtered_feature_bc_matrix,TCAGTGATCGCCTATC-1,SA535X7XB03448_TCAGTGATCGCCTATC-1,SA535X7XB03448,B_C
.cache/SCRNA10X_SA_CHIP0189_001/filtered_feature_bc_matrix,TCATACTGTCTCAGAT-1,SA535X7XB03448_TCATACTGTCTCAGAT-1,SA535X7XB03448,B_C
.cache/SCRNA10X_SA_CHIP0189_001/filtered_feature_bc_matrix,TCATATCAGTTCCGGC-1,SA535X7XB03448_TCATATCAGTTCCGGC-1,SA535X7XB03448,B_C
.cache/SCRNA10X_SA_CHIP0189_001/filtered_feature_bc_matrix,TCATGAGTCTCACCCA-1,SA535X7XB03448_TCATGAGTCTCACCCA-1,SA535X7XB03448,B_C
.cache/SCRNA10X_SA_CHIP0189_001/filtered_feature_bc_matrix,TCATGAGTCTCCCAAC-1,SA535X7XB03448_TCATGAGTCTCCCAAC-1,SA535X7XB03448,E
.cache/SCRNA10X_SA_CHIP0189_001/filtered_feature_bc_matrix,TCATGCCAGGTGGGTT-1,SA535X7XB03448_TCATGCCAGGTGGGTT-1,SA535X7XB03448,B_C
.cache/SCRNA10X_SA_CHIP0189_001/filtered_feature_bc_matrix,TCATGCCTCGTTGCCT-1,SA535X7XB03448_TCATGCCTCGTTGCCT-1,SA535X7XB03448,G
.cache/SCRNA10X_SA_CHIP0189_001/filtered_feature_bc_matrix,TCATGTTTCATGGGAG-1,SA535X7XB03448_TCATGTTTCATGGGAG-1,SA535X7XB03448,B_C
.cache/SCRNA10X_SA_CHIP0189_001/filtered_feature_bc_matrix,TCATTGTTCGTGCACG-1,SA535X7XB03448_TCATTGTTCGTGCACG-1,SA535X7XB03448,B_C
.cache/SCRNA10X_SA_CHIP0189_001/filtered_feature_bc_matrix,TCATTTGGTTTAGACC-1,SA535X7XB03448_TCATTTGGTTTAGACC-1,SA535X7XB03448,B_C
.cache/SCRNA10X_SA_CHIP0189_001/filtered_feature_bc_matrix,TCCACCACACAGTATC-1,SA535X7XB03448_TCCACCACACAGTATC-1,SA535X7XB03448,B_C
.cache/SCRNA10X_SA_CHIP0189_001/filtered_feature_bc_matrix,TCCACGTCAGTGAGCA-1,SA535X7XB03448_TCCACGTCAGTGAGCA-1,SA535X7XB03448,B_C
.cache/SCRNA10X_SA_CHIP0189_001/filtered_feature_bc_matrix,TCCACGTGTTGTACGT-1,SA535X7XB03448_TCCACGTGTTGTACGT-1,SA535X7XB03448,B_C
.cache/SCRNA10X_SA_CHIP0189_001/filtered_feature_bc_matrix,TCCAGAACATAAGCGG-1,SA535X7XB03448_TCCAGAACATAAGCGG-1,SA535X7XB03448,B_C
.cache/SCRNA10X_SA_CHIP0189_001/filtered_feature_bc_matrix,TCCAGAAGTTCGAGCC-1,SA535X7XB03448_TCCAGAAGTTCGAGCC-1,SA535X7XB03448,B_C
.cache/SCRNA10X_SA_CHIP0189_001/filtered_feature_bc_matrix,TCCATGCGTCTTCCGT-1,SA535X7XB03448_TCCATGCGTCTTCCGT-1,SA535X7XB03448,G
.cache/SCRNA10X_SA_CHIP0189_001/filtered_feature_bc_matrix,TCCCACAGTAGTGATA-1,SA535X7XB03448_TCCCACAGTAGTGATA-1,SA535X7XB03448,B_C
.cache/SCRNA10X_SA_CHIP0189_001/filtered_feature_bc_matrix,TCCCACATCGGCTGAC-1,SA535X7XB03448_TCCCACATCGGCTGAC-1,SA535X7XB03448,G
.cache/SCRNA10X_SA_CHIP0189_001/filtered_feature_bc_matrix,TCCCACATCTCAGTCC-1,SA535X7XB03448_TCCCACATCTCAGTCC-1,SA535X7XB03448,G
.cache/SCRNA10X_SA_CHIP0189_001/filtered_feature_bc_matrix,TCCCAGTAGCAAATCA-1,SA535X7XB03448_TCCCAGTAGCAAATCA-1,SA535X7XB03448,G
.cache/SCRNA10X_SA_CHIP0189_001/filtered_feature_bc_matrix,TCCCAGTTCACATCAG-1,SA535X7XB03448_TCCCAGTTCACATCAG-1,SA535X7XB03448,G
.cache/SCRNA10X_SA_CHIP0189_001/filtered_feature_bc_matrix,TCCGATCAGGGATGTC-1,SA535X7XB03448_TCCGATCAGGGATGTC-1,SA535X7XB03448,G
.cache/SCRNA10X_SA_CHIP0189_001/filtered_feature_bc_matrix,TCCGGGACAAGTGACG-1,SA535X7XB03448_TCCGGGACAAGTGACG-1,SA535X7XB03448,G
.cache/SCRNA10X_SA_CHIP0189_001/filtered_feature_bc_matrix,TCCTGCAGTCATTGCA-1,SA535X7XB03448_TCCTGCAGTCATTGCA-1,SA535X7XB03448,B_C
.cache/SCRNA10X_SA_CHIP0189_001/filtered_feature_bc_matrix,TCCTTCTGTTTCGCTC-1,SA535X7XB03448_TCCTTCTGTTTCGCTC-1,SA535X7XB03448,G
.cache/SCRNA10X_SA_CHIP0189_001/filtered_feature_bc_matrix,TCCTTTCGTATAGGGC-1,SA535X7XB03448_TCCTTTCGTATAGGGC-1,SA535X7XB03448,B_C
.cache/SCRNA10X_SA_CHIP0189_001/filtered_feature_bc_matrix,TCCTTTCTCTGCGTCT-1,SA535X7XB03448_TCCTTTCTCTGCGTCT-1,SA535X7XB03448,B_C
.cache/SCRNA10X_SA_CHIP0189_001/filtered_feature_bc_matrix,TCGAACATCGCCCAGA-1,SA535X7XB03448_TCGAACATCGCCCAGA-1,SA535X7XB03448,B_C
.cache/SCRNA10X_SA_CHIP0189_001/filtered_feature_bc_matrix,TCGAAGTAGCACGTCC-1,SA535X7XB03448_TCGAAGTAGCACGTCC-1,SA535X7XB03448,B_C
.cache/SCRNA10X_SA_CHIP0189_001/filtered_feature_bc_matrix,TCGACCTGTATCCCAA-1,SA535X7XB03448_TCGACCTGTATCCCAA-1,SA535X7XB03448,B_C
.cache/SCRNA10X_SA_CHIP0189_001/filtered_feature_bc_matrix,TCGACGGGTGGCCACT-1,SA535X7XB03448_TCGACGGGTGGCCACT-1,SA535X7XB03448,B_C
.cache/SCRNA10X_SA_CHIP0189_001/filtered_feature_bc_matrix,TCGACGGTCCGTCAAA-1,SA535X7XB03448_TCGACGGTCCGTCAAA-1,SA535X7XB03448,B_C
.cache/SCRNA10X_SA_CHIP0189_001/filtered_feature_bc_matrix,TCGATTTGTATGGTTC-1,SA535X7XB03448_TCGATTTGTATGGTTC-1,SA535X7XB03448,G
.cache/SCRNA10X_SA_CHIP0189_001/filtered_feature_bc_matrix,TCGCTCAGTAGCTCGC-1,SA535X7XB03448_TCGCTCAGTAGCTCGC-1,SA535X7XB03448,G
.cache/SCRNA10X_SA_CHIP0189_001/filtered_feature_bc_matrix,TCGGATACAATAAGGT-1,SA535X7XB03448_TCGGATACAATAAGGT-1,SA535X7XB03448,B_C
.cache/SCRNA10X_SA_CHIP0189_001/filtered_feature_bc_matrix,TCGGGACAGTGAGCCA-1,SA535X7XB03448_TCGGGACAGTGAGCCA-1,SA535X7XB03448,B_C
.cache/SCRNA10X_SA_CHIP0189_001/filtered_feature_bc_matrix,TCGGGACGTTAGAAGT-1,SA535X7XB03448_TCGGGACGTTAGAAGT-1,SA535X7XB03448,B_C
.cache/SCRNA10X_SA_CHIP0189_001/filtered_feature_bc_matrix,TCGGGCAAGAAGCGCT-1,SA535X7XB03448_TCGGGCAAGAAGCGCT-1,SA535X7XB03448,B_C
.cache/SCRNA10X_SA_CHIP0189_001/filtered_feature_bc_matrix,TCGGTCTGTGACATCT-1,SA535X7XB03448_TCGGTCTGTGACATCT-1,SA535X7XB03448,G
.cache/SCRNA10X_SA_CHIP0189_001/filtered_feature_bc_matrix,TCGGTCTTCAGGTGTT-1,SA535X7XB03448_TCGGTCTTCAGGTGTT-1,SA535X7XB03448,B_C
.cache/SCRNA10X_SA_CHIP0189_001/filtered_feature_bc_matrix,TCGTAGAAGCTATCCA-1,SA535X7XB03448_TCGTAGAAGCTATCCA-1,SA535X7XB03448,G
.cache/SCRNA10X_SA_CHIP0189_001/filtered_feature_bc_matrix,TCGTAGATCCTGGGTG-1,SA535X7XB03448_TCGTAGATCCTGGGTG-1,SA535X7XB03448,G
.cache/SCRNA10X_SA_CHIP0189_001/filtered_feature_bc_matrix,TCGTAGATCGAAGGAC-1,SA535X7XB03448_TCGTAGATCGAAGGAC-1,SA535X7XB03448,B_C
.cache/SCRNA10X_SA_CHIP0189_001/filtered_feature_bc_matrix,TCGTAGATCTCTAGGA-1,SA535X7XB03448_TCGTAGATCTCTAGGA-1,SA535X7XB03448,B_C
.cache/SCRNA10X_SA_CHIP0189_001/filtered_feature_bc_matrix,TCGTGCTGTCATATGC-1,SA535X7XB03448_TCGTGCTGTCATATGC-1,SA535X7XB03448,B_C
.cache/SCRNA10X_SA_CHIP0189_001/filtered_feature_bc_matrix,TCGTGGGAGCTCGACC-1,SA535X7XB03448_TCGTGGGAGCTCGACC-1,SA535X7XB03448,G
.cache/SCRNA10X_SA_CHIP0189_001/filtered_feature_bc_matrix,TCTACATCAGTCGTTA-1,SA535X7XB03448_TCTACATCAGTCGTTA-1,SA535X7XB03448,B_C
.cache/SCRNA10X_SA_CHIP0189_001/filtered_feature_bc_matrix,TCTACCGAGACGCTCC-1,SA535X7XB03448_TCTACCGAGACGCTCC-1,SA535X7XB03448,B_C
.cache/SCRNA10X_SA_CHIP0189_001/filtered_feature_bc_matrix,TCTACCGGTACTGCCG-1,SA535X7XB03448_TCTACCGGTACTGCCG-1,SA535X7XB03448,B_C
.cache/SCRNA10X_SA_CHIP0189_001/filtered_feature_bc_matrix,TCTATCACACCCTTGT-1,SA535X7XB03448_TCTATCACACCCTTGT-1,SA535X7XB03448,B_C
.cache/SCRNA10X_SA_CHIP0189_001/filtered_feature_bc_matrix,TCTGGCTGTGTGTCCG-1,SA535X7XB03448_TCTGGCTGTGTGTCCG-1,SA535X7XB03448,B_C
.cache/SCRNA10X_SA_CHIP0189_001/filtered_feature_bc_matrix,TCTGTCGGTCGCCTAG-1,SA535X7XB03448_TCTGTCGGTCGCCTAG-1,SA535X7XB03448,B_C
.cache/SCRNA10X_SA_CHIP0189_001/filtered_feature_bc_matrix,TCTTAGTCATATGGCT-1,SA535X7XB03448_TCTTAGTCATATGGCT-1,SA535X7XB03448,B_C
.cache/SCRNA10X_SA_CHIP0189_001/filtered_feature_bc_matrix,TCTTAGTGTCACCGCA-1,SA535X7XB03448_TCTTAGTGTCACCGCA-1,SA535X7XB03448,B_C
.cache/SCRNA10X_SA_CHIP0189_001/filtered_feature_bc_matrix,TCTTGCGGTGACACGA-1,SA535X7XB03448_TCTTGCGGTGACACGA-1,SA535X7XB03448,B_C
.cache/SCRNA10X_SA_CHIP0189_001/filtered_feature_bc_matrix,TGAACGTCAGAAACCG-1,SA535X7XB03448_TGAACGTCAGAAACCG-1,SA535X7XB03448,B_C
.cache/SCRNA10X_SA_CHIP0189_001/filtered_feature_bc_matrix,TGACAGTCAAACACGG-1,SA535X7XB03448_TGACAGTCAAACACGG-1,SA535X7XB03448,B_C
.cache/SCRNA10X_SA_CHIP0189_001/filtered_feature_bc_matrix,TGACTCCAGACTCATC-1,SA535X7XB03448_TGACTCCAGACTCATC-1,SA535X7XB03448,B_C
.cache/SCRNA10X_SA_CHIP0189_001/filtered_feature_bc_matrix,TGAGCGCCAGCAGACA-1,SA535X7XB03448_TGAGCGCCAGCAGACA-1,SA535X7XB03448,B_C
.cache/SCRNA10X_SA_CHIP0189_001/filtered_feature_bc_matrix,TGAGCGCGTTGTGTAC-1,SA535X7XB03448_TGAGCGCGTTGTGTAC-1,SA535X7XB03448,B_C
.cache/SCRNA10X_SA_CHIP0189_001/filtered_feature_bc_matrix,TGAGCGCTCAGACCTA-1,SA535X7XB03448_TGAGCGCTCAGACCTA-1,SA535X7XB03448,G
.cache/SCRNA10X_SA_CHIP0189_001/filtered_feature_bc_matrix,TGAGGAGTCACGACTA-1,SA535X7XB03448_TGAGGAGTCACGACTA-1,SA535X7XB03448,G
.cache/SCRNA10X_SA_CHIP0189_001/filtered_feature_bc_matrix,TGAGGGACATGTGCCG-1,SA535X7XB03448_TGAGGGACATGTGCCG-1,SA535X7XB03448,B_C
.cache/SCRNA10X_SA_CHIP0189_001/filtered_feature_bc_matrix,TGAGTCAGTCCGTACG-1,SA535X7XB03448_TGAGTCAGTCCGTACG-1,SA535X7XB03448,G
.cache/SCRNA10X_SA_CHIP0189_001/filtered_feature_bc_matrix,TGATCTTTCTCCTACG-1,SA535X7XB03448_TGATCTTTCTCCTACG-1,SA535X7XB03448,F
.cache/SCRNA10X_SA_CHIP0189_001/filtered_feature_bc_matrix,TGATTCTGTACTCCCT-1,SA535X7XB03448_TGATTCTGTACTCCCT-1,SA535X7XB03448,B_C
.cache/SCRNA10X_SA_CHIP0189_001/filtered_feature_bc_matrix,TGCACGGAGAGGATCC-1,SA535X7XB03448_TGCACGGAGAGGATCC-1,SA535X7XB03448,B_C
.cache/SCRNA10X_SA_CHIP0189_001/filtered_feature_bc_matrix,TGCACGGTCTAAGGAA-1,SA535X7XB03448_TGCACGGTCTAAGGAA-1,SA535X7XB03448,B_C
.cache/SCRNA10X_SA_CHIP0189_001/filtered_feature_bc_matrix,TGCAGATAGACTCTTG-1,SA535X7XB03448_TGCAGATAGACTCTTG-1,SA535X7XB03448,B_C
.cache/SCRNA10X_SA_CHIP0189_001/filtered_feature_bc_matrix,TGCAGATTCACACGAT-1,SA535X7XB03448_TGCAGATTCACACGAT-1,SA535X7XB03448,B_C
.cache/SCRNA10X_SA_CHIP0189_001/filtered_feature_bc_matrix,TGCAGGCGTATCGAAA-1,SA535X7XB03448_TGCAGGCGTATCGAAA-1,SA535X7XB03448,B_C
.cache/SCRNA10X_SA_CHIP0189_001/filtered_feature_bc_matrix,TGCAGTAGTGCCGGTT-1,SA535X7XB03448_TGCAGTAGTGCCGGTT-1,SA535X7XB03448,G
.cache/SCRNA10X_SA_CHIP0189_001/filtered_feature_bc_matrix,TGCATGACAGGATTCT-1,SA535X7XB03448_TGCATGACAGGATTCT-1,SA535X7XB03448,G
.cache/SCRNA10X_SA_CHIP0189_001/filtered_feature_bc_matrix,TGCCGAGAGGCTTAAA-1,SA535X7XB03448_TGCCGAGAGGCTTAAA-1,SA535X7XB03448,B_C
.cache/SCRNA10X_SA_CHIP0189_001/filtered_feature_bc_matrix,TGCGGGTAGCTCGTGC-1,SA535X7XB03448_TGCGGGTAGCTCGTGC-1,SA535X7XB03448,B_C
.cache/SCRNA10X_SA_CHIP0189_001/filtered_feature_bc_matrix,TGCGGGTCACATAGCT-1,SA535X7XB03448_TGCGGGTCACATAGCT-1,SA535X7XB03448,B_C
.cache/SCRNA10X_SA_CHIP0189_001/filtered_feature_bc_matrix,TGCTCCAAGGCTTTCA-1,SA535X7XB03448_TGCTCCAAGGCTTTCA-1,SA535X7XB03448,G
.cache/SCRNA10X_SA_CHIP0189_001/filtered_feature_bc_matrix,TGGAACTGTGTCGCTG-1,SA535X7XB03448_TGGAACTGTGTCGCTG-1,SA535X7XB03448,G
.cache/SCRNA10X_SA_CHIP0189_001/filtered_feature_bc_matrix,TGGAACTGTTGTTGTG-1,SA535X7XB03448_TGGAACTGTTGTTGTG-1,SA535X7XB03448,B_C
.cache/SCRNA10X_SA_CHIP0189_001/filtered_feature_bc_matrix,TGGAGAGAGCTGTTAC-1,SA535X7XB03448_TGGAGAGAGCTGTTAC-1,SA535X7XB03448,B_C
.cache/SCRNA10X_SA_CHIP0189_001/filtered_feature_bc_matrix,TGGAGAGGTCACGCTG-1,SA535X7XB03448_TGGAGAGGTCACGCTG-1,SA535X7XB03448,B_C
.cache/SCRNA10X_SA_CHIP0189_001/filtered_feature_bc_matrix,TGGAGAGGTGCTTCAA-1,SA535X7XB03448_TGGAGAGGTGCTTCAA-1,SA535X7XB03448,B_C
.cache/SCRNA10X_SA_CHIP0189_001/filtered_feature_bc_matrix,TGGATGTCAGGCGTTC-1,SA535X7XB03448_TGGATGTCAGGCGTTC-1,SA535X7XB03448,B_C
.cache/SCRNA10X_SA_CHIP0189_001/filtered_feature_bc_matrix,TGGCGTGAGGAACGTC-1,SA535X7XB03448_TGGCGTGAGGAACGTC-1,SA535X7XB03448,B_C
.cache/SCRNA10X_SA_CHIP0189_001/filtered_feature_bc_matrix,TGGGATTAGAATACAC-1,SA535X7XB03448_TGGGATTAGAATACAC-1,SA535X7XB03448,G
.cache/SCRNA10X_SA_CHIP0189_001/filtered_feature_bc_matrix,TGGGCGTAGCGAAACC-1,SA535X7XB03448_TGGGCGTAGCGAAACC-1,SA535X7XB03448,G
.cache/SCRNA10X_SA_CHIP0189_001/filtered_feature_bc_matrix,TGGTACAAGCATTGAA-1,SA535X7XB03448_TGGTACAAGCATTGAA-1,SA535X7XB03448,B_C
.cache/SCRNA10X_SA_CHIP0189_001/filtered_feature_bc_matrix,TGGTTAGGTCTAGATC-1,SA535X7XB03448_TGGTTAGGTCTAGATC-1,SA535X7XB03448,B_C
.cache/SCRNA10X_SA_CHIP0189_001/filtered_feature_bc_matrix,TGTAACGCAGAAATCA-1,SA535X7XB03448_TGTAACGCAGAAATCA-1,SA535X7XB03448,G
.cache/SCRNA10X_SA_CHIP0189_001/filtered_feature_bc_matrix,TGTAAGCCAACGAGGT-1,SA535X7XB03448_TGTAAGCCAACGAGGT-1,SA535X7XB03448,G
.cache/SCRNA10X_SA_CHIP0189_001/filtered_feature_bc_matrix,TGTACAGGTAACGATA-1,SA535X7XB03448_TGTACAGGTAACGATA-1,SA535X7XB03448,E
.cache/SCRNA10X_SA_CHIP0189_001/filtered_feature_bc_matrix,TGTAGACTCGTGTTCC-1,SA535X7XB03448_TGTAGACTCGTGTTCC-1,SA535X7XB03448,B_C
.cache/SCRNA10X_SA_CHIP0189_001/filtered_feature_bc_matrix,TGTCCCAAGTTGTACC-1,SA535X7XB03448_TGTCCCAAGTTGTACC-1,SA535X7XB03448,G
.cache/SCRNA10X_SA_CHIP0189_001/filtered_feature_bc_matrix,TGTCCTGGTTGGCTAT-1,SA535X7XB03448_TGTCCTGGTTGGCTAT-1,SA535X7XB03448,G
.cache/SCRNA10X_SA_CHIP0189_001/filtered_feature_bc_matrix,TGTGGCGGTAACATCC-1,SA535X7XB03448_TGTGGCGGTAACATCC-1,SA535X7XB03448,F
.cache/SCRNA10X_SA_CHIP0189_001/filtered_feature_bc_matrix,TGTGGCGGTGCAACGA-1,SA535X7XB03448_TGTGGCGGTGCAACGA-1,SA535X7XB03448,G
.cache/SCRNA10X_SA_CHIP0189_001/filtered_feature_bc_matrix,TGTGTGAAGTGAGTTA-1,SA535X7XB03448_TGTGTGAAGTGAGTTA-1,SA535X7XB03448,B_C
.cache/SCRNA10X_SA_CHIP0189_001/filtered_feature_bc_matrix,TGTTCATAGCCGGAAT-1,SA535X7XB03448_TGTTCATAGCCGGAAT-1,SA535X7XB03448,B_C
.cache/SCRNA10X_SA_CHIP0189_001/filtered_feature_bc_matrix,TGTTCCGGTGCAGGAT-1,SA535X7XB03448_TGTTCCGGTGCAGGAT-1,SA535X7XB03448,G
.cache/SCRNA10X_SA_CHIP0189_001/filtered_feature_bc_matrix,TGTTGAGGTCGTTGCG-1,SA535X7XB03448_TGTTGAGGTCGTTGCG-1,SA535X7XB03448,G
.cache/SCRNA10X_SA_CHIP0189_001/filtered_feature_bc_matrix,TGTTGAGTCTATCGTT-1,SA535X7XB03448_TGTTGAGTCTATCGTT-1,SA535X7XB03448,B_C
.cache/SCRNA10X_SA_CHIP0189_001/filtered_feature_bc_matrix,TGTTTGTCAGACCAGA-1,SA535X7XB03448_TGTTTGTCAGACCAGA-1,SA535X7XB03448,B_C
.cache/SCRNA10X_SA_CHIP0189_001/filtered_feature_bc_matrix,TTACAGGCAAATGGTA-1,SA535X7XB03448_TTACAGGCAAATGGTA-1,SA535X7XB03448,B_C
.cache/SCRNA10X_SA_CHIP0189_001/filtered_feature_bc_matrix,TTACAGGGTACCCGAC-1,SA535X7XB03448_TTACAGGGTACCCGAC-1,SA535X7XB03448,B_C
.cache/SCRNA10X_SA_CHIP0189_001/filtered_feature_bc_matrix,TTACCATCAGATACTC-1,SA535X7XB03448_TTACCATCAGATACTC-1,SA535X7XB03448,B_C
.cache/SCRNA10X_SA_CHIP0189_001/filtered_feature_bc_matrix,TTACCATGTCCTGGTG-1,SA535X7XB03448_TTACCATGTCCTGGTG-1,SA535X7XB03448,B_C
.cache/SCRNA10X_SA_CHIP0189_001/filtered_feature_bc_matrix,TTACCATTCGGCCAAC-1,SA535X7XB03448_TTACCATTCGGCCAAC-1,SA535X7XB03448,B_C
.cache/SCRNA10X_SA_CHIP0189_001/filtered_feature_bc_matrix,TTACGTTCAAACTCGT-1,SA535X7XB03448_TTACGTTCAAACTCGT-1,SA535X7XB03448,B_C
.cache/SCRNA10X_SA_CHIP0189_001/filtered_feature_bc_matrix,TTACGTTCATGACTAC-1,SA535X7XB03448_TTACGTTCATGACTAC-1,SA535X7XB03448,B_C
.cache/SCRNA10X_SA_CHIP0189_001/filtered_feature_bc_matrix,TTACGTTCATTCACCC-1,SA535X7XB03448_TTACGTTCATTCACCC-1,SA535X7XB03448,B_C
.cache/SCRNA10X_SA_CHIP0189_001/filtered_feature_bc_matrix,TTACTGTTCATCCTGC-1,SA535X7XB03448_TTACTGTTCATCCTGC-1,SA535X7XB03448,E
.cache/SCRNA10X_SA_CHIP0189_001/filtered_feature_bc_matrix,TTACTGTTCCATCTGC-1,SA535X7XB03448_TTACTGTTCCATCTGC-1,SA535X7XB03448,B_C
.cache/SCRNA10X_SA_CHIP0189_001/filtered_feature_bc_matrix,TTAGGGTTCGGAGTAG-1,SA535X7XB03448_TTAGGGTTCGGAGTAG-1,SA535X7XB03448,G
.cache/SCRNA10X_SA_CHIP0189_001/filtered_feature_bc_matrix,TTCAATCCAATAGTCC-1,SA535X7XB03448_TTCAATCCAATAGTCC-1,SA535X7XB03448,B_C
.cache/SCRNA10X_SA_CHIP0189_001/filtered_feature_bc_matrix,TTCACGCAGCTGCGAA-1,SA535X7XB03448_TTCACGCAGCTGCGAA-1,SA535X7XB03448,B_C
.cache/SCRNA10X_SA_CHIP0189_001/filtered_feature_bc_matrix,TTCACGCCAAGGCTTT-1,SA535X7XB03448_TTCACGCCAAGGCTTT-1,SA535X7XB03448,B_C
.cache/SCRNA10X_SA_CHIP0189_001/filtered_feature_bc_matrix,TTCAGGATCTAACGGT-1,SA535X7XB03448_TTCAGGATCTAACGGT-1,SA535X7XB03448,B_C
.cache/SCRNA10X_SA_CHIP0189_001/filtered_feature_bc_matrix,TTCATTGGTTAGCTAC-1,SA535X7XB03448_TTCATTGGTTAGCTAC-1,SA535X7XB03448,B_C
.cache/SCRNA10X_SA_CHIP0189_001/filtered_feature_bc_matrix,TTCCAATAGCAGGCTA-1,SA535X7XB03448_TTCCAATAGCAGGCTA-1,SA535X7XB03448,B_C
.cache/SCRNA10X_SA_CHIP0189_001/filtered_feature_bc_matrix,TTCCAATTCTAAGCCA-1,SA535X7XB03448_TTCCAATTCTAAGCCA-1,SA535X7XB03448,B_C
.cache/SCRNA10X_SA_CHIP0189_001/filtered_feature_bc_matrix,TTCCGGTCATCTGCGG-1,SA535X7XB03448_TTCCGGTCATCTGCGG-1,SA535X7XB03448,B_C
.cache/SCRNA10X_SA_CHIP0189_001/filtered_feature_bc_matrix,TTCCTAATCTAGCATG-1,SA535X7XB03448_TTCCTAATCTAGCATG-1,SA535X7XB03448,B_C
.cache/SCRNA10X_SA_CHIP0189_001/filtered_feature_bc_matrix,TTCGATTAGAGGGTAA-1,SA535X7XB03448_TTCGATTAGAGGGTAA-1,SA535X7XB03448,B_C
.cache/SCRNA10X_SA_CHIP0189_001/filtered_feature_bc_matrix,TTCGATTAGATAACGT-1,SA535X7XB03448_TTCGATTAGATAACGT-1,SA535X7XB03448,B_C
.cache/SCRNA10X_SA_CHIP0189_001/filtered_feature_bc_matrix,TTCGATTTCTCCGATC-1,SA535X7XB03448_TTCGATTTCTCCGATC-1,SA535X7XB03448,E
.cache/SCRNA10X_SA_CHIP0189_001/filtered_feature_bc_matrix,TTCTCTCTCGAACACT-1,SA535X7XB03448_TTCTCTCTCGAACACT-1,SA535X7XB03448,G
.cache/SCRNA10X_SA_CHIP0189_001/filtered_feature_bc_matrix,TTCTGTACACATATGC-1,SA535X7XB03448_TTCTGTACACATATGC-1,SA535X7XB03448,B_C
.cache/SCRNA10X_SA_CHIP0189_001/filtered_feature_bc_matrix,TTCTTCCGTCTACTGA-1,SA535X7XB03448_TTCTTCCGTCTACTGA-1,SA535X7XB03448,B_C
.cache/SCRNA10X_SA_CHIP0189_001/filtered_feature_bc_matrix,TTCTTGATCATCCTGC-1,SA535X7XB03448_TTCTTGATCATCCTGC-1,SA535X7XB03448,B_C
.cache/SCRNA10X_SA_CHIP0189_001/filtered_feature_bc_matrix,TTGAGTGCACCAGCTG-1,SA535X7XB03448_TTGAGTGCACCAGCTG-1,SA535X7XB03448,F
.cache/SCRNA10X_SA_CHIP0189_001/filtered_feature_bc_matrix,TTGCATTAGTGATAAC-1,SA535X7XB03448_TTGCATTAGTGATAAC-1,SA535X7XB03448,G
.cache/SCRNA10X_SA_CHIP0189_001/filtered_feature_bc_matrix,TTGCATTGTCGTACTA-1,SA535X7XB03448_TTGCATTGTCGTACTA-1,SA535X7XB03448,B_C
.cache/SCRNA10X_SA_CHIP0189_001/filtered_feature_bc_matrix,TTGCATTGTGACTAAA-1,SA535X7XB03448_TTGCATTGTGACTAAA-1,SA535X7XB03448,B_C
.cache/SCRNA10X_SA_CHIP0189_001/filtered_feature_bc_matrix,TTGCCTGCACATGGTT-1,SA535X7XB03448_TTGCCTGCACATGGTT-1,SA535X7XB03448,B_C
.cache/SCRNA10X_SA_CHIP0189_001/filtered_feature_bc_matrix,TTGCGTCTCCGAGCTG-1,SA535X7XB03448_TTGCGTCTCCGAGCTG-1,SA535X7XB03448,G
.cache/SCRNA10X_SA_CHIP0189_001/filtered_feature_bc_matrix,TTGGTTTAGTGCAACG-1,SA535X7XB03448_TTGGTTTAGTGCAACG-1,SA535X7XB03448,B_C
.cache/SCRNA10X_SA_CHIP0189_001/filtered_feature_bc_matrix,TTGTGGATCAACACGT-1,SA535X7XB03448_TTGTGGATCAACACGT-1,SA535X7XB03448,B_C
.cache/SCRNA10X_SA_CHIP0189_001/filtered_feature_bc_matrix,TTGTGTTAGACCGTTT-1,SA535X7XB03448_TTGTGTTAGACCGTTT-1,SA535X7XB03448,B_C
.cache/SCRNA10X_SA_CHIP0189_001/filtered_feature_bc_matrix,TTGTTCAAGATCGCCC-1,SA535X7XB03448_TTGTTCAAGATCGCCC-1,SA535X7XB03448,B_C
.cache/SCRNA10X_SA_CHIP0189_001/filtered_feature_bc_matrix,TTGTTGTGTTCTCTCG-1,SA535X7XB03448_TTGTTGTGTTCTCTCG-1,SA535X7XB03448,B_C
.cache/SCRNA10X_SA_CHIP0189_001/filtered_feature_bc_matrix,TTGTTTGCATGCCGAC-1,SA535X7XB03448_TTGTTTGCATGCCGAC-1,SA535X7XB03448,G
.cache/SCRNA10X_SA_CHIP0189_001/filtered_feature_bc_matrix,TTGTTTGTCCTGGGAC-1,SA535X7XB03448_TTGTTTGTCCTGGGAC-1,SA535X7XB03448,F
.cache/SCRNA10X_SA_CHIP0189_001/filtered_feature_bc_matrix,TTGTTTGTCGTTATCT-1,SA535X7XB03448_TTGTTTGTCGTTATCT-1,SA535X7XB03448,B_C
.cache/SCRNA10X_SA_CHIP0189_001/filtered_feature_bc_matrix,TTTACGTTCATACGGT-1,SA535X7XB03448_TTTACGTTCATACGGT-1,SA535X7XB03448,B_C
.cache/SCRNA10X_SA_CHIP0189_001/filtered_feature_bc_matrix,TTTACGTTCTGTGTGA-1,SA535X7XB03448_TTTACGTTCTGTGTGA-1,SA535X7XB03448,G
.cache/SCRNA10X_SA_CHIP0189_001/filtered_feature_bc_matrix,TTTAGTCCAGCTGGTC-1,SA535X7XB03448_TTTAGTCCAGCTGGTC-1,SA535X7XB03448,G
.cache/SCRNA10X_SA_CHIP0189_001/filtered_feature_bc_matrix,TTTATGCAGCCGGATA-1,SA535X7XB03448_TTTATGCAGCCGGATA-1,SA535X7XB03448,B_C
.cache/SCRNA10X_SA_CHIP0189_001/filtered_feature_bc_matrix,TTTATGCCAAGCGAGT-1,SA535X7XB03448_TTTATGCCAAGCGAGT-1,SA535X7XB03448,B_C
.cache/SCRNA10X_SA_CHIP0189_001/filtered_feature_bc_matrix,TTTATGCCATGACTAC-1,SA535X7XB03448_TTTATGCCATGACTAC-1,SA535X7XB03448,B_C
.cache/SCRNA10X_SA_CHIP0189_001/filtered_feature_bc_matrix,TTTCACACATCCAACA-1,SA535X7XB03448_TTTCACACATCCAACA-1,SA535X7XB03448,B_C
.cache/SCRNA10X_SA_CHIP0189_001/filtered_feature_bc_matrix,TTTCAGTGTGTTCGTA-1,SA535X7XB03448_TTTCAGTGTGTTCGTA-1,SA535X7XB03448,B_C
.cache/SCRNA10X_SA_CHIP0189_001/filtered_feature_bc_matrix,TTTCATGTCACTACTT-1,SA535X7XB03448_TTTCATGTCACTACTT-1,SA535X7XB03448,B_C
.cache/SCRNA10X_SA_CHIP0189_001/filtered_feature_bc_matrix,TTTCCTCGTTTGGGTT-1,SA535X7XB03448_TTTCCTCGTTTGGGTT-1,SA535X7XB03448,B_C
.cache/SCRNA10X_SA_CHIP0189_001/filtered_feature_bc_matrix,TTTGACTCATGGAACG-1,SA535X7XB03448_TTTGACTCATGGAACG-1,SA535X7XB03448,G
.cache/SCRNA10X_SA_CHIP0189_001/filtered_feature_bc_matrix,TTTGATCGTTAGTCGT-1,SA535X7XB03448_TTTGATCGTTAGTCGT-1,SA535X7XB03448,E
.cache/SCRNA10X_SA_CHIP0189_001/filtered_feature_bc_matrix,TTTGTTGGTCGCTGCA-1,SA535X7XB03448_TTTGTTGGTCGCTGCA-1,SA535X7XB03448,B_C
