Sample,Barcode,cell_id,id,clone
.cache/SCRNA10X_SA_CHIP0182_001/filtered_feature_bc_matrix,AAACGCTCATAACTCG-1,SA535X7XB03304_AAACGCTCATAACTCG-1,SA535X7XB03304,A_E_J
.cache/SCRNA10X_SA_CHIP0182_001/filtered_feature_bc_matrix,AAAGAACAGTGCTAGG-1,SA535X7XB03304_AAAGAACAGTGCTAGG-1,SA535X7XB03304,A_E_J
.cache/SCRNA10X_SA_CHIP0182_001/filtered_feature_bc_matrix,AAAGGATAGTTTGCTG-1,SA535X7XB03304_AAAGGATAGTTTGCTG-1,SA535X7XB03304,A_E_J
.cache/SCRNA10X_SA_CHIP0182_001/filtered_feature_bc_matrix,AAAGGGCCACTTCTCG-1,SA535X7XB03304_AAAGGGCCACTTCTCG-1,SA535X7XB03304,A_E_J
.cache/SCRNA10X_SA_CHIP0182_001/filtered_feature_bc_matrix,AAAGGTAAGCTGACCC-1,SA535X7XB03304_AAAGGTAAGCTGACCC-1,SA535X7XB03304,A_E_J
.cache/SCRNA10X_SA_CHIP0182_001/filtered_feature_bc_matrix,AAAGTCCAGCCGATCC-1,SA535X7XB03304_AAAGTCCAGCCGATCC-1,SA535X7XB03304,A_E_J
.cache/SCRNA10X_SA_CHIP0182_001/filtered_feature_bc_matrix,AAAGTCCCAGACCAAG-1,SA535X7XB03304_AAAGTCCCAGACCAAG-1,SA535X7XB03304,A_E_J
.cache/SCRNA10X_SA_CHIP0182_001/filtered_feature_bc_matrix,AAATGGAAGTCAATCC-1,SA535X7XB03304_AAATGGAAGTCAATCC-1,SA535X7XB03304,A_E_J
.cache/SCRNA10X_SA_CHIP0182_001/filtered_feature_bc_matrix,AACAAAGGTCATTCCC-1,SA535X7XB03304_AACAAAGGTCATTCCC-1,SA535X7XB03304,A_E_J
.cache/SCRNA10X_SA_CHIP0182_001/filtered_feature_bc_matrix,AACAAGATCACATTGG-1,SA535X7XB03304_AACAAGATCACATTGG-1,SA535X7XB03304,A_E_J
.cache/SCRNA10X_SA_CHIP0182_001/filtered_feature_bc_matrix,AACAGGGAGTTGCCCG-1,SA535X7XB03304_AACAGGGAGTTGCCCG-1,SA535X7XB03304,A_E_J
.cache/SCRNA10X_SA_CHIP0182_001/filtered_feature_bc_matrix,AACAGGGCAATCTCTT-1,SA535X7XB03304_AACAGGGCAATCTCTT-1,SA535X7XB03304,A_E_J
.cache/SCRNA10X_SA_CHIP0182_001/filtered_feature_bc_matrix,AACAGGGTCTCAAAGC-1,SA535X7XB03304_AACAGGGTCTCAAAGC-1,SA535X7XB03304,A_E_J
.cache/SCRNA10X_SA_CHIP0182_001/filtered_feature_bc_matrix,AACCATGCAAGTATAG-1,SA535X7XB03304_AACCATGCAAGTATAG-1,SA535X7XB03304,A_E_J
.cache/SCRNA10X_SA_CHIP0182_001/filtered_feature_bc_matrix,AACCTGATCCATGCAA-1,SA535X7XB03304_AACCTGATCCATGCAA-1,SA535X7XB03304,A_E_J
.cache/SCRNA10X_SA_CHIP0182_001/filtered_feature_bc_matrix,AACCTTTGTTCTTCAT-1,SA535X7XB03304_AACCTTTGTTCTTCAT-1,SA535X7XB03304,A_E_J
.cache/SCRNA10X_SA_CHIP0182_001/filtered_feature_bc_matrix,AACGTCACATGATCTG-1,SA535X7XB03304_AACGTCACATGATCTG-1,SA535X7XB03304,A_E_J
.cache/SCRNA10X_SA_CHIP0182_001/filtered_feature_bc_matrix,AACGTCATCGAGAAGC-1,SA535X7XB03304_AACGTCATCGAGAAGC-1,SA535X7XB03304,A_E_J
.cache/SCRNA10X_SA_CHIP0182_001/filtered_feature_bc_matrix,AAGAACACAACTGGTT-1,SA535X7XB03304_AAGAACACAACTGGTT-1,SA535X7XB03304,A_E_J
.cache/SCRNA10X_SA_CHIP0182_001/filtered_feature_bc_matrix,AAGACTCGTCTGTCAA-1,SA535X7XB03304_AAGACTCGTCTGTCAA-1,SA535X7XB03304,A_E_J
.cache/SCRNA10X_SA_CHIP0182_001/filtered_feature_bc_matrix,AAGCCATGTATCGATC-1,SA535X7XB03304_AAGCCATGTATCGATC-1,SA535X7XB03304,A_E_J
.cache/SCRNA10X_SA_CHIP0182_001/filtered_feature_bc_matrix,AAGCGAGGTAGATTGA-1,SA535X7XB03304_AAGCGAGGTAGATTGA-1,SA535X7XB03304,A_E_J
.cache/SCRNA10X_SA_CHIP0182_001/filtered_feature_bc_matrix,AAGCGAGTCATTCCTA-1,SA535X7XB03304_AAGCGAGTCATTCCTA-1,SA535X7XB03304,A_E_J
.cache/SCRNA10X_SA_CHIP0182_001/filtered_feature_bc_matrix,AAGCGTTCAGACAAGC-1,SA535X7XB03304_AAGCGTTCAGACAAGC-1,SA535X7XB03304,A_E_J
.cache/SCRNA10X_SA_CHIP0182_001/filtered_feature_bc_matrix,AAGGAATAGTTGGCTT-1,SA535X7XB03304_AAGGAATAGTTGGCTT-1,SA535X7XB03304,A_E_J
.cache/SCRNA10X_SA_CHIP0182_001/filtered_feature_bc_matrix,AAGGAATGTTTGGGTT-1,SA535X7XB03304_AAGGAATGTTTGGGTT-1,SA535X7XB03304,A_E_J
.cache/SCRNA10X_SA_CHIP0182_001/filtered_feature_bc_matrix,AAGTTCGTCAAATGCC-1,SA535X7XB03304_AAGTTCGTCAAATGCC-1,SA535X7XB03304,A_E_J
.cache/SCRNA10X_SA_CHIP0182_001/filtered_feature_bc_matrix,AATCACGTCGCAGTTA-1,SA535X7XB03304_AATCACGTCGCAGTTA-1,SA535X7XB03304,A_E_J
.cache/SCRNA10X_SA_CHIP0182_001/filtered_feature_bc_matrix,AATCGACCAAGTTGGG-1,SA535X7XB03304_AATCGACCAAGTTGGG-1,SA535X7XB03304,A_E_J
.cache/SCRNA10X_SA_CHIP0182_001/filtered_feature_bc_matrix,AATCGTGTCCTCGCAT-1,SA535X7XB03304_AATCGTGTCCTCGCAT-1,SA535X7XB03304,A_E_J
.cache/SCRNA10X_SA_CHIP0182_001/filtered_feature_bc_matrix,AATGAAGAGCATGCAG-1,SA535X7XB03304_AATGAAGAGCATGCAG-1,SA535X7XB03304,A_E_J
.cache/SCRNA10X_SA_CHIP0182_001/filtered_feature_bc_matrix,AATGAAGCACGCTGAC-1,SA535X7XB03304_AATGAAGCACGCTGAC-1,SA535X7XB03304,A_E_J
.cache/SCRNA10X_SA_CHIP0182_001/filtered_feature_bc_matrix,AATGGAATCGTAGGGA-1,SA535X7XB03304_AATGGAATCGTAGGGA-1,SA535X7XB03304,A_E_J
.cache/SCRNA10X_SA_CHIP0182_001/filtered_feature_bc_matrix,AATGGCTAGGTACAGC-1,SA535X7XB03304_AATGGCTAGGTACAGC-1,SA535X7XB03304,A_E_J
.cache/SCRNA10X_SA_CHIP0182_001/filtered_feature_bc_matrix,AATTCCTGTTGTGTTG-1,SA535X7XB03304_AATTCCTGTTGTGTTG-1,SA535X7XB03304,A_E_J
.cache/SCRNA10X_SA_CHIP0182_001/filtered_feature_bc_matrix,ACACAGTAGCGAGTAC-1,SA535X7XB03304_ACACAGTAGCGAGTAC-1,SA535X7XB03304,A_E_J
.cache/SCRNA10X_SA_CHIP0182_001/filtered_feature_bc_matrix,ACACCAACATTATGCG-1,SA535X7XB03304_ACACCAACATTATGCG-1,SA535X7XB03304,A_E_J
.cache/SCRNA10X_SA_CHIP0182_001/filtered_feature_bc_matrix,ACACTGATCGCCATAA-1,SA535X7XB03304_ACACTGATCGCCATAA-1,SA535X7XB03304,A_E_J
.cache/SCRNA10X_SA_CHIP0182_001/filtered_feature_bc_matrix,ACATCCCTCGTAGTCA-1,SA535X7XB03304_ACATCCCTCGTAGTCA-1,SA535X7XB03304,A_E_J
.cache/SCRNA10X_SA_CHIP0182_001/filtered_feature_bc_matrix,ACATCGAGTCAACACT-1,SA535X7XB03304_ACATCGAGTCAACACT-1,SA535X7XB03304,A_E_J
.cache/SCRNA10X_SA_CHIP0182_001/filtered_feature_bc_matrix,ACATGCACAACGTATC-1,SA535X7XB03304_ACATGCACAACGTATC-1,SA535X7XB03304,A_E_J
.cache/SCRNA10X_SA_CHIP0182_001/filtered_feature_bc_matrix,ACATGCAGTACAGAGC-1,SA535X7XB03304_ACATGCAGTACAGAGC-1,SA535X7XB03304,A_E_J
.cache/SCRNA10X_SA_CHIP0182_001/filtered_feature_bc_matrix,ACATTTCGTGCCTGCA-1,SA535X7XB03304_ACATTTCGTGCCTGCA-1,SA535X7XB03304,A_E_J
.cache/SCRNA10X_SA_CHIP0182_001/filtered_feature_bc_matrix,ACATTTCGTGGCTACC-1,SA535X7XB03304_ACATTTCGTGGCTACC-1,SA535X7XB03304,A_E_J
.cache/SCRNA10X_SA_CHIP0182_001/filtered_feature_bc_matrix,ACCATTTCAGGTTCAT-1,SA535X7XB03304_ACCATTTCAGGTTCAT-1,SA535X7XB03304,A_E_J
.cache/SCRNA10X_SA_CHIP0182_001/filtered_feature_bc_matrix,ACCCTTGAGCCTGGAA-1,SA535X7XB03304_ACCCTTGAGCCTGGAA-1,SA535X7XB03304,A_E_J
.cache/SCRNA10X_SA_CHIP0182_001/filtered_feature_bc_matrix,ACCCTTGTCTATCACT-1,SA535X7XB03304_ACCCTTGTCTATCACT-1,SA535X7XB03304,A_E_J
.cache/SCRNA10X_SA_CHIP0182_001/filtered_feature_bc_matrix,ACCGTTCTCATTTGTC-1,SA535X7XB03304_ACCGTTCTCATTTGTC-1,SA535X7XB03304,A_E_J
.cache/SCRNA10X_SA_CHIP0182_001/filtered_feature_bc_matrix,ACCTGAACACGCAAAG-1,SA535X7XB03304_ACCTGAACACGCAAAG-1,SA535X7XB03304,A_E_J
.cache/SCRNA10X_SA_CHIP0182_001/filtered_feature_bc_matrix,ACCTGAATCATGGATC-1,SA535X7XB03304_ACCTGAATCATGGATC-1,SA535X7XB03304,A_E_J
.cache/SCRNA10X_SA_CHIP0182_001/filtered_feature_bc_matrix,ACCTGTCAGGGTACGT-1,SA535X7XB03304_ACCTGTCAGGGTACGT-1,SA535X7XB03304,A_E_J
.cache/SCRNA10X_SA_CHIP0182_001/filtered_feature_bc_matrix,ACGATGTGTAGCACAG-1,SA535X7XB03304_ACGATGTGTAGCACAG-1,SA535X7XB03304,A_E_J
.cache/SCRNA10X_SA_CHIP0182_001/filtered_feature_bc_matrix,ACGGAAGCAGTGACCC-1,SA535X7XB03304_ACGGAAGCAGTGACCC-1,SA535X7XB03304,A_E_J
.cache/SCRNA10X_SA_CHIP0182_001/filtered_feature_bc_matrix,ACGGAAGTCTGTGCTC-1,SA535X7XB03304_ACGGAAGTCTGTGCTC-1,SA535X7XB03304,A_E_J
.cache/SCRNA10X_SA_CHIP0182_001/filtered_feature_bc_matrix,ACGGTCGGTGCATACT-1,SA535X7XB03304_ACGGTCGGTGCATACT-1,SA535X7XB03304,A_E_J
.cache/SCRNA10X_SA_CHIP0182_001/filtered_feature_bc_matrix,ACGGTTAGTTGCAACT-1,SA535X7XB03304_ACGGTTAGTTGCAACT-1,SA535X7XB03304,A_E_J
.cache/SCRNA10X_SA_CHIP0182_001/filtered_feature_bc_matrix,ACGTAACCAGTCACGC-1,SA535X7XB03304_ACGTAACCAGTCACGC-1,SA535X7XB03304,A_E_J
.cache/SCRNA10X_SA_CHIP0182_001/filtered_feature_bc_matrix,ACGTACACAATAACCC-1,SA535X7XB03304_ACGTACACAATAACCC-1,SA535X7XB03304,A_E_J
.cache/SCRNA10X_SA_CHIP0182_001/filtered_feature_bc_matrix,ACGTAGTCAGACTCTA-1,SA535X7XB03304_ACGTAGTCAGACTCTA-1,SA535X7XB03304,A_E_J
.cache/SCRNA10X_SA_CHIP0182_001/filtered_feature_bc_matrix,ACGTTCCTCTACTGAG-1,SA535X7XB03304_ACGTTCCTCTACTGAG-1,SA535X7XB03304,A_E_J
.cache/SCRNA10X_SA_CHIP0182_001/filtered_feature_bc_matrix,ACTATGGGTGGTCAAG-1,SA535X7XB03304_ACTATGGGTGGTCAAG-1,SA535X7XB03304,A_E_J
.cache/SCRNA10X_SA_CHIP0182_001/filtered_feature_bc_matrix,ACTATGGTCGTGTCAA-1,SA535X7XB03304_ACTATGGTCGTGTCAA-1,SA535X7XB03304,A_E_J
.cache/SCRNA10X_SA_CHIP0182_001/filtered_feature_bc_matrix,ACTATTCCAGCGATTT-1,SA535X7XB03304_ACTATTCCAGCGATTT-1,SA535X7XB03304,A_E_J
.cache/SCRNA10X_SA_CHIP0182_001/filtered_feature_bc_matrix,ACTCTCGTCGTTGTAG-1,SA535X7XB03304_ACTCTCGTCGTTGTAG-1,SA535X7XB03304,A_E_J
.cache/SCRNA10X_SA_CHIP0182_001/filtered_feature_bc_matrix,ACTGTCCGTCGGTAAG-1,SA535X7XB03304_ACTGTCCGTCGGTAAG-1,SA535X7XB03304,A_E_J
.cache/SCRNA10X_SA_CHIP0182_001/filtered_feature_bc_matrix,ACTGTGACACGAAGAC-1,SA535X7XB03304_ACTGTGACACGAAGAC-1,SA535X7XB03304,A_E_J
.cache/SCRNA10X_SA_CHIP0182_001/filtered_feature_bc_matrix,ACTGTGATCTATGTGG-1,SA535X7XB03304_ACTGTGATCTATGTGG-1,SA535X7XB03304,A_E_J
.cache/SCRNA10X_SA_CHIP0182_001/filtered_feature_bc_matrix,ACTTAGGAGTTTCGAC-1,SA535X7XB03304_ACTTAGGAGTTTCGAC-1,SA535X7XB03304,A_E_J
.cache/SCRNA10X_SA_CHIP0182_001/filtered_feature_bc_matrix,ACTTATCTCAACTACG-1,SA535X7XB03304_ACTTATCTCAACTACG-1,SA535X7XB03304,A_E_J
.cache/SCRNA10X_SA_CHIP0182_001/filtered_feature_bc_matrix,ACTTCGCCATTCATCT-1,SA535X7XB03304_ACTTCGCCATTCATCT-1,SA535X7XB03304,A_E_J
.cache/SCRNA10X_SA_CHIP0182_001/filtered_feature_bc_matrix,AGAAATGAGCGACTTT-1,SA535X7XB03304_AGAAATGAGCGACTTT-1,SA535X7XB03304,A_E_J
.cache/SCRNA10X_SA_CHIP0182_001/filtered_feature_bc_matrix,AGACAAAAGCTAATGA-1,SA535X7XB03304_AGACAAAAGCTAATGA-1,SA535X7XB03304,A_E_J
.cache/SCRNA10X_SA_CHIP0182_001/filtered_feature_bc_matrix,AGACAAATCTAGGAAA-1,SA535X7XB03304_AGACAAATCTAGGAAA-1,SA535X7XB03304,A_E_J
.cache/SCRNA10X_SA_CHIP0182_001/filtered_feature_bc_matrix,AGACACTAGGCCTAAG-1,SA535X7XB03304_AGACACTAGGCCTAAG-1,SA535X7XB03304,A_E_J
.cache/SCRNA10X_SA_CHIP0182_001/filtered_feature_bc_matrix,AGACACTTCGCTATTT-1,SA535X7XB03304_AGACACTTCGCTATTT-1,SA535X7XB03304,A_E_J
.cache/SCRNA10X_SA_CHIP0182_001/filtered_feature_bc_matrix,AGACAGGAGGGTTAGC-1,SA535X7XB03304_AGACAGGAGGGTTAGC-1,SA535X7XB03304,A_E_J
.cache/SCRNA10X_SA_CHIP0182_001/filtered_feature_bc_matrix,AGACCCGGTACAGTTC-1,SA535X7XB03304_AGACCCGGTACAGTTC-1,SA535X7XB03304,A_E_J
.cache/SCRNA10X_SA_CHIP0182_001/filtered_feature_bc_matrix,AGACTCATCTAATTCC-1,SA535X7XB03304_AGACTCATCTAATTCC-1,SA535X7XB03304,A_E_J
.cache/SCRNA10X_SA_CHIP0182_001/filtered_feature_bc_matrix,AGAGAATTCAGGACAG-1,SA535X7XB03304_AGAGAATTCAGGACAG-1,SA535X7XB03304,A_E_J
.cache/SCRNA10X_SA_CHIP0182_001/filtered_feature_bc_matrix,AGAGAGCAGAAAGTCT-1,SA535X7XB03304_AGAGAGCAGAAAGTCT-1,SA535X7XB03304,A_E_J
.cache/SCRNA10X_SA_CHIP0182_001/filtered_feature_bc_matrix,AGAGCCCCAAGGGCAT-1,SA535X7XB03304_AGAGCCCCAAGGGCAT-1,SA535X7XB03304,A_E_J
.cache/SCRNA10X_SA_CHIP0182_001/filtered_feature_bc_matrix,AGAGCCCCACTTGTCC-1,SA535X7XB03304_AGAGCCCCACTTGTCC-1,SA535X7XB03304,A_E_J
.cache/SCRNA10X_SA_CHIP0182_001/filtered_feature_bc_matrix,AGATCGTAGCGACTAG-1,SA535X7XB03304_AGATCGTAGCGACTAG-1,SA535X7XB03304,A_E_J
.cache/SCRNA10X_SA_CHIP0182_001/filtered_feature_bc_matrix,AGATGAAGTACGGGAT-1,SA535X7XB03304_AGATGAAGTACGGGAT-1,SA535X7XB03304,A_E_J
.cache/SCRNA10X_SA_CHIP0182_001/filtered_feature_bc_matrix,AGATGCTGTGGTTCTA-1,SA535X7XB03304_AGATGCTGTGGTTCTA-1,SA535X7XB03304,A_E_J
.cache/SCRNA10X_SA_CHIP0182_001/filtered_feature_bc_matrix,AGCCAATGTCACGACC-1,SA535X7XB03304_AGCCAATGTCACGACC-1,SA535X7XB03304,A_E_J
.cache/SCRNA10X_SA_CHIP0182_001/filtered_feature_bc_matrix,AGCCAATTCACTAGCA-1,SA535X7XB03304_AGCCAATTCACTAGCA-1,SA535X7XB03304,A_E_J
.cache/SCRNA10X_SA_CHIP0182_001/filtered_feature_bc_matrix,AGCCAATTCCGCACTT-1,SA535X7XB03304_AGCCAATTCCGCACTT-1,SA535X7XB03304,A_E_J
.cache/SCRNA10X_SA_CHIP0182_001/filtered_feature_bc_matrix,AGCCAGCAGACTCATC-1,SA535X7XB03304_AGCCAGCAGACTCATC-1,SA535X7XB03304,A_E_J
.cache/SCRNA10X_SA_CHIP0182_001/filtered_feature_bc_matrix,AGCCAGCGTTCGTGCG-1,SA535X7XB03304_AGCCAGCGTTCGTGCG-1,SA535X7XB03304,A_E_J
.cache/SCRNA10X_SA_CHIP0182_001/filtered_feature_bc_matrix,AGCCAGCTCCATTCAT-1,SA535X7XB03304_AGCCAGCTCCATTCAT-1,SA535X7XB03304,A_E_J
.cache/SCRNA10X_SA_CHIP0182_001/filtered_feature_bc_matrix,AGCGATTCACTCATAG-1,SA535X7XB03304_AGCGATTCACTCATAG-1,SA535X7XB03304,A_E_J
.cache/SCRNA10X_SA_CHIP0182_001/filtered_feature_bc_matrix,AGGAATAAGATACAGT-1,SA535X7XB03304_AGGAATAAGATACAGT-1,SA535X7XB03304,A_E_J
.cache/SCRNA10X_SA_CHIP0182_001/filtered_feature_bc_matrix,AGGACGAAGCTGTTAC-1,SA535X7XB03304_AGGACGAAGCTGTTAC-1,SA535X7XB03304,A_E_J
.cache/SCRNA10X_SA_CHIP0182_001/filtered_feature_bc_matrix,AGGAGGTCACAAATGA-1,SA535X7XB03304_AGGAGGTCACAAATGA-1,SA535X7XB03304,A_E_J
.cache/SCRNA10X_SA_CHIP0182_001/filtered_feature_bc_matrix,AGGATAAGTGTCCATA-1,SA535X7XB03304_AGGATAAGTGTCCATA-1,SA535X7XB03304,A_E_J
.cache/SCRNA10X_SA_CHIP0182_001/filtered_feature_bc_matrix,AGGATAATCCTGTAGA-1,SA535X7XB03304_AGGATAATCCTGTAGA-1,SA535X7XB03304,A_E_J
.cache/SCRNA10X_SA_CHIP0182_001/filtered_feature_bc_matrix,AGGCATTAGCCTGACC-1,SA535X7XB03304_AGGCATTAGCCTGACC-1,SA535X7XB03304,A_E_J
.cache/SCRNA10X_SA_CHIP0182_001/filtered_feature_bc_matrix,AGGCCACCACTAAACC-1,SA535X7XB03304_AGGCCACCACTAAACC-1,SA535X7XB03304,A_E_J
.cache/SCRNA10X_SA_CHIP0182_001/filtered_feature_bc_matrix,AGGCCACGTTGTCCCT-1,SA535X7XB03304_AGGCCACGTTGTCCCT-1,SA535X7XB03304,A_E_J
.cache/SCRNA10X_SA_CHIP0182_001/filtered_feature_bc_matrix,AGGCTGCCAATCTGCA-1,SA535X7XB03304_AGGCTGCCAATCTGCA-1,SA535X7XB03304,A_E_J
.cache/SCRNA10X_SA_CHIP0182_001/filtered_feature_bc_matrix,AGGGCCTAGATCCTAC-1,SA535X7XB03304_AGGGCCTAGATCCTAC-1,SA535X7XB03304,A_E_J
.cache/SCRNA10X_SA_CHIP0182_001/filtered_feature_bc_matrix,AGGGCCTCAACAAGTA-1,SA535X7XB03304_AGGGCCTCAACAAGTA-1,SA535X7XB03304,A_E_J
.cache/SCRNA10X_SA_CHIP0182_001/filtered_feature_bc_matrix,AGGTAGGCACCTCTAC-1,SA535X7XB03304_AGGTAGGCACCTCTAC-1,SA535X7XB03304,A_E_J
.cache/SCRNA10X_SA_CHIP0182_001/filtered_feature_bc_matrix,AGGTCATCACCGCTAG-1,SA535X7XB03304_AGGTCATCACCGCTAG-1,SA535X7XB03304,A_E_J
.cache/SCRNA10X_SA_CHIP0182_001/filtered_feature_bc_matrix,AGGTCTAGTAACATGA-1,SA535X7XB03304_AGGTCTAGTAACATGA-1,SA535X7XB03304,A_E_J
.cache/SCRNA10X_SA_CHIP0182_001/filtered_feature_bc_matrix,AGGTTGTCAAGCTGCC-1,SA535X7XB03304_AGGTTGTCAAGCTGCC-1,SA535X7XB03304,A_E_J
.cache/SCRNA10X_SA_CHIP0182_001/filtered_feature_bc_matrix,AGGTTGTCATGTTCGA-1,SA535X7XB03304_AGGTTGTCATGTTCGA-1,SA535X7XB03304,A_E_J
.cache/SCRNA10X_SA_CHIP0182_001/filtered_feature_bc_matrix,AGTAACCAGCAGAAAG-1,SA535X7XB03304_AGTAACCAGCAGAAAG-1,SA535X7XB03304,A_E_J
.cache/SCRNA10X_SA_CHIP0182_001/filtered_feature_bc_matrix,AGTCAACTCGCCTTGT-1,SA535X7XB03304_AGTCAACTCGCCTTGT-1,SA535X7XB03304,A_E_J
.cache/SCRNA10X_SA_CHIP0182_001/filtered_feature_bc_matrix,AGTCATGGTGGCAGAT-1,SA535X7XB03304_AGTCATGGTGGCAGAT-1,SA535X7XB03304,A_E_J
.cache/SCRNA10X_SA_CHIP0182_001/filtered_feature_bc_matrix,AGTCATGGTTTGACAC-1,SA535X7XB03304_AGTCATGGTTTGACAC-1,SA535X7XB03304,A_E_J
.cache/SCRNA10X_SA_CHIP0182_001/filtered_feature_bc_matrix,AGTGCCGAGGGAGAAT-1,SA535X7XB03304_AGTGCCGAGGGAGAAT-1,SA535X7XB03304,A_E_J
.cache/SCRNA10X_SA_CHIP0182_001/filtered_feature_bc_matrix,AGTGCCGGTGAGAGGG-1,SA535X7XB03304_AGTGCCGGTGAGAGGG-1,SA535X7XB03304,A_E_J
.cache/SCRNA10X_SA_CHIP0182_001/filtered_feature_bc_matrix,AGTGCCGGTGTTCCAA-1,SA535X7XB03304_AGTGCCGGTGTTCCAA-1,SA535X7XB03304,A_E_J
.cache/SCRNA10X_SA_CHIP0182_001/filtered_feature_bc_matrix,AGTGCCGTCATTGGTG-1,SA535X7XB03304_AGTGCCGTCATTGGTG-1,SA535X7XB03304,A_E_J
.cache/SCRNA10X_SA_CHIP0182_001/filtered_feature_bc_matrix,AGTTAGCGTGAACTAA-1,SA535X7XB03304_AGTTAGCGTGAACTAA-1,SA535X7XB03304,A_E_J
.cache/SCRNA10X_SA_CHIP0182_001/filtered_feature_bc_matrix,AGTTCCCAGAGGATGA-1,SA535X7XB03304_AGTTCCCAGAGGATGA-1,SA535X7XB03304,A_E_J
.cache/SCRNA10X_SA_CHIP0182_001/filtered_feature_bc_matrix,AGTTCCCAGTTCAACC-1,SA535X7XB03304_AGTTCCCAGTTCAACC-1,SA535X7XB03304,A_E_J
.cache/SCRNA10X_SA_CHIP0182_001/filtered_feature_bc_matrix,AGTTCCCGTTGCTTGA-1,SA535X7XB03304_AGTTCCCGTTGCTTGA-1,SA535X7XB03304,A_E_J
.cache/SCRNA10X_SA_CHIP0182_001/filtered_feature_bc_matrix,ATACTTCTCGTGACTA-1,SA535X7XB03304_ATACTTCTCGTGACTA-1,SA535X7XB03304,A_E_J
.cache/SCRNA10X_SA_CHIP0182_001/filtered_feature_bc_matrix,ATATCCTGTAACGTTC-1,SA535X7XB03304_ATATCCTGTAACGTTC-1,SA535X7XB03304,A_E_J
.cache/SCRNA10X_SA_CHIP0182_001/filtered_feature_bc_matrix,ATCACGACAACGGGTA-1,SA535X7XB03304_ATCACGACAACGGGTA-1,SA535X7XB03304,A_E_J
.cache/SCRNA10X_SA_CHIP0182_001/filtered_feature_bc_matrix,ATCAGGTGTTTGTTCT-1,SA535X7XB03304_ATCAGGTGTTTGTTCT-1,SA535X7XB03304,A_E_J
.cache/SCRNA10X_SA_CHIP0182_001/filtered_feature_bc_matrix,ATCAGGTTCGATGGAG-1,SA535X7XB03304_ATCAGGTTCGATGGAG-1,SA535X7XB03304,A_E_J
.cache/SCRNA10X_SA_CHIP0182_001/filtered_feature_bc_matrix,ATCCACCAGGACGGAG-1,SA535X7XB03304_ATCCACCAGGACGGAG-1,SA535X7XB03304,A_E_J
.cache/SCRNA10X_SA_CHIP0182_001/filtered_feature_bc_matrix,ATCCACCTCACCTCGT-1,SA535X7XB03304_ATCCACCTCACCTCGT-1,SA535X7XB03304,A_E_J
.cache/SCRNA10X_SA_CHIP0182_001/filtered_feature_bc_matrix,ATCCATTAGGTTCATC-1,SA535X7XB03304_ATCCATTAGGTTCATC-1,SA535X7XB03304,A_E_J
.cache/SCRNA10X_SA_CHIP0182_001/filtered_feature_bc_matrix,ATCCATTTCATTTCCA-1,SA535X7XB03304_ATCCATTTCATTTCCA-1,SA535X7XB03304,A_E_J
.cache/SCRNA10X_SA_CHIP0182_001/filtered_feature_bc_matrix,ATCCCTGGTGGACTGA-1,SA535X7XB03304_ATCCCTGGTGGACTGA-1,SA535X7XB03304,A_E_J
.cache/SCRNA10X_SA_CHIP0182_001/filtered_feature_bc_matrix,ATCCGTCGTTGGACTT-1,SA535X7XB03304_ATCCGTCGTTGGACTT-1,SA535X7XB03304,A_E_J
.cache/SCRNA10X_SA_CHIP0182_001/filtered_feature_bc_matrix,ATCGCCTGTAGGCTCC-1,SA535X7XB03304_ATCGCCTGTAGGCTCC-1,SA535X7XB03304,A_E_J
.cache/SCRNA10X_SA_CHIP0182_001/filtered_feature_bc_matrix,ATCGGCGGTTGTAGCT-1,SA535X7XB03304_ATCGGCGGTTGTAGCT-1,SA535X7XB03304,A_E_J
.cache/SCRNA10X_SA_CHIP0182_001/filtered_feature_bc_matrix,ATCGTGAGTGAGATTA-1,SA535X7XB03304_ATCGTGAGTGAGATTA-1,SA535X7XB03304,A_E_J
.cache/SCRNA10X_SA_CHIP0182_001/filtered_feature_bc_matrix,ATCGTGAGTGCTCGTG-1,SA535X7XB03304_ATCGTGAGTGCTCGTG-1,SA535X7XB03304,A_E_J
.cache/SCRNA10X_SA_CHIP0182_001/filtered_feature_bc_matrix,ATCTCTACAAAGAGTT-1,SA535X7XB03304_ATCTCTACAAAGAGTT-1,SA535X7XB03304,A_E_J
.cache/SCRNA10X_SA_CHIP0182_001/filtered_feature_bc_matrix,ATCTCTACACTCTAGA-1,SA535X7XB03304_ATCTCTACACTCTAGA-1,SA535X7XB03304,A_E_J
.cache/SCRNA10X_SA_CHIP0182_001/filtered_feature_bc_matrix,ATCTCTAGTACGACAG-1,SA535X7XB03304_ATCTCTAGTACGACAG-1,SA535X7XB03304,A_E_J
.cache/SCRNA10X_SA_CHIP0182_001/filtered_feature_bc_matrix,ATCTCTATCCGTGTGG-1,SA535X7XB03304_ATCTCTATCCGTGTGG-1,SA535X7XB03304,A_E_J
.cache/SCRNA10X_SA_CHIP0182_001/filtered_feature_bc_matrix,ATCTTCACACCCTGTT-1,SA535X7XB03304_ATCTTCACACCCTGTT-1,SA535X7XB03304,A_E_J
.cache/SCRNA10X_SA_CHIP0182_001/filtered_feature_bc_matrix,ATCTTCACAGAACGCA-1,SA535X7XB03304_ATCTTCACAGAACGCA-1,SA535X7XB03304,A_E_J
.cache/SCRNA10X_SA_CHIP0182_001/filtered_feature_bc_matrix,ATCTTCATCTGACCCT-1,SA535X7XB03304_ATCTTCATCTGACCCT-1,SA535X7XB03304,A_E_J
.cache/SCRNA10X_SA_CHIP0182_001/filtered_feature_bc_matrix,ATGAGTCAGGCGAAGG-1,SA535X7XB03304_ATGAGTCAGGCGAAGG-1,SA535X7XB03304,A_E_J
.cache/SCRNA10X_SA_CHIP0182_001/filtered_feature_bc_matrix,ATGAGTCTCTTGATTC-1,SA535X7XB03304_ATGAGTCTCTTGATTC-1,SA535X7XB03304,A_E_J
.cache/SCRNA10X_SA_CHIP0182_001/filtered_feature_bc_matrix,ATGCATGTCAAATGAG-1,SA535X7XB03304_ATGCATGTCAAATGAG-1,SA535X7XB03304,A_E_J
.cache/SCRNA10X_SA_CHIP0182_001/filtered_feature_bc_matrix,ATGCCTCTCAGCCTTC-1,SA535X7XB03304_ATGCCTCTCAGCCTTC-1,SA535X7XB03304,A_E_J
.cache/SCRNA10X_SA_CHIP0182_001/filtered_feature_bc_matrix,ATGCGATCATATCTCT-1,SA535X7XB03304_ATGCGATCATATCTCT-1,SA535X7XB03304,A_E_J
.cache/SCRNA10X_SA_CHIP0182_001/filtered_feature_bc_matrix,ATGCGATTCAGCTTGA-1,SA535X7XB03304_ATGCGATTCAGCTTGA-1,SA535X7XB03304,A_E_J
.cache/SCRNA10X_SA_CHIP0182_001/filtered_feature_bc_matrix,ATGGAGGCAGCCCACA-1,SA535X7XB03304_ATGGAGGCAGCCCACA-1,SA535X7XB03304,A_E_J
.cache/SCRNA10X_SA_CHIP0182_001/filtered_feature_bc_matrix,ATGGAGGGTTACCGTA-1,SA535X7XB03304_ATGGAGGGTTACCGTA-1,SA535X7XB03304,A_E_J
.cache/SCRNA10X_SA_CHIP0182_001/filtered_feature_bc_matrix,ATGGGAGCAATCTGCA-1,SA535X7XB03304_ATGGGAGCAATCTGCA-1,SA535X7XB03304,A_E_J
.cache/SCRNA10X_SA_CHIP0182_001/filtered_feature_bc_matrix,ATGGTTGCAGGCGATA-1,SA535X7XB03304_ATGGTTGCAGGCGATA-1,SA535X7XB03304,A_E_J
.cache/SCRNA10X_SA_CHIP0182_001/filtered_feature_bc_matrix,ATGGTTGTCCGTCAAA-1,SA535X7XB03304_ATGGTTGTCCGTCAAA-1,SA535X7XB03304,A_E_J
.cache/SCRNA10X_SA_CHIP0182_001/filtered_feature_bc_matrix,ATGTCCCAGACTTCGT-1,SA535X7XB03304_ATGTCCCAGACTTCGT-1,SA535X7XB03304,A_E_J
.cache/SCRNA10X_SA_CHIP0182_001/filtered_feature_bc_matrix,ATGTCTTCACAACGTT-1,SA535X7XB03304_ATGTCTTCACAACGTT-1,SA535X7XB03304,A_E_J
.cache/SCRNA10X_SA_CHIP0182_001/filtered_feature_bc_matrix,ATGTCTTGTATTCCGA-1,SA535X7XB03304_ATGTCTTGTATTCCGA-1,SA535X7XB03304,A_E_J
.cache/SCRNA10X_SA_CHIP0182_001/filtered_feature_bc_matrix,ATTACTCTCTTACTGT-1,SA535X7XB03304_ATTACTCTCTTACTGT-1,SA535X7XB03304,A_E_J
.cache/SCRNA10X_SA_CHIP0182_001/filtered_feature_bc_matrix,ATTCAGGAGTGGTTAA-1,SA535X7XB03304_ATTCAGGAGTGGTTAA-1,SA535X7XB03304,A_E_J
.cache/SCRNA10X_SA_CHIP0182_001/filtered_feature_bc_matrix,ATTCCTACAGCAAGAC-1,SA535X7XB03304_ATTCCTACAGCAAGAC-1,SA535X7XB03304,A_E_J
.cache/SCRNA10X_SA_CHIP0182_001/filtered_feature_bc_matrix,ATTCCTATCGCTCATC-1,SA535X7XB03304_ATTCCTATCGCTCATC-1,SA535X7XB03304,A_E_J
.cache/SCRNA10X_SA_CHIP0182_001/filtered_feature_bc_matrix,ATTCGTTAGACTCATC-1,SA535X7XB03304_ATTCGTTAGACTCATC-1,SA535X7XB03304,A_E_J
.cache/SCRNA10X_SA_CHIP0182_001/filtered_feature_bc_matrix,ATTCTACCAAGACAAT-1,SA535X7XB03304_ATTCTACCAAGACAAT-1,SA535X7XB03304,A_E_J
.cache/SCRNA10X_SA_CHIP0182_001/filtered_feature_bc_matrix,ATTTACCAGCAAGGAA-1,SA535X7XB03304_ATTTACCAGCAAGGAA-1,SA535X7XB03304,A_E_J
.cache/SCRNA10X_SA_CHIP0182_001/filtered_feature_bc_matrix,ATTTCACAGTCATACC-1,SA535X7XB03304_ATTTCACAGTCATACC-1,SA535X7XB03304,A_E_J
.cache/SCRNA10X_SA_CHIP0182_001/filtered_feature_bc_matrix,ATTTCTGTCGTCAACA-1,SA535X7XB03304_ATTTCTGTCGTCAACA-1,SA535X7XB03304,A_E_J
.cache/SCRNA10X_SA_CHIP0182_001/filtered_feature_bc_matrix,CAACAACTCGCTGCGA-1,SA535X7XB03304_CAACAACTCGCTGCGA-1,SA535X7XB03304,A_E_J
.cache/SCRNA10X_SA_CHIP0182_001/filtered_feature_bc_matrix,CAACCAACATTCCTCG-1,SA535X7XB03304_CAACCAACATTCCTCG-1,SA535X7XB03304,A_E_J
.cache/SCRNA10X_SA_CHIP0182_001/filtered_feature_bc_matrix,CAACCAAGTGTTTACG-1,SA535X7XB03304_CAACCAAGTGTTTACG-1,SA535X7XB03304,A_E_J
.cache/SCRNA10X_SA_CHIP0182_001/filtered_feature_bc_matrix,CAACCTCAGCCATTCA-1,SA535X7XB03304_CAACCTCAGCCATTCA-1,SA535X7XB03304,A_E_J
.cache/SCRNA10X_SA_CHIP0182_001/filtered_feature_bc_matrix,CAACCTCCAGTGCCTG-1,SA535X7XB03304_CAACCTCCAGTGCCTG-1,SA535X7XB03304,A_E_J
.cache/SCRNA10X_SA_CHIP0182_001/filtered_feature_bc_matrix,CAACGATCAGATCATC-1,SA535X7XB03304_CAACGATCAGATCATC-1,SA535X7XB03304,A_E_J
.cache/SCRNA10X_SA_CHIP0182_001/filtered_feature_bc_matrix,CAACGATCATTGACTG-1,SA535X7XB03304_CAACGATCATTGACTG-1,SA535X7XB03304,A_E_J
.cache/SCRNA10X_SA_CHIP0182_001/filtered_feature_bc_matrix,CAACGGCCAACACGTT-1,SA535X7XB03304_CAACGGCCAACACGTT-1,SA535X7XB03304,A_E_J
.cache/SCRNA10X_SA_CHIP0182_001/filtered_feature_bc_matrix,CAACGGCGTTGAATCC-1,SA535X7XB03304_CAACGGCGTTGAATCC-1,SA535X7XB03304,A_E_J
.cache/SCRNA10X_SA_CHIP0182_001/filtered_feature_bc_matrix,CAAGACTTCGGATTAC-1,SA535X7XB03304_CAAGACTTCGGATTAC-1,SA535X7XB03304,A_E_J
.cache/SCRNA10X_SA_CHIP0182_001/filtered_feature_bc_matrix,CAAGACTTCGGCATAT-1,SA535X7XB03304_CAAGACTTCGGCATAT-1,SA535X7XB03304,A_E_J
.cache/SCRNA10X_SA_CHIP0182_001/filtered_feature_bc_matrix,CAAGAGGGTGGCGTAA-1,SA535X7XB03304_CAAGAGGGTGGCGTAA-1,SA535X7XB03304,A_E_J
.cache/SCRNA10X_SA_CHIP0182_001/filtered_feature_bc_matrix,CAAGAGGTCGCATTGA-1,SA535X7XB03304_CAAGAGGTCGCATTGA-1,SA535X7XB03304,A_E_J
.cache/SCRNA10X_SA_CHIP0182_001/filtered_feature_bc_matrix,CAAGGGACACTCTGCT-1,SA535X7XB03304_CAAGGGACACTCTGCT-1,SA535X7XB03304,A_E_J
.cache/SCRNA10X_SA_CHIP0182_001/filtered_feature_bc_matrix,CAATACGTCATAGAGA-1,SA535X7XB03304_CAATACGTCATAGAGA-1,SA535X7XB03304,A_E_J
.cache/SCRNA10X_SA_CHIP0182_001/filtered_feature_bc_matrix,CAATCGAGTATTGACC-1,SA535X7XB03304_CAATCGAGTATTGACC-1,SA535X7XB03304,A_E_J
.cache/SCRNA10X_SA_CHIP0182_001/filtered_feature_bc_matrix,CAATCGATCAGCTAGT-1,SA535X7XB03304_CAATCGATCAGCTAGT-1,SA535X7XB03304,A_E_J
.cache/SCRNA10X_SA_CHIP0182_001/filtered_feature_bc_matrix,CACAGGCAGTCGCTAT-1,SA535X7XB03304_CACAGGCAGTCGCTAT-1,SA535X7XB03304,A_E_J
.cache/SCRNA10X_SA_CHIP0182_001/filtered_feature_bc_matrix,CACATGATCGACCCAG-1,SA535X7XB03304_CACATGATCGACCCAG-1,SA535X7XB03304,A_E_J
.cache/SCRNA10X_SA_CHIP0182_001/filtered_feature_bc_matrix,CACTAAGTCTATCCAT-1,SA535X7XB03304_CACTAAGTCTATCCAT-1,SA535X7XB03304,A_E_J
.cache/SCRNA10X_SA_CHIP0182_001/filtered_feature_bc_matrix,CACTGAACAAATAGCA-1,SA535X7XB03304_CACTGAACAAATAGCA-1,SA535X7XB03304,A_E_J
.cache/SCRNA10X_SA_CHIP0182_001/filtered_feature_bc_matrix,CACTGAATCTCAGGCG-1,SA535X7XB03304_CACTGAATCTCAGGCG-1,SA535X7XB03304,A_E_J
.cache/SCRNA10X_SA_CHIP0182_001/filtered_feature_bc_matrix,CACTTCGGTAGCGATG-1,SA535X7XB03304_CACTTCGGTAGCGATG-1,SA535X7XB03304,A_E_J
.cache/SCRNA10X_SA_CHIP0182_001/filtered_feature_bc_matrix,CACTTCGTCTCTTAAC-1,SA535X7XB03304_CACTTCGTCTCTTAAC-1,SA535X7XB03304,A_E_J
.cache/SCRNA10X_SA_CHIP0182_001/filtered_feature_bc_matrix,CACTTCGTCTGCGAGC-1,SA535X7XB03304_CACTTCGTCTGCGAGC-1,SA535X7XB03304,A_E_J
.cache/SCRNA10X_SA_CHIP0182_001/filtered_feature_bc_matrix,CAGATACAGTGCAGCA-1,SA535X7XB03304_CAGATACAGTGCAGCA-1,SA535X7XB03304,A_E_J
.cache/SCRNA10X_SA_CHIP0182_001/filtered_feature_bc_matrix,CAGATACCAATGTGGG-1,SA535X7XB03304_CAGATACCAATGTGGG-1,SA535X7XB03304,A_E_J
.cache/SCRNA10X_SA_CHIP0182_001/filtered_feature_bc_matrix,CAGATCAGTCAGGTGA-1,SA535X7XB03304_CAGATCAGTCAGGTGA-1,SA535X7XB03304,A_E_J
.cache/SCRNA10X_SA_CHIP0182_001/filtered_feature_bc_matrix,CAGCACGCATACTTTC-1,SA535X7XB03304_CAGCACGCATACTTTC-1,SA535X7XB03304,A_E_J
.cache/SCRNA10X_SA_CHIP0182_001/filtered_feature_bc_matrix,CAGCCAGTCGTGGTAT-1,SA535X7XB03304_CAGCCAGTCGTGGTAT-1,SA535X7XB03304,A_E_J
.cache/SCRNA10X_SA_CHIP0182_001/filtered_feature_bc_matrix,CAGCCAGTCTGGCTGG-1,SA535X7XB03304_CAGCCAGTCTGGCTGG-1,SA535X7XB03304,A_E_J
.cache/SCRNA10X_SA_CHIP0182_001/filtered_feature_bc_matrix,CAGCGTGCATGCAGCC-1,SA535X7XB03304_CAGCGTGCATGCAGCC-1,SA535X7XB03304,A_E_J
.cache/SCRNA10X_SA_CHIP0182_001/filtered_feature_bc_matrix,CAGGCCAGTTACCGTA-1,SA535X7XB03304_CAGGCCAGTTACCGTA-1,SA535X7XB03304,A_E_J
.cache/SCRNA10X_SA_CHIP0182_001/filtered_feature_bc_matrix,CAGTGCGAGAACCGCA-1,SA535X7XB03304_CAGTGCGAGAACCGCA-1,SA535X7XB03304,A_E_J
.cache/SCRNA10X_SA_CHIP0182_001/filtered_feature_bc_matrix,CAGTGCGGTATGCGGA-1,SA535X7XB03304_CAGTGCGGTATGCGGA-1,SA535X7XB03304,A_E_J
.cache/SCRNA10X_SA_CHIP0182_001/filtered_feature_bc_matrix,CATAAGCAGGACTAAT-1,SA535X7XB03304_CATAAGCAGGACTAAT-1,SA535X7XB03304,A_E_J
.cache/SCRNA10X_SA_CHIP0182_001/filtered_feature_bc_matrix,CATACCCAGAGGTATT-1,SA535X7XB03304_CATACCCAGAGGTATT-1,SA535X7XB03304,A_E_J
.cache/SCRNA10X_SA_CHIP0182_001/filtered_feature_bc_matrix,CATACCCTCGCTCATC-1,SA535X7XB03304_CATACCCTCGCTCATC-1,SA535X7XB03304,A_E_J
.cache/SCRNA10X_SA_CHIP0182_001/filtered_feature_bc_matrix,CATCAAGCATGGAGAC-1,SA535X7XB03304_CATCAAGCATGGAGAC-1,SA535X7XB03304,A_E_J
.cache/SCRNA10X_SA_CHIP0182_001/filtered_feature_bc_matrix,CATCCACCAATAACGA-1,SA535X7XB03304_CATCCACCAATAACGA-1,SA535X7XB03304,A_E_J
.cache/SCRNA10X_SA_CHIP0182_001/filtered_feature_bc_matrix,CATCCCACACTTGGGC-1,SA535X7XB03304_CATCCCACACTTGGGC-1,SA535X7XB03304,A_E_J
.cache/SCRNA10X_SA_CHIP0182_001/filtered_feature_bc_matrix,CATCCCATCTTGGGCG-1,SA535X7XB03304_CATCCCATCTTGGGCG-1,SA535X7XB03304,A_E_J
.cache/SCRNA10X_SA_CHIP0182_001/filtered_feature_bc_matrix,CATCCGTCACAAGCAG-1,SA535X7XB03304_CATCCGTCACAAGCAG-1,SA535X7XB03304,A_E_J
.cache/SCRNA10X_SA_CHIP0182_001/filtered_feature_bc_matrix,CATGCCTGTATCCTTT-1,SA535X7XB03304_CATGCCTGTATCCTTT-1,SA535X7XB03304,A_E_J
.cache/SCRNA10X_SA_CHIP0182_001/filtered_feature_bc_matrix,CATGCCTGTCTGTGGC-1,SA535X7XB03304_CATGCCTGTCTGTGGC-1,SA535X7XB03304,A_E_J
.cache/SCRNA10X_SA_CHIP0182_001/filtered_feature_bc_matrix,CATGCCTGTGTCGCTG-1,SA535X7XB03304_CATGCCTGTGTCGCTG-1,SA535X7XB03304,A_E_J
.cache/SCRNA10X_SA_CHIP0182_001/filtered_feature_bc_matrix,CATGCTCCACTGAGTT-1,SA535X7XB03304_CATGCTCCACTGAGTT-1,SA535X7XB03304,A_E_J
.cache/SCRNA10X_SA_CHIP0182_001/filtered_feature_bc_matrix,CATGGATTCAATCCGA-1,SA535X7XB03304_CATGGATTCAATCCGA-1,SA535X7XB03304,A_E_J
.cache/SCRNA10X_SA_CHIP0182_001/filtered_feature_bc_matrix,CATGGTAGTTCCGGTG-1,SA535X7XB03304_CATGGTAGTTCCGGTG-1,SA535X7XB03304,A_E_J
.cache/SCRNA10X_SA_CHIP0182_001/filtered_feature_bc_matrix,CATTCATCAATACAGA-1,SA535X7XB03304_CATTCATCAATACAGA-1,SA535X7XB03304,A_E_J
.cache/SCRNA10X_SA_CHIP0182_001/filtered_feature_bc_matrix,CATTCTATCCATAGAC-1,SA535X7XB03304_CATTCTATCCATAGAC-1,SA535X7XB03304,A_E_J
.cache/SCRNA10X_SA_CHIP0182_001/filtered_feature_bc_matrix,CATTGTTGTGGACTGA-1,SA535X7XB03304_CATTGTTGTGGACTGA-1,SA535X7XB03304,A_E_J
.cache/SCRNA10X_SA_CHIP0182_001/filtered_feature_bc_matrix,CATTTCAAGGTACTGG-1,SA535X7XB03304_CATTTCAAGGTACTGG-1,SA535X7XB03304,A_E_J
.cache/SCRNA10X_SA_CHIP0182_001/filtered_feature_bc_matrix,CCAATTTGTGGTACAG-1,SA535X7XB03304_CCAATTTGTGGTACAG-1,SA535X7XB03304,A_E_J
.cache/SCRNA10X_SA_CHIP0182_001/filtered_feature_bc_matrix,CCACCATAGGAGGTTC-1,SA535X7XB03304_CCACCATAGGAGGTTC-1,SA535X7XB03304,A_E_J
.cache/SCRNA10X_SA_CHIP0182_001/filtered_feature_bc_matrix,CCACCATTCAACCTTT-1,SA535X7XB03304_CCACCATTCAACCTTT-1,SA535X7XB03304,A_E_J
.cache/SCRNA10X_SA_CHIP0182_001/filtered_feature_bc_matrix,CCACTTGAGCACTAAA-1,SA535X7XB03304_CCACTTGAGCACTAAA-1,SA535X7XB03304,A_E_J
.cache/SCRNA10X_SA_CHIP0182_001/filtered_feature_bc_matrix,CCATCACCAACTGTGT-1,SA535X7XB03304_CCATCACCAACTGTGT-1,SA535X7XB03304,A_E_J
.cache/SCRNA10X_SA_CHIP0182_001/filtered_feature_bc_matrix,CCATCACCATCCGAAT-1,SA535X7XB03304_CCATCACCATCCGAAT-1,SA535X7XB03304,A_E_J
.cache/SCRNA10X_SA_CHIP0182_001/filtered_feature_bc_matrix,CCATCACTCACTTGTT-1,SA535X7XB03304_CCATCACTCACTTGTT-1,SA535X7XB03304,A_E_J
.cache/SCRNA10X_SA_CHIP0182_001/filtered_feature_bc_matrix,CCATCACTCGAACTCA-1,SA535X7XB03304_CCATCACTCGAACTCA-1,SA535X7XB03304,A_E_J
.cache/SCRNA10X_SA_CHIP0182_001/filtered_feature_bc_matrix,CCATCACTCTCTCTTC-1,SA535X7XB03304_CCATCACTCTCTCTTC-1,SA535X7XB03304,A_E_J
.cache/SCRNA10X_SA_CHIP0182_001/filtered_feature_bc_matrix,CCCAACTTCTGGCTGG-1,SA535X7XB03304_CCCAACTTCTGGCTGG-1,SA535X7XB03304,A_E_J
.cache/SCRNA10X_SA_CHIP0182_001/filtered_feature_bc_matrix,CCCATTGGTACTCCCT-1,SA535X7XB03304_CCCATTGGTACTCCCT-1,SA535X7XB03304,A_E_J
.cache/SCRNA10X_SA_CHIP0182_001/filtered_feature_bc_matrix,CCCGAAGGTATTGACC-1,SA535X7XB03304_CCCGAAGGTATTGACC-1,SA535X7XB03304,A_E_J
.cache/SCRNA10X_SA_CHIP0182_001/filtered_feature_bc_matrix,CCCGGAAGTGCCGTTG-1,SA535X7XB03304_CCCGGAAGTGCCGTTG-1,SA535X7XB03304,A_E_J
.cache/SCRNA10X_SA_CHIP0182_001/filtered_feature_bc_matrix,CCCTGATGTAGCGTCC-1,SA535X7XB03304_CCCTGATGTAGCGTCC-1,SA535X7XB03304,A_E_J
.cache/SCRNA10X_SA_CHIP0182_001/filtered_feature_bc_matrix,CCGATCTCACATACGT-1,SA535X7XB03304_CCGATCTCACATACGT-1,SA535X7XB03304,A_E_J
.cache/SCRNA10X_SA_CHIP0182_001/filtered_feature_bc_matrix,CCGCAAGGTCATCCCT-1,SA535X7XB03304_CCGCAAGGTCATCCCT-1,SA535X7XB03304,A_E_J
.cache/SCRNA10X_SA_CHIP0182_001/filtered_feature_bc_matrix,CCGGACAGTACCCGCA-1,SA535X7XB03304_CCGGACAGTACCCGCA-1,SA535X7XB03304,A_E_J
.cache/SCRNA10X_SA_CHIP0182_001/filtered_feature_bc_matrix,CCGGTAGTCTAAGGAA-1,SA535X7XB03304_CCGGTAGTCTAAGGAA-1,SA535X7XB03304,A_E_J
.cache/SCRNA10X_SA_CHIP0182_001/filtered_feature_bc_matrix,CCGGTGAAGAAAGTCT-1,SA535X7XB03304_CCGGTGAAGAAAGTCT-1,SA535X7XB03304,A_E_J
.cache/SCRNA10X_SA_CHIP0182_001/filtered_feature_bc_matrix,CCGTAGGTCTCTTAAC-1,SA535X7XB03304_CCGTAGGTCTCTTAAC-1,SA535X7XB03304,A_E_J
.cache/SCRNA10X_SA_CHIP0182_001/filtered_feature_bc_matrix,CCGTGAGGTTATGTCG-1,SA535X7XB03304_CCGTGAGGTTATGTCG-1,SA535X7XB03304,A_E_J
.cache/SCRNA10X_SA_CHIP0182_001/filtered_feature_bc_matrix,CCGTTCACAGCGTTGC-1,SA535X7XB03304_CCGTTCACAGCGTTGC-1,SA535X7XB03304,A_E_J
.cache/SCRNA10X_SA_CHIP0182_001/filtered_feature_bc_matrix,CCGTTCATCGATCCCT-1,SA535X7XB03304_CCGTTCATCGATCCCT-1,SA535X7XB03304,A_E_J
.cache/SCRNA10X_SA_CHIP0182_001/filtered_feature_bc_matrix,CCGTTCATCGCCTTTG-1,SA535X7XB03304_CCGTTCATCGCCTTTG-1,SA535X7XB03304,A_E_J
.cache/SCRNA10X_SA_CHIP0182_001/filtered_feature_bc_matrix,CCTACGTAGCATCCTA-1,SA535X7XB03304_CCTACGTAGCATCCTA-1,SA535X7XB03304,A_E_J
.cache/SCRNA10X_SA_CHIP0182_001/filtered_feature_bc_matrix,CCTATCGAGCATCGAG-1,SA535X7XB03304_CCTATCGAGCATCGAG-1,SA535X7XB03304,A_E_J
.cache/SCRNA10X_SA_CHIP0182_001/filtered_feature_bc_matrix,CCTCACAAGTTCACTG-1,SA535X7XB03304_CCTCACAAGTTCACTG-1,SA535X7XB03304,A_E_J
.cache/SCRNA10X_SA_CHIP0182_001/filtered_feature_bc_matrix,CCTCACATCTACCTTA-1,SA535X7XB03304_CCTCACATCTACCTTA-1,SA535X7XB03304,A_E_J
.cache/SCRNA10X_SA_CHIP0182_001/filtered_feature_bc_matrix,CCTCAGTGTCCAGCCA-1,SA535X7XB03304_CCTCAGTGTCCAGCCA-1,SA535X7XB03304,A_E_J
.cache/SCRNA10X_SA_CHIP0182_001/filtered_feature_bc_matrix,CCTCAGTTCAAGTGTC-1,SA535X7XB03304_CCTCAGTTCAAGTGTC-1,SA535X7XB03304,A_E_J
.cache/SCRNA10X_SA_CHIP0182_001/filtered_feature_bc_matrix,CCTCCAACAGAGTCAG-1,SA535X7XB03304_CCTCCAACAGAGTCAG-1,SA535X7XB03304,A_E_J
.cache/SCRNA10X_SA_CHIP0182_001/filtered_feature_bc_matrix,CCTCCTCTCAGCAATC-1,SA535X7XB03304_CCTCCTCTCAGCAATC-1,SA535X7XB03304,A_E_J
.cache/SCRNA10X_SA_CHIP0182_001/filtered_feature_bc_matrix,CCTCTAGCAGCCATTA-1,SA535X7XB03304_CCTCTAGCAGCCATTA-1,SA535X7XB03304,A_E_J
.cache/SCRNA10X_SA_CHIP0182_001/filtered_feature_bc_matrix,CCTCTCCCACACTTAG-1,SA535X7XB03304_CCTCTCCCACACTTAG-1,SA535X7XB03304,A_E_J
.cache/SCRNA10X_SA_CHIP0182_001/filtered_feature_bc_matrix,CCTCTCCGTTGAGTCT-1,SA535X7XB03304_CCTCTCCGTTGAGTCT-1,SA535X7XB03304,A_E_J
.cache/SCRNA10X_SA_CHIP0182_001/filtered_feature_bc_matrix,CCTTGTGGTTCCAAAC-1,SA535X7XB03304_CCTTGTGGTTCCAAAC-1,SA535X7XB03304,A_E_J
.cache/SCRNA10X_SA_CHIP0182_001/filtered_feature_bc_matrix,CGAGTGCCACAAACGG-1,SA535X7XB03304_CGAGTGCCACAAACGG-1,SA535X7XB03304,A_E_J
.cache/SCRNA10X_SA_CHIP0182_001/filtered_feature_bc_matrix,CGATGGCAGCGGACAT-1,SA535X7XB03304_CGATGGCAGCGGACAT-1,SA535X7XB03304,A_E_J
.cache/SCRNA10X_SA_CHIP0182_001/filtered_feature_bc_matrix,CGATGGCAGTCTGTAC-1,SA535X7XB03304_CGATGGCAGTCTGTAC-1,SA535X7XB03304,A_E_J
.cache/SCRNA10X_SA_CHIP0182_001/filtered_feature_bc_matrix,CGCAGGTCACGGTGAA-1,SA535X7XB03304_CGCAGGTCACGGTGAA-1,SA535X7XB03304,A_E_J
.cache/SCRNA10X_SA_CHIP0182_001/filtered_feature_bc_matrix,CGCAGGTGTGACTATC-1,SA535X7XB03304_CGCAGGTGTGACTATC-1,SA535X7XB03304,A_E_J
.cache/SCRNA10X_SA_CHIP0182_001/filtered_feature_bc_matrix,CGCATAAGTTTAAGGA-1,SA535X7XB03304_CGCATAAGTTTAAGGA-1,SA535X7XB03304,A_E_J
.cache/SCRNA10X_SA_CHIP0182_001/filtered_feature_bc_matrix,CGCGTGAAGATAGGGA-1,SA535X7XB03304_CGCGTGAAGATAGGGA-1,SA535X7XB03304,A_E_J
.cache/SCRNA10X_SA_CHIP0182_001/filtered_feature_bc_matrix,CGGAGAATCTGACCCT-1,SA535X7XB03304_CGGAGAATCTGACCCT-1,SA535X7XB03304,A_E_J
.cache/SCRNA10X_SA_CHIP0182_001/filtered_feature_bc_matrix,CGGGTCAAGAGTATAC-1,SA535X7XB03304_CGGGTCAAGAGTATAC-1,SA535X7XB03304,A_E_J
.cache/SCRNA10X_SA_CHIP0182_001/filtered_feature_bc_matrix,CGGTCAGAGGACGCAT-1,SA535X7XB03304_CGGTCAGAGGACGCAT-1,SA535X7XB03304,A_E_J
.cache/SCRNA10X_SA_CHIP0182_001/filtered_feature_bc_matrix,CGTAATGAGGTATCTC-1,SA535X7XB03304_CGTAATGAGGTATCTC-1,SA535X7XB03304,A_E_J
.cache/SCRNA10X_SA_CHIP0182_001/filtered_feature_bc_matrix,CGTAGTATCATAGGCT-1,SA535X7XB03304_CGTAGTATCATAGGCT-1,SA535X7XB03304,A_E_J
.cache/SCRNA10X_SA_CHIP0182_001/filtered_feature_bc_matrix,CGTCAAAAGCGTCTCG-1,SA535X7XB03304_CGTCAAAAGCGTCTCG-1,SA535X7XB03304,A_E_J
.cache/SCRNA10X_SA_CHIP0182_001/filtered_feature_bc_matrix,CGTGATAGTCTGTGGC-1,SA535X7XB03304_CGTGATAGTCTGTGGC-1,SA535X7XB03304,A_E_J
.cache/SCRNA10X_SA_CHIP0182_001/filtered_feature_bc_matrix,CGTGTCTGTTGAGAGC-1,SA535X7XB03304_CGTGTCTGTTGAGAGC-1,SA535X7XB03304,A_E_J
.cache/SCRNA10X_SA_CHIP0182_001/filtered_feature_bc_matrix,CGTTAGAGTTCTATCT-1,SA535X7XB03304_CGTTAGAGTTCTATCT-1,SA535X7XB03304,A_E_J
.cache/SCRNA10X_SA_CHIP0182_001/filtered_feature_bc_matrix,CGTTCTGTCTCCCAAC-1,SA535X7XB03304_CGTTCTGTCTCCCAAC-1,SA535X7XB03304,A_E_J
.cache/SCRNA10X_SA_CHIP0182_001/filtered_feature_bc_matrix,CTAACCCGTAGCGCCT-1,SA535X7XB03304_CTAACCCGTAGCGCCT-1,SA535X7XB03304,A_E_J
.cache/SCRNA10X_SA_CHIP0182_001/filtered_feature_bc_matrix,CTAAGTGCACTACTTT-1,SA535X7XB03304_CTAAGTGCACTACTTT-1,SA535X7XB03304,A_E_J
.cache/SCRNA10X_SA_CHIP0182_001/filtered_feature_bc_matrix,CTAAGTGCATCCGTTC-1,SA535X7XB03304_CTAAGTGCATCCGTTC-1,SA535X7XB03304,A_E_J
.cache/SCRNA10X_SA_CHIP0182_001/filtered_feature_bc_matrix,CTACAGACATCACAGT-1,SA535X7XB03304_CTACAGACATCACAGT-1,SA535X7XB03304,A_E_J
.cache/SCRNA10X_SA_CHIP0182_001/filtered_feature_bc_matrix,CTACAGAGTCACTTAG-1,SA535X7XB03304_CTACAGAGTCACTTAG-1,SA535X7XB03304,A_E_J
.cache/SCRNA10X_SA_CHIP0182_001/filtered_feature_bc_matrix,CTACATTCACTGTCCT-1,SA535X7XB03304_CTACATTCACTGTCCT-1,SA535X7XB03304,A_E_J
.cache/SCRNA10X_SA_CHIP0182_001/filtered_feature_bc_matrix,CTACCTGCAGAGTTGG-1,SA535X7XB03304_CTACCTGCAGAGTTGG-1,SA535X7XB03304,A_E_J
.cache/SCRNA10X_SA_CHIP0182_001/filtered_feature_bc_matrix,CTACTATCACACCTGG-1,SA535X7XB03304_CTACTATCACACCTGG-1,SA535X7XB03304,A_E_J
.cache/SCRNA10X_SA_CHIP0182_001/filtered_feature_bc_matrix,CTAGACAGTATCAAGA-1,SA535X7XB03304_CTAGACAGTATCAAGA-1,SA535X7XB03304,A_E_J
.cache/SCRNA10X_SA_CHIP0182_001/filtered_feature_bc_matrix,CTAGGTACAATGAGCG-1,SA535X7XB03304_CTAGGTACAATGAGCG-1,SA535X7XB03304,A_E_J
.cache/SCRNA10X_SA_CHIP0182_001/filtered_feature_bc_matrix,CTATAGGCAAGAATGT-1,SA535X7XB03304_CTATAGGCAAGAATGT-1,SA535X7XB03304,A_E_J
.cache/SCRNA10X_SA_CHIP0182_001/filtered_feature_bc_matrix,CTATAGGGTCTCTCTG-1,SA535X7XB03304_CTATAGGGTCTCTCTG-1,SA535X7XB03304,A_E_J
.cache/SCRNA10X_SA_CHIP0182_001/filtered_feature_bc_matrix,CTCAACCAGCTAGCCC-1,SA535X7XB03304_CTCAACCAGCTAGCCC-1,SA535X7XB03304,A_E_J
.cache/SCRNA10X_SA_CHIP0182_001/filtered_feature_bc_matrix,CTCAAGATCACACCGG-1,SA535X7XB03304_CTCAAGATCACACCGG-1,SA535X7XB03304,A_E_J
.cache/SCRNA10X_SA_CHIP0182_001/filtered_feature_bc_matrix,CTCACTGCACACACTA-1,SA535X7XB03304_CTCACTGCACACACTA-1,SA535X7XB03304,A_E_J
.cache/SCRNA10X_SA_CHIP0182_001/filtered_feature_bc_matrix,CTCAGAACACCTATCC-1,SA535X7XB03304_CTCAGAACACCTATCC-1,SA535X7XB03304,A_E_J
.cache/SCRNA10X_SA_CHIP0182_001/filtered_feature_bc_matrix,CTCAGAAGTCACCGCA-1,SA535X7XB03304_CTCAGAAGTCACCGCA-1,SA535X7XB03304,A_E_J
.cache/SCRNA10X_SA_CHIP0182_001/filtered_feature_bc_matrix,CTCAGAATCTTACACT-1,SA535X7XB03304_CTCAGAATCTTACACT-1,SA535X7XB03304,A_E_J
.cache/SCRNA10X_SA_CHIP0182_001/filtered_feature_bc_matrix,CTCAGGGGTCAGGTGA-1,SA535X7XB03304_CTCAGGGGTCAGGTGA-1,SA535X7XB03304,A_E_J
.cache/SCRNA10X_SA_CHIP0182_001/filtered_feature_bc_matrix,CTCAGTCCACAGACGA-1,SA535X7XB03304_CTCAGTCCACAGACGA-1,SA535X7XB03304,A_E_J
.cache/SCRNA10X_SA_CHIP0182_001/filtered_feature_bc_matrix,CTCATCGAGACCAACG-1,SA535X7XB03304_CTCATCGAGACCAACG-1,SA535X7XB03304,A_E_J
.cache/SCRNA10X_SA_CHIP0182_001/filtered_feature_bc_matrix,CTCATGCCATCAGCTA-1,SA535X7XB03304_CTCATGCCATCAGCTA-1,SA535X7XB03304,A_E_J
.cache/SCRNA10X_SA_CHIP0182_001/filtered_feature_bc_matrix,CTCATTAGTACCTATG-1,SA535X7XB03304_CTCATTAGTACCTATG-1,SA535X7XB03304,A_E_J
.cache/SCRNA10X_SA_CHIP0182_001/filtered_feature_bc_matrix,CTCCATGAGGTAAACT-1,SA535X7XB03304_CTCCATGAGGTAAACT-1,SA535X7XB03304,A_E_J
.cache/SCRNA10X_SA_CHIP0182_001/filtered_feature_bc_matrix,CTCCATGCAGACACCC-1,SA535X7XB03304_CTCCATGCAGACACCC-1,SA535X7XB03304,A_E_J
.cache/SCRNA10X_SA_CHIP0182_001/filtered_feature_bc_matrix,CTCCGATTCAGGTGTT-1,SA535X7XB03304_CTCCGATTCAGGTGTT-1,SA535X7XB03304,A_E_J
.cache/SCRNA10X_SA_CHIP0182_001/filtered_feature_bc_matrix,CTCCTCCTCAGCATTG-1,SA535X7XB03304_CTCCTCCTCAGCATTG-1,SA535X7XB03304,A_E_J
.cache/SCRNA10X_SA_CHIP0182_001/filtered_feature_bc_matrix,CTCTCAGAGGGCAATC-1,SA535X7XB03304_CTCTCAGAGGGCAATC-1,SA535X7XB03304,A_E_J
.cache/SCRNA10X_SA_CHIP0182_001/filtered_feature_bc_matrix,CTCTCAGCACTCTGCT-1,SA535X7XB03304_CTCTCAGCACTCTGCT-1,SA535X7XB03304,A_E_J
.cache/SCRNA10X_SA_CHIP0182_001/filtered_feature_bc_matrix,CTCTGGTCAACAAGTA-1,SA535X7XB03304_CTCTGGTCAACAAGTA-1,SA535X7XB03304,A_E_J
.cache/SCRNA10X_SA_CHIP0182_001/filtered_feature_bc_matrix,CTGAGGCGTAAGTTGA-1,SA535X7XB03304_CTGAGGCGTAAGTTGA-1,SA535X7XB03304,A_E_J
.cache/SCRNA10X_SA_CHIP0182_001/filtered_feature_bc_matrix,CTGATCCAGTCTGCGC-1,SA535X7XB03304_CTGATCCAGTCTGCGC-1,SA535X7XB03304,A_E_J
.cache/SCRNA10X_SA_CHIP0182_001/filtered_feature_bc_matrix,CTGCAGGGTGGCTGAA-1,SA535X7XB03304_CTGCAGGGTGGCTGAA-1,SA535X7XB03304,A_E_J
.cache/SCRNA10X_SA_CHIP0182_001/filtered_feature_bc_matrix,CTGCATCGTCATAGTC-1,SA535X7XB03304_CTGCATCGTCATAGTC-1,SA535X7XB03304,A_E_J
.cache/SCRNA10X_SA_CHIP0182_001/filtered_feature_bc_matrix,CTGCATCTCCGAACGC-1,SA535X7XB03304_CTGCATCTCCGAACGC-1,SA535X7XB03304,A_E_J
.cache/SCRNA10X_SA_CHIP0182_001/filtered_feature_bc_matrix,CTGCCATTCTCGGTCT-1,SA535X7XB03304_CTGCCATTCTCGGTCT-1,SA535X7XB03304,A_E_J
.cache/SCRNA10X_SA_CHIP0182_001/filtered_feature_bc_matrix,CTGCCATTCTTCTCAA-1,SA535X7XB03304_CTGCCATTCTTCTCAA-1,SA535X7XB03304,A_E_J
.cache/SCRNA10X_SA_CHIP0182_001/filtered_feature_bc_matrix,CTGCTCACAAATGGCG-1,SA535X7XB03304_CTGCTCACAAATGGCG-1,SA535X7XB03304,A_E_J
.cache/SCRNA10X_SA_CHIP0182_001/filtered_feature_bc_matrix,CTGGACGCAATTGCCA-1,SA535X7XB03304_CTGGACGCAATTGCCA-1,SA535X7XB03304,A_E_J
.cache/SCRNA10X_SA_CHIP0182_001/filtered_feature_bc_matrix,CTGGCAGAGACGCATG-1,SA535X7XB03304_CTGGCAGAGACGCATG-1,SA535X7XB03304,A_E_J
.cache/SCRNA10X_SA_CHIP0182_001/filtered_feature_bc_matrix,CTGTATTCATTCTCTA-1,SA535X7XB03304_CTGTATTCATTCTCTA-1,SA535X7XB03304,A_E_J
.cache/SCRNA10X_SA_CHIP0182_001/filtered_feature_bc_matrix,CTGTGAAAGACGGATC-1,SA535X7XB03304_CTGTGAAAGACGGATC-1,SA535X7XB03304,A_E_J
.cache/SCRNA10X_SA_CHIP0182_001/filtered_feature_bc_matrix,CTGTGAAAGGTACTGG-1,SA535X7XB03304_CTGTGAAAGGTACTGG-1,SA535X7XB03304,A_E_J
.cache/SCRNA10X_SA_CHIP0182_001/filtered_feature_bc_matrix,CTGTGAACAGGTGGAT-1,SA535X7XB03304_CTGTGAACAGGTGGAT-1,SA535X7XB03304,A_E_J
.cache/SCRNA10X_SA_CHIP0182_001/filtered_feature_bc_matrix,CTGTGAATCTCTAGGA-1,SA535X7XB03304_CTGTGAATCTCTAGGA-1,SA535X7XB03304,A_E_J
.cache/SCRNA10X_SA_CHIP0182_001/filtered_feature_bc_matrix,CTTACCGGTTATGTGC-1,SA535X7XB03304_CTTACCGGTTATGTGC-1,SA535X7XB03304,A_E_J
.cache/SCRNA10X_SA_CHIP0182_001/filtered_feature_bc_matrix,CTTCAATCACGTACAT-1,SA535X7XB03304_CTTCAATCACGTACAT-1,SA535X7XB03304,A_E_J
.cache/SCRNA10X_SA_CHIP0182_001/filtered_feature_bc_matrix,CTTCCGAAGGTCATTC-1,SA535X7XB03304_CTTCCGAAGGTCATTC-1,SA535X7XB03304,A_E_J
.cache/SCRNA10X_SA_CHIP0182_001/filtered_feature_bc_matrix,CTTCGGTCATAGATGA-1,SA535X7XB03304_CTTCGGTCATAGATGA-1,SA535X7XB03304,A_E_J
.cache/SCRNA10X_SA_CHIP0182_001/filtered_feature_bc_matrix,CTTGAGACACTATGTG-1,SA535X7XB03304_CTTGAGACACTATGTG-1,SA535X7XB03304,A_E_J
.cache/SCRNA10X_SA_CHIP0182_001/filtered_feature_bc_matrix,GAACTGTCAGACCAGA-1,SA535X7XB03304_GAACTGTCAGACCAGA-1,SA535X7XB03304,A_E_J
.cache/SCRNA10X_SA_CHIP0182_001/filtered_feature_bc_matrix,GAACTGTGTGGTCTTA-1,SA535X7XB03304_GAACTGTGTGGTCTTA-1,SA535X7XB03304,A_E_J
.cache/SCRNA10X_SA_CHIP0182_001/filtered_feature_bc_matrix,GAAGCCCGTATCGTAC-1,SA535X7XB03304_GAAGCCCGTATCGTAC-1,SA535X7XB03304,A_E_J
.cache/SCRNA10X_SA_CHIP0182_001/filtered_feature_bc_matrix,GAAGCGACATTCTCTA-1,SA535X7XB03304_GAAGCGACATTCTCTA-1,SA535X7XB03304,A_E_J
.cache/SCRNA10X_SA_CHIP0182_001/filtered_feature_bc_matrix,GAAGCGATCCAGTGTA-1,SA535X7XB03304_GAAGCGATCCAGTGTA-1,SA535X7XB03304,A_E_J
.cache/SCRNA10X_SA_CHIP0182_001/filtered_feature_bc_matrix,GAAGGGTTCGATGCTA-1,SA535X7XB03304_GAAGGGTTCGATGCTA-1,SA535X7XB03304,A_E_J
.cache/SCRNA10X_SA_CHIP0182_001/filtered_feature_bc_matrix,GAATCACCAAGTGGTG-1,SA535X7XB03304_GAATCACCAAGTGGTG-1,SA535X7XB03304,A_E_J
.cache/SCRNA10X_SA_CHIP0182_001/filtered_feature_bc_matrix,GAATCGTAGATGTAGT-1,SA535X7XB03304_GAATCGTAGATGTAGT-1,SA535X7XB03304,A_E_J
.cache/SCRNA10X_SA_CHIP0182_001/filtered_feature_bc_matrix,GACACGCTCAGCCCAG-1,SA535X7XB03304_GACACGCTCAGCCCAG-1,SA535X7XB03304,A_E_J
.cache/SCRNA10X_SA_CHIP0182_001/filtered_feature_bc_matrix,GACATCAGTTTGAACC-1,SA535X7XB03304_GACATCAGTTTGAACC-1,SA535X7XB03304,A_E_J
.cache/SCRNA10X_SA_CHIP0182_001/filtered_feature_bc_matrix,GACCCAGGTAGCTTAC-1,SA535X7XB03304_GACCCAGGTAGCTTAC-1,SA535X7XB03304,A_E_J
.cache/SCRNA10X_SA_CHIP0182_001/filtered_feature_bc_matrix,GACCCTTCAAGTGGTG-1,SA535X7XB03304_GACCCTTCAAGTGGTG-1,SA535X7XB03304,A_E_J
.cache/SCRNA10X_SA_CHIP0182_001/filtered_feature_bc_matrix,GACCGTGCAGGAAGTC-1,SA535X7XB03304_GACCGTGCAGGAAGTC-1,SA535X7XB03304,A_E_J
.cache/SCRNA10X_SA_CHIP0182_001/filtered_feature_bc_matrix,GACCTTCTCTCGCCTA-1,SA535X7XB03304_GACCTTCTCTCGCCTA-1,SA535X7XB03304,A_E_J
.cache/SCRNA10X_SA_CHIP0182_001/filtered_feature_bc_matrix,GACTTCCTCCCGAAAT-1,SA535X7XB03304_GACTTCCTCCCGAAAT-1,SA535X7XB03304,A_E_J
.cache/SCRNA10X_SA_CHIP0182_001/filtered_feature_bc_matrix,GAGACCCAGAAGGGAT-1,SA535X7XB03304_GAGACCCAGAAGGGAT-1,SA535X7XB03304,A_E_J
.cache/SCRNA10X_SA_CHIP0182_001/filtered_feature_bc_matrix,GAGACCCGTTATGTGC-1,SA535X7XB03304_GAGACCCGTTATGTGC-1,SA535X7XB03304,A_E_J
.cache/SCRNA10X_SA_CHIP0182_001/filtered_feature_bc_matrix,GAGACTTAGCATTGAA-1,SA535X7XB03304_GAGACTTAGCATTGAA-1,SA535X7XB03304,A_E_J
.cache/SCRNA10X_SA_CHIP0182_001/filtered_feature_bc_matrix,GAGACTTTCTGGAGAG-1,SA535X7XB03304_GAGACTTTCTGGAGAG-1,SA535X7XB03304,A_E_J
.cache/SCRNA10X_SA_CHIP0182_001/filtered_feature_bc_matrix,GAGCTGCAGGTGTGAC-1,SA535X7XB03304_GAGCTGCAGGTGTGAC-1,SA535X7XB03304,A_E_J
.cache/SCRNA10X_SA_CHIP0182_001/filtered_feature_bc_matrix,GAGCTGCCAAGTGGCA-1,SA535X7XB03304_GAGCTGCCAAGTGGCA-1,SA535X7XB03304,A_E_J
.cache/SCRNA10X_SA_CHIP0182_001/filtered_feature_bc_matrix,GAGGCAAGTTGGTAGG-1,SA535X7XB03304_GAGGCAAGTTGGTAGG-1,SA535X7XB03304,A_E_J
.cache/SCRNA10X_SA_CHIP0182_001/filtered_feature_bc_matrix,GAGGCCTGTTGCCTAA-1,SA535X7XB03304_GAGGCCTGTTGCCTAA-1,SA535X7XB03304,A_E_J
.cache/SCRNA10X_SA_CHIP0182_001/filtered_feature_bc_matrix,GAGGGTACAGCGCTTG-1,SA535X7XB03304_GAGGGTACAGCGCTTG-1,SA535X7XB03304,A_E_J
.cache/SCRNA10X_SA_CHIP0182_001/filtered_feature_bc_matrix,GAGTCATAGTTTGCTG-1,SA535X7XB03304_GAGTCATAGTTTGCTG-1,SA535X7XB03304,A_E_J
.cache/SCRNA10X_SA_CHIP0182_001/filtered_feature_bc_matrix,GAGTCTAAGCAAGTGC-1,SA535X7XB03304_GAGTCTAAGCAAGTGC-1,SA535X7XB03304,A_E_J
.cache/SCRNA10X_SA_CHIP0182_001/filtered_feature_bc_matrix,GATAGAAAGGCTTCCG-1,SA535X7XB03304_GATAGAAAGGCTTCCG-1,SA535X7XB03304,A_E_J
.cache/SCRNA10X_SA_CHIP0182_001/filtered_feature_bc_matrix,GATAGAAAGTCAATCC-1,SA535X7XB03304_GATAGAAAGTCAATCC-1,SA535X7XB03304,A_E_J
.cache/SCRNA10X_SA_CHIP0182_001/filtered_feature_bc_matrix,GATAGAACACTCCTTG-1,SA535X7XB03304_GATAGAACACTCCTTG-1,SA535X7XB03304,A_E_J
.cache/SCRNA10X_SA_CHIP0182_001/filtered_feature_bc_matrix,GATCACACACCTTCCA-1,SA535X7XB03304_GATCACACACCTTCCA-1,SA535X7XB03304,A_E_J
.cache/SCRNA10X_SA_CHIP0182_001/filtered_feature_bc_matrix,GATCCCTCACCTGATA-1,SA535X7XB03304_GATCCCTCACCTGATA-1,SA535X7XB03304,A_E_J
.cache/SCRNA10X_SA_CHIP0182_001/filtered_feature_bc_matrix,GATGCTACAGGTCCGT-1,SA535X7XB03304_GATGCTACAGGTCCGT-1,SA535X7XB03304,A_E_J
.cache/SCRNA10X_SA_CHIP0182_001/filtered_feature_bc_matrix,GATGCTACATGAATAG-1,SA535X7XB03304_GATGCTACATGAATAG-1,SA535X7XB03304,A_E_J
.cache/SCRNA10X_SA_CHIP0182_001/filtered_feature_bc_matrix,GATGCTATCAGCCTCT-1,SA535X7XB03304_GATGCTATCAGCCTCT-1,SA535X7XB03304,A_E_J
.cache/SCRNA10X_SA_CHIP0182_001/filtered_feature_bc_matrix,GATTCTTAGAGAGTTT-1,SA535X7XB03304_GATTCTTAGAGAGTTT-1,SA535X7XB03304,A_E_J
.cache/SCRNA10X_SA_CHIP0182_001/filtered_feature_bc_matrix,GATTGGTTCTTACGGA-1,SA535X7XB03304_GATTGGTTCTTACGGA-1,SA535X7XB03304,A_E_J
.cache/SCRNA10X_SA_CHIP0182_001/filtered_feature_bc_matrix,GCACATAAGGCGTCCT-1,SA535X7XB03304_GCACATAAGGCGTCCT-1,SA535X7XB03304,A_E_J
.cache/SCRNA10X_SA_CHIP0182_001/filtered_feature_bc_matrix,GCACATATCACCACAA-1,SA535X7XB03304_GCACATATCACCACAA-1,SA535X7XB03304,A_E_J
.cache/SCRNA10X_SA_CHIP0182_001/filtered_feature_bc_matrix,GCACGGTCACCCTATC-1,SA535X7XB03304_GCACGGTCACCCTATC-1,SA535X7XB03304,A_E_J
.cache/SCRNA10X_SA_CHIP0182_001/filtered_feature_bc_matrix,GCACGTGGTATCAGGG-1,SA535X7XB03304_GCACGTGGTATCAGGG-1,SA535X7XB03304,A_E_J
.cache/SCRNA10X_SA_CHIP0182_001/filtered_feature_bc_matrix,GCAGCCACACAGCGCT-1,SA535X7XB03304_GCAGCCACACAGCGCT-1,SA535X7XB03304,A_E_J
.cache/SCRNA10X_SA_CHIP0182_001/filtered_feature_bc_matrix,GCAGCCAGTACCGTCG-1,SA535X7XB03304_GCAGCCAGTACCGTCG-1,SA535X7XB03304,A_E_J
.cache/SCRNA10X_SA_CHIP0182_001/filtered_feature_bc_matrix,GCAGTTATCAGGTAAA-1,SA535X7XB03304_GCAGTTATCAGGTAAA-1,SA535X7XB03304,A_E_J
.cache/SCRNA10X_SA_CHIP0182_001/filtered_feature_bc_matrix,GCATGATAGTAACGTA-1,SA535X7XB03304_GCATGATAGTAACGTA-1,SA535X7XB03304,A_E_J
.cache/SCRNA10X_SA_CHIP0182_001/filtered_feature_bc_matrix,GCATGATTCCTACGGG-1,SA535X7XB03304_GCATGATTCCTACGGG-1,SA535X7XB03304,A_E_J
.cache/SCRNA10X_SA_CHIP0182_001/filtered_feature_bc_matrix,GCCAACGCAGCAGATG-1,SA535X7XB03304_GCCAACGCAGCAGATG-1,SA535X7XB03304,A_E_J
.cache/SCRNA10X_SA_CHIP0182_001/filtered_feature_bc_matrix,GCCAGGTTCTACTTCA-1,SA535X7XB03304_GCCAGGTTCTACTTCA-1,SA535X7XB03304,A_E_J
.cache/SCRNA10X_SA_CHIP0182_001/filtered_feature_bc_matrix,GCCAGTGAGTTTCAGC-1,SA535X7XB03304_GCCAGTGAGTTTCAGC-1,SA535X7XB03304,A_E_J
.cache/SCRNA10X_SA_CHIP0182_001/filtered_feature_bc_matrix,GCCAGTGTCCGCGGAT-1,SA535X7XB03304_GCCAGTGTCCGCGGAT-1,SA535X7XB03304,A_E_J
.cache/SCRNA10X_SA_CHIP0182_001/filtered_feature_bc_matrix,GCCATGGTCAACTGGT-1,SA535X7XB03304_GCCATGGTCAACTGGT-1,SA535X7XB03304,A_E_J
.cache/SCRNA10X_SA_CHIP0182_001/filtered_feature_bc_matrix,GCCATGGTCATTTGTC-1,SA535X7XB03304_GCCATGGTCATTTGTC-1,SA535X7XB03304,A_E_J
.cache/SCRNA10X_SA_CHIP0182_001/filtered_feature_bc_matrix,GCCATTCGTTCTGAGT-1,SA535X7XB03304_GCCATTCGTTCTGAGT-1,SA535X7XB03304,A_E_J
.cache/SCRNA10X_SA_CHIP0182_001/filtered_feature_bc_matrix,GCCCAGAAGGCCCGTT-1,SA535X7XB03304_GCCCAGAAGGCCCGTT-1,SA535X7XB03304,A_E_J
.cache/SCRNA10X_SA_CHIP0182_001/filtered_feature_bc_matrix,GCCCAGAGTACAGAAT-1,SA535X7XB03304_GCCCAGAGTACAGAAT-1,SA535X7XB03304,A_E_J
.cache/SCRNA10X_SA_CHIP0182_001/filtered_feature_bc_matrix,GCCGATGGTAGTCTGT-1,SA535X7XB03304_GCCGATGGTAGTCTGT-1,SA535X7XB03304,A_E_J
.cache/SCRNA10X_SA_CHIP0182_001/filtered_feature_bc_matrix,GCTACCTAGCTCTGTA-1,SA535X7XB03304_GCTACCTAGCTCTGTA-1,SA535X7XB03304,A_E_J
.cache/SCRNA10X_SA_CHIP0182_001/filtered_feature_bc_matrix,GCTACCTCATAACTCG-1,SA535X7XB03304_GCTACCTCATAACTCG-1,SA535X7XB03304,A_E_J
.cache/SCRNA10X_SA_CHIP0182_001/filtered_feature_bc_matrix,GCTACCTTCGTGGACC-1,SA535X7XB03304_GCTACCTTCGTGGACC-1,SA535X7XB03304,A_E_J
.cache/SCRNA10X_SA_CHIP0182_001/filtered_feature_bc_matrix,GCTCAAACAATCGCAT-1,SA535X7XB03304_GCTCAAACAATCGCAT-1,SA535X7XB03304,A_E_J
.cache/SCRNA10X_SA_CHIP0182_001/filtered_feature_bc_matrix,GCTGAATTCAGCAGAG-1,SA535X7XB03304_GCTGAATTCAGCAGAG-1,SA535X7XB03304,A_E_J
.cache/SCRNA10X_SA_CHIP0182_001/filtered_feature_bc_matrix,GCTGGGTCACAAAGCG-1,SA535X7XB03304_GCTGGGTCACAAAGCG-1,SA535X7XB03304,A_E_J
.cache/SCRNA10X_SA_CHIP0182_001/filtered_feature_bc_matrix,GCTGGGTCATCCAACA-1,SA535X7XB03304_GCTGGGTCATCCAACA-1,SA535X7XB03304,A_E_J
.cache/SCRNA10X_SA_CHIP0182_001/filtered_feature_bc_matrix,GCTTGGGTCTCAGGCG-1,SA535X7XB03304_GCTTGGGTCTCAGGCG-1,SA535X7XB03304,A_E_J
.cache/SCRNA10X_SA_CHIP0182_001/filtered_feature_bc_matrix,GGAGAACGTTAGCTAC-1,SA535X7XB03304_GGAGAACGTTAGCTAC-1,SA535X7XB03304,A_E_J
.cache/SCRNA10X_SA_CHIP0182_001/filtered_feature_bc_matrix,GGAGGATAGATAGTCA-1,SA535X7XB03304_GGAGGATAGATAGTCA-1,SA535X7XB03304,A_E_J
.cache/SCRNA10X_SA_CHIP0182_001/filtered_feature_bc_matrix,GGATGTTCACTTGTGA-1,SA535X7XB03304_GGATGTTCACTTGTGA-1,SA535X7XB03304,A_E_J
.cache/SCRNA10X_SA_CHIP0182_001/filtered_feature_bc_matrix,GGATGTTTCGCTACGG-1,SA535X7XB03304_GGATGTTTCGCTACGG-1,SA535X7XB03304,A_E_J
.cache/SCRNA10X_SA_CHIP0182_001/filtered_feature_bc_matrix,GGCTGTGTCAGCCTTC-1,SA535X7XB03304_GGCTGTGTCAGCCTTC-1,SA535X7XB03304,A_E_J
.cache/SCRNA10X_SA_CHIP0182_001/filtered_feature_bc_matrix,GGGAAGTTCGAACGGA-1,SA535X7XB03304_GGGAAGTTCGAACGGA-1,SA535X7XB03304,A_E_J
.cache/SCRNA10X_SA_CHIP0182_001/filtered_feature_bc_matrix,GGGACAATCTACGGTA-1,SA535X7XB03304_GGGACAATCTACGGTA-1,SA535X7XB03304,A_E_J
.cache/SCRNA10X_SA_CHIP0182_001/filtered_feature_bc_matrix,GGGACCTTCGAGCACC-1,SA535X7XB03304_GGGACCTTCGAGCACC-1,SA535X7XB03304,A_E_J
.cache/SCRNA10X_SA_CHIP0182_001/filtered_feature_bc_matrix,GGGAGATTCATACGGT-1,SA535X7XB03304_GGGAGATTCATACGGT-1,SA535X7XB03304,A_E_J
.cache/SCRNA10X_SA_CHIP0182_001/filtered_feature_bc_matrix,GGGAGTAGTATAATGG-1,SA535X7XB03304_GGGAGTAGTATAATGG-1,SA535X7XB03304,A_E_J
.cache/SCRNA10X_SA_CHIP0182_001/filtered_feature_bc_matrix,GGGATCCCAAACGAGC-1,SA535X7XB03304_GGGATCCCAAACGAGC-1,SA535X7XB03304,A_E_J
.cache/SCRNA10X_SA_CHIP0182_001/filtered_feature_bc_matrix,GGGATCCCACCCTTGT-1,SA535X7XB03304_GGGATCCCACCCTTGT-1,SA535X7XB03304,A_E_J
.cache/SCRNA10X_SA_CHIP0182_001/filtered_feature_bc_matrix,GGGATCCTCCTATTGT-1,SA535X7XB03304_GGGATCCTCCTATTGT-1,SA535X7XB03304,A_E_J
.cache/SCRNA10X_SA_CHIP0182_001/filtered_feature_bc_matrix,GGGATGAGTCTCGACG-1,SA535X7XB03304_GGGATGAGTCTCGACG-1,SA535X7XB03304,A_E_J
.cache/SCRNA10X_SA_CHIP0182_001/filtered_feature_bc_matrix,GGGCGTTTCGATTTCT-1,SA535X7XB03304_GGGCGTTTCGATTTCT-1,SA535X7XB03304,A_E_J
.cache/SCRNA10X_SA_CHIP0182_001/filtered_feature_bc_matrix,GGGCTACCACCAGACC-1,SA535X7XB03304_GGGCTACCACCAGACC-1,SA535X7XB03304,A_E_J
.cache/SCRNA10X_SA_CHIP0182_001/filtered_feature_bc_matrix,GGGCTACTCAGCTGTA-1,SA535X7XB03304_GGGCTACTCAGCTGTA-1,SA535X7XB03304,A_E_J
.cache/SCRNA10X_SA_CHIP0182_001/filtered_feature_bc_matrix,GGGCTACTCGATTGGT-1,SA535X7XB03304_GGGCTACTCGATTGGT-1,SA535X7XB03304,A_E_J
.cache/SCRNA10X_SA_CHIP0182_001/filtered_feature_bc_matrix,GGGCTCAGTACGATCT-1,SA535X7XB03304_GGGCTCAGTACGATCT-1,SA535X7XB03304,A_E_J
.cache/SCRNA10X_SA_CHIP0182_001/filtered_feature_bc_matrix,GGGTGAAAGCAATAAC-1,SA535X7XB03304_GGGTGAAAGCAATAAC-1,SA535X7XB03304,A_E_J
.cache/SCRNA10X_SA_CHIP0182_001/filtered_feature_bc_matrix,GGGTGTCTCTACCTTA-1,SA535X7XB03304_GGGTGTCTCTACCTTA-1,SA535X7XB03304,A_E_J
.cache/SCRNA10X_SA_CHIP0182_001/filtered_feature_bc_matrix,GGGTTATCAGCTGTGC-1,SA535X7XB03304_GGGTTATCAGCTGTGC-1,SA535X7XB03304,A_E_J
.cache/SCRNA10X_SA_CHIP0182_001/filtered_feature_bc_matrix,GGGTTTATCACTTTGT-1,SA535X7XB03304_GGGTTTATCACTTTGT-1,SA535X7XB03304,A_E_J
.cache/SCRNA10X_SA_CHIP0182_001/filtered_feature_bc_matrix,GGTAGAGCATCTTAGG-1,SA535X7XB03304_GGTAGAGCATCTTAGG-1,SA535X7XB03304,A_E_J
.cache/SCRNA10X_SA_CHIP0182_001/filtered_feature_bc_matrix,GGTGAAGAGCGAGTAC-1,SA535X7XB03304_GGTGAAGAGCGAGTAC-1,SA535X7XB03304,A_E_J
.cache/SCRNA10X_SA_CHIP0182_001/filtered_feature_bc_matrix,GGTGATTAGAGGACTC-1,SA535X7XB03304_GGTGATTAGAGGACTC-1,SA535X7XB03304,A_E_J
.cache/SCRNA10X_SA_CHIP0182_001/filtered_feature_bc_matrix,GGTGATTTCTCCAAGA-1,SA535X7XB03304_GGTGATTTCTCCAAGA-1,SA535X7XB03304,A_E_J
.cache/SCRNA10X_SA_CHIP0182_001/filtered_feature_bc_matrix,GGTGGCTGTAGTCGTT-1,SA535X7XB03304_GGTGGCTGTAGTCGTT-1,SA535X7XB03304,A_E_J
.cache/SCRNA10X_SA_CHIP0182_001/filtered_feature_bc_matrix,GGTGGCTTCCTGTAGA-1,SA535X7XB03304_GGTGGCTTCCTGTAGA-1,SA535X7XB03304,A_E_J
.cache/SCRNA10X_SA_CHIP0182_001/filtered_feature_bc_matrix,GGTGTCGGTAGTTCCA-1,SA535X7XB03304_GGTGTCGGTAGTTCCA-1,SA535X7XB03304,A_E_J
.cache/SCRNA10X_SA_CHIP0182_001/filtered_feature_bc_matrix,GGTTAACAGATCGCCC-1,SA535X7XB03304_GGTTAACAGATCGCCC-1,SA535X7XB03304,A_E_J
.cache/SCRNA10X_SA_CHIP0182_001/filtered_feature_bc_matrix,GGTTGTACAAACACCT-1,SA535X7XB03304_GGTTGTACAAACACCT-1,SA535X7XB03304,A_E_J
.cache/SCRNA10X_SA_CHIP0182_001/filtered_feature_bc_matrix,GGTTGTACAACCTAAC-1,SA535X7XB03304_GGTTGTACAACCTAAC-1,SA535X7XB03304,A_E_J
.cache/SCRNA10X_SA_CHIP0182_001/filtered_feature_bc_matrix,GTAACACTCGTTCCCA-1,SA535X7XB03304_GTAACACTCGTTCCCA-1,SA535X7XB03304,A_E_J
.cache/SCRNA10X_SA_CHIP0182_001/filtered_feature_bc_matrix,GTAACCAGTGTATTCG-1,SA535X7XB03304_GTAACCAGTGTATTCG-1,SA535X7XB03304,A_E_J
.cache/SCRNA10X_SA_CHIP0182_001/filtered_feature_bc_matrix,GTAAGTCAGTTGCGAG-1,SA535X7XB03304_GTAAGTCAGTTGCGAG-1,SA535X7XB03304,A_E_J
.cache/SCRNA10X_SA_CHIP0182_001/filtered_feature_bc_matrix,GTAAGTCGTCCCGGTA-1,SA535X7XB03304_GTAAGTCGTCCCGGTA-1,SA535X7XB03304,A_E_J
.cache/SCRNA10X_SA_CHIP0182_001/filtered_feature_bc_matrix,GTAGAAAAGGAATCGC-1,SA535X7XB03304_GTAGAAAAGGAATCGC-1,SA535X7XB03304,A_E_J
.cache/SCRNA10X_SA_CHIP0182_001/filtered_feature_bc_matrix,GTAGAGGCACGTCATA-1,SA535X7XB03304_GTAGAGGCACGTCATA-1,SA535X7XB03304,A_E_J
.cache/SCRNA10X_SA_CHIP0182_001/filtered_feature_bc_matrix,GTAGAGGTCCCTCGTA-1,SA535X7XB03304_GTAGAGGTCCCTCGTA-1,SA535X7XB03304,A_E_J
.cache/SCRNA10X_SA_CHIP0182_001/filtered_feature_bc_matrix,GTAGTACAGGCCATAG-1,SA535X7XB03304_GTAGTACAGGCCATAG-1,SA535X7XB03304,A_E_J
.cache/SCRNA10X_SA_CHIP0182_001/filtered_feature_bc_matrix,GTATTTCTCTCATTGT-1,SA535X7XB03304_GTATTTCTCTCATTGT-1,SA535X7XB03304,A_E_J
.cache/SCRNA10X_SA_CHIP0182_001/filtered_feature_bc_matrix,GTCAAACCAGAAGTTA-1,SA535X7XB03304_GTCAAACCAGAAGTTA-1,SA535X7XB03304,A_E_J
.cache/SCRNA10X_SA_CHIP0182_001/filtered_feature_bc_matrix,GTCACGGAGCATACTC-1,SA535X7XB03304_GTCACGGAGCATACTC-1,SA535X7XB03304,A_E_J
.cache/SCRNA10X_SA_CHIP0182_001/filtered_feature_bc_matrix,GTCACGGGTACGTAGG-1,SA535X7XB03304_GTCACGGGTACGTAGG-1,SA535X7XB03304,A_E_J
.cache/SCRNA10X_SA_CHIP0182_001/filtered_feature_bc_matrix,GTCACGGTCGTCAAAC-1,SA535X7XB03304_GTCACGGTCGTCAAAC-1,SA535X7XB03304,A_E_J
.cache/SCRNA10X_SA_CHIP0182_001/filtered_feature_bc_matrix,GTCACTCCATCTCGTC-1,SA535X7XB03304_GTCACTCCATCTCGTC-1,SA535X7XB03304,A_E_J
.cache/SCRNA10X_SA_CHIP0182_001/filtered_feature_bc_matrix,GTCAGCGGTGCAATGG-1,SA535X7XB03304_GTCAGCGGTGCAATGG-1,SA535X7XB03304,A_E_J
.cache/SCRNA10X_SA_CHIP0182_001/filtered_feature_bc_matrix,GTCATGATCGTGTTCC-1,SA535X7XB03304_GTCATGATCGTGTTCC-1,SA535X7XB03304,A_E_J
.cache/SCRNA10X_SA_CHIP0182_001/filtered_feature_bc_matrix,GTCCACTAGGGACCAT-1,SA535X7XB03304_GTCCACTAGGGACCAT-1,SA535X7XB03304,A_E_J
.cache/SCRNA10X_SA_CHIP0182_001/filtered_feature_bc_matrix,GTCCTCAAGTAGGGTC-1,SA535X7XB03304_GTCCTCAAGTAGGGTC-1,SA535X7XB03304,A_E_J
.cache/SCRNA10X_SA_CHIP0182_001/filtered_feature_bc_matrix,GTCCTCAGTGGCGCTT-1,SA535X7XB03304_GTCCTCAGTGGCGCTT-1,SA535X7XB03304,A_E_J
.cache/SCRNA10X_SA_CHIP0182_001/filtered_feature_bc_matrix,GTCTACCCACTTGGCG-1,SA535X7XB03304_GTCTACCCACTTGGCG-1,SA535X7XB03304,A_E_J
.cache/SCRNA10X_SA_CHIP0182_001/filtered_feature_bc_matrix,GTCTACCTCGGTCTAA-1,SA535X7XB03304_GTCTACCTCGGTCTAA-1,SA535X7XB03304,A_E_J
.cache/SCRNA10X_SA_CHIP0182_001/filtered_feature_bc_matrix,GTCTAGACATAGAGGC-1,SA535X7XB03304_GTCTAGACATAGAGGC-1,SA535X7XB03304,A_E_J
.cache/SCRNA10X_SA_CHIP0182_001/filtered_feature_bc_matrix,GTCTAGATCCTTTAGT-1,SA535X7XB03304_GTCTAGATCCTTTAGT-1,SA535X7XB03304,A_E_J
.cache/SCRNA10X_SA_CHIP0182_001/filtered_feature_bc_matrix,GTCTCACAGTTCGCAT-1,SA535X7XB03304_GTCTCACAGTTCGCAT-1,SA535X7XB03304,A_E_J
.cache/SCRNA10X_SA_CHIP0182_001/filtered_feature_bc_matrix,GTCTGTCCAGGCATGA-1,SA535X7XB03304_GTCTGTCCAGGCATGA-1,SA535X7XB03304,A_E_J
.cache/SCRNA10X_SA_CHIP0182_001/filtered_feature_bc_matrix,GTCTTTATCATGGTAC-1,SA535X7XB03304_GTCTTTATCATGGTAC-1,SA535X7XB03304,A_E_J
.cache/SCRNA10X_SA_CHIP0182_001/filtered_feature_bc_matrix,GTCTTTATCTCTCGCA-1,SA535X7XB03304_GTCTTTATCTCTCGCA-1,SA535X7XB03304,A_E_J
.cache/SCRNA10X_SA_CHIP0182_001/filtered_feature_bc_matrix,GTGACGCCAACACACT-1,SA535X7XB03304_GTGACGCCAACACACT-1,SA535X7XB03304,A_E_J
.cache/SCRNA10X_SA_CHIP0182_001/filtered_feature_bc_matrix,GTGACGCCACAACGCC-1,SA535X7XB03304_GTGACGCCACAACGCC-1,SA535X7XB03304,A_E_J
.cache/SCRNA10X_SA_CHIP0182_001/filtered_feature_bc_matrix,GTGATGTAGAGAGTGA-1,SA535X7XB03304_GTGATGTAGAGAGTGA-1,SA535X7XB03304,A_E_J
.cache/SCRNA10X_SA_CHIP0182_001/filtered_feature_bc_matrix,GTGATGTAGTAATTGG-1,SA535X7XB03304_GTGATGTAGTAATTGG-1,SA535X7XB03304,A_E_J
.cache/SCRNA10X_SA_CHIP0182_001/filtered_feature_bc_matrix,GTGCACGTCGCGCCAA-1,SA535X7XB03304_GTGCACGTCGCGCCAA-1,SA535X7XB03304,A_E_J
.cache/SCRNA10X_SA_CHIP0182_001/filtered_feature_bc_matrix,GTGCAGCCACTCCTTG-1,SA535X7XB03304_GTGCAGCCACTCCTTG-1,SA535X7XB03304,A_E_J
.cache/SCRNA10X_SA_CHIP0182_001/filtered_feature_bc_matrix,GTGGCGTAGTGGATTA-1,SA535X7XB03304_GTGGCGTAGTGGATTA-1,SA535X7XB03304,A_E_J
.cache/SCRNA10X_SA_CHIP0182_001/filtered_feature_bc_matrix,GTGGGAATCATGTCAG-1,SA535X7XB03304_GTGGGAATCATGTCAG-1,SA535X7XB03304,A_E_J
.cache/SCRNA10X_SA_CHIP0182_001/filtered_feature_bc_matrix,GTGTAACAGCGTCTCG-1,SA535X7XB03304_GTGTAACAGCGTCTCG-1,SA535X7XB03304,A_E_J
.cache/SCRNA10X_SA_CHIP0182_001/filtered_feature_bc_matrix,GTGTGGCCAGCCGGTT-1,SA535X7XB03304_GTGTGGCCAGCCGGTT-1,SA535X7XB03304,A_E_J
.cache/SCRNA10X_SA_CHIP0182_001/filtered_feature_bc_matrix,GTGTTCCTCGAAGCAG-1,SA535X7XB03304_GTGTTCCTCGAAGCAG-1,SA535X7XB03304,A_E_J
.cache/SCRNA10X_SA_CHIP0182_001/filtered_feature_bc_matrix,GTTACCCGTACCTTCC-1,SA535X7XB03304_GTTACCCGTACCTTCC-1,SA535X7XB03304,A_E_J
.cache/SCRNA10X_SA_CHIP0182_001/filtered_feature_bc_matrix,GTTAGTGGTCGGCCTA-1,SA535X7XB03304_GTTAGTGGTCGGCCTA-1,SA535X7XB03304,A_E_J
.cache/SCRNA10X_SA_CHIP0182_001/filtered_feature_bc_matrix,GTTAGTGTCCTAACAG-1,SA535X7XB03304_GTTAGTGTCCTAACAG-1,SA535X7XB03304,A_E_J
.cache/SCRNA10X_SA_CHIP0182_001/filtered_feature_bc_matrix,GTTCATTCACCATTCC-1,SA535X7XB03304_GTTCATTCACCATTCC-1,SA535X7XB03304,A_E_J
.cache/SCRNA10X_SA_CHIP0182_001/filtered_feature_bc_matrix,GTTCATTGTTATGTGC-1,SA535X7XB03304_GTTCATTGTTATGTGC-1,SA535X7XB03304,A_E_J
.cache/SCRNA10X_SA_CHIP0182_001/filtered_feature_bc_matrix,GTTCGCTTCTTCGCTG-1,SA535X7XB03304_GTTCGCTTCTTCGCTG-1,SA535X7XB03304,A_E_J
.cache/SCRNA10X_SA_CHIP0182_001/filtered_feature_bc_matrix,GTTGCGGTCGTAATGC-1,SA535X7XB03304_GTTGCGGTCGTAATGC-1,SA535X7XB03304,A_E_J
.cache/SCRNA10X_SA_CHIP0182_001/filtered_feature_bc_matrix,GTTGTAGCACGTATAC-1,SA535X7XB03304_GTTGTAGCACGTATAC-1,SA535X7XB03304,A_E_J
.cache/SCRNA10X_SA_CHIP0182_001/filtered_feature_bc_matrix,TAACTTCAGAAGATCT-1,SA535X7XB03304_TAACTTCAGAAGATCT-1,SA535X7XB03304,A_E_J
.cache/SCRNA10X_SA_CHIP0182_001/filtered_feature_bc_matrix,TAAGCACAGTAGGGTC-1,SA535X7XB03304_TAAGCACAGTAGGGTC-1,SA535X7XB03304,A_E_J
.cache/SCRNA10X_SA_CHIP0182_001/filtered_feature_bc_matrix,TAAGCGTTCAGCTCTC-1,SA535X7XB03304_TAAGCGTTCAGCTCTC-1,SA535X7XB03304,A_E_J
.cache/SCRNA10X_SA_CHIP0182_001/filtered_feature_bc_matrix,TAAGTCGGTCGAAGCA-1,SA535X7XB03304_TAAGTCGGTCGAAGCA-1,SA535X7XB03304,A_E_J
.cache/SCRNA10X_SA_CHIP0182_001/filtered_feature_bc_matrix,TAAGTCGTCGCTGTCT-1,SA535X7XB03304_TAAGTCGTCGCTGTCT-1,SA535X7XB03304,A_E_J
.cache/SCRNA10X_SA_CHIP0182_001/filtered_feature_bc_matrix,TAATCTCAGACGACGT-1,SA535X7XB03304_TAATCTCAGACGACGT-1,SA535X7XB03304,A_E_J
.cache/SCRNA10X_SA_CHIP0182_001/filtered_feature_bc_matrix,TAATCTCTCGTTCAGA-1,SA535X7XB03304_TAATCTCTCGTTCAGA-1,SA535X7XB03304,A_E_J
.cache/SCRNA10X_SA_CHIP0182_001/filtered_feature_bc_matrix,TACACCCAGTAGTCCT-1,SA535X7XB03304_TACACCCAGTAGTCCT-1,SA535X7XB03304,A_E_J
.cache/SCRNA10X_SA_CHIP0182_001/filtered_feature_bc_matrix,TACACCCTCGTTGTTT-1,SA535X7XB03304_TACACCCTCGTTGTTT-1,SA535X7XB03304,A_E_J
.cache/SCRNA10X_SA_CHIP0182_001/filtered_feature_bc_matrix,TACCCACCAAGTGACG-1,SA535X7XB03304_TACCCACCAAGTGACG-1,SA535X7XB03304,A_E_J
.cache/SCRNA10X_SA_CHIP0182_001/filtered_feature_bc_matrix,TACCGAAGTCCAGAAG-1,SA535X7XB03304_TACCGAAGTCCAGAAG-1,SA535X7XB03304,A_E_J
.cache/SCRNA10X_SA_CHIP0182_001/filtered_feature_bc_matrix,TACGCTCAGCTAAGTA-1,SA535X7XB03304_TACGCTCAGCTAAGTA-1,SA535X7XB03304,A_E_J
.cache/SCRNA10X_SA_CHIP0182_001/filtered_feature_bc_matrix,TACGGGCCAGTCAGCC-1,SA535X7XB03304_TACGGGCCAGTCAGCC-1,SA535X7XB03304,A_E_J
.cache/SCRNA10X_SA_CHIP0182_001/filtered_feature_bc_matrix,TACGGTAAGTATAACG-1,SA535X7XB03304_TACGGTAAGTATAACG-1,SA535X7XB03304,A_E_J
.cache/SCRNA10X_SA_CHIP0182_001/filtered_feature_bc_matrix,TACGGTAGTGCCTATA-1,SA535X7XB03304_TACGGTAGTGCCTATA-1,SA535X7XB03304,A_E_J
.cache/SCRNA10X_SA_CHIP0182_001/filtered_feature_bc_matrix,TACGTCCCATTCAGCA-1,SA535X7XB03304_TACGTCCCATTCAGCA-1,SA535X7XB03304,A_E_J
.cache/SCRNA10X_SA_CHIP0182_001/filtered_feature_bc_matrix,TACTTCAAGAAGCGGG-1,SA535X7XB03304_TACTTCAAGAAGCGGG-1,SA535X7XB03304,A_E_J
.cache/SCRNA10X_SA_CHIP0182_001/filtered_feature_bc_matrix,TACTTCAGTAGATTAG-1,SA535X7XB03304_TACTTCAGTAGATTAG-1,SA535X7XB03304,A_E_J
.cache/SCRNA10X_SA_CHIP0182_001/filtered_feature_bc_matrix,TACTTCAGTCTCTCAC-1,SA535X7XB03304_TACTTCAGTCTCTCAC-1,SA535X7XB03304,A_E_J
.cache/SCRNA10X_SA_CHIP0182_001/filtered_feature_bc_matrix,TAGACCACATTGAGCT-1,SA535X7XB03304_TAGACCACATTGAGCT-1,SA535X7XB03304,A_E_J
.cache/SCRNA10X_SA_CHIP0182_001/filtered_feature_bc_matrix,TAGACCAGTAGCACAG-1,SA535X7XB03304_TAGACCAGTAGCACAG-1,SA535X7XB03304,A_E_J
.cache/SCRNA10X_SA_CHIP0182_001/filtered_feature_bc_matrix,TAGACCATCCCATACC-1,SA535X7XB03304_TAGACCATCCCATACC-1,SA535X7XB03304,A_E_J
.cache/SCRNA10X_SA_CHIP0182_001/filtered_feature_bc_matrix,TAGGAGGCAGCTGAGA-1,SA535X7XB03304_TAGGAGGCAGCTGAGA-1,SA535X7XB03304,A_E_J
.cache/SCRNA10X_SA_CHIP0182_001/filtered_feature_bc_matrix,TAGGTTGCAAGTCCAT-1,SA535X7XB03304_TAGGTTGCAAGTCCAT-1,SA535X7XB03304,A_E_J
.cache/SCRNA10X_SA_CHIP0182_001/filtered_feature_bc_matrix,TAGGTTGCAGACCTAT-1,SA535X7XB03304_TAGGTTGCAGACCTAT-1,SA535X7XB03304,A_E_J
.cache/SCRNA10X_SA_CHIP0182_001/filtered_feature_bc_matrix,TATACCTCACCACATA-1,SA535X7XB03304_TATACCTCACCACATA-1,SA535X7XB03304,A_E_J
.cache/SCRNA10X_SA_CHIP0182_001/filtered_feature_bc_matrix,TATATCCCATCGAGCC-1,SA535X7XB03304_TATATCCCATCGAGCC-1,SA535X7XB03304,A_E_J
.cache/SCRNA10X_SA_CHIP0182_001/filtered_feature_bc_matrix,TATCCTAGTACGATCT-1,SA535X7XB03304_TATCCTAGTACGATCT-1,SA535X7XB03304,A_E_J
.cache/SCRNA10X_SA_CHIP0182_001/filtered_feature_bc_matrix,TATCCTAGTACGATGG-1,SA535X7XB03304_TATCCTAGTACGATGG-1,SA535X7XB03304,A_E_J
.cache/SCRNA10X_SA_CHIP0182_001/filtered_feature_bc_matrix,TATCGCCAGGGAGATA-1,SA535X7XB03304_TATCGCCAGGGAGATA-1,SA535X7XB03304,A_E_J
.cache/SCRNA10X_SA_CHIP0182_001/filtered_feature_bc_matrix,TATCGCCCAGGCTACC-1,SA535X7XB03304_TATCGCCCAGGCTACC-1,SA535X7XB03304,A_E_J
.cache/SCRNA10X_SA_CHIP0182_001/filtered_feature_bc_matrix,TATCGCCGTATGCAAA-1,SA535X7XB03304_TATCGCCGTATGCAAA-1,SA535X7XB03304,A_E_J
.cache/SCRNA10X_SA_CHIP0182_001/filtered_feature_bc_matrix,TATCGCCTCACTGTCC-1,SA535X7XB03304_TATCGCCTCACTGTCC-1,SA535X7XB03304,A_E_J
.cache/SCRNA10X_SA_CHIP0182_001/filtered_feature_bc_matrix,TATCTGTCAGCCCAGT-1,SA535X7XB03304_TATCTGTCAGCCCAGT-1,SA535X7XB03304,A_E_J
.cache/SCRNA10X_SA_CHIP0182_001/filtered_feature_bc_matrix,TATTGCTTCGCTCTCA-1,SA535X7XB03304_TATTGCTTCGCTCTCA-1,SA535X7XB03304,A_E_J
.cache/SCRNA10X_SA_CHIP0182_001/filtered_feature_bc_matrix,TATTGGGCAAGGATGC-1,SA535X7XB03304_TATTGGGCAAGGATGC-1,SA535X7XB03304,A_E_J
.cache/SCRNA10X_SA_CHIP0182_001/filtered_feature_bc_matrix,TATTGGGCACGCGCAT-1,SA535X7XB03304_TATTGGGCACGCGCAT-1,SA535X7XB03304,A_E_J
.cache/SCRNA10X_SA_CHIP0182_001/filtered_feature_bc_matrix,TCAAGACAGTCAATCC-1,SA535X7XB03304_TCAAGACAGTCAATCC-1,SA535X7XB03304,A_E_J
.cache/SCRNA10X_SA_CHIP0182_001/filtered_feature_bc_matrix,TCACACCAGGCCTAGA-1,SA535X7XB03304_TCACACCAGGCCTAGA-1,SA535X7XB03304,A_E_J
.cache/SCRNA10X_SA_CHIP0182_001/filtered_feature_bc_matrix,TCACACCCAATGTGGG-1,SA535X7XB03304_TCACACCCAATGTGGG-1,SA535X7XB03304,A_E_J
.cache/SCRNA10X_SA_CHIP0182_001/filtered_feature_bc_matrix,TCACATTAGTTCGCAT-1,SA535X7XB03304_TCACATTAGTTCGCAT-1,SA535X7XB03304,A_E_J
.cache/SCRNA10X_SA_CHIP0182_001/filtered_feature_bc_matrix,TCACATTTCGCTTACC-1,SA535X7XB03304_TCACATTTCGCTTACC-1,SA535X7XB03304,A_E_J
.cache/SCRNA10X_SA_CHIP0182_001/filtered_feature_bc_matrix,TCACGCTCAGAGTGTG-1,SA535X7XB03304_TCACGCTCAGAGTGTG-1,SA535X7XB03304,A_E_J
.cache/SCRNA10X_SA_CHIP0182_001/filtered_feature_bc_matrix,TCACGCTGTCAAACGG-1,SA535X7XB03304_TCACGCTGTCAAACGG-1,SA535X7XB03304,A_E_J
.cache/SCRNA10X_SA_CHIP0182_001/filtered_feature_bc_matrix,TCACGCTTCGCATGAT-1,SA535X7XB03304_TCACGCTTCGCATGAT-1,SA535X7XB03304,A_E_J
.cache/SCRNA10X_SA_CHIP0182_001/filtered_feature_bc_matrix,TCACGGGTCTATCGTT-1,SA535X7XB03304_TCACGGGTCTATCGTT-1,SA535X7XB03304,A_E_J
.cache/SCRNA10X_SA_CHIP0182_001/filtered_feature_bc_matrix,TCACTCGAGCATGAAT-1,SA535X7XB03304_TCACTCGAGCATGAAT-1,SA535X7XB03304,A_E_J
.cache/SCRNA10X_SA_CHIP0182_001/filtered_feature_bc_matrix,TCAGGTAAGTACCATC-1,SA535X7XB03304_TCAGGTAAGTACCATC-1,SA535X7XB03304,A_E_J
.cache/SCRNA10X_SA_CHIP0182_001/filtered_feature_bc_matrix,TCAGTTTGTCGCCACA-1,SA535X7XB03304_TCAGTTTGTCGCCACA-1,SA535X7XB03304,A_E_J
.cache/SCRNA10X_SA_CHIP0182_001/filtered_feature_bc_matrix,TCATACTTCGACATTG-1,SA535X7XB03304_TCATACTTCGACATTG-1,SA535X7XB03304,A_E_J
.cache/SCRNA10X_SA_CHIP0182_001/filtered_feature_bc_matrix,TCATATCGTGAGACCA-1,SA535X7XB03304_TCATATCGTGAGACCA-1,SA535X7XB03304,A_E_J
.cache/SCRNA10X_SA_CHIP0182_001/filtered_feature_bc_matrix,TCATCCGCACCTTCGT-1,SA535X7XB03304_TCATCCGCACCTTCGT-1,SA535X7XB03304,A_E_J
.cache/SCRNA10X_SA_CHIP0182_001/filtered_feature_bc_matrix,TCATGCCCAACTGAAA-1,SA535X7XB03304_TCATGCCCAACTGAAA-1,SA535X7XB03304,A_E_J
.cache/SCRNA10X_SA_CHIP0182_001/filtered_feature_bc_matrix,TCATTACAGAAAGTCT-1,SA535X7XB03304_TCATTACAGAAAGTCT-1,SA535X7XB03304,A_E_J
.cache/SCRNA10X_SA_CHIP0182_001/filtered_feature_bc_matrix,TCATTACGTCACTTCC-1,SA535X7XB03304_TCATTACGTCACTTCC-1,SA535X7XB03304,A_E_J
.cache/SCRNA10X_SA_CHIP0182_001/filtered_feature_bc_matrix,TCCAGAACAGAGGGTT-1,SA535X7XB03304_TCCAGAACAGAGGGTT-1,SA535X7XB03304,A_E_J
.cache/SCRNA10X_SA_CHIP0182_001/filtered_feature_bc_matrix,TCCAGAAGTTGTGTTG-1,SA535X7XB03304_TCCAGAAGTTGTGTTG-1,SA535X7XB03304,A_E_J
.cache/SCRNA10X_SA_CHIP0182_001/filtered_feature_bc_matrix,TCCATGCGTAATCAGA-1,SA535X7XB03304_TCCATGCGTAATCAGA-1,SA535X7XB03304,A_E_J
.cache/SCRNA10X_SA_CHIP0182_001/filtered_feature_bc_matrix,TCCCACAAGCAACTCT-1,SA535X7XB03304_TCCCACAAGCAACTCT-1,SA535X7XB03304,A_E_J
.cache/SCRNA10X_SA_CHIP0182_001/filtered_feature_bc_matrix,TCCCAGTGTGTATCCA-1,SA535X7XB03304_TCCCAGTGTGTATCCA-1,SA535X7XB03304,A_E_J
.cache/SCRNA10X_SA_CHIP0182_001/filtered_feature_bc_matrix,TCCCATGCAGTGTGGA-1,SA535X7XB03304_TCCCATGCAGTGTGGA-1,SA535X7XB03304,A_E_J
.cache/SCRNA10X_SA_CHIP0182_001/filtered_feature_bc_matrix,TCCCATGTCATAGACC-1,SA535X7XB03304_TCCCATGTCATAGACC-1,SA535X7XB03304,A_E_J
.cache/SCRNA10X_SA_CHIP0182_001/filtered_feature_bc_matrix,TCCCATGTCTGGACTA-1,SA535X7XB03304_TCCCATGTCTGGACTA-1,SA535X7XB03304,A_E_J
.cache/SCRNA10X_SA_CHIP0182_001/filtered_feature_bc_matrix,TCCGAAACATCGTGCG-1,SA535X7XB03304_TCCGAAACATCGTGCG-1,SA535X7XB03304,A_E_J
.cache/SCRNA10X_SA_CHIP0182_001/filtered_feature_bc_matrix,TCCGATCAGTCATGAA-1,SA535X7XB03304_TCCGATCAGTCATGAA-1,SA535X7XB03304,A_E_J
.cache/SCRNA10X_SA_CHIP0182_001/filtered_feature_bc_matrix,TCCGTGTTCGGCTGAC-1,SA535X7XB03304_TCCGTGTTCGGCTGAC-1,SA535X7XB03304,A_E_J
.cache/SCRNA10X_SA_CHIP0182_001/filtered_feature_bc_matrix,TCCTAATCAGACAAGC-1,SA535X7XB03304_TCCTAATCAGACAAGC-1,SA535X7XB03304,A_E_J
.cache/SCRNA10X_SA_CHIP0182_001/filtered_feature_bc_matrix,TCCTAATGTATAGCTC-1,SA535X7XB03304_TCCTAATGTATAGCTC-1,SA535X7XB03304,A_E_J
.cache/SCRNA10X_SA_CHIP0182_001/filtered_feature_bc_matrix,TCCTCCCGTGGGTCAA-1,SA535X7XB03304_TCCTCCCGTGGGTCAA-1,SA535X7XB03304,A_E_J
.cache/SCRNA10X_SA_CHIP0182_001/filtered_feature_bc_matrix,TCCTCCCTCGCCAACG-1,SA535X7XB03304_TCCTCCCTCGCCAACG-1,SA535X7XB03304,A_E_J
.cache/SCRNA10X_SA_CHIP0182_001/filtered_feature_bc_matrix,TCCTCTTGTGACACAG-1,SA535X7XB03304_TCCTCTTGTGACACAG-1,SA535X7XB03304,A_E_J
.cache/SCRNA10X_SA_CHIP0182_001/filtered_feature_bc_matrix,TCCTCTTTCATGAGAA-1,SA535X7XB03304_TCCTCTTTCATGAGAA-1,SA535X7XB03304,A_E_J
.cache/SCRNA10X_SA_CHIP0182_001/filtered_feature_bc_matrix,TCCTTCTCATAACGGG-1,SA535X7XB03304_TCCTTCTCATAACGGG-1,SA535X7XB03304,A_E_J
.cache/SCRNA10X_SA_CHIP0182_001/filtered_feature_bc_matrix,TCCTTCTTCATACGAC-1,SA535X7XB03304_TCCTTCTTCATACGAC-1,SA535X7XB03304,A_E_J
.cache/SCRNA10X_SA_CHIP0182_001/filtered_feature_bc_matrix,TCGAACAGTACTAGCT-1,SA535X7XB03304_TCGAACAGTACTAGCT-1,SA535X7XB03304,A_E_J
.cache/SCRNA10X_SA_CHIP0182_001/filtered_feature_bc_matrix,TCGACCTAGGTCACCC-1,SA535X7XB03304_TCGACCTAGGTCACCC-1,SA535X7XB03304,A_E_J
.cache/SCRNA10X_SA_CHIP0182_001/filtered_feature_bc_matrix,TCGACCTAGTTCATCG-1,SA535X7XB03304_TCGACCTAGTTCATCG-1,SA535X7XB03304,A_E_J
.cache/SCRNA10X_SA_CHIP0182_001/filtered_feature_bc_matrix,TCGACGGGTACGACTT-1,SA535X7XB03304_TCGACGGGTACGACTT-1,SA535X7XB03304,A_E_J
.cache/SCRNA10X_SA_CHIP0182_001/filtered_feature_bc_matrix,TCGCTTGGTTCGGTAT-1,SA535X7XB03304_TCGCTTGGTTCGGTAT-1,SA535X7XB03304,A_E_J
.cache/SCRNA10X_SA_CHIP0182_001/filtered_feature_bc_matrix,TCGTAGACACTTCCTG-1,SA535X7XB03304_TCGTAGACACTTCCTG-1,SA535X7XB03304,A_E_J
.cache/SCRNA10X_SA_CHIP0182_001/filtered_feature_bc_matrix,TCGTAGAGTAGCTAAA-1,SA535X7XB03304_TCGTAGAGTAGCTAAA-1,SA535X7XB03304,A_E_J
.cache/SCRNA10X_SA_CHIP0182_001/filtered_feature_bc_matrix,TCTAACTGTTCGTTCC-1,SA535X7XB03304_TCTAACTGTTCGTTCC-1,SA535X7XB03304,A_E_J
.cache/SCRNA10X_SA_CHIP0182_001/filtered_feature_bc_matrix,TCTACATCACGCGGTT-1,SA535X7XB03304_TCTACATCACGCGGTT-1,SA535X7XB03304,A_E_J
.cache/SCRNA10X_SA_CHIP0182_001/filtered_feature_bc_matrix,TCTATACAGAAGGGAT-1,SA535X7XB03304_TCTATACAGAAGGGAT-1,SA535X7XB03304,A_E_J
.cache/SCRNA10X_SA_CHIP0182_001/filtered_feature_bc_matrix,TCTATACAGCCAGACA-1,SA535X7XB03304_TCTATACAGCCAGACA-1,SA535X7XB03304,A_E_J
.cache/SCRNA10X_SA_CHIP0182_001/filtered_feature_bc_matrix,TCTATCACAGCGTGCT-1,SA535X7XB03304_TCTATCACAGCGTGCT-1,SA535X7XB03304,A_E_J
.cache/SCRNA10X_SA_CHIP0182_001/filtered_feature_bc_matrix,TCTGCCAAGACAACTA-1,SA535X7XB03304_TCTGCCAAGACAACTA-1,SA535X7XB03304,A_E_J
.cache/SCRNA10X_SA_CHIP0182_001/filtered_feature_bc_matrix,TCTGCCACAATCGCAT-1,SA535X7XB03304_TCTGCCACAATCGCAT-1,SA535X7XB03304,A_E_J
.cache/SCRNA10X_SA_CHIP0182_001/filtered_feature_bc_matrix,TCTGCCATCTATGCCC-1,SA535X7XB03304_TCTGCCATCTATGCCC-1,SA535X7XB03304,A_E_J
.cache/SCRNA10X_SA_CHIP0182_001/filtered_feature_bc_matrix,TCTGGCTAGGTATCTC-1,SA535X7XB03304_TCTGGCTAGGTATCTC-1,SA535X7XB03304,A_E_J
.cache/SCRNA10X_SA_CHIP0182_001/filtered_feature_bc_matrix,TCTGGCTTCGCTAATG-1,SA535X7XB03304_TCTGGCTTCGCTAATG-1,SA535X7XB03304,A_E_J
.cache/SCRNA10X_SA_CHIP0182_001/filtered_feature_bc_matrix,TCTTAGTAGTATGGCG-1,SA535X7XB03304_TCTTAGTAGTATGGCG-1,SA535X7XB03304,A_E_J
.cache/SCRNA10X_SA_CHIP0182_001/filtered_feature_bc_matrix,TCTTAGTGTCTTGAGT-1,SA535X7XB03304_TCTTAGTGTCTTGAGT-1,SA535X7XB03304,A_E_J
.cache/SCRNA10X_SA_CHIP0182_001/filtered_feature_bc_matrix,TCTTCCTGTTAGAAAC-1,SA535X7XB03304_TCTTCCTGTTAGAAAC-1,SA535X7XB03304,A_E_J
.cache/SCRNA10X_SA_CHIP0182_001/filtered_feature_bc_matrix,TGAACGTAGGTCATTC-1,SA535X7XB03304_TGAACGTAGGTCATTC-1,SA535X7XB03304,A_E_J
.cache/SCRNA10X_SA_CHIP0182_001/filtered_feature_bc_matrix,TGAACGTCACCGCTAG-1,SA535X7XB03304_TGAACGTCACCGCTAG-1,SA535X7XB03304,A_E_J
.cache/SCRNA10X_SA_CHIP0182_001/filtered_feature_bc_matrix,TGAACGTTCCTGCCAT-1,SA535X7XB03304_TGAACGTTCCTGCCAT-1,SA535X7XB03304,A_E_J
.cache/SCRNA10X_SA_CHIP0182_001/filtered_feature_bc_matrix,TGACAGTTCTCTTAAC-1,SA535X7XB03304_TGACAGTTCTCTTAAC-1,SA535X7XB03304,A_E_J
.cache/SCRNA10X_SA_CHIP0182_001/filtered_feature_bc_matrix,TGACCCTCAAGTCCAT-1,SA535X7XB03304_TGACCCTCAAGTCCAT-1,SA535X7XB03304,A_E_J
.cache/SCRNA10X_SA_CHIP0182_001/filtered_feature_bc_matrix,TGACCCTGTTAGGACG-1,SA535X7XB03304_TGACCCTGTTAGGACG-1,SA535X7XB03304,A_E_J
.cache/SCRNA10X_SA_CHIP0182_001/filtered_feature_bc_matrix,TGACTCCGTTCAAACC-1,SA535X7XB03304_TGACTCCGTTCAAACC-1,SA535X7XB03304,A_E_J
.cache/SCRNA10X_SA_CHIP0182_001/filtered_feature_bc_matrix,TGAGCATCATCCGATA-1,SA535X7XB03304_TGAGCATCATCCGATA-1,SA535X7XB03304,A_E_J
.cache/SCRNA10X_SA_CHIP0182_001/filtered_feature_bc_matrix,TGAGGGAGTGCATGTT-1,SA535X7XB03304_TGAGGGAGTGCATGTT-1,SA535X7XB03304,A_E_J
.cache/SCRNA10X_SA_CHIP0182_001/filtered_feature_bc_matrix,TGAGGTTAGGTGATCG-1,SA535X7XB03304_TGAGGTTAGGTGATCG-1,SA535X7XB03304,A_E_J
.cache/SCRNA10X_SA_CHIP0182_001/filtered_feature_bc_matrix,TGAGTCACATCGTCCT-1,SA535X7XB03304_TGAGTCACATCGTCCT-1,SA535X7XB03304,A_E_J
.cache/SCRNA10X_SA_CHIP0182_001/filtered_feature_bc_matrix,TGATCTTAGAGTCCGA-1,SA535X7XB03304_TGATCTTAGAGTCCGA-1,SA535X7XB03304,A_E_J
.cache/SCRNA10X_SA_CHIP0182_001/filtered_feature_bc_matrix,TGATGCAGTAGTTACC-1,SA535X7XB03304_TGATGCAGTAGTTACC-1,SA535X7XB03304,A_E_J
.cache/SCRNA10X_SA_CHIP0182_001/filtered_feature_bc_matrix,TGATGCAGTATCAAGA-1,SA535X7XB03304_TGATGCAGTATCAAGA-1,SA535X7XB03304,A_E_J
.cache/SCRNA10X_SA_CHIP0182_001/filtered_feature_bc_matrix,TGATTTCAGGGAGTGG-1,SA535X7XB03304_TGATTTCAGGGAGTGG-1,SA535X7XB03304,A_E_J
.cache/SCRNA10X_SA_CHIP0182_001/filtered_feature_bc_matrix,TGCACGGAGTATAGAC-1,SA535X7XB03304_TGCACGGAGTATAGAC-1,SA535X7XB03304,A_E_J
.cache/SCRNA10X_SA_CHIP0182_001/filtered_feature_bc_matrix,TGCAGGCGTGATTCTG-1,SA535X7XB03304_TGCAGGCGTGATTCTG-1,SA535X7XB03304,A_E_J
.cache/SCRNA10X_SA_CHIP0182_001/filtered_feature_bc_matrix,TGCCGAGAGGCACCAA-1,SA535X7XB03304_TGCCGAGAGGCACCAA-1,SA535X7XB03304,A_E_J
.cache/SCRNA10X_SA_CHIP0182_001/filtered_feature_bc_matrix,TGCGATAAGGTCTACT-1,SA535X7XB03304_TGCGATAAGGTCTACT-1,SA535X7XB03304,A_E_J
.cache/SCRNA10X_SA_CHIP0182_001/filtered_feature_bc_matrix,TGCGGGTCAAGAGGCT-1,SA535X7XB03304_TGCGGGTCAAGAGGCT-1,SA535X7XB03304,A_E_J
.cache/SCRNA10X_SA_CHIP0182_001/filtered_feature_bc_matrix,TGCGGGTCAGCAGAAC-1,SA535X7XB03304_TGCGGGTCAGCAGAAC-1,SA535X7XB03304,A_E_J
.cache/SCRNA10X_SA_CHIP0182_001/filtered_feature_bc_matrix,TGCTCCAGTTGCGGAA-1,SA535X7XB03304_TGCTCCAGTTGCGGAA-1,SA535X7XB03304,A_E_J
.cache/SCRNA10X_SA_CHIP0182_001/filtered_feature_bc_matrix,TGCTGAAAGAAGGATG-1,SA535X7XB03304_TGCTGAAAGAAGGATG-1,SA535X7XB03304,A_E_J
.cache/SCRNA10X_SA_CHIP0182_001/filtered_feature_bc_matrix,TGCTTGCAGTGAGGTC-1,SA535X7XB03304_TGCTTGCAGTGAGGTC-1,SA535X7XB03304,A_E_J
.cache/SCRNA10X_SA_CHIP0182_001/filtered_feature_bc_matrix,TGCTTGCGTGTCACAT-1,SA535X7XB03304_TGCTTGCGTGTCACAT-1,SA535X7XB03304,A_E_J
.cache/SCRNA10X_SA_CHIP0182_001/filtered_feature_bc_matrix,TGGAACTGTACAGTTC-1,SA535X7XB03304_TGGAACTGTACAGTTC-1,SA535X7XB03304,A_E_J
.cache/SCRNA10X_SA_CHIP0182_001/filtered_feature_bc_matrix,TGGAGAGTCCTTCTGG-1,SA535X7XB03304_TGGAGAGTCCTTCTGG-1,SA535X7XB03304,A_E_J
.cache/SCRNA10X_SA_CHIP0182_001/filtered_feature_bc_matrix,TGGAGAGTCTTCGACC-1,SA535X7XB03304_TGGAGAGTCTTCGACC-1,SA535X7XB03304,A_E_J
.cache/SCRNA10X_SA_CHIP0182_001/filtered_feature_bc_matrix,TGGATGTAGTCTTCGA-1,SA535X7XB03304_TGGATGTAGTCTTCGA-1,SA535X7XB03304,A_E_J
.cache/SCRNA10X_SA_CHIP0182_001/filtered_feature_bc_matrix,TGGCGTGAGGACTTCT-1,SA535X7XB03304_TGGCGTGAGGACTTCT-1,SA535X7XB03304,A_E_J
.cache/SCRNA10X_SA_CHIP0182_001/filtered_feature_bc_matrix,TGGGATTCAACGGGTA-1,SA535X7XB03304_TGGGATTCAACGGGTA-1,SA535X7XB03304,A_E_J
.cache/SCRNA10X_SA_CHIP0182_001/filtered_feature_bc_matrix,TGGGATTGTCGAGCTC-1,SA535X7XB03304_TGGGATTGTCGAGCTC-1,SA535X7XB03304,A_E_J
.cache/SCRNA10X_SA_CHIP0182_001/filtered_feature_bc_matrix,TGGGCGTGTCTTACAG-1,SA535X7XB03304_TGGGCGTGTCTTACAG-1,SA535X7XB03304,A_E_J
.cache/SCRNA10X_SA_CHIP0182_001/filtered_feature_bc_matrix,TGGGCTGCACAGTCCG-1,SA535X7XB03304_TGGGCTGCACAGTCCG-1,SA535X7XB03304,A_E_J
.cache/SCRNA10X_SA_CHIP0182_001/filtered_feature_bc_matrix,TGGTGATGTATGATCC-1,SA535X7XB03304_TGGTGATGTATGATCC-1,SA535X7XB03304,A_E_J
.cache/SCRNA10X_SA_CHIP0182_001/filtered_feature_bc_matrix,TGGTTAGCACAGTGAG-1,SA535X7XB03304_TGGTTAGCACAGTGAG-1,SA535X7XB03304,A_E_J
.cache/SCRNA10X_SA_CHIP0182_001/filtered_feature_bc_matrix,TGGTTAGTCCTGATAG-1,SA535X7XB03304_TGGTTAGTCCTGATAG-1,SA535X7XB03304,A_E_J
.cache/SCRNA10X_SA_CHIP0182_001/filtered_feature_bc_matrix,TGTAACGGTCTGTAGT-1,SA535X7XB03304_TGTAACGGTCTGTAGT-1,SA535X7XB03304,A_E_J
.cache/SCRNA10X_SA_CHIP0182_001/filtered_feature_bc_matrix,TGTAAGCCAGTCCCGA-1,SA535X7XB03304_TGTAAGCCAGTCCCGA-1,SA535X7XB03304,A_E_J
.cache/SCRNA10X_SA_CHIP0182_001/filtered_feature_bc_matrix,TGTCCTGTCACCCATC-1,SA535X7XB03304_TGTCCTGTCACCCATC-1,SA535X7XB03304,A_E_J
.cache/SCRNA10X_SA_CHIP0182_001/filtered_feature_bc_matrix,TGTGAGTGTGCATGTT-1,SA535X7XB03304_TGTGAGTGTGCATGTT-1,SA535X7XB03304,A_E_J
.cache/SCRNA10X_SA_CHIP0182_001/filtered_feature_bc_matrix,TGTGCGGCAAGGAGTC-1,SA535X7XB03304_TGTGCGGCAAGGAGTC-1,SA535X7XB03304,A_E_J
.cache/SCRNA10X_SA_CHIP0182_001/filtered_feature_bc_matrix,TGTGGCGAGGTGCTAG-1,SA535X7XB03304_TGTGGCGAGGTGCTAG-1,SA535X7XB03304,A_E_J
.cache/SCRNA10X_SA_CHIP0182_001/filtered_feature_bc_matrix,TGTGGCGTCCGATAGT-1,SA535X7XB03304_TGTGGCGTCCGATAGT-1,SA535X7XB03304,A_E_J
.cache/SCRNA10X_SA_CHIP0182_001/filtered_feature_bc_matrix,TGTGTGACAGCTTCGG-1,SA535X7XB03304_TGTGTGACAGCTTCGG-1,SA535X7XB03304,A_E_J
.cache/SCRNA10X_SA_CHIP0182_001/filtered_feature_bc_matrix,TGTTACTAGTATCCTG-1,SA535X7XB03304_TGTTACTAGTATCCTG-1,SA535X7XB03304,A_E_J
.cache/SCRNA10X_SA_CHIP0182_001/filtered_feature_bc_matrix,TGTTACTCATGACACT-1,SA535X7XB03304_TGTTACTCATGACACT-1,SA535X7XB03304,A_E_J
.cache/SCRNA10X_SA_CHIP0182_001/filtered_feature_bc_matrix,TGTTCTACATAAGCGG-1,SA535X7XB03304_TGTTCTACATAAGCGG-1,SA535X7XB03304,A_E_J
.cache/SCRNA10X_SA_CHIP0182_001/filtered_feature_bc_matrix,TGTTGGATCACGATCA-1,SA535X7XB03304_TGTTGGATCACGATCA-1,SA535X7XB03304,A_E_J
.cache/SCRNA10X_SA_CHIP0182_001/filtered_feature_bc_matrix,TGTTTGTGTCCTGAAT-1,SA535X7XB03304_TGTTTGTGTCCTGAAT-1,SA535X7XB03304,A_E_J
.cache/SCRNA10X_SA_CHIP0182_001/filtered_feature_bc_matrix,TGTTTGTTCGACATCA-1,SA535X7XB03304_TGTTTGTTCGACATCA-1,SA535X7XB03304,A_E_J
.cache/SCRNA10X_SA_CHIP0182_001/filtered_feature_bc_matrix,TTAATCCCATTGACAC-1,SA535X7XB03304_TTAATCCCATTGACAC-1,SA535X7XB03304,A_E_J
.cache/SCRNA10X_SA_CHIP0182_001/filtered_feature_bc_matrix,TTACGTTCAAGGCTTT-1,SA535X7XB03304_TTACGTTCAAGGCTTT-1,SA535X7XB03304,A_E_J
.cache/SCRNA10X_SA_CHIP0182_001/filtered_feature_bc_matrix,TTACTGTGTCCCACGA-1,SA535X7XB03304_TTACTGTGTCCCACGA-1,SA535X7XB03304,A_E_J
.cache/SCRNA10X_SA_CHIP0182_001/filtered_feature_bc_matrix,TTACTGTGTGAAGCGT-1,SA535X7XB03304_TTACTGTGTGAAGCGT-1,SA535X7XB03304,A_E_J
.cache/SCRNA10X_SA_CHIP0182_001/filtered_feature_bc_matrix,TTATTGCGTCAGACTT-1,SA535X7XB03304_TTATTGCGTCAGACTT-1,SA535X7XB03304,A_E_J
.cache/SCRNA10X_SA_CHIP0182_001/filtered_feature_bc_matrix,TTCAATCCACTTCCTG-1,SA535X7XB03304_TTCAATCCACTTCCTG-1,SA535X7XB03304,A_E_J
.cache/SCRNA10X_SA_CHIP0182_001/filtered_feature_bc_matrix,TTCACGCGTGCCCACA-1,SA535X7XB03304_TTCACGCGTGCCCACA-1,SA535X7XB03304,A_E_J
.cache/SCRNA10X_SA_CHIP0182_001/filtered_feature_bc_matrix,TTCAGGAAGCTATCCA-1,SA535X7XB03304_TTCAGGAAGCTATCCA-1,SA535X7XB03304,A_E_J
.cache/SCRNA10X_SA_CHIP0182_001/filtered_feature_bc_matrix,TTCAGGACACCGTCTT-1,SA535X7XB03304_TTCAGGACACCGTCTT-1,SA535X7XB03304,A_E_J
.cache/SCRNA10X_SA_CHIP0182_001/filtered_feature_bc_matrix,TTCATGTAGTGGACGT-1,SA535X7XB03304_TTCATGTAGTGGACGT-1,SA535X7XB03304,A_E_J
.cache/SCRNA10X_SA_CHIP0182_001/filtered_feature_bc_matrix,TTCCACGCACTTCCTG-1,SA535X7XB03304_TTCCACGCACTTCCTG-1,SA535X7XB03304,A_E_J
.cache/SCRNA10X_SA_CHIP0182_001/filtered_feature_bc_matrix,TTCCGTGCATCTATCT-1,SA535X7XB03304_TTCCGTGCATCTATCT-1,SA535X7XB03304,A_E_J
.cache/SCRNA10X_SA_CHIP0182_001/filtered_feature_bc_matrix,TTCCTAACACCCTATC-1,SA535X7XB03304_TTCCTAACACCCTATC-1,SA535X7XB03304,A_E_J
.cache/SCRNA10X_SA_CHIP0182_001/filtered_feature_bc_matrix,TTCCTTCGTGTCCTAA-1,SA535X7XB03304_TTCCTTCGTGTCCTAA-1,SA535X7XB03304,A_E_J
.cache/SCRNA10X_SA_CHIP0182_001/filtered_feature_bc_matrix,TTCGATTAGGGCAATC-1,SA535X7XB03304_TTCGATTAGGGCAATC-1,SA535X7XB03304,A_E_J
.cache/SCRNA10X_SA_CHIP0182_001/filtered_feature_bc_matrix,TTCTAACGTCTACAGT-1,SA535X7XB03304_TTCTAACGTCTACAGT-1,SA535X7XB03304,A_E_J
.cache/SCRNA10X_SA_CHIP0182_001/filtered_feature_bc_matrix,TTCTGTACAGCAGTCC-1,SA535X7XB03304_TTCTGTACAGCAGTCC-1,SA535X7XB03304,A_E_J
.cache/SCRNA10X_SA_CHIP0182_001/filtered_feature_bc_matrix,TTCTGTATCACCGACG-1,SA535X7XB03304_TTCTGTATCACCGACG-1,SA535X7XB03304,A_E_J
.cache/SCRNA10X_SA_CHIP0182_001/filtered_feature_bc_matrix,TTCTTCCAGCGAATGC-1,SA535X7XB03304_TTCTTCCAGCGAATGC-1,SA535X7XB03304,A_E_J
.cache/SCRNA10X_SA_CHIP0182_001/filtered_feature_bc_matrix,TTCTTGAGTTGTGCCG-1,SA535X7XB03304_TTCTTGAGTTGTGCCG-1,SA535X7XB03304,A_E_J
.cache/SCRNA10X_SA_CHIP0182_001/filtered_feature_bc_matrix,TTGAACGAGCAGATAT-1,SA535X7XB03304_TTGAACGAGCAGATAT-1,SA535X7XB03304,A_E_J
.cache/SCRNA10X_SA_CHIP0182_001/filtered_feature_bc_matrix,TTGAACGGTGGATTTC-1,SA535X7XB03304_TTGAACGGTGGATTTC-1,SA535X7XB03304,A_E_J
.cache/SCRNA10X_SA_CHIP0182_001/filtered_feature_bc_matrix,TTGATGGTCCCGATCT-1,SA535X7XB03304_TTGATGGTCCCGATCT-1,SA535X7XB03304,A_E_J
.cache/SCRNA10X_SA_CHIP0182_001/filtered_feature_bc_matrix,TTGCCTGAGCACGTCC-1,SA535X7XB03304_TTGCCTGAGCACGTCC-1,SA535X7XB03304,A_E_J
.cache/SCRNA10X_SA_CHIP0182_001/filtered_feature_bc_matrix,TTGCGTCGTATGAGCG-1,SA535X7XB03304_TTGCGTCGTATGAGCG-1,SA535X7XB03304,A_E_J
.cache/SCRNA10X_SA_CHIP0182_001/filtered_feature_bc_matrix,TTGCTGCCAACGATCT-1,SA535X7XB03304_TTGCTGCCAACGATCT-1,SA535X7XB03304,A_E_J
.cache/SCRNA10X_SA_CHIP0182_001/filtered_feature_bc_matrix,TTGGGTACATCAGCAT-1,SA535X7XB03304_TTGGGTACATCAGCAT-1,SA535X7XB03304,A_E_J
.cache/SCRNA10X_SA_CHIP0182_001/filtered_feature_bc_matrix,TTGGGTATCACTCCGT-1,SA535X7XB03304_TTGGGTATCACTCCGT-1,SA535X7XB03304,A_E_J
.cache/SCRNA10X_SA_CHIP0182_001/filtered_feature_bc_matrix,TTGGTTTAGGACTATA-1,SA535X7XB03304_TTGGTTTAGGACTATA-1,SA535X7XB03304,A_E_J
.cache/SCRNA10X_SA_CHIP0182_001/filtered_feature_bc_matrix,TTGTTGTGTAAGGAGA-1,SA535X7XB03304_TTGTTGTGTAAGGAGA-1,SA535X7XB03304,A_E_J
.cache/SCRNA10X_SA_CHIP0182_001/filtered_feature_bc_matrix,TTGTTTGCACTTCAAG-1,SA535X7XB03304_TTGTTTGCACTTCAAG-1,SA535X7XB03304,A_E_J
.cache/SCRNA10X_SA_CHIP0182_001/filtered_feature_bc_matrix,TTGTTTGTCATTGCCC-1,SA535X7XB03304_TTGTTTGTCATTGCCC-1,SA535X7XB03304,A_E_J
.cache/SCRNA10X_SA_CHIP0182_001/filtered_feature_bc_matrix,TTTACCATCCCTCTCC-1,SA535X7XB03304_TTTACCATCCCTCTCC-1,SA535X7XB03304,A_E_J
.cache/SCRNA10X_SA_CHIP0182_001/filtered_feature_bc_matrix,TTTACCATCTTCACGC-1,SA535X7XB03304_TTTACCATCTTCACGC-1,SA535X7XB03304,A_E_J
.cache/SCRNA10X_SA_CHIP0182_001/filtered_feature_bc_matrix,TTTACGTAGCACGTCC-1,SA535X7XB03304_TTTACGTAGCACGTCC-1,SA535X7XB03304,A_E_J
.cache/SCRNA10X_SA_CHIP0182_001/filtered_feature_bc_matrix,TTTACGTCAGCACCCA-1,SA535X7XB03304_TTTACGTCAGCACCCA-1,SA535X7XB03304,A_E_J
.cache/SCRNA10X_SA_CHIP0182_001/filtered_feature_bc_matrix,TTTATGCGTTTGGAGG-1,SA535X7XB03304_TTTATGCGTTTGGAGG-1,SA535X7XB03304,A_E_J
.cache/SCRNA10X_SA_CHIP0182_001/filtered_feature_bc_matrix,TTTCACATCCTTTGAT-1,SA535X7XB03304_TTTCACATCCTTTGAT-1,SA535X7XB03304,A_E_J
.cache/SCRNA10X_SA_CHIP0182_001/filtered_feature_bc_matrix,TTTCCTCAGAACCGCA-1,SA535X7XB03304_TTTCCTCAGAACCGCA-1,SA535X7XB03304,A_E_J
.cache/SCRNA10X_SA_CHIP0182_001/filtered_feature_bc_matrix,TTTCGATCAAATGATG-1,SA535X7XB03304_TTTCGATCAAATGATG-1,SA535X7XB03304,A_E_J
.cache/SCRNA10X_SA_CHIP0182_001/filtered_feature_bc_matrix,TTTCGATCAGGAAGTC-1,SA535X7XB03304_TTTCGATCAGGAAGTC-1,SA535X7XB03304,A_E_J
.cache/SCRNA10X_SA_CHIP0182_001/filtered_feature_bc_matrix,TTTGACTCAACAGCTT-1,SA535X7XB03304_TTTGACTCAACAGCTT-1,SA535X7XB03304,A_E_J
.cache/SCRNA10X_SA_CHIP0182_001/filtered_feature_bc_matrix,TTTGACTTCTACCTTA-1,SA535X7XB03304_TTTGACTTCTACCTTA-1,SA535X7XB03304,A_E_J
.cache/SCRNA10X_SA_CHIP0182_001/filtered_feature_bc_matrix,TTTGATCAGAGCCATG-1,SA535X7XB03304_TTTGATCAGAGCCATG-1,SA535X7XB03304,A_E_J
.cache/SCRNA10X_SA_CHIP0182_001/filtered_feature_bc_matrix,TTTGATCCAAATTAGG-1,SA535X7XB03304_TTTGATCCAAATTAGG-1,SA535X7XB03304,A_E_J
.cache/SCRNA10X_SA_CHIP0182_001/filtered_feature_bc_matrix,TTTGATCTCTACGCGG-1,SA535X7XB03304_TTTGATCTCTACGCGG-1,SA535X7XB03304,A_E_J
.cache/SCRNA10X_SA_CHIP0182_001/filtered_feature_bc_matrix,TTTGGAGAGCTGAAGC-1,SA535X7XB03304_TTTGGAGAGCTGAAGC-1,SA535X7XB03304,A_E_J
