Res(X4:A) vs. Sen(X4:H): logFC,Res(X5:A) vs. Sen(X5:H): logFC,Res(X6:A) vs. Sen(X6:H): logFC,Res(X7:A) vs. Sen(X7:H): logFC,gene_symbol,Gene_Type_Pt3,Res(X8:A) vs. Sen(X8:G): logFC,Res(X10:A) vs. Sen(X10:G): logFC,Gene_Type_Pt4
1.2,1.8,1.5,1.5,MEST,In_cis_Increase_UpRegulated,-0.7,-1,In_cis_Decrease_DownRegulated
0.8,1.5,1.6,0.8,TES,In_cis_Increase_UpRegulated,-0.5,-0.5,In_cis_Decrease_DownRegulated
0.8,1.1,0.9,1.2,SBDS,In_cis_Increase_UpRegulated,-0.7,-0.8,In_cis_Decrease_DownRegulated
0.9,1,0.8,0.8,DNAJC30,In_cis_Increase_UpRegulated,-0.7,-0.5,In_cis_Decrease_DownRegulated
0.5,1.2,0.7,0.8,GUSB,In_cis_Increase_UpRegulated,-0.6,-0.8,In_cis_Decrease_DownRegulated
0.6,1.3,0.6,0.6,POM121C,In_cis_Increase_UpRegulated,-0.8,-0.8,In_cis_Decrease_DownRegulated
0.6,0.7,0.6,0.7,SLC35A3,In_cis_Increase_UpRegulated,-0.9,-0.7,In_cis_Decrease_DownRegulated
1.3,0.8,,,RHBDD2,In_cis_Increase_UpRegulated,-1.6,-1.9,In_cis_Decrease_DownRegulated
0.9,1,0.7,,PTPN12,In_cis_Increase_UpRegulated,-0.5,-0.7,In_cis_Decrease_DownRegulated
0.7,0.6,,,YWHAG,In_cis_Increase_UpRegulated,-0.6,-0.7,In_cis_Decrease_DownRegulated
0.6,1,,1,BPGM,In_cis_Increase_UpRegulated,-0.8,-1,In_cis_Decrease_DownRegulated
0.6,0.7,,,HIP1,In_cis_Increase_UpRegulated,-1,-1.1,In_cis_Decrease_DownRegulated
0.5,0.7,,0.5,RTCA,In_cis_Increase_UpRegulated,-0.8,-0.5,In_cis_Decrease_DownRegulated
,1.1,0.7,0.5,GTF2I,In_cis_Increase_UpRegulated,-0.5,-0.9,In_cis_Decrease_DownRegulated
,0.8,,0.6,SRI,In_cis_Increase_UpRegulated,-0.7,-0.5,In_cis_Decrease_DownRegulated
,1.3,0.5,1,ZP3,In_cis_Increase_UpRegulated,-0.8,-0.8,In_cis_Decrease_DownRegulated
,0.8,,0.5,ABCD3,In_cis_Increase_UpRegulated,-0.6,-0.7,In_cis_Decrease_DownRegulated
,0.6,,0.7,TMEM243,In_cis_Increase_UpRegulated,-1.2,-1,In_cis_Decrease_DownRegulated
