Res(X7:H) vs. Sen(X7:E): logFC,Res(X8:H) vs. Sen(X8:E): logFC,gene_symbol
-2.2,-1.8,CEBPG
-1.5,-1.9,RHPN2
-1.3,-1.9,LRP3
-1.2,-2,BARX2
-1.1,-1.8,VWA5A
-0.9,-1.9,TMPRSS13
-1.3,-1.4,SUSD4
-1.3,-0.9,CEP89
-0.8,-1.4,RBM7
-0.9,-1.2,PEPD
-0.7,-1.4,SC5D
-1,-1,CRYAB
-0.9,-1.1,FAAP24
-0.7,-1.3,RNF26
-0.5,-1.4,MPZL2
-1,-0.8,PCSK7
-1.2,-0.6,ARCN1
-0.9,-0.8,UBE4A
-1,-0.6,GPATCH1
-0.7,-0.8,ZPR1
-0.8,-0.7,C11orf57
-0.8,-0.7,BACE1
-0.7,-0.8,ANKRD27
-0.6,-0.9,CADM1
-0.6,-0.8,NRAS
-0.7,-0.6,C11orf1
-0.6,-0.7,USP2
