Res(X7:H) vs. Sen(X7:E): logFC,Res(X8:H) vs. Sen(X8:E): logFC,gene_symbol
1.4,2.9,UQCRB
1.8,1.9,PCMTD1
2.1,1.4,PLEKHF2
1.4,2,PRKDC
0.7,2.4,MRPL33
1,1.7,RAB2A
1.4,1.2,NSMAF
1.6,0.9,NDUFAF6
1.4,1.1,PDE7A
1.2,1.1,ESRP1
1.3,1,OTUD6B
0.8,1.5,TCEA1
0.9,1.2,TGS1
1.4,0.6,IMPAD1
1.1,0.9,WWP1
1.2,0.7,TRPS1
1.1,0.7,CPNE3
0.7,1.1,ZBTB18
0.7,1.1,UBXN2B
0.5,1.3,RB1CC1
1.1,0.6,POLR2K
0.6,1.1,VIRMA
1.1,0.5,ARMC1
0.8,0.8,NBN
0.6,1,MCM4
0.8,0.7,SDCCAG8
0.7,0.7,ASPH
0.6,0.8,YTHDF3
0.6,0.6,ADSS
0.6,0.5,SLC25A32
0.5,0.6,RBM12B
