Res(X8:A) vs. Sen(X8:G): logFC,Res(X10:A) vs. Sen(X10:G): logFC,gene_symbol
1.4,2.3,FAM69C
1.5,1.7,FLNA
1.2,1.2,NAE1
0.9,1.5,CALB2
1.1,1.1,CYB5B
1.2,1,MARVELD3
0.9,1.3,NQO1
1,1.2,KDM6A
1.3,0.8,JPX
0.8,1.2,FAM96B
0.8,1.2,CDH1
1,0.9,SMC1A
0.7,1.2,PARD6A
0.9,0.9,CYB5A
1.1,0.7,AKAP17A
0.9,0.9,CBFB
0.8,1,SLC7A6OS
0.7,1.1,CKLF
1.2,0.6,DDX3X
0.9,0.8,DYNC1LI2
0.6,1.1,BCAP31
0.7,1,ZBED1
0.8,0.8,LAMP2
0.9,0.7,CMTR2
0.7,0.9,SF3B3
0.7,0.9,ENKD1
0.7,0.8,SLC25A6
0.6,0.9,TMEM208
1,0.5,MORC4
0.8,0.7,ZFHX3
0.6,0.9,UBL4A
0.6,0.9,DNASE1L1
0.6,0.9,SYTL4
0.7,0.7,NUTF2
0.7,0.7,EXOSC6
0.6,0.8,NIP7
0.7,0.7,NFATC3
0.7,0.7,MED14
0.5,0.9,PLEKHG4
0.5,0.9,USP9X
0.5,0.9,CMTM4
0.8,0.5,AP1G1
0.8,0.5,ZFP90
0.5,0.8,PRKX
0.7,0.6,HMGB3
0.7,0.6,CASK
0.7,0.6,RBBP8
0.6,0.7,CENPT
0.6,0.7,KIAA0895L
0.6,0.6,EIF1AX
0.6,0.6,OSBPL1A
0.6,0.6,RBBP7
0.7,0.5,TTC39C
0.6,0.6,PPP2R3B
0.6,0.6,SLC12A4
0.5,0.6,CNDP2
0.6,0.5,CTCF
0.6,0.5,ZNF821
0.5,0.5,JADE3
