chr,Gene_Type,nb_genes,desc,datatag,plt_desc
1,IncisDD,2,SA1035_1_SA1035_UTTT_H_UUUU_E,SA1035,Res(X7:H) vs. Sen(X7:E)
1,IncisIU,5,SA1035_1_SA1035_UTTT_H_UUUU_E,SA1035,Res(X7:H) vs. Sen(X7:E)
11,IncisDD,30,SA1035_1_SA1035_UTTT_H_UUUU_E,SA1035,Res(X7:H) vs. Sen(X7:E)
19,IncisDD,9,SA1035_1_SA1035_UTTT_H_UUUU_E,SA1035,Res(X7:H) vs. Sen(X7:E)
2,IncisIU,1,SA1035_1_SA1035_UTTT_H_UUUU_E,SA1035,Res(X7:H) vs. Sen(X7:E)
8,IncisIU,52,SA1035_1_SA1035_UTTT_H_UUUU_E,SA1035,Res(X7:H) vs. Sen(X7:E)
1,IncisDD,6,SA1035_2_SA1035_UTTTT_H_UUUUU_E,SA1035,Res(X8:H) vs. Sen(X8:E)
1,IncisIU,9,SA1035_2_SA1035_UTTTT_H_UUUUU_E,SA1035,Res(X8:H) vs. Sen(X8:E)
11,IncisDD,52,SA1035_2_SA1035_UTTTT_H_UUUUU_E,SA1035,Res(X8:H) vs. Sen(X8:E)
19,IncisDD,10,SA1035_2_SA1035_UTTTT_H_UUUUU_E,SA1035,Res(X8:H) vs. Sen(X8:E)
2,IncisIU,1,SA1035_2_SA1035_UTTTT_H_UUUUU_E,SA1035,Res(X8:H) vs. Sen(X8:E)
8,IncisIU,39,SA1035_2_SA1035_UTTTT_H_UUUUU_E,SA1035,Res(X8:H) vs. Sen(X8:E)
1,IncisDD,95,SA535_1_SA535_UUTTT_A_UUUUU_G,SA535,Res(X8:A) vs. Sen(X8:G)
10,IncisDD,18,SA535_1_SA535_UUTTT_A_UUUUU_G,SA535,Res(X8:A) vs. Sen(X8:G)
12,IncisDD,22,SA535_1_SA535_UUTTT_A_UUUUU_G,SA535,Res(X8:A) vs. Sen(X8:G)
16,IncisDD,44,SA535_1_SA535_UUTTT_A_UUUUU_G,SA535,Res(X8:A) vs. Sen(X8:G)
16,IncisIU,33,SA535_1_SA535_UUTTT_A_UUUUU_G,SA535,Res(X8:A) vs. Sen(X8:G)
18,IncisIU,13,SA535_1_SA535_UUTTT_A_UUUUU_G,SA535,Res(X8:A) vs. Sen(X8:G)
3,IncisDD,1,SA535_1_SA535_UUTTT_A_UUUUU_G,SA535,Res(X8:A) vs. Sen(X8:G)
6,IncisDD,41,SA535_1_SA535_UUTTT_A_UUUUU_G,SA535,Res(X8:A) vs. Sen(X8:G)
7,IncisDD,66,SA535_1_SA535_UUTTT_A_UUUUU_G,SA535,Res(X8:A) vs. Sen(X8:G)
8,IncisDD,5,SA535_1_SA535_UUTTT_A_UUUUU_G,SA535,Res(X8:A) vs. Sen(X8:G)
X,IncisIU,45,SA535_1_SA535_UUTTT_A_UUUUU_G,SA535,Res(X8:A) vs. Sen(X8:G)
1,IncisDD,51,SA535_2_SA535_UUTTTT_A_UUUUUU_G,SA535,Res(X9:A) vs. Sen(X9:G)
10,IncisDD,14,SA535_2_SA535_UUTTTT_A_UUUUUU_G,SA535,Res(X9:A) vs. Sen(X9:G)
12,IncisDD,8,SA535_2_SA535_UUTTTT_A_UUUUUU_G,SA535,Res(X9:A) vs. Sen(X9:G)
16,IncisDD,23,SA535_2_SA535_UUTTTT_A_UUUUUU_G,SA535,Res(X9:A) vs. Sen(X9:G)
16,IncisIU,63,SA535_2_SA535_UUTTTT_A_UUUUUU_G,SA535,Res(X9:A) vs. Sen(X9:G)
18,IncisIU,18,SA535_2_SA535_UUTTTT_A_UUUUUU_G,SA535,Res(X9:A) vs. Sen(X9:G)
6,IncisDD,17,SA535_2_SA535_UUTTTT_A_UUUUUU_G,SA535,Res(X9:A) vs. Sen(X9:G)
7,IncisDD,55,SA535_2_SA535_UUTTTT_A_UUUUUU_G,SA535,Res(X9:A) vs. Sen(X9:G)
8,IncisDD,5,SA535_2_SA535_UUTTTT_A_UUUUUU_G,SA535,Res(X9:A) vs. Sen(X9:G)
X,IncisIU,74,SA535_2_SA535_UUTTTT_A_UUUUUU_G,SA535,Res(X9:A) vs. Sen(X9:G)
1,IncisDD,69,SA535_3_SA535_UUTTTTT_A_UUUUUU_G,SA535,Res(X10:A) vs. Sen(X10:G)
10,IncisDD,29,SA535_3_SA535_UUTTTTT_A_UUUUUU_G,SA535,Res(X10:A) vs. Sen(X10:G)
12,IncisDD,5,SA535_3_SA535_UUTTTTT_A_UUUUUU_G,SA535,Res(X10:A) vs. Sen(X10:G)
16,IncisDD,26,SA535_3_SA535_UUTTTTT_A_UUUUUU_G,SA535,Res(X10:A) vs. Sen(X10:G)
16,IncisIU,58,SA535_3_SA535_UUTTTTT_A_UUUUUU_G,SA535,Res(X10:A) vs. Sen(X10:G)
18,IncisIU,8,SA535_3_SA535_UUTTTTT_A_UUUUUU_G,SA535,Res(X10:A) vs. Sen(X10:G)
6,IncisDD,15,SA535_3_SA535_UUTTTTT_A_UUUUUU_G,SA535,Res(X10:A) vs. Sen(X10:G)
7,IncisDD,79,SA535_3_SA535_UUTTTTT_A_UUUUUU_G,SA535,Res(X10:A) vs. Sen(X10:G)
8,IncisDD,7,SA535_3_SA535_UUTTTTT_A_UUUUUU_G,SA535,Res(X10:A) vs. Sen(X10:G)
X,IncisIU,35,SA535_3_SA535_UUTTTTT_A_UUUUUU_G,SA535,Res(X10:A) vs. Sen(X10:G)
1,IncisDD,19,SA609_1_SA609_UT_R_UU_H,SA609,Res(X4:A) vs. Sen(X4:H)
1,IncisIU,24,SA609_1_SA609_UT_R_UU_H,SA609,Res(X4:A) vs. Sen(X4:H)
11,IncisIU,83,SA609_1_SA609_UT_R_UU_H,SA609,Res(X4:A) vs. Sen(X4:H)
12,IncisDD,28,SA609_1_SA609_UT_R_UU_H,SA609,Res(X4:A) vs. Sen(X4:H)
13,IncisDD,1,SA609_1_SA609_UT_R_UU_H,SA609,Res(X4:A) vs. Sen(X4:H)
13,IncisIU,32,SA609_1_SA609_UT_R_UU_H,SA609,Res(X4:A) vs. Sen(X4:H)
15,IncisIU,7,SA609_1_SA609_UT_R_UU_H,SA609,Res(X4:A) vs. Sen(X4:H)
16,IncisDD,2,SA609_1_SA609_UT_R_UU_H,SA609,Res(X4:A) vs. Sen(X4:H)
18,IncisDD,10,SA609_1_SA609_UT_R_UU_H,SA609,Res(X4:A) vs. Sen(X4:H)
18,IncisIU,10,SA609_1_SA609_UT_R_UU_H,SA609,Res(X4:A) vs. Sen(X4:H)
19,IncisIU,7,SA609_1_SA609_UT_R_UU_H,SA609,Res(X4:A) vs. Sen(X4:H)
2,IncisIU,3,SA609_1_SA609_UT_R_UU_H,SA609,Res(X4:A) vs. Sen(X4:H)
20,IncisIU,95,SA609_1_SA609_UT_R_UU_H,SA609,Res(X4:A) vs. Sen(X4:H)
22,IncisDD,1,SA609_1_SA609_UT_R_UU_H,SA609,Res(X4:A) vs. Sen(X4:H)
3,IncisDD,2,SA609_1_SA609_UT_R_UU_H,SA609,Res(X4:A) vs. Sen(X4:H)
3,IncisIU,4,SA609_1_SA609_UT_R_UU_H,SA609,Res(X4:A) vs. Sen(X4:H)
4,IncisIU,52,SA609_1_SA609_UT_R_UU_H,SA609,Res(X4:A) vs. Sen(X4:H)
5,IncisDD,2,SA609_1_SA609_UT_R_UU_H,SA609,Res(X4:A) vs. Sen(X4:H)
6,IncisIU,24,SA609_1_SA609_UT_R_UU_H,SA609,Res(X4:A) vs. Sen(X4:H)
7,IncisIU,120,SA609_1_SA609_UT_R_UU_H,SA609,Res(X4:A) vs. Sen(X4:H)
8,IncisDD,24,SA609_1_SA609_UT_R_UU_H,SA609,Res(X4:A) vs. Sen(X4:H)
8,IncisIU,34,SA609_1_SA609_UT_R_UU_H,SA609,Res(X4:A) vs. Sen(X4:H)
1,IncisDD,28,SA609_2_SA609_UTT_R_UUU_H,SA609,Res(X5:A) vs. Sen(X5:H)
1,IncisIU,44,SA609_2_SA609_UTT_R_UUU_H,SA609,Res(X5:A) vs. Sen(X5:H)
10,IncisDD,3,SA609_2_SA609_UTT_R_UUU_H,SA609,Res(X5:A) vs. Sen(X5:H)
11,IncisIU,113,SA609_2_SA609_UTT_R_UUU_H,SA609,Res(X5:A) vs. Sen(X5:H)
12,IncisDD,61,SA609_2_SA609_UTT_R_UUU_H,SA609,Res(X5:A) vs. Sen(X5:H)
13,IncisDD,10,SA609_2_SA609_UTT_R_UUU_H,SA609,Res(X5:A) vs. Sen(X5:H)
13,IncisIU,90,SA609_2_SA609_UTT_R_UUU_H,SA609,Res(X5:A) vs. Sen(X5:H)
15,IncisIU,10,SA609_2_SA609_UTT_R_UUU_H,SA609,Res(X5:A) vs. Sen(X5:H)
16,IncisDD,3,SA609_2_SA609_UTT_R_UUU_H,SA609,Res(X5:A) vs. Sen(X5:H)
18,IncisDD,11,SA609_2_SA609_UTT_R_UUU_H,SA609,Res(X5:A) vs. Sen(X5:H)
18,IncisIU,24,SA609_2_SA609_UTT_R_UUU_H,SA609,Res(X5:A) vs. Sen(X5:H)
19,IncisIU,13,SA609_2_SA609_UTT_R_UUU_H,SA609,Res(X5:A) vs. Sen(X5:H)
2,IncisIU,5,SA609_2_SA609_UTT_R_UUU_H,SA609,Res(X5:A) vs. Sen(X5:H)
20,IncisIU,126,SA609_2_SA609_UTT_R_UUU_H,SA609,Res(X5:A) vs. Sen(X5:H)
21,IncisDD,3,SA609_2_SA609_UTT_R_UUU_H,SA609,Res(X5:A) vs. Sen(X5:H)
22,IncisDD,18,SA609_2_SA609_UTT_R_UUU_H,SA609,Res(X5:A) vs. Sen(X5:H)
3,IncisDD,1,SA609_2_SA609_UTT_R_UUU_H,SA609,Res(X5:A) vs. Sen(X5:H)
3,IncisIU,8,SA609_2_SA609_UTT_R_UUU_H,SA609,Res(X5:A) vs. Sen(X5:H)
4,IncisIU,133,SA609_2_SA609_UTT_R_UUU_H,SA609,Res(X5:A) vs. Sen(X5:H)
5,IncisDD,6,SA609_2_SA609_UTT_R_UUU_H,SA609,Res(X5:A) vs. Sen(X5:H)
5,IncisIU,1,SA609_2_SA609_UTT_R_UUU_H,SA609,Res(X5:A) vs. Sen(X5:H)
6,IncisIU,41,SA609_2_SA609_UTT_R_UUU_H,SA609,Res(X5:A) vs. Sen(X5:H)
7,IncisIU,214,SA609_2_SA609_UTT_R_UUU_H,SA609,Res(X5:A) vs. Sen(X5:H)
8,IncisDD,27,SA609_2_SA609_UTT_R_UUU_H,SA609,Res(X5:A) vs. Sen(X5:H)
8,IncisIU,71,SA609_2_SA609_UTT_R_UUU_H,SA609,Res(X5:A) vs. Sen(X5:H)
1,IncisDD,40,SA609_3_SA609_UTTT_R_UUUU_H,SA609,Res(X6:A) vs. Sen(X6:H)
1,IncisIU,28,SA609_3_SA609_UTTT_R_UUUU_H,SA609,Res(X6:A) vs. Sen(X6:H)
10,IncisDD,4,SA609_3_SA609_UTTT_R_UUUU_H,SA609,Res(X6:A) vs. Sen(X6:H)
11,IncisIU,57,SA609_3_SA609_UTTT_R_UUUU_H,SA609,Res(X6:A) vs. Sen(X6:H)
12,IncisDD,75,SA609_3_SA609_UTTT_R_UUUU_H,SA609,Res(X6:A) vs. Sen(X6:H)
13,IncisDD,8,SA609_3_SA609_UTTT_R_UUUU_H,SA609,Res(X6:A) vs. Sen(X6:H)
13,IncisIU,66,SA609_3_SA609_UTTT_R_UUUU_H,SA609,Res(X6:A) vs. Sen(X6:H)
15,IncisIU,8,SA609_3_SA609_UTTT_R_UUUU_H,SA609,Res(X6:A) vs. Sen(X6:H)
16,IncisDD,16,SA609_3_SA609_UTTT_R_UUUU_H,SA609,Res(X6:A) vs. Sen(X6:H)
18,IncisDD,12,SA609_3_SA609_UTTT_R_UUUU_H,SA609,Res(X6:A) vs. Sen(X6:H)
18,IncisIU,10,SA609_3_SA609_UTTT_R_UUUU_H,SA609,Res(X6:A) vs. Sen(X6:H)
19,IncisIU,3,SA609_3_SA609_UTTT_R_UUUU_H,SA609,Res(X6:A) vs. Sen(X6:H)
2,IncisIU,4,SA609_3_SA609_UTTT_R_UUUU_H,SA609,Res(X6:A) vs. Sen(X6:H)
20,IncisIU,56,SA609_3_SA609_UTTT_R_UUUU_H,SA609,Res(X6:A) vs. Sen(X6:H)
21,IncisDD,2,SA609_3_SA609_UTTT_R_UUUU_H,SA609,Res(X6:A) vs. Sen(X6:H)
22,IncisDD,13,SA609_3_SA609_UTTT_R_UUUU_H,SA609,Res(X6:A) vs. Sen(X6:H)
3,IncisDD,2,SA609_3_SA609_UTTT_R_UUUU_H,SA609,Res(X6:A) vs. Sen(X6:H)
3,IncisIU,4,SA609_3_SA609_UTTT_R_UUUU_H,SA609,Res(X6:A) vs. Sen(X6:H)
4,IncisIU,70,SA609_3_SA609_UTTT_R_UUUU_H,SA609,Res(X6:A) vs. Sen(X6:H)
5,IncisDD,11,SA609_3_SA609_UTTT_R_UUUU_H,SA609,Res(X6:A) vs. Sen(X6:H)
5,IncisIU,1,SA609_3_SA609_UTTT_R_UUUU_H,SA609,Res(X6:A) vs. Sen(X6:H)
6,IncisIU,20,SA609_3_SA609_UTTT_R_UUUU_H,SA609,Res(X6:A) vs. Sen(X6:H)
7,IncisIU,108,SA609_3_SA609_UTTT_R_UUUU_H,SA609,Res(X6:A) vs. Sen(X6:H)
8,IncisDD,26,SA609_3_SA609_UTTT_R_UUUU_H,SA609,Res(X6:A) vs. Sen(X6:H)
8,IncisIU,47,SA609_3_SA609_UTTT_R_UUUU_H,SA609,Res(X6:A) vs. Sen(X6:H)
1,IncisDD,24,SA609_4_SA609_UTTTT_R_UUUUU_H,SA609,Res(X7:A) vs. Sen(X7:H)
1,IncisIU,35,SA609_4_SA609_UTTTT_R_UUUUU_H,SA609,Res(X7:A) vs. Sen(X7:H)
10,IncisDD,3,SA609_4_SA609_UTTTT_R_UUUUU_H,SA609,Res(X7:A) vs. Sen(X7:H)
11,IncisIU,63,SA609_4_SA609_UTTTT_R_UUUUU_H,SA609,Res(X7:A) vs. Sen(X7:H)
12,IncisDD,53,SA609_4_SA609_UTTTT_R_UUUUU_H,SA609,Res(X7:A) vs. Sen(X7:H)
13,IncisDD,10,SA609_4_SA609_UTTTT_R_UUUUU_H,SA609,Res(X7:A) vs. Sen(X7:H)
13,IncisIU,78,SA609_4_SA609_UTTTT_R_UUUUU_H,SA609,Res(X7:A) vs. Sen(X7:H)
15,IncisIU,11,SA609_4_SA609_UTTTT_R_UUUUU_H,SA609,Res(X7:A) vs. Sen(X7:H)
16,IncisDD,17,SA609_4_SA609_UTTTT_R_UUUUU_H,SA609,Res(X7:A) vs. Sen(X7:H)
18,IncisDD,5,SA609_4_SA609_UTTTT_R_UUUUU_H,SA609,Res(X7:A) vs. Sen(X7:H)
18,IncisIU,14,SA609_4_SA609_UTTTT_R_UUUUU_H,SA609,Res(X7:A) vs. Sen(X7:H)
19,IncisIU,7,SA609_4_SA609_UTTTT_R_UUUUU_H,SA609,Res(X7:A) vs. Sen(X7:H)
2,IncisIU,6,SA609_4_SA609_UTTTT_R_UUUUU_H,SA609,Res(X7:A) vs. Sen(X7:H)
20,IncisIU,52,SA609_4_SA609_UTTTT_R_UUUUU_H,SA609,Res(X7:A) vs. Sen(X7:H)
21,IncisDD,1,SA609_4_SA609_UTTTT_R_UUUUU_H,SA609,Res(X7:A) vs. Sen(X7:H)
22,IncisDD,10,SA609_4_SA609_UTTTT_R_UUUUU_H,SA609,Res(X7:A) vs. Sen(X7:H)
3,IncisDD,1,SA609_4_SA609_UTTTT_R_UUUUU_H,SA609,Res(X7:A) vs. Sen(X7:H)
3,IncisIU,4,SA609_4_SA609_UTTTT_R_UUUUU_H,SA609,Res(X7:A) vs. Sen(X7:H)
4,IncisIU,87,SA609_4_SA609_UTTTT_R_UUUUU_H,SA609,Res(X7:A) vs. Sen(X7:H)
5,IncisDD,11,SA609_4_SA609_UTTTT_R_UUUUU_H,SA609,Res(X7:A) vs. Sen(X7:H)
5,IncisIU,1,SA609_4_SA609_UTTTT_R_UUUUU_H,SA609,Res(X7:A) vs. Sen(X7:H)
6,IncisIU,25,SA609_4_SA609_UTTTT_R_UUUUU_H,SA609,Res(X7:A) vs. Sen(X7:H)
7,IncisIU,113,SA609_4_SA609_UTTTT_R_UUUUU_H,SA609,Res(X7:A) vs. Sen(X7:H)
8,IncisDD,21,SA609_4_SA609_UTTTT_R_UUUUU_H,SA609,Res(X7:A) vs. Sen(X7:H)
8,IncisIU,54,SA609_4_SA609_UTTTT_R_UUUUU_H,SA609,Res(X7:A) vs. Sen(X7:H)
