Sample,Barcode,cell_id,id,clone
.cache/TENX069/filtered_feature_bc_matrix,AAACGAAAGGAAGTCC-1,SA609X4XB003083_AAACGAAAGGAAGTCC-1,SA609X4XB003083,R
.cache/TENX069/filtered_feature_bc_matrix,AAACGAACATGGGTTT-1,SA609X4XB003083_AAACGAACATGGGTTT-1,SA609X4XB003083,R
.cache/TENX069/filtered_feature_bc_matrix,AAACGCTAGGCATGCA-1,SA609X4XB003083_AAACGCTAGGCATGCA-1,SA609X4XB003083,B
.cache/TENX069/filtered_feature_bc_matrix,AAAGAACCAAATGCTC-1,SA609X4XB003083_AAAGAACCAAATGCTC-1,SA609X4XB003083,R
.cache/TENX069/filtered_feature_bc_matrix,AAAGGTAGTCCATACA-1,SA609X4XB003083_AAAGGTAGTCCATACA-1,SA609X4XB003083,R
.cache/TENX069/filtered_feature_bc_matrix,AAAGTCCTCACTAGCA-1,SA609X4XB003083_AAAGTCCTCACTAGCA-1,SA609X4XB003083,B
.cache/TENX069/filtered_feature_bc_matrix,AACAACCGTGGTCTGC-1,SA609X4XB003083_AACAACCGTGGTCTGC-1,SA609X4XB003083,R
.cache/TENX069/filtered_feature_bc_matrix,AACAAGAGTTCTATCT-1,SA609X4XB003083_AACAAGAGTTCTATCT-1,SA609X4XB003083,B
.cache/TENX069/filtered_feature_bc_matrix,AACACACGTGAATTAG-1,SA609X4XB003083_AACACACGTGAATTAG-1,SA609X4XB003083,R
.cache/TENX069/filtered_feature_bc_matrix,AACAGGGTCCCGAATA-1,SA609X4XB003083_AACAGGGTCCCGAATA-1,SA609X4XB003083,B
.cache/TENX069/filtered_feature_bc_matrix,AACCAACAGTATCCTG-1,SA609X4XB003083_AACCAACAGTATCCTG-1,SA609X4XB003083,R
.cache/TENX069/filtered_feature_bc_matrix,AACCCAACAATTGCAC-1,SA609X4XB003083_AACCCAACAATTGCAC-1,SA609X4XB003083,B
.cache/TENX069/filtered_feature_bc_matrix,AACCTGAGTCCATACA-1,SA609X4XB003083_AACCTGAGTCCATACA-1,SA609X4XB003083,R
.cache/TENX069/filtered_feature_bc_matrix,AACGAAAGTTGTATGC-1,SA609X4XB003083_AACGAAAGTTGTATGC-1,SA609X4XB003083,R
.cache/TENX069/filtered_feature_bc_matrix,AACGTCATCCCAACTC-1,SA609X4XB003083_AACGTCATCCCAACTC-1,SA609X4XB003083,B
.cache/TENX069/filtered_feature_bc_matrix,AAGACTCAGGCGTTGA-1,SA609X4XB003083_AAGACTCAGGCGTTGA-1,SA609X4XB003083,R
.cache/TENX069/filtered_feature_bc_matrix,AAGACTCCAACCGTAT-1,SA609X4XB003083_AAGACTCCAACCGTAT-1,SA609X4XB003083,R
.cache/TENX069/filtered_feature_bc_matrix,AAGCATCAGCACACCC-1,SA609X4XB003083_AAGCATCAGCACACCC-1,SA609X4XB003083,B
.cache/TENX069/filtered_feature_bc_matrix,AAGCGTTTCCAATCCC-1,SA609X4XB003083_AAGCGTTTCCAATCCC-1,SA609X4XB003083,R
.cache/TENX069/filtered_feature_bc_matrix,AAGGAATCACGCTGCA-1,SA609X4XB003083_AAGGAATCACGCTGCA-1,SA609X4XB003083,R
.cache/TENX069/filtered_feature_bc_matrix,AAGGAATCATCGTGCG-1,SA609X4XB003083_AAGGAATCATCGTGCG-1,SA609X4XB003083,R
.cache/TENX069/filtered_feature_bc_matrix,AAGGAATTCAATCTCT-1,SA609X4XB003083_AAGGAATTCAATCTCT-1,SA609X4XB003083,R
.cache/TENX069/filtered_feature_bc_matrix,AAGTCGTAGGCTCACC-1,SA609X4XB003083_AAGTCGTAGGCTCACC-1,SA609X4XB003083,B
.cache/TENX069/filtered_feature_bc_matrix,AAGTTCGTCAAATGCC-1,SA609X4XB003083_AAGTTCGTCAAATGCC-1,SA609X4XB003083,R
.cache/TENX069/filtered_feature_bc_matrix,AATCACGAGTGCTCAT-1,SA609X4XB003083_AATCACGAGTGCTCAT-1,SA609X4XB003083,R
.cache/TENX069/filtered_feature_bc_matrix,AATCACGTCACACGAT-1,SA609X4XB003083_AATCACGTCACACGAT-1,SA609X4XB003083,B
.cache/TENX069/filtered_feature_bc_matrix,AATCGACGTTCGAGCC-1,SA609X4XB003083_AATCGACGTTCGAGCC-1,SA609X4XB003083,R
.cache/TENX069/filtered_feature_bc_matrix,AATCGACTCGGCAGTC-1,SA609X4XB003083_AATCGACTCGGCAGTC-1,SA609X4XB003083,R
.cache/TENX069/filtered_feature_bc_matrix,AATGACCCACCTTCGT-1,SA609X4XB003083_AATGACCCACCTTCGT-1,SA609X4XB003083,B
.cache/TENX069/filtered_feature_bc_matrix,AATGACCCACTAGAGG-1,SA609X4XB003083_AATGACCCACTAGAGG-1,SA609X4XB003083,R
.cache/TENX069/filtered_feature_bc_matrix,AATGACCTCGCCTAGG-1,SA609X4XB003083_AATGACCTCGCCTAGG-1,SA609X4XB003083,R
.cache/TENX069/filtered_feature_bc_matrix,AATGGAAAGTCAAGCG-1,SA609X4XB003083_AATGGAAAGTCAAGCG-1,SA609X4XB003083,R
.cache/TENX069/filtered_feature_bc_matrix,AATTCCTAGGAGACCT-1,SA609X4XB003083_AATTCCTAGGAGACCT-1,SA609X4XB003083,R
.cache/TENX069/filtered_feature_bc_matrix,AATTTCCGTAACACCT-1,SA609X4XB003083_AATTTCCGTAACACCT-1,SA609X4XB003083,R
.cache/TENX069/filtered_feature_bc_matrix,ACAACCAGTTAGTCGT-1,SA609X4XB003083_ACAACCAGTTAGTCGT-1,SA609X4XB003083,R
.cache/TENX069/filtered_feature_bc_matrix,ACACAGTGTCCTCCAT-1,SA609X4XB003083_ACACAGTGTCCTCCAT-1,SA609X4XB003083,R
.cache/TENX069/filtered_feature_bc_matrix,ACACCAAAGGCTAGCA-1,SA609X4XB003083_ACACCAAAGGCTAGCA-1,SA609X4XB003083,R
.cache/TENX069/filtered_feature_bc_matrix,ACACCAATCTTAATCC-1,SA609X4XB003083_ACACCAATCTTAATCC-1,SA609X4XB003083,B
.cache/TENX069/filtered_feature_bc_matrix,ACACTGAGTGGCCACT-1,SA609X4XB003083_ACACTGAGTGGCCACT-1,SA609X4XB003083,R
.cache/TENX069/filtered_feature_bc_matrix,ACAGAAAAGGGTAGCT-1,SA609X4XB003083_ACAGAAAAGGGTAGCT-1,SA609X4XB003083,R
.cache/TENX069/filtered_feature_bc_matrix,ACAGAAATCGTTTACT-1,SA609X4XB003083_ACAGAAATCGTTTACT-1,SA609X4XB003083,R
.cache/TENX069/filtered_feature_bc_matrix,ACATCCCGTATGAGAT-1,SA609X4XB003083_ACATCCCGTATGAGAT-1,SA609X4XB003083,B
.cache/TENX069/filtered_feature_bc_matrix,ACATCGAAGAAATTCG-1,SA609X4XB003083_ACATCGAAGAAATTCG-1,SA609X4XB003083,R
.cache/TENX069/filtered_feature_bc_matrix,ACATCGAAGTAACCTC-1,SA609X4XB003083_ACATCGAAGTAACCTC-1,SA609X4XB003083,R
.cache/TENX069/filtered_feature_bc_matrix,ACCAAACCATAGGCGA-1,SA609X4XB003083_ACCAAACCATAGGCGA-1,SA609X4XB003083,R
.cache/TENX069/filtered_feature_bc_matrix,ACCCTCAGTCCAACGC-1,SA609X4XB003083_ACCCTCAGTCCAACGC-1,SA609X4XB003083,R
.cache/TENX069/filtered_feature_bc_matrix,ACCCTTGAGGATACAT-1,SA609X4XB003083_ACCCTTGAGGATACAT-1,SA609X4XB003083,R
.cache/TENX069/filtered_feature_bc_matrix,ACGATGTTCGGTTGTA-1,SA609X4XB003083_ACGATGTTCGGTTGTA-1,SA609X4XB003083,B
.cache/TENX069/filtered_feature_bc_matrix,ACGCACGGTCTAGGTT-1,SA609X4XB003083_ACGCACGGTCTAGGTT-1,SA609X4XB003083,R
.cache/TENX069/filtered_feature_bc_matrix,ACGGAAGGTTAGTTCG-1,SA609X4XB003083_ACGGAAGGTTAGTTCG-1,SA609X4XB003083,R
.cache/TENX069/filtered_feature_bc_matrix,ACGGTTATCTTTGCTA-1,SA609X4XB003083_ACGGTTATCTTTGCTA-1,SA609X4XB003083,R
.cache/TENX069/filtered_feature_bc_matrix,ACGTACATCTCTTGCG-1,SA609X4XB003083_ACGTACATCTCTTGCG-1,SA609X4XB003083,R
.cache/TENX069/filtered_feature_bc_matrix,ACGTAGTCATAAGCGG-1,SA609X4XB003083_ACGTAGTCATAAGCGG-1,SA609X4XB003083,B
.cache/TENX069/filtered_feature_bc_matrix,ACGTCCTCAAGTGTCT-1,SA609X4XB003083_ACGTCCTCAAGTGTCT-1,SA609X4XB003083,R
.cache/TENX069/filtered_feature_bc_matrix,ACGTTCCGTATGACAA-1,SA609X4XB003083_ACGTTCCGTATGACAA-1,SA609X4XB003083,R
.cache/TENX069/filtered_feature_bc_matrix,ACGTTCCTCTGAGAGG-1,SA609X4XB003083_ACGTTCCTCTGAGAGG-1,SA609X4XB003083,R
.cache/TENX069/filtered_feature_bc_matrix,ACTCTCGCAAATGAAC-1,SA609X4XB003083_ACTCTCGCAAATGAAC-1,SA609X4XB003083,R
.cache/TENX069/filtered_feature_bc_matrix,ACTGCAAGTGCGAGTA-1,SA609X4XB003083_ACTGCAAGTGCGAGTA-1,SA609X4XB003083,R
.cache/TENX069/filtered_feature_bc_matrix,ACTGTCCGTGCATACT-1,SA609X4XB003083_ACTGTCCGTGCATACT-1,SA609X4XB003083,R
.cache/TENX069/filtered_feature_bc_matrix,ACTGTCCGTTCTTCAT-1,SA609X4XB003083_ACTGTCCGTTCTTCAT-1,SA609X4XB003083,R
.cache/TENX069/filtered_feature_bc_matrix,ACTGTGATCAAGCCCG-1,SA609X4XB003083_ACTGTGATCAAGCCCG-1,SA609X4XB003083,B
.cache/TENX069/filtered_feature_bc_matrix,ACTGTGATCTTTGATC-1,SA609X4XB003083_ACTGTGATCTTTGATC-1,SA609X4XB003083,B
.cache/TENX069/filtered_feature_bc_matrix,ACTTCGCAGTGTTGTC-1,SA609X4XB003083_ACTTCGCAGTGTTGTC-1,SA609X4XB003083,B
.cache/TENX069/filtered_feature_bc_matrix,AGAACAATCCACACAA-1,SA609X4XB003083_AGAACAATCCACACAA-1,SA609X4XB003083,B
.cache/TENX069/filtered_feature_bc_matrix,AGAACCTAGTAGAATC-1,SA609X4XB003083_AGAACCTAGTAGAATC-1,SA609X4XB003083,R
.cache/TENX069/filtered_feature_bc_matrix,AGAAGTACAGAAGTTA-1,SA609X4XB003083_AGAAGTACAGAAGTTA-1,SA609X4XB003083,B
.cache/TENX069/filtered_feature_bc_matrix,AGAAGTATCCCGAGAC-1,SA609X4XB003083_AGAAGTATCCCGAGAC-1,SA609X4XB003083,R
.cache/TENX069/filtered_feature_bc_matrix,AGACAAAGTAGTCGTT-1,SA609X4XB003083_AGACAAAGTAGTCGTT-1,SA609X4XB003083,B
.cache/TENX069/filtered_feature_bc_matrix,AGACACTTCCACCTGT-1,SA609X4XB003083_AGACACTTCCACCTGT-1,SA609X4XB003083,R
.cache/TENX069/filtered_feature_bc_matrix,AGACAGGGTCATCAGT-1,SA609X4XB003083_AGACAGGGTCATCAGT-1,SA609X4XB003083,R
.cache/TENX069/filtered_feature_bc_matrix,AGACCATCAGTCTTCC-1,SA609X4XB003083_AGACCATCAGTCTTCC-1,SA609X4XB003083,R
.cache/TENX069/filtered_feature_bc_matrix,AGACTCACACTGAGTT-1,SA609X4XB003083_AGACTCACACTGAGTT-1,SA609X4XB003083,R
.cache/TENX069/filtered_feature_bc_matrix,AGAGAGCAGACCACGA-1,SA609X4XB003083_AGAGAGCAGACCACGA-1,SA609X4XB003083,R
.cache/TENX069/filtered_feature_bc_matrix,AGAGAGCAGCAGGTCA-1,SA609X4XB003083_AGAGAGCAGCAGGTCA-1,SA609X4XB003083,B
.cache/TENX069/filtered_feature_bc_matrix,AGAGAGCAGGACCCAA-1,SA609X4XB003083_AGAGAGCAGGACCCAA-1,SA609X4XB003083,B
.cache/TENX069/filtered_feature_bc_matrix,AGAGCAGAGCAGGCAT-1,SA609X4XB003083_AGAGCAGAGCAGGCAT-1,SA609X4XB003083,R
.cache/TENX069/filtered_feature_bc_matrix,AGAGCCCTCCACCTCA-1,SA609X4XB003083_AGAGCCCTCCACCTCA-1,SA609X4XB003083,R
.cache/TENX069/filtered_feature_bc_matrix,AGATCGTTCTCGGTCT-1,SA609X4XB003083_AGATCGTTCTCGGTCT-1,SA609X4XB003083,R
.cache/TENX069/filtered_feature_bc_matrix,AGCATCACAAATCGTC-1,SA609X4XB003083_AGCATCACAAATCGTC-1,SA609X4XB003083,R
.cache/TENX069/filtered_feature_bc_matrix,AGCCAATAGACGAAGA-1,SA609X4XB003083_AGCCAATAGACGAAGA-1,SA609X4XB003083,R
.cache/TENX069/filtered_feature_bc_matrix,AGCCACGGTGGATGAC-1,SA609X4XB003083_AGCCACGGTGGATGAC-1,SA609X4XB003083,R
.cache/TENX069/filtered_feature_bc_matrix,AGCGCCAAGCGACATG-1,SA609X4XB003083_AGCGCCAAGCGACATG-1,SA609X4XB003083,B
.cache/TENX069/filtered_feature_bc_matrix,AGCGCCATCACCTGGG-1,SA609X4XB003083_AGCGCCATCACCTGGG-1,SA609X4XB003083,R
.cache/TENX069/filtered_feature_bc_matrix,AGCGCTGAGTGTACAA-1,SA609X4XB003083_AGCGCTGAGTGTACAA-1,SA609X4XB003083,R
.cache/TENX069/filtered_feature_bc_matrix,AGCGTATGTCCTGTTC-1,SA609X4XB003083_AGCGTATGTCCTGTTC-1,SA609X4XB003083,R
.cache/TENX069/filtered_feature_bc_matrix,AGCTACAAGTATGGAT-1,SA609X4XB003083_AGCTACAAGTATGGAT-1,SA609X4XB003083,R
.cache/TENX069/filtered_feature_bc_matrix,AGGAAATTCTCAGTCC-1,SA609X4XB003083_AGGAAATTCTCAGTCC-1,SA609X4XB003083,R
.cache/TENX069/filtered_feature_bc_matrix,AGGACTTGTACGTACT-1,SA609X4XB003083_AGGACTTGTACGTACT-1,SA609X4XB003083,C
.cache/TENX069/filtered_feature_bc_matrix,AGGCATTCAGTTGTCA-1,SA609X4XB003083_AGGCATTCAGTTGTCA-1,SA609X4XB003083,B
.cache/TENX069/filtered_feature_bc_matrix,AGGCATTCATGTGTCA-1,SA609X4XB003083_AGGCATTCATGTGTCA-1,SA609X4XB003083,R
.cache/TENX069/filtered_feature_bc_matrix,AGGCCACCACCCATAA-1,SA609X4XB003083_AGGCCACCACCCATAA-1,SA609X4XB003083,B
.cache/TENX069/filtered_feature_bc_matrix,AGGGCCTGTCCGAAGA-1,SA609X4XB003083_AGGGCCTGTCCGAAGA-1,SA609X4XB003083,R
.cache/TENX069/filtered_feature_bc_matrix,AGGGCTCGTCTCAAGT-1,SA609X4XB003083_AGGGCTCGTCTCAAGT-1,SA609X4XB003083,R
.cache/TENX069/filtered_feature_bc_matrix,AGGGTCCCACATAGCT-1,SA609X4XB003083_AGGGTCCCACATAGCT-1,SA609X4XB003083,R
.cache/TENX069/filtered_feature_bc_matrix,AGGGTGAGTTTACCTT-1,SA609X4XB003083_AGGGTGAGTTTACCTT-1,SA609X4XB003083,R
.cache/TENX069/filtered_feature_bc_matrix,AGGGTGATCTGACCCT-1,SA609X4XB003083_AGGGTGATCTGACCCT-1,SA609X4XB003083,B
.cache/TENX069/filtered_feature_bc_matrix,AGGGTTTAGCTCGGCT-1,SA609X4XB003083_AGGGTTTAGCTCGGCT-1,SA609X4XB003083,R
.cache/TENX069/filtered_feature_bc_matrix,AGGTCATAGCATCCTA-1,SA609X4XB003083_AGGTCATAGCATCCTA-1,SA609X4XB003083,R
.cache/TENX069/filtered_feature_bc_matrix,AGGTCATAGGGAGGGT-1,SA609X4XB003083_AGGTCATAGGGAGGGT-1,SA609X4XB003083,B
.cache/TENX069/filtered_feature_bc_matrix,AGGTCATCACGACTAT-1,SA609X4XB003083_AGGTCATCACGACTAT-1,SA609X4XB003083,R
.cache/TENX069/filtered_feature_bc_matrix,AGGTCTATCCACGAAT-1,SA609X4XB003083_AGGTCTATCCACGAAT-1,SA609X4XB003083,R
.cache/TENX069/filtered_feature_bc_matrix,AGGTCTATCGTGGCTG-1,SA609X4XB003083_AGGTCTATCGTGGCTG-1,SA609X4XB003083,B
.cache/TENX069/filtered_feature_bc_matrix,AGGTTGTAGCGCTGCT-1,SA609X4XB003083_AGGTTGTAGCGCTGCT-1,SA609X4XB003083,R
.cache/TENX069/filtered_feature_bc_matrix,AGTAGCTAGAGTAACT-1,SA609X4XB003083_AGTAGCTAGAGTAACT-1,SA609X4XB003083,R
.cache/TENX069/filtered_feature_bc_matrix,AGTAGTCAGTGTCATC-1,SA609X4XB003083_AGTAGTCAGTGTCATC-1,SA609X4XB003083,R
.cache/TENX069/filtered_feature_bc_matrix,AGTAGTCGTACGACTT-1,SA609X4XB003083_AGTAGTCGTACGACTT-1,SA609X4XB003083,R
.cache/TENX069/filtered_feature_bc_matrix,AGTCTCCAGATCCCGC-1,SA609X4XB003083_AGTCTCCAGATCCCGC-1,SA609X4XB003083,B
.cache/TENX069/filtered_feature_bc_matrix,AGTGTTGTCTGACCCT-1,SA609X4XB003083_AGTGTTGTCTGACCCT-1,SA609X4XB003083,R
.cache/TENX069/filtered_feature_bc_matrix,AGTTCGATCATACGAC-1,SA609X4XB003083_AGTTCGATCATACGAC-1,SA609X4XB003083,R
.cache/TENX069/filtered_feature_bc_matrix,AGTTCGATCCCGGTAG-1,SA609X4XB003083_AGTTCGATCCCGGTAG-1,SA609X4XB003083,B
.cache/TENX069/filtered_feature_bc_matrix,ATACCGAGTGATGGCA-1,SA609X4XB003083_ATACCGAGTGATGGCA-1,SA609X4XB003083,R
.cache/TENX069/filtered_feature_bc_matrix,ATACCGATCCAGTTCC-1,SA609X4XB003083_ATACCGATCCAGTTCC-1,SA609X4XB003083,R
.cache/TENX069/filtered_feature_bc_matrix,ATACCTTAGAGAATCT-1,SA609X4XB003083_ATACCTTAGAGAATCT-1,SA609X4XB003083,B
.cache/TENX069/filtered_feature_bc_matrix,ATACTTCCACTCACTC-1,SA609X4XB003083_ATACTTCCACTCACTC-1,SA609X4XB003083,R
.cache/TENX069/filtered_feature_bc_matrix,ATACTTCTCCGTTGAA-1,SA609X4XB003083_ATACTTCTCCGTTGAA-1,SA609X4XB003083,B
.cache/TENX069/filtered_feature_bc_matrix,ATAGAGACAGTCGGAA-1,SA609X4XB003083_ATAGAGACAGTCGGAA-1,SA609X4XB003083,R
.cache/TENX069/filtered_feature_bc_matrix,ATAGGCTCAGCAGAAC-1,SA609X4XB003083_ATAGGCTCAGCAGAAC-1,SA609X4XB003083,R
.cache/TENX069/filtered_feature_bc_matrix,ATATCCTGTCATAACC-1,SA609X4XB003083_ATATCCTGTCATAACC-1,SA609X4XB003083,R
.cache/TENX069/filtered_feature_bc_matrix,ATCACGAAGCGCTGAA-1,SA609X4XB003083_ATCACGAAGCGCTGAA-1,SA609X4XB003083,R
.cache/TENX069/filtered_feature_bc_matrix,ATCACTTCATGGCACC-1,SA609X4XB003083_ATCACTTCATGGCACC-1,SA609X4XB003083,D
.cache/TENX069/filtered_feature_bc_matrix,ATCATTCAGCTGAGCA-1,SA609X4XB003083_ATCATTCAGCTGAGCA-1,SA609X4XB003083,R
.cache/TENX069/filtered_feature_bc_matrix,ATCATTCCAGGTGTTT-1,SA609X4XB003083_ATCATTCCAGGTGTTT-1,SA609X4XB003083,R
.cache/TENX069/filtered_feature_bc_matrix,ATCCCTGTCCGACGGT-1,SA609X4XB003083_ATCCCTGTCCGACGGT-1,SA609X4XB003083,R
.cache/TENX069/filtered_feature_bc_matrix,ATCCGTCGTATCGTAC-1,SA609X4XB003083_ATCCGTCGTATCGTAC-1,SA609X4XB003083,R
.cache/TENX069/filtered_feature_bc_matrix,ATCCTATCATCTCGTC-1,SA609X4XB003083_ATCCTATCATCTCGTC-1,SA609X4XB003083,B
.cache/TENX069/filtered_feature_bc_matrix,ATCCTATGTTGGACCC-1,SA609X4XB003083_ATCCTATGTTGGACCC-1,SA609X4XB003083,B
.cache/TENX069/filtered_feature_bc_matrix,ATCGATGCAATGTTGC-1,SA609X4XB003083_ATCGATGCAATGTTGC-1,SA609X4XB003083,R
.cache/TENX069/filtered_feature_bc_matrix,ATCGATGGTAGACTGG-1,SA609X4XB003083_ATCGATGGTAGACTGG-1,SA609X4XB003083,R
.cache/TENX069/filtered_feature_bc_matrix,ATCGTCCAGTTCCTGA-1,SA609X4XB003083_ATCGTCCAGTTCCTGA-1,SA609X4XB003083,B
.cache/TENX069/filtered_feature_bc_matrix,ATCGTGAAGCAGTCTT-1,SA609X4XB003083_ATCGTGAAGCAGTCTT-1,SA609X4XB003083,R
.cache/TENX069/filtered_feature_bc_matrix,ATCGTGAGTCGGCACT-1,SA609X4XB003083_ATCGTGAGTCGGCACT-1,SA609X4XB003083,R
.cache/TENX069/filtered_feature_bc_matrix,ATCTCTACACTATGTG-1,SA609X4XB003083_ATCTCTACACTATGTG-1,SA609X4XB003083,B
.cache/TENX069/filtered_feature_bc_matrix,ATCTCTAGTCCATAGT-1,SA609X4XB003083_ATCTCTAGTCCATAGT-1,SA609X4XB003083,R
.cache/TENX069/filtered_feature_bc_matrix,ATCTCTATCCTGGGTG-1,SA609X4XB003083_ATCTCTATCCTGGGTG-1,SA609X4XB003083,R
.cache/TENX069/filtered_feature_bc_matrix,ATCTTCACACTTTATC-1,SA609X4XB003083_ATCTTCACACTTTATC-1,SA609X4XB003083,B
.cache/TENX069/filtered_feature_bc_matrix,ATCTTCAGTGGAACAC-1,SA609X4XB003083_ATCTTCAGTGGAACAC-1,SA609X4XB003083,B
.cache/TENX069/filtered_feature_bc_matrix,ATGAGTCCAAACTCTG-1,SA609X4XB003083_ATGAGTCCAAACTCTG-1,SA609X4XB003083,R
.cache/TENX069/filtered_feature_bc_matrix,ATGCATGTCCTCATAT-1,SA609X4XB003083_ATGCATGTCCTCATAT-1,SA609X4XB003083,D
.cache/TENX069/filtered_feature_bc_matrix,ATGCATGTCCTGGGTG-1,SA609X4XB003083_ATGCATGTCCTGGGTG-1,SA609X4XB003083,R
.cache/TENX069/filtered_feature_bc_matrix,ATGCCTCGTCGTCAGC-1,SA609X4XB003083_ATGCCTCGTCGTCAGC-1,SA609X4XB003083,B
.cache/TENX069/filtered_feature_bc_matrix,ATGTCTTCATTGACCA-1,SA609X4XB003083_ATGTCTTCATTGACCA-1,SA609X4XB003083,R
.cache/TENX069/filtered_feature_bc_matrix,ATGTCTTTCCACCTGT-1,SA609X4XB003083_ATGTCTTTCCACCTGT-1,SA609X4XB003083,R
.cache/TENX069/filtered_feature_bc_matrix,ATTACCTAGTCTCCTC-1,SA609X4XB003083_ATTACCTAGTCTCCTC-1,SA609X4XB003083,R
.cache/TENX069/filtered_feature_bc_matrix,ATTACCTCAAGCGCAA-1,SA609X4XB003083_ATTACCTCAAGCGCAA-1,SA609X4XB003083,R
.cache/TENX069/filtered_feature_bc_matrix,ATTCAGGGTCTGTGTA-1,SA609X4XB003083_ATTCAGGGTCTGTGTA-1,SA609X4XB003083,B
.cache/TENX069/filtered_feature_bc_matrix,ATTCCCGAGGAGTACC-1,SA609X4XB003083_ATTCCCGAGGAGTACC-1,SA609X4XB003083,R
.cache/TENX069/filtered_feature_bc_matrix,ATTCCTACAACCAACT-1,SA609X4XB003083_ATTCCTACAACCAACT-1,SA609X4XB003083,R
.cache/TENX069/filtered_feature_bc_matrix,ATTCCTATCCGTATAG-1,SA609X4XB003083_ATTCCTATCCGTATAG-1,SA609X4XB003083,R
.cache/TENX069/filtered_feature_bc_matrix,ATTCGTTGTCAACATC-1,SA609X4XB003083_ATTCGTTGTCAACATC-1,SA609X4XB003083,B
.cache/TENX069/filtered_feature_bc_matrix,ATTCGTTGTGACCGAA-1,SA609X4XB003083_ATTCGTTGTGACCGAA-1,SA609X4XB003083,R
.cache/TENX069/filtered_feature_bc_matrix,ATTGTTCAGACGCCAA-1,SA609X4XB003083_ATTGTTCAGACGCCAA-1,SA609X4XB003083,R
.cache/TENX069/filtered_feature_bc_matrix,CAACCAACATCGGAGA-1,SA609X4XB003083_CAACCAACATCGGAGA-1,SA609X4XB003083,B
.cache/TENX069/filtered_feature_bc_matrix,CAACCTCGTTGTGCCG-1,SA609X4XB003083_CAACCTCGTTGTGCCG-1,SA609X4XB003083,B
.cache/TENX069/filtered_feature_bc_matrix,CAACGATAGAGGTGCT-1,SA609X4XB003083_CAACGATAGAGGTGCT-1,SA609X4XB003083,B
.cache/TENX069/filtered_feature_bc_matrix,CAAGAGGAGGAGTCTG-1,SA609X4XB003083_CAAGAGGAGGAGTCTG-1,SA609X4XB003083,R
.cache/TENX069/filtered_feature_bc_matrix,CAAGGGACATGCCGCA-1,SA609X4XB003083_CAAGGGACATGCCGCA-1,SA609X4XB003083,R
.cache/TENX069/filtered_feature_bc_matrix,CACAACACACATAGCT-1,SA609X4XB003083_CACAACACACATAGCT-1,SA609X4XB003083,R
.cache/TENX069/filtered_feature_bc_matrix,CACAGATGTATGACAA-1,SA609X4XB003083_CACAGATGTATGACAA-1,SA609X4XB003083,R
.cache/TENX069/filtered_feature_bc_matrix,CACAGGCAGGATCATA-1,SA609X4XB003083_CACAGGCAGGATCATA-1,SA609X4XB003083,R
.cache/TENX069/filtered_feature_bc_matrix,CACAGGCAGGCGAACT-1,SA609X4XB003083_CACAGGCAGGCGAACT-1,SA609X4XB003083,B
.cache/TENX069/filtered_feature_bc_matrix,CACAGGCTCACTGTTT-1,SA609X4XB003083_CACAGGCTCACTGTTT-1,SA609X4XB003083,B
.cache/TENX069/filtered_feature_bc_matrix,CACCGTTGTACTCGTA-1,SA609X4XB003083_CACCGTTGTACTCGTA-1,SA609X4XB003083,R
.cache/TENX069/filtered_feature_bc_matrix,CACGGGTAGTTGGCTT-1,SA609X4XB003083_CACGGGTAGTTGGCTT-1,SA609X4XB003083,R
.cache/TENX069/filtered_feature_bc_matrix,CACGTGGGTTCCGCAG-1,SA609X4XB003083_CACGTGGGTTCCGCAG-1,SA609X4XB003083,R
.cache/TENX069/filtered_feature_bc_matrix,CACTAAGGTGCAAGAC-1,SA609X4XB003083_CACTAAGGTGCAAGAC-1,SA609X4XB003083,R
.cache/TENX069/filtered_feature_bc_matrix,CACTAAGGTGCCTGCA-1,SA609X4XB003083_CACTAAGGTGCCTGCA-1,SA609X4XB003083,B
.cache/TENX069/filtered_feature_bc_matrix,CACTGGGAGCATTTGC-1,SA609X4XB003083_CACTGGGAGCATTTGC-1,SA609X4XB003083,R
.cache/TENX069/filtered_feature_bc_matrix,CACTGGGCAGTATTCG-1,SA609X4XB003083_CACTGGGCAGTATTCG-1,SA609X4XB003083,R
.cache/TENX069/filtered_feature_bc_matrix,CACTGTCCAGTATTCG-1,SA609X4XB003083_CACTGTCCAGTATTCG-1,SA609X4XB003083,R
.cache/TENX069/filtered_feature_bc_matrix,CACTGTCGTTCCAAAC-1,SA609X4XB003083_CACTGTCGTTCCAAAC-1,SA609X4XB003083,B
.cache/TENX069/filtered_feature_bc_matrix,CACTTCGCAAAGCTCT-1,SA609X4XB003083_CACTTCGCAAAGCTCT-1,SA609X4XB003083,R
.cache/TENX069/filtered_feature_bc_matrix,CAGAGCCAGCATCCTA-1,SA609X4XB003083_CAGAGCCAGCATCCTA-1,SA609X4XB003083,R
.cache/TENX069/filtered_feature_bc_matrix,CAGAGCCAGTTGAATG-1,SA609X4XB003083_CAGAGCCAGTTGAATG-1,SA609X4XB003083,R
.cache/TENX069/filtered_feature_bc_matrix,CAGAGCCGTGCCTGAC-1,SA609X4XB003083_CAGAGCCGTGCCTGAC-1,SA609X4XB003083,R
.cache/TENX069/filtered_feature_bc_matrix,CAGAGCCGTGTCCGGT-1,SA609X4XB003083_CAGAGCCGTGTCCGGT-1,SA609X4XB003083,R
.cache/TENX069/filtered_feature_bc_matrix,CAGAGCCTCCGTGGTG-1,SA609X4XB003083_CAGAGCCTCCGTGGTG-1,SA609X4XB003083,R
.cache/TENX069/filtered_feature_bc_matrix,CAGCAATCAGTGTGGA-1,SA609X4XB003083_CAGCAATCAGTGTGGA-1,SA609X4XB003083,R
.cache/TENX069/filtered_feature_bc_matrix,CAGCACGGTCCCAAAT-1,SA609X4XB003083_CAGCACGGTCCCAAAT-1,SA609X4XB003083,B
.cache/TENX069/filtered_feature_bc_matrix,CAGCCAGAGCAAATCA-1,SA609X4XB003083_CAGCCAGAGCAAATCA-1,SA609X4XB003083,R
.cache/TENX069/filtered_feature_bc_matrix,CAGCCAGGTTGCTTGA-1,SA609X4XB003083_CAGCCAGGTTGCTTGA-1,SA609X4XB003083,R
.cache/TENX069/filtered_feature_bc_matrix,CAGGCCACATACCATG-1,SA609X4XB003083_CAGGCCACATACCATG-1,SA609X4XB003083,B
.cache/TENX069/filtered_feature_bc_matrix,CAGGCCAGTTCCTAAG-1,SA609X4XB003083_CAGGCCAGTTCCTAAG-1,SA609X4XB003083,R
.cache/TENX069/filtered_feature_bc_matrix,CAGGCCATCGAATGCT-1,SA609X4XB003083_CAGGCCATCGAATGCT-1,SA609X4XB003083,R
.cache/TENX069/filtered_feature_bc_matrix,CAGGTATTCCGTAGGC-1,SA609X4XB003083_CAGGTATTCCGTAGGC-1,SA609X4XB003083,B
.cache/TENX069/filtered_feature_bc_matrix,CAGTTAGGTATATGGA-1,SA609X4XB003083_CAGTTAGGTATATGGA-1,SA609X4XB003083,R
.cache/TENX069/filtered_feature_bc_matrix,CATAAGCAGAAGAGCA-1,SA609X4XB003083_CATAAGCAGAAGAGCA-1,SA609X4XB003083,R
.cache/TENX069/filtered_feature_bc_matrix,CATACAGAGCCTCAAT-1,SA609X4XB003083_CATACAGAGCCTCAAT-1,SA609X4XB003083,R
.cache/TENX069/filtered_feature_bc_matrix,CATACCCAGAGTTGTA-1,SA609X4XB003083_CATACCCAGAGTTGTA-1,SA609X4XB003083,B
.cache/TENX069/filtered_feature_bc_matrix,CATACCCAGTCCCTAA-1,SA609X4XB003083_CATACCCAGTCCCTAA-1,SA609X4XB003083,B
.cache/TENX069/filtered_feature_bc_matrix,CATACTTCAATGCTCA-1,SA609X4XB003083_CATACTTCAATGCTCA-1,SA609X4XB003083,R
.cache/TENX069/filtered_feature_bc_matrix,CATCAAGAGAGGCGGA-1,SA609X4XB003083_CATCAAGAGAGGCGGA-1,SA609X4XB003083,R
.cache/TENX069/filtered_feature_bc_matrix,CATCAAGCAGTTGGTT-1,SA609X4XB003083_CATCAAGCAGTTGGTT-1,SA609X4XB003083,R
.cache/TENX069/filtered_feature_bc_matrix,CATCCCAAGGCCCAAA-1,SA609X4XB003083_CATCCCAAGGCCCAAA-1,SA609X4XB003083,R
.cache/TENX069/filtered_feature_bc_matrix,CATCCCACAGCGCTTG-1,SA609X4XB003083_CATCCCACAGCGCTTG-1,SA609X4XB003083,R
.cache/TENX069/filtered_feature_bc_matrix,CATCCGTTCCTATTGT-1,SA609X4XB003083_CATCCGTTCCTATTGT-1,SA609X4XB003083,R
.cache/TENX069/filtered_feature_bc_matrix,CATGAGTCAAGCAATA-1,SA609X4XB003083_CATGAGTCAAGCAATA-1,SA609X4XB003083,R
.cache/TENX069/filtered_feature_bc_matrix,CATGCAAAGTTCGGTT-1,SA609X4XB003083_CATGCAAAGTTCGGTT-1,SA609X4XB003083,B
.cache/TENX069/filtered_feature_bc_matrix,CATGGATTCTTGGATG-1,SA609X4XB003083_CATGGATTCTTGGATG-1,SA609X4XB003083,B
.cache/TENX069/filtered_feature_bc_matrix,CATGGTAGTCACCACG-1,SA609X4XB003083_CATGGTAGTCACCACG-1,SA609X4XB003083,R
.cache/TENX069/filtered_feature_bc_matrix,CATTCATTCTGCCCTA-1,SA609X4XB003083_CATTCATTCTGCCCTA-1,SA609X4XB003083,R
.cache/TENX069/filtered_feature_bc_matrix,CATTCCGAGGTAAAGG-1,SA609X4XB003083_CATTCCGAGGTAAAGG-1,SA609X4XB003083,R
.cache/TENX069/filtered_feature_bc_matrix,CATTCTAAGAGTGTTA-1,SA609X4XB003083_CATTCTAAGAGTGTTA-1,SA609X4XB003083,R
.cache/TENX069/filtered_feature_bc_matrix,CATTGTTTCTTGGTGA-1,SA609X4XB003083_CATTGTTTCTTGGTGA-1,SA609X4XB003083,R
.cache/TENX069/filtered_feature_bc_matrix,CATTTCAGTCACCTTC-1,SA609X4XB003083_CATTTCAGTCACCTTC-1,SA609X4XB003083,C
.cache/TENX069/filtered_feature_bc_matrix,CATTTCAGTTACGGAG-1,SA609X4XB003083_CATTTCAGTTACGGAG-1,SA609X4XB003083,C
.cache/TENX069/filtered_feature_bc_matrix,CCAATTTGTGTAACGG-1,SA609X4XB003083_CCAATTTGTGTAACGG-1,SA609X4XB003083,R
.cache/TENX069/filtered_feature_bc_matrix,CCACAAATCTCGGGAC-1,SA609X4XB003083_CCACAAATCTCGGGAC-1,SA609X4XB003083,R
.cache/TENX069/filtered_feature_bc_matrix,CCACACTCAAGTGGAC-1,SA609X4XB003083_CCACACTCAAGTGGAC-1,SA609X4XB003083,R
.cache/TENX069/filtered_feature_bc_matrix,CCACACTTCGCATAGT-1,SA609X4XB003083_CCACACTTCGCATAGT-1,SA609X4XB003083,B
.cache/TENX069/filtered_feature_bc_matrix,CCACCATCATGTAACC-1,SA609X4XB003083_CCACCATCATGTAACC-1,SA609X4XB003083,R
.cache/TENX069/filtered_feature_bc_matrix,CCACGAGAGGCCTGAA-1,SA609X4XB003083_CCACGAGAGGCCTGAA-1,SA609X4XB003083,R
.cache/TENX069/filtered_feature_bc_matrix,CCATCACGTGAGATTA-1,SA609X4XB003083_CCATCACGTGAGATTA-1,SA609X4XB003083,R
.cache/TENX069/filtered_feature_bc_matrix,CCCATTGAGCTTGTTG-1,SA609X4XB003083_CCCATTGAGCTTGTTG-1,SA609X4XB003083,R
.cache/TENX069/filtered_feature_bc_matrix,CCCGGAAAGTCGGGAT-1,SA609X4XB003083_CCCGGAAAGTCGGGAT-1,SA609X4XB003083,R
.cache/TENX069/filtered_feature_bc_matrix,CCCTAACGTCCCGTGA-1,SA609X4XB003083_CCCTAACGTCCCGTGA-1,SA609X4XB003083,R
.cache/TENX069/filtered_feature_bc_matrix,CCCTCTCTCGCCGTGA-1,SA609X4XB003083_CCCTCTCTCGCCGTGA-1,SA609X4XB003083,B
.cache/TENX069/filtered_feature_bc_matrix,CCGATCTAGCAATAGT-1,SA609X4XB003083_CCGATCTAGCAATAGT-1,SA609X4XB003083,R
.cache/TENX069/filtered_feature_bc_matrix,CCGGGTAAGCTGAAAT-1,SA609X4XB003083_CCGGGTAAGCTGAAAT-1,SA609X4XB003083,B
.cache/TENX069/filtered_feature_bc_matrix,CCTAACCTCCTCATAT-1,SA609X4XB003083_CCTAACCTCCTCATAT-1,SA609X4XB003083,R
.cache/TENX069/filtered_feature_bc_matrix,CCTAAGATCGTCCATC-1,SA609X4XB003083_CCTAAGATCGTCCATC-1,SA609X4XB003083,R
.cache/TENX069/filtered_feature_bc_matrix,CCTATCGCACTCCACT-1,SA609X4XB003083_CCTATCGCACTCCACT-1,SA609X4XB003083,R
.cache/TENX069/filtered_feature_bc_matrix,CCTCAACAGACAAGCC-1,SA609X4XB003083_CCTCAACAGACAAGCC-1,SA609X4XB003083,R
.cache/TENX069/filtered_feature_bc_matrix,CCTCCTCGTAACAAGT-1,SA609X4XB003083_CCTCCTCGTAACAAGT-1,SA609X4XB003083,B
.cache/TENX069/filtered_feature_bc_matrix,CCTCTCCTCCGATGTA-1,SA609X4XB003083_CCTCTCCTCCGATGTA-1,SA609X4XB003083,R
.cache/TENX069/filtered_feature_bc_matrix,CCTGCATCAGACCTGC-1,SA609X4XB003083_CCTGCATCAGACCTGC-1,SA609X4XB003083,R
.cache/TENX069/filtered_feature_bc_matrix,CCTGCATGTGAGGATC-1,SA609X4XB003083_CCTGCATGTGAGGATC-1,SA609X4XB003083,R
.cache/TENX069/filtered_feature_bc_matrix,CCTTTGGCATAGTCAC-1,SA609X4XB003083_CCTTTGGCATAGTCAC-1,SA609X4XB003083,R
.cache/TENX069/filtered_feature_bc_matrix,CGAAGGACAGTCGCAC-1,SA609X4XB003083_CGAAGGACAGTCGCAC-1,SA609X4XB003083,R
.cache/TENX069/filtered_feature_bc_matrix,CGAAGGACATCCGGCA-1,SA609X4XB003083_CGAAGGACATCCGGCA-1,SA609X4XB003083,R
.cache/TENX069/filtered_feature_bc_matrix,CGAGAAGAGTCCCAGC-1,SA609X4XB003083_CGAGAAGAGTCCCAGC-1,SA609X4XB003083,B
.cache/TENX069/filtered_feature_bc_matrix,CGAGAAGGTACCTAAC-1,SA609X4XB003083_CGAGAAGGTACCTAAC-1,SA609X4XB003083,R
.cache/TENX069/filtered_feature_bc_matrix,CGAGGAAGTGACTCTA-1,SA609X4XB003083_CGAGGAAGTGACTCTA-1,SA609X4XB003083,D
.cache/TENX069/filtered_feature_bc_matrix,CGAGGCTGTTATAGCC-1,SA609X4XB003083_CGAGGCTGTTATAGCC-1,SA609X4XB003083,R
.cache/TENX069/filtered_feature_bc_matrix,CGAGTTAAGATCCGAG-1,SA609X4XB003083_CGAGTTAAGATCCGAG-1,SA609X4XB003083,R
.cache/TENX069/filtered_feature_bc_matrix,CGAGTTAGTAGTGCGA-1,SA609X4XB003083_CGAGTTAGTAGTGCGA-1,SA609X4XB003083,R
.cache/TENX069/filtered_feature_bc_matrix,CGATCGGAGGTCGTAG-1,SA609X4XB003083_CGATCGGAGGTCGTAG-1,SA609X4XB003083,D
.cache/TENX069/filtered_feature_bc_matrix,CGATCGGTCGGTCTAA-1,SA609X4XB003083_CGATCGGTCGGTCTAA-1,SA609X4XB003083,B
.cache/TENX069/filtered_feature_bc_matrix,CGATGCGCAATCGCGC-1,SA609X4XB003083_CGATGCGCAATCGCGC-1,SA609X4XB003083,B
.cache/TENX069/filtered_feature_bc_matrix,CGATGGCGTCCCTAAA-1,SA609X4XB003083_CGATGGCGTCCCTAAA-1,SA609X4XB003083,R
.cache/TENX069/filtered_feature_bc_matrix,CGATGGCTCCGCGATG-1,SA609X4XB003083_CGATGGCTCCGCGATG-1,SA609X4XB003083,R
.cache/TENX069/filtered_feature_bc_matrix,CGCATAAGTAACTAAG-1,SA609X4XB003083_CGCATAAGTAACTAAG-1,SA609X4XB003083,B
.cache/TENX069/filtered_feature_bc_matrix,CGGACACAGACGAAGA-1,SA609X4XB003083_CGGACACAGACGAAGA-1,SA609X4XB003083,B
.cache/TENX069/filtered_feature_bc_matrix,CGGACACGTATCAGCT-1,SA609X4XB003083_CGGACACGTATCAGCT-1,SA609X4XB003083,R
.cache/TENX069/filtered_feature_bc_matrix,CGGAGAAGTCAACCTA-1,SA609X4XB003083_CGGAGAAGTCAACCTA-1,SA609X4XB003083,R
.cache/TENX069/filtered_feature_bc_matrix,CGGAGAAGTTACGATC-1,SA609X4XB003083_CGGAGAAGTTACGATC-1,SA609X4XB003083,R
.cache/TENX069/filtered_feature_bc_matrix,CGGCAGTAGTAGGTTA-1,SA609X4XB003083_CGGCAGTAGTAGGTTA-1,SA609X4XB003083,R
.cache/TENX069/filtered_feature_bc_matrix,CGGGCATAGGGAGTTC-1,SA609X4XB003083_CGGGCATAGGGAGTTC-1,SA609X4XB003083,R
.cache/TENX069/filtered_feature_bc_matrix,CGGGTCACACCCTGAG-1,SA609X4XB003083_CGGGTCACACCCTGAG-1,SA609X4XB003083,R
.cache/TENX069/filtered_feature_bc_matrix,CGGGTCAGTCAAGGCA-1,SA609X4XB003083_CGGGTCAGTCAAGGCA-1,SA609X4XB003083,R
.cache/TENX069/filtered_feature_bc_matrix,CGGGTCAGTCATACCA-1,SA609X4XB003083_CGGGTCAGTCATACCA-1,SA609X4XB003083,B
.cache/TENX069/filtered_feature_bc_matrix,CGGGTGTGTCGTTTCC-1,SA609X4XB003083_CGGGTGTGTCGTTTCC-1,SA609X4XB003083,B
.cache/TENX069/filtered_feature_bc_matrix,CGTAAGTAGGTCCTGC-1,SA609X4XB003083_CGTAAGTAGGTCCTGC-1,SA609X4XB003083,R
.cache/TENX069/filtered_feature_bc_matrix,CGTAAGTTCTAGTTCT-1,SA609X4XB003083_CGTAAGTTCTAGTTCT-1,SA609X4XB003083,R
.cache/TENX069/filtered_feature_bc_matrix,CGTAATGTCCGAGGCT-1,SA609X4XB003083_CGTAATGTCCGAGGCT-1,SA609X4XB003083,B
.cache/TENX069/filtered_feature_bc_matrix,CGTGTCTGTTTAGAGA-1,SA609X4XB003083_CGTGTCTGTTTAGAGA-1,SA609X4XB003083,B
.cache/TENX069/filtered_feature_bc_matrix,CGTTAGACACGCTATA-1,SA609X4XB003083_CGTTAGACACGCTATA-1,SA609X4XB003083,R
.cache/TENX069/filtered_feature_bc_matrix,CGTTAGATCGGCATAT-1,SA609X4XB003083_CGTTAGATCGGCATAT-1,SA609X4XB003083,R
.cache/TENX069/filtered_feature_bc_matrix,CGTTCTGAGGCTCTAT-1,SA609X4XB003083_CGTTCTGAGGCTCTAT-1,SA609X4XB003083,R
.cache/TENX069/filtered_feature_bc_matrix,CGTTCTGGTCTTGAAC-1,SA609X4XB003083_CGTTCTGGTCTTGAAC-1,SA609X4XB003083,R
.cache/TENX069/filtered_feature_bc_matrix,CTAACCCGTGATTCTG-1,SA609X4XB003083_CTAACCCGTGATTCTG-1,SA609X4XB003083,R
.cache/TENX069/filtered_feature_bc_matrix,CTAACTTGTGTTCGAT-1,SA609X4XB003083_CTAACTTGTGTTCGAT-1,SA609X4XB003083,R
.cache/TENX069/filtered_feature_bc_matrix,CTAACTTTCCACTTCG-1,SA609X4XB003083_CTAACTTTCCACTTCG-1,SA609X4XB003083,R
.cache/TENX069/filtered_feature_bc_matrix,CTAAGTGTCTAATTCC-1,SA609X4XB003083_CTAAGTGTCTAATTCC-1,SA609X4XB003083,R
.cache/TENX069/filtered_feature_bc_matrix,CTACAGAAGTAATCCC-1,SA609X4XB003083_CTACAGAAGTAATCCC-1,SA609X4XB003083,B
.cache/TENX069/filtered_feature_bc_matrix,CTATAGGAGCCTGTCG-1,SA609X4XB003083_CTATAGGAGCCTGTCG-1,SA609X4XB003083,B
.cache/TENX069/filtered_feature_bc_matrix,CTATCCGGTAACGTTC-1,SA609X4XB003083_CTATCCGGTAACGTTC-1,SA609X4XB003083,R
.cache/TENX069/filtered_feature_bc_matrix,CTATCTAGTACGGATG-1,SA609X4XB003083_CTATCTAGTACGGATG-1,SA609X4XB003083,R
.cache/TENX069/filtered_feature_bc_matrix,CTCACTGAGAATGTTG-1,SA609X4XB003083_CTCACTGAGAATGTTG-1,SA609X4XB003083,R
.cache/TENX069/filtered_feature_bc_matrix,CTCACTGCAATAGGAT-1,SA609X4XB003083_CTCACTGCAATAGGAT-1,SA609X4XB003083,R
.cache/TENX069/filtered_feature_bc_matrix,CTCAGAATCTGCGATA-1,SA609X4XB003083_CTCAGAATCTGCGATA-1,SA609X4XB003083,B
.cache/TENX069/filtered_feature_bc_matrix,CTCAGGGTCAGCCCAG-1,SA609X4XB003083_CTCAGGGTCAGCCCAG-1,SA609X4XB003083,B
.cache/TENX069/filtered_feature_bc_matrix,CTCATCGAGATCGCTT-1,SA609X4XB003083_CTCATCGAGATCGCTT-1,SA609X4XB003083,B
.cache/TENX069/filtered_feature_bc_matrix,CTCATGCAGTCATCCA-1,SA609X4XB003083_CTCATGCAGTCATCCA-1,SA609X4XB003083,B
.cache/TENX069/filtered_feature_bc_matrix,CTCATGCGTCAGGCAA-1,SA609X4XB003083_CTCATGCGTCAGGCAA-1,SA609X4XB003083,B
.cache/TENX069/filtered_feature_bc_matrix,CTCATTATCTAACACG-1,SA609X4XB003083_CTCATTATCTAACACG-1,SA609X4XB003083,R
.cache/TENX069/filtered_feature_bc_matrix,CTCCATGCACGTCGTG-1,SA609X4XB003083_CTCCATGCACGTCGTG-1,SA609X4XB003083,R
.cache/TENX069/filtered_feature_bc_matrix,CTCCCAACACCCAAGC-1,SA609X4XB003083_CTCCCAACACCCAAGC-1,SA609X4XB003083,R
.cache/TENX069/filtered_feature_bc_matrix,CTCCCAATCCTTATGT-1,SA609X4XB003083_CTCCCAATCCTTATGT-1,SA609X4XB003083,B
.cache/TENX069/filtered_feature_bc_matrix,CTCCCTCAGGTTGACG-1,SA609X4XB003083_CTCCCTCAGGTTGACG-1,SA609X4XB003083,R
.cache/TENX069/filtered_feature_bc_matrix,CTCCCTCCACGTTGGC-1,SA609X4XB003083_CTCCCTCCACGTTGGC-1,SA609X4XB003083,B
.cache/TENX069/filtered_feature_bc_matrix,CTCGAGGGTAGGCTGA-1,SA609X4XB003083_CTCGAGGGTAGGCTGA-1,SA609X4XB003083,R
.cache/TENX069/filtered_feature_bc_matrix,CTCTCAGAGACATCCT-1,SA609X4XB003083_CTCTCAGAGACATCCT-1,SA609X4XB003083,R
.cache/TENX069/filtered_feature_bc_matrix,CTCTCGAAGTCATGAA-1,SA609X4XB003083_CTCTCGAAGTCATGAA-1,SA609X4XB003083,R
.cache/TENX069/filtered_feature_bc_matrix,CTCTCGACATGGCACC-1,SA609X4XB003083_CTCTCGACATGGCACC-1,SA609X4XB003083,B
.cache/TENX069/filtered_feature_bc_matrix,CTGAATGGTGGCTTAT-1,SA609X4XB003083_CTGAATGGTGGCTTAT-1,SA609X4XB003083,R
.cache/TENX069/filtered_feature_bc_matrix,CTGATCCGTGTCTTAG-1,SA609X4XB003083_CTGATCCGTGTCTTAG-1,SA609X4XB003083,R
.cache/TENX069/filtered_feature_bc_matrix,CTGCAGGAGACTCAAA-1,SA609X4XB003083_CTGCAGGAGACTCAAA-1,SA609X4XB003083,B
.cache/TENX069/filtered_feature_bc_matrix,CTGCATCCACTATCCC-1,SA609X4XB003083_CTGCATCCACTATCCC-1,SA609X4XB003083,R
.cache/TENX069/filtered_feature_bc_matrix,CTGCCATAGCATCGAG-1,SA609X4XB003083_CTGCCATAGCATCGAG-1,SA609X4XB003083,R
.cache/TENX069/filtered_feature_bc_matrix,CTGCCATCAGGCGTTC-1,SA609X4XB003083_CTGCCATCAGGCGTTC-1,SA609X4XB003083,R
.cache/TENX069/filtered_feature_bc_matrix,CTGCGAGTCGACGAGA-1,SA609X4XB003083_CTGCGAGTCGACGAGA-1,SA609X4XB003083,R
.cache/TENX069/filtered_feature_bc_matrix,CTGCTCAAGTTTGTCG-1,SA609X4XB003083_CTGCTCAAGTTTGTCG-1,SA609X4XB003083,R
.cache/TENX069/filtered_feature_bc_matrix,CTGGACGCACTACGGC-1,SA609X4XB003083_CTGGACGCACTACGGC-1,SA609X4XB003083,B
.cache/TENX069/filtered_feature_bc_matrix,CTGGACGTCTGTCGCT-1,SA609X4XB003083_CTGGACGTCTGTCGCT-1,SA609X4XB003083,B
.cache/TENX069/filtered_feature_bc_matrix,CTGGCAGAGATGTTAG-1,SA609X4XB003083_CTGGCAGAGATGTTAG-1,SA609X4XB003083,B
.cache/TENX069/filtered_feature_bc_matrix,CTGGCAGGTATCTTCT-1,SA609X4XB003083_CTGGCAGGTATCTTCT-1,SA609X4XB003083,R
.cache/TENX069/filtered_feature_bc_matrix,CTGGTCTAGGCTGAAC-1,SA609X4XB003083_CTGGTCTAGGCTGAAC-1,SA609X4XB003083,R
.cache/TENX069/filtered_feature_bc_matrix,CTGTACCAGGTCGTGA-1,SA609X4XB003083_CTGTACCAGGTCGTGA-1,SA609X4XB003083,R
.cache/TENX069/filtered_feature_bc_matrix,CTGTACCAGGTGATAT-1,SA609X4XB003083_CTGTACCAGGTGATAT-1,SA609X4XB003083,R
.cache/TENX069/filtered_feature_bc_matrix,CTGTAGAGTCACTCTC-1,SA609X4XB003083_CTGTAGAGTCACTCTC-1,SA609X4XB003083,R
.cache/TENX069/filtered_feature_bc_matrix,CTGTATTGTTCAGCGC-1,SA609X4XB003083_CTGTATTGTTCAGCGC-1,SA609X4XB003083,B
.cache/TENX069/filtered_feature_bc_matrix,CTGTGGGAGCCTCTCT-1,SA609X4XB003083_CTGTGGGAGCCTCTCT-1,SA609X4XB003083,R
.cache/TENX069/filtered_feature_bc_matrix,CTTACCGTCCTCAGGG-1,SA609X4XB003083_CTTACCGTCCTCAGGG-1,SA609X4XB003083,B
.cache/TENX069/filtered_feature_bc_matrix,CTTAGGATCATGGATC-1,SA609X4XB003083_CTTAGGATCATGGATC-1,SA609X4XB003083,R
.cache/TENX069/filtered_feature_bc_matrix,CTTCGGTTCGAGCCAC-1,SA609X4XB003083_CTTCGGTTCGAGCCAC-1,SA609X4XB003083,R
.cache/TENX069/filtered_feature_bc_matrix,CTTCTAACATCAGCGC-1,SA609X4XB003083_CTTCTAACATCAGCGC-1,SA609X4XB003083,B
.cache/TENX069/filtered_feature_bc_matrix,CTTGAGACACGACGTC-1,SA609X4XB003083_CTTGAGACACGACGTC-1,SA609X4XB003083,R
.cache/TENX069/filtered_feature_bc_matrix,CTTGAGAGTGCAATAA-1,SA609X4XB003083_CTTGAGAGTGCAATAA-1,SA609X4XB003083,R
.cache/TENX069/filtered_feature_bc_matrix,CTTGATTGTTTACTGG-1,SA609X4XB003083_CTTGATTGTTTACTGG-1,SA609X4XB003083,B
.cache/TENX069/filtered_feature_bc_matrix,GAAACCTCACGCACCA-1,SA609X4XB003083_GAAACCTCACGCACCA-1,SA609X4XB003083,R
.cache/TENX069/filtered_feature_bc_matrix,GAAACCTGTAGGTCAG-1,SA609X4XB003083_GAAACCTGTAGGTCAG-1,SA609X4XB003083,B
.cache/TENX069/filtered_feature_bc_matrix,GAACGTTAGTCATGGG-1,SA609X4XB003083_GAACGTTAGTCATGGG-1,SA609X4XB003083,R
.cache/TENX069/filtered_feature_bc_matrix,GAACGTTCAACTGATC-1,SA609X4XB003083_GAACGTTCAACTGATC-1,SA609X4XB003083,R
.cache/TENX069/filtered_feature_bc_matrix,GAACTGTAGCATCAGG-1,SA609X4XB003083_GAACTGTAGCATCAGG-1,SA609X4XB003083,B
.cache/TENX069/filtered_feature_bc_matrix,GAAGGACCAACCGACC-1,SA609X4XB003083_GAAGGACCAACCGACC-1,SA609X4XB003083,R
.cache/TENX069/filtered_feature_bc_matrix,GAATCACTCCAGCACG-1,SA609X4XB003083_GAATCACTCCAGCACG-1,SA609X4XB003083,R
.cache/TENX069/filtered_feature_bc_matrix,GACCAATCAAGTGCAG-1,SA609X4XB003083_GACCAATCAAGTGCAG-1,SA609X4XB003083,B
.cache/TENX069/filtered_feature_bc_matrix,GACCCAGTCGTTACCC-1,SA609X4XB003083_GACCCAGTCGTTACCC-1,SA609X4XB003083,R
.cache/TENX069/filtered_feature_bc_matrix,GACCCTTAGTAGTCTC-1,SA609X4XB003083_GACCCTTAGTAGTCTC-1,SA609X4XB003083,R
.cache/TENX069/filtered_feature_bc_matrix,GACTGATGTTCGTACA-1,SA609X4XB003083_GACTGATGTTCGTACA-1,SA609X4XB003083,R
.cache/TENX069/filtered_feature_bc_matrix,GAGACCCGTGAGTAAT-1,SA609X4XB003083_GAGACCCGTGAGTAAT-1,SA609X4XB003083,B
.cache/TENX069/filtered_feature_bc_matrix,GAGACCCTCGTTCTAT-1,SA609X4XB003083_GAGACCCTCGTTCTAT-1,SA609X4XB003083,R
.cache/TENX069/filtered_feature_bc_matrix,GAGATGGGTAGCTTTG-1,SA609X4XB003083_GAGATGGGTAGCTTTG-1,SA609X4XB003083,B
.cache/TENX069/filtered_feature_bc_matrix,GAGCCTGCAGCGTATT-1,SA609X4XB003083_GAGCCTGCAGCGTATT-1,SA609X4XB003083,R
.cache/TENX069/filtered_feature_bc_matrix,GAGGGTACATGACGGA-1,SA609X4XB003083_GAGGGTACATGACGGA-1,SA609X4XB003083,R
.cache/TENX069/filtered_feature_bc_matrix,GAGTTGTAGATCGACG-1,SA609X4XB003083_GAGTTGTAGATCGACG-1,SA609X4XB003083,R
.cache/TENX069/filtered_feature_bc_matrix,GAGTTTGCAATTGGTC-1,SA609X4XB003083_GAGTTTGCAATTGGTC-1,SA609X4XB003083,R
.cache/TENX069/filtered_feature_bc_matrix,GATAGCTTCGTCCTTG-1,SA609X4XB003083_GATAGCTTCGTCCTTG-1,SA609X4XB003083,B
.cache/TENX069/filtered_feature_bc_matrix,GATCATGCACTCCTTG-1,SA609X4XB003083_GATCATGCACTCCTTG-1,SA609X4XB003083,R
.cache/TENX069/filtered_feature_bc_matrix,GATCATGGTGACAGCA-1,SA609X4XB003083_GATCATGGTGACAGCA-1,SA609X4XB003083,B
.cache/TENX069/filtered_feature_bc_matrix,GATCCCTAGCAAATGT-1,SA609X4XB003083_GATCCCTAGCAAATGT-1,SA609X4XB003083,R
.cache/TENX069/filtered_feature_bc_matrix,GATCCCTAGCGTATAA-1,SA609X4XB003083_GATCCCTAGCGTATAA-1,SA609X4XB003083,B
.cache/TENX069/filtered_feature_bc_matrix,GATCCCTAGCTGGCCT-1,SA609X4XB003083_GATCCCTAGCTGGCCT-1,SA609X4XB003083,R
.cache/TENX069/filtered_feature_bc_matrix,GATCCCTTCGCTGTTC-1,SA609X4XB003083_GATCCCTTCGCTGTTC-1,SA609X4XB003083,R
.cache/TENX069/filtered_feature_bc_matrix,GATGATCGTGTCCAAT-1,SA609X4XB003083_GATGATCGTGTCCAAT-1,SA609X4XB003083,R
.cache/TENX069/filtered_feature_bc_matrix,GATGCTAAGGCTTCCG-1,SA609X4XB003083_GATGCTAAGGCTTCCG-1,SA609X4XB003083,R
.cache/TENX069/filtered_feature_bc_matrix,GATGCTAGTTCGTGCG-1,SA609X4XB003083_GATGCTAGTTCGTGCG-1,SA609X4XB003083,R
.cache/TENX069/filtered_feature_bc_matrix,GATGTTGAGATTGATG-1,SA609X4XB003083_GATGTTGAGATTGATG-1,SA609X4XB003083,B
.cache/TENX069/filtered_feature_bc_matrix,GATTCGACAGCTGTGC-1,SA609X4XB003083_GATTCGACAGCTGTGC-1,SA609X4XB003083,R
.cache/TENX069/filtered_feature_bc_matrix,GATTGGTCAGGATCTT-1,SA609X4XB003083_GATTGGTCAGGATCTT-1,SA609X4XB003083,R
.cache/TENX069/filtered_feature_bc_matrix,GCACGGTAGGTTCACT-1,SA609X4XB003083_GCACGGTAGGTTCACT-1,SA609X4XB003083,R
.cache/TENX069/filtered_feature_bc_matrix,GCACGTGTCTATACGG-1,SA609X4XB003083_GCACGTGTCTATACGG-1,SA609X4XB003083,B
.cache/TENX069/filtered_feature_bc_matrix,GCAGCTGAGTAGATCA-1,SA609X4XB003083_GCAGCTGAGTAGATCA-1,SA609X4XB003083,R
.cache/TENX069/filtered_feature_bc_matrix,GCAGTTACACCAATTG-1,SA609X4XB003083_GCAGTTACACCAATTG-1,SA609X4XB003083,R
.cache/TENX069/filtered_feature_bc_matrix,GCCAACGTCCCATGGG-1,SA609X4XB003083_GCCAACGTCCCATGGG-1,SA609X4XB003083,B
.cache/TENX069/filtered_feature_bc_matrix,GCCATGGCAAGACCTT-1,SA609X4XB003083_GCCATGGCAAGACCTT-1,SA609X4XB003083,R
.cache/TENX069/filtered_feature_bc_matrix,GCCCGAACACCGAATT-1,SA609X4XB003083_GCCCGAACACCGAATT-1,SA609X4XB003083,R
.cache/TENX069/filtered_feature_bc_matrix,GCCGATGCAGGTCCCA-1,SA609X4XB003083_GCCGATGCAGGTCCCA-1,SA609X4XB003083,R
.cache/TENX069/filtered_feature_bc_matrix,GCGGATCTCCGTGGGT-1,SA609X4XB003083_GCGGATCTCCGTGGGT-1,SA609X4XB003083,B
.cache/TENX069/filtered_feature_bc_matrix,GCGGATCTCTAACGGT-1,SA609X4XB003083_GCGGATCTCTAACGGT-1,SA609X4XB003083,R
.cache/TENX069/filtered_feature_bc_matrix,GCGTGCAGTCGGTAAG-1,SA609X4XB003083_GCGTGCAGTCGGTAAG-1,SA609X4XB003083,B
.cache/TENX069/filtered_feature_bc_matrix,GCGTTTCAGATTAGAC-1,SA609X4XB003083_GCGTTTCAGATTAGAC-1,SA609X4XB003083,B
.cache/TENX069/filtered_feature_bc_matrix,GCGTTTCAGGTGGCTA-1,SA609X4XB003083_GCGTTTCAGGTGGCTA-1,SA609X4XB003083,D
.cache/TENX069/filtered_feature_bc_matrix,GCGTTTCCAAGGTACG-1,SA609X4XB003083_GCGTTTCCAAGGTACG-1,SA609X4XB003083,R
.cache/TENX069/filtered_feature_bc_matrix,GCTACAATCCACACAA-1,SA609X4XB003083_GCTACAATCCACACAA-1,SA609X4XB003083,R
.cache/TENX069/filtered_feature_bc_matrix,GCTACCTCAATCTAGC-1,SA609X4XB003083_GCTACCTCAATCTAGC-1,SA609X4XB003083,R
.cache/TENX069/filtered_feature_bc_matrix,GCTTCACGTATCAGGG-1,SA609X4XB003083_GCTTCACGTATCAGGG-1,SA609X4XB003083,R
.cache/TENX069/filtered_feature_bc_matrix,GGAATCTCAGGGAGAG-1,SA609X4XB003083_GGAATCTCAGGGAGAG-1,SA609X4XB003083,B
.cache/TENX069/filtered_feature_bc_matrix,GGAGAACAGCTTTGTG-1,SA609X4XB003083_GGAGAACAGCTTTGTG-1,SA609X4XB003083,R
.cache/TENX069/filtered_feature_bc_matrix,GGAGCAAAGAGGCGTT-1,SA609X4XB003083_GGAGCAAAGAGGCGTT-1,SA609X4XB003083,R
.cache/TENX069/filtered_feature_bc_matrix,GGATGTTTCGTGGAAG-1,SA609X4XB003083_GGATGTTTCGTGGAAG-1,SA609X4XB003083,B
.cache/TENX069/filtered_feature_bc_matrix,GGCAGTCAGAACTCCT-1,SA609X4XB003083_GGCAGTCAGAACTCCT-1,SA609X4XB003083,B
.cache/TENX069/filtered_feature_bc_matrix,GGCTGTGCAACAACAA-1,SA609X4XB003083_GGCTGTGCAACAACAA-1,SA609X4XB003083,R
.cache/TENX069/filtered_feature_bc_matrix,GGCTGTGGTAGTGCGA-1,SA609X4XB003083_GGCTGTGGTAGTGCGA-1,SA609X4XB003083,B
.cache/TENX069/filtered_feature_bc_matrix,GGCTTGGCAGCTTCGG-1,SA609X4XB003083_GGCTTGGCAGCTTCGG-1,SA609X4XB003083,B
.cache/TENX069/filtered_feature_bc_matrix,GGCTTTCTCTCATTTG-1,SA609X4XB003083_GGCTTTCTCTCATTTG-1,SA609X4XB003083,R
.cache/TENX069/filtered_feature_bc_matrix,GGGAAGTCACTTGTGA-1,SA609X4XB003083_GGGAAGTCACTTGTGA-1,SA609X4XB003083,B
.cache/TENX069/filtered_feature_bc_matrix,GGGAGATTCGATACAC-1,SA609X4XB003083_GGGAGATTCGATACAC-1,SA609X4XB003083,R
.cache/TENX069/filtered_feature_bc_matrix,GGGCCATCACGTACAT-1,SA609X4XB003083_GGGCCATCACGTACAT-1,SA609X4XB003083,R
.cache/TENX069/filtered_feature_bc_matrix,GGGTATTGTACTGCCG-1,SA609X4XB003083_GGGTATTGTACTGCCG-1,SA609X4XB003083,R
.cache/TENX069/filtered_feature_bc_matrix,GGGTATTGTTGCAACT-1,SA609X4XB003083_GGGTATTGTTGCAACT-1,SA609X4XB003083,R
.cache/TENX069/filtered_feature_bc_matrix,GGGTCACCACTGCACG-1,SA609X4XB003083_GGGTCACCACTGCACG-1,SA609X4XB003083,B
.cache/TENX069/filtered_feature_bc_matrix,GGGTCACTCTCGCTCA-1,SA609X4XB003083_GGGTCACTCTCGCTCA-1,SA609X4XB003083,R
.cache/TENX069/filtered_feature_bc_matrix,GGTAATCCACGCGCTA-1,SA609X4XB003083_GGTAATCCACGCGCTA-1,SA609X4XB003083,B
.cache/TENX069/filtered_feature_bc_matrix,GGTAGAGTCCTCTCGA-1,SA609X4XB003083_GGTAGAGTCCTCTCGA-1,SA609X4XB003083,B
.cache/TENX069/filtered_feature_bc_matrix,GGTGTCGGTTCTCAGA-1,SA609X4XB003083_GGTGTCGGTTCTCAGA-1,SA609X4XB003083,B
.cache/TENX069/filtered_feature_bc_matrix,GGTTAACCAGTCGTTA-1,SA609X4XB003083_GGTTAACCAGTCGTTA-1,SA609X4XB003083,R
.cache/TENX069/filtered_feature_bc_matrix,GTAACCATCAATGTCG-1,SA609X4XB003083_GTAACCATCAATGTCG-1,SA609X4XB003083,B
.cache/TENX069/filtered_feature_bc_matrix,GTAAGTCAGTGAATAC-1,SA609X4XB003083_GTAAGTCAGTGAATAC-1,SA609X4XB003083,R
.cache/TENX069/filtered_feature_bc_matrix,GTAGAGGGTCCTGTTC-1,SA609X4XB003083_GTAGAGGGTCCTGTTC-1,SA609X4XB003083,R
.cache/TENX069/filtered_feature_bc_matrix,GTAGAGGTCCGAAGGA-1,SA609X4XB003083_GTAGAGGTCCGAAGGA-1,SA609X4XB003083,R
.cache/TENX069/filtered_feature_bc_matrix,GTAGATCTCGGTGTAT-1,SA609X4XB003083_GTAGATCTCGGTGTAT-1,SA609X4XB003083,B
.cache/TENX069/filtered_feature_bc_matrix,GTAGCTAGTCGGATTT-1,SA609X4XB003083_GTAGCTAGTCGGATTT-1,SA609X4XB003083,R
.cache/TENX069/filtered_feature_bc_matrix,GTAGGTTCACCACTGG-1,SA609X4XB003083_GTAGGTTCACCACTGG-1,SA609X4XB003083,R
.cache/TENX069/filtered_feature_bc_matrix,GTAGGTTTCTAATTCC-1,SA609X4XB003083_GTAGGTTTCTAATTCC-1,SA609X4XB003083,B
.cache/TENX069/filtered_feature_bc_matrix,GTATTGGTCCGAACGC-1,SA609X4XB003083_GTATTGGTCCGAACGC-1,SA609X4XB003083,R
.cache/TENX069/filtered_feature_bc_matrix,GTCAAACAGCTACAAA-1,SA609X4XB003083_GTCAAACAGCTACAAA-1,SA609X4XB003083,R
.cache/TENX069/filtered_feature_bc_matrix,GTCAAACGTTATCTTC-1,SA609X4XB003083_GTCAAACGTTATCTTC-1,SA609X4XB003083,B
.cache/TENX069/filtered_feature_bc_matrix,GTCAAGTGTCATACCA-1,SA609X4XB003083_GTCAAGTGTCATACCA-1,SA609X4XB003083,B
.cache/TENX069/filtered_feature_bc_matrix,GTCACTCAGACATCCT-1,SA609X4XB003083_GTCACTCAGACATCCT-1,SA609X4XB003083,R
.cache/TENX069/filtered_feature_bc_matrix,GTCATCCCACGTACAT-1,SA609X4XB003083_GTCATCCCACGTACAT-1,SA609X4XB003083,B
.cache/TENX069/filtered_feature_bc_matrix,GTCATCCCAGGTCCCA-1,SA609X4XB003083_GTCATCCCAGGTCCCA-1,SA609X4XB003083,R
.cache/TENX069/filtered_feature_bc_matrix,GTCATCCGTTACAGCT-1,SA609X4XB003083_GTCATCCGTTACAGCT-1,SA609X4XB003083,R
.cache/TENX069/filtered_feature_bc_matrix,GTCATGAGTATGACAA-1,SA609X4XB003083_GTCATGAGTATGACAA-1,SA609X4XB003083,B
.cache/TENX069/filtered_feature_bc_matrix,GTCATTTGTGTCTAAC-1,SA609X4XB003083_GTCATTTGTGTCTAAC-1,SA609X4XB003083,R
.cache/TENX069/filtered_feature_bc_matrix,GTCATTTTCGAACGCC-1,SA609X4XB003083_GTCATTTTCGAACGCC-1,SA609X4XB003083,B
.cache/TENX069/filtered_feature_bc_matrix,GTCCACTCACAGTCGC-1,SA609X4XB003083_GTCCACTCACAGTCGC-1,SA609X4XB003083,R
.cache/TENX069/filtered_feature_bc_matrix,GTCCACTGTGGAAGTC-1,SA609X4XB003083_GTCCACTGTGGAAGTC-1,SA609X4XB003083,D
.cache/TENX069/filtered_feature_bc_matrix,GTCCACTTCGCTCTCA-1,SA609X4XB003083_GTCCACTTCGCTCTCA-1,SA609X4XB003083,R
.cache/TENX069/filtered_feature_bc_matrix,GTCCACTTCTCACGAA-1,SA609X4XB003083_GTCCACTTCTCACGAA-1,SA609X4XB003083,R
.cache/TENX069/filtered_feature_bc_matrix,GTCGAATCACTTCAAG-1,SA609X4XB003083_GTCGAATCACTTCAAG-1,SA609X4XB003083,R
.cache/TENX069/filtered_feature_bc_matrix,GTCGAATGTCTTCATT-1,SA609X4XB003083_GTCGAATGTCTTCATT-1,SA609X4XB003083,B
.cache/TENX069/filtered_feature_bc_matrix,GTCGTAAAGGTTCAGG-1,SA609X4XB003083_GTCGTAAAGGTTCAGG-1,SA609X4XB003083,B
.cache/TENX069/filtered_feature_bc_matrix,GTCGTTCAGCGTGAGT-1,SA609X4XB003083_GTCGTTCAGCGTGAGT-1,SA609X4XB003083,R
.cache/TENX069/filtered_feature_bc_matrix,GTGAGCCCAACTGATC-1,SA609X4XB003083_GTGAGCCCAACTGATC-1,SA609X4XB003083,R
.cache/TENX069/filtered_feature_bc_matrix,GTGAGGATCCTGTACC-1,SA609X4XB003083_GTGAGGATCCTGTACC-1,SA609X4XB003083,B
.cache/TENX069/filtered_feature_bc_matrix,GTGAGTTCAGCGTGCT-1,SA609X4XB003083_GTGAGTTCAGCGTGCT-1,SA609X4XB003083,R
.cache/TENX069/filtered_feature_bc_matrix,GTGAGTTGTTAGAAGT-1,SA609X4XB003083_GTGAGTTGTTAGAAGT-1,SA609X4XB003083,R
.cache/TENX069/filtered_feature_bc_matrix,GTGCGTGGTCCACACG-1,SA609X4XB003083_GTGCGTGGTCCACACG-1,SA609X4XB003083,R
.cache/TENX069/filtered_feature_bc_matrix,GTGCTTCCAAGAGTTA-1,SA609X4XB003083_GTGCTTCCAAGAGTTA-1,SA609X4XB003083,R
.cache/TENX069/filtered_feature_bc_matrix,GTGGAAGCAAAGGCTG-1,SA609X4XB003083_GTGGAAGCAAAGGCTG-1,SA609X4XB003083,R
.cache/TENX069/filtered_feature_bc_matrix,GTGGAAGTCTTAGCCC-1,SA609X4XB003083_GTGGAAGTCTTAGCCC-1,SA609X4XB003083,R
.cache/TENX069/filtered_feature_bc_matrix,GTGGAGATCCTTCTAA-1,SA609X4XB003083_GTGGAGATCCTTCTAA-1,SA609X4XB003083,R
.cache/TENX069/filtered_feature_bc_matrix,GTGGCGTGTGTACATC-1,SA609X4XB003083_GTGGCGTGTGTACATC-1,SA609X4XB003083,R
.cache/TENX069/filtered_feature_bc_matrix,GTGTGATAGTCGCCAC-1,SA609X4XB003083_GTGTGATAGTCGCCAC-1,SA609X4XB003083,R
.cache/TENX069/filtered_feature_bc_matrix,GTGTGATCAAGATGGC-1,SA609X4XB003083_GTGTGATCAAGATGGC-1,SA609X4XB003083,R
.cache/TENX069/filtered_feature_bc_matrix,GTGTGATGTGGTACAG-1,SA609X4XB003083_GTGTGATGTGGTACAG-1,SA609X4XB003083,R
.cache/TENX069/filtered_feature_bc_matrix,GTGTGATTCATTGCCC-1,SA609X4XB003083_GTGTGATTCATTGCCC-1,SA609X4XB003083,B
.cache/TENX069/filtered_feature_bc_matrix,GTGTGGCCAATGTTGC-1,SA609X4XB003083_GTGTGGCCAATGTTGC-1,SA609X4XB003083,R
.cache/TENX069/filtered_feature_bc_matrix,GTGTTAGGTGCCCGTA-1,SA609X4XB003083_GTGTTAGGTGCCCGTA-1,SA609X4XB003083,R
.cache/TENX069/filtered_feature_bc_matrix,GTGTTAGGTGGTCAAG-1,SA609X4XB003083_GTGTTAGGTGGTCAAG-1,SA609X4XB003083,C
.cache/TENX069/filtered_feature_bc_matrix,GTGTTCCGTATTGGCT-1,SA609X4XB003083_GTGTTCCGTATTGGCT-1,SA609X4XB003083,B
.cache/TENX069/filtered_feature_bc_matrix,GTTACCCAGTCCCGAC-1,SA609X4XB003083_GTTACCCAGTCCCGAC-1,SA609X4XB003083,R
.cache/TENX069/filtered_feature_bc_matrix,GTTAGTGTCGAAGGAC-1,SA609X4XB003083_GTTAGTGTCGAAGGAC-1,SA609X4XB003083,R
.cache/TENX069/filtered_feature_bc_matrix,GTTATGGGTGAATTGA-1,SA609X4XB003083_GTTATGGGTGAATTGA-1,SA609X4XB003083,R
.cache/TENX069/filtered_feature_bc_matrix,GTTGAACGTCATCCCT-1,SA609X4XB003083_GTTGAACGTCATCCCT-1,SA609X4XB003083,B
.cache/TENX069/filtered_feature_bc_matrix,GTTGCTCCAACACGTT-1,SA609X4XB003083_GTTGCTCCAACACGTT-1,SA609X4XB003083,R
.cache/TENX069/filtered_feature_bc_matrix,GTTGCTCCATTGACAC-1,SA609X4XB003083_GTTGCTCCATTGACAC-1,SA609X4XB003083,R
.cache/TENX069/filtered_feature_bc_matrix,GTTGTAGGTGTCTCCT-1,SA609X4XB003083_GTTGTAGGTGTCTCCT-1,SA609X4XB003083,R
.cache/TENX069/filtered_feature_bc_matrix,GTTTGGAGTGAGCCAA-1,SA609X4XB003083_GTTTGGAGTGAGCCAA-1,SA609X4XB003083,R
.cache/TENX069/filtered_feature_bc_matrix,GTTTGGAGTGTCATTG-1,SA609X4XB003083_GTTTGGAGTGTCATTG-1,SA609X4XB003083,R
.cache/TENX069/filtered_feature_bc_matrix,TAACGACCAAATTGCC-1,SA609X4XB003083_TAACGACCAAATTGCC-1,SA609X4XB003083,R
.cache/TENX069/filtered_feature_bc_matrix,TAAGCACTCCACAAGT-1,SA609X4XB003083_TAAGCACTCCACAAGT-1,SA609X4XB003083,B
.cache/TENX069/filtered_feature_bc_matrix,TAAGCACTCCGAGGCT-1,SA609X4XB003083_TAAGCACTCCGAGGCT-1,SA609X4XB003083,B
.cache/TENX069/filtered_feature_bc_matrix,TAAGCGTAGGAACTAT-1,SA609X4XB003083_TAAGCGTAGGAACTAT-1,SA609X4XB003083,R
.cache/TENX069/filtered_feature_bc_matrix,TAATCTCCAATGACCT-1,SA609X4XB003083_TAATCTCCAATGACCT-1,SA609X4XB003083,B
.cache/TENX069/filtered_feature_bc_matrix,TACATTCAGTTCCAGT-1,SA609X4XB003083_TACATTCAGTTCCAGT-1,SA609X4XB003083,B
.cache/TENX069/filtered_feature_bc_matrix,TACCCACGTGTTTACG-1,SA609X4XB003083_TACCCACGTGTTTACG-1,SA609X4XB003083,B
.cache/TENX069/filtered_feature_bc_matrix,TACCCGTTCGCTTGAA-1,SA609X4XB003083_TACCCGTTCGCTTGAA-1,SA609X4XB003083,R
.cache/TENX069/filtered_feature_bc_matrix,TACCGAAGTACCTAAC-1,SA609X4XB003083_TACCGAAGTACCTAAC-1,SA609X4XB003083,R
.cache/TENX069/filtered_feature_bc_matrix,TACCTCGAGACCAGAC-1,SA609X4XB003083_TACCTCGAGACCAGAC-1,SA609X4XB003083,R
.cache/TENX069/filtered_feature_bc_matrix,TACCTCGCACCGTGCA-1,SA609X4XB003083_TACCTCGCACCGTGCA-1,SA609X4XB003083,B
.cache/TENX069/filtered_feature_bc_matrix,TACCTGCAGCAATAAC-1,SA609X4XB003083_TACCTGCAGCAATAAC-1,SA609X4XB003083,R
.cache/TENX069/filtered_feature_bc_matrix,TACCTGCTCTCCGAGG-1,SA609X4XB003083_TACCTGCTCTCCGAGG-1,SA609X4XB003083,R
.cache/TENX069/filtered_feature_bc_matrix,TACCTGCTCTTCCAGC-1,SA609X4XB003083_TACCTGCTCTTCCAGC-1,SA609X4XB003083,R
.cache/TENX069/filtered_feature_bc_matrix,TACGCTCCAGACCATT-1,SA609X4XB003083_TACGCTCCAGACCATT-1,SA609X4XB003083,R
.cache/TENX069/filtered_feature_bc_matrix,TACGCTCTCTCATGCC-1,SA609X4XB003083_TACGCTCTCTCATGCC-1,SA609X4XB003083,R
.cache/TENX069/filtered_feature_bc_matrix,TACGGGCTCTATGTGG-1,SA609X4XB003083_TACGGGCTCTATGTGG-1,SA609X4XB003083,R
.cache/TENX069/filtered_feature_bc_matrix,TACGGGCTCTTCTTCC-1,SA609X4XB003083_TACGGGCTCTTCTTCC-1,SA609X4XB003083,B
.cache/TENX069/filtered_feature_bc_matrix,TACTGCCCAGACACAG-1,SA609X4XB003083_TACTGCCCAGACACAG-1,SA609X4XB003083,R
.cache/TENX069/filtered_feature_bc_matrix,TACTGCCTCAACCTTT-1,SA609X4XB003083_TACTGCCTCAACCTTT-1,SA609X4XB003083,B
.cache/TENX069/filtered_feature_bc_matrix,TACTGCCTCTTCGGAA-1,SA609X4XB003083_TACTGCCTCTTCGGAA-1,SA609X4XB003083,R
.cache/TENX069/filtered_feature_bc_matrix,TACTTACGTACGCTTA-1,SA609X4XB003083_TACTTACGTACGCTTA-1,SA609X4XB003083,R
.cache/TENX069/filtered_feature_bc_matrix,TACTTCACAGTCGCTG-1,SA609X4XB003083_TACTTCACAGTCGCTG-1,SA609X4XB003083,C
.cache/TENX069/filtered_feature_bc_matrix,TACTTCAGTGATGAAT-1,SA609X4XB003083_TACTTCAGTGATGAAT-1,SA609X4XB003083,B
.cache/TENX069/filtered_feature_bc_matrix,TACTTCATCGCGCCAA-1,SA609X4XB003083_TACTTCATCGCGCCAA-1,SA609X4XB003083,R
.cache/TENX069/filtered_feature_bc_matrix,TAGACCAAGCGTATAA-1,SA609X4XB003083_TAGACCAAGCGTATAA-1,SA609X4XB003083,R
.cache/TENX069/filtered_feature_bc_matrix,TAGACTGGTCCTTGTC-1,SA609X4XB003083_TAGACTGGTCCTTGTC-1,SA609X4XB003083,B
.cache/TENX069/filtered_feature_bc_matrix,TAGATCGTCCAACCGG-1,SA609X4XB003083_TAGATCGTCCAACCGG-1,SA609X4XB003083,R
.cache/TENX069/filtered_feature_bc_matrix,TAGCACACACCAACAT-1,SA609X4XB003083_TAGCACACACCAACAT-1,SA609X4XB003083,R
.cache/TENX069/filtered_feature_bc_matrix,TAGGGTTCATCGGATT-1,SA609X4XB003083_TAGGGTTCATCGGATT-1,SA609X4XB003083,B
.cache/TENX069/filtered_feature_bc_matrix,TAGGTACCACTGGATT-1,SA609X4XB003083_TAGGTACCACTGGATT-1,SA609X4XB003083,R
.cache/TENX069/filtered_feature_bc_matrix,TAGGTACCAGGCATTT-1,SA609X4XB003083_TAGGTACCAGGCATTT-1,SA609X4XB003083,B
.cache/TENX069/filtered_feature_bc_matrix,TAGTGCAGTCCACTCT-1,SA609X4XB003083_TAGTGCAGTCCACTCT-1,SA609X4XB003083,R
.cache/TENX069/filtered_feature_bc_matrix,TATACCTCACCCAACG-1,SA609X4XB003083_TATACCTCACCCAACG-1,SA609X4XB003083,B
.cache/TENX069/filtered_feature_bc_matrix,TATCAGGGTCCGGACT-1,SA609X4XB003083_TATCAGGGTCCGGACT-1,SA609X4XB003083,B
.cache/TENX069/filtered_feature_bc_matrix,TATCAGGTCGTCGCTT-1,SA609X4XB003083_TATCAGGTCGTCGCTT-1,SA609X4XB003083,R
.cache/TENX069/filtered_feature_bc_matrix,TATCAGGTCTCTAGGA-1,SA609X4XB003083_TATCAGGTCTCTAGGA-1,SA609X4XB003083,R
.cache/TENX069/filtered_feature_bc_matrix,TATCTGTCACATTACG-1,SA609X4XB003083_TATCTGTCACATTACG-1,SA609X4XB003083,R
.cache/TENX069/filtered_feature_bc_matrix,TATCTGTGTCAGCGTC-1,SA609X4XB003083_TATCTGTGTCAGCGTC-1,SA609X4XB003083,R
.cache/TENX069/filtered_feature_bc_matrix,TATCTTGCAAAGAGTT-1,SA609X4XB003083_TATCTTGCAAAGAGTT-1,SA609X4XB003083,B
.cache/TENX069/filtered_feature_bc_matrix,TATTCCAGTACTCAAC-1,SA609X4XB003083_TATTCCAGTACTCAAC-1,SA609X4XB003083,B
.cache/TENX069/filtered_feature_bc_matrix,TATTCCATCTCAGGCG-1,SA609X4XB003083_TATTCCATCTCAGGCG-1,SA609X4XB003083,R
.cache/TENX069/filtered_feature_bc_matrix,TATTGCTCATACTTTC-1,SA609X4XB003083_TATTGCTCATACTTTC-1,SA609X4XB003083,B
.cache/TENX069/filtered_feature_bc_matrix,TATTTCGTCACGGGCT-1,SA609X4XB003083_TATTTCGTCACGGGCT-1,SA609X4XB003083,R
.cache/TENX069/filtered_feature_bc_matrix,TCAAGTGCAGCTATTG-1,SA609X4XB003083_TCAAGTGCAGCTATTG-1,SA609X4XB003083,R
.cache/TENX069/filtered_feature_bc_matrix,TCAATCTAGGATCATA-1,SA609X4XB003083_TCAATCTAGGATCATA-1,SA609X4XB003083,B
.cache/TENX069/filtered_feature_bc_matrix,TCAATCTAGTTAGAAC-1,SA609X4XB003083_TCAATCTAGTTAGAAC-1,SA609X4XB003083,R
.cache/TENX069/filtered_feature_bc_matrix,TCACAAGGTAGGTTTC-1,SA609X4XB003083_TCACAAGGTAGGTTTC-1,SA609X4XB003083,R
.cache/TENX069/filtered_feature_bc_matrix,TCACACCCAACTGAAA-1,SA609X4XB003083_TCACACCCAACTGAAA-1,SA609X4XB003083,R
.cache/TENX069/filtered_feature_bc_matrix,TCACTATGTGTCCGGT-1,SA609X4XB003083_TCACTATGTGTCCGGT-1,SA609X4XB003083,B
.cache/TENX069/filtered_feature_bc_matrix,TCAGCAAAGCTCCGAC-1,SA609X4XB003083_TCAGCAAAGCTCCGAC-1,SA609X4XB003083,B
.cache/TENX069/filtered_feature_bc_matrix,TCATCATCACGGCTAC-1,SA609X4XB003083_TCATCATCACGGCTAC-1,SA609X4XB003083,R
.cache/TENX069/filtered_feature_bc_matrix,TCATCATTCATTTCGT-1,SA609X4XB003083_TCATCATTCATTTCGT-1,SA609X4XB003083,B
.cache/TENX069/filtered_feature_bc_matrix,TCATCCGGTAGTCGTT-1,SA609X4XB003083_TCATCCGGTAGTCGTT-1,SA609X4XB003083,R
.cache/TENX069/filtered_feature_bc_matrix,TCATGAGCACATAGCT-1,SA609X4XB003083_TCATGAGCACATAGCT-1,SA609X4XB003083,R
.cache/TENX069/filtered_feature_bc_matrix,TCATGCCAGTCGGGAT-1,SA609X4XB003083_TCATGCCAGTCGGGAT-1,SA609X4XB003083,R
.cache/TENX069/filtered_feature_bc_matrix,TCATGCCTCGACCATA-1,SA609X4XB003083_TCATGCCTCGACCATA-1,SA609X4XB003083,B
.cache/TENX069/filtered_feature_bc_matrix,TCATTACTCCGCCTAT-1,SA609X4XB003083_TCATTACTCCGCCTAT-1,SA609X4XB003083,B
.cache/TENX069/filtered_feature_bc_matrix,TCATTCATCGACGAGA-1,SA609X4XB003083_TCATTCATCGACGAGA-1,SA609X4XB003083,R
.cache/TENX069/filtered_feature_bc_matrix,TCATTCATCTGCCCTA-1,SA609X4XB003083_TCATTCATCTGCCCTA-1,SA609X4XB003083,B
.cache/TENX069/filtered_feature_bc_matrix,TCCACCAGTACGGGAT-1,SA609X4XB003083_TCCACCAGTACGGGAT-1,SA609X4XB003083,R
.cache/TENX069/filtered_feature_bc_matrix,TCCACCAGTTCTGACA-1,SA609X4XB003083_TCCACCAGTTCTGACA-1,SA609X4XB003083,R
.cache/TENX069/filtered_feature_bc_matrix,TCCACGTCAAACGTGG-1,SA609X4XB003083_TCCACGTCAAACGTGG-1,SA609X4XB003083,R
.cache/TENX069/filtered_feature_bc_matrix,TCCATCGAGACATCCT-1,SA609X4XB003083_TCCATCGAGACATCCT-1,SA609X4XB003083,R
.cache/TENX069/filtered_feature_bc_matrix,TCCCACAAGCACCGTC-1,SA609X4XB003083_TCCCACAAGCACCGTC-1,SA609X4XB003083,R
.cache/TENX069/filtered_feature_bc_matrix,TCCCACACAAACTCGT-1,SA609X4XB003083_TCCCACACAAACTCGT-1,SA609X4XB003083,R
.cache/TENX069/filtered_feature_bc_matrix,TCCGAAAGTCGTATGT-1,SA609X4XB003083_TCCGAAAGTCGTATGT-1,SA609X4XB003083,R
.cache/TENX069/filtered_feature_bc_matrix,TCCGAAAGTTCTGAGT-1,SA609X4XB003083_TCCGAAAGTTCTGAGT-1,SA609X4XB003083,R
.cache/TENX069/filtered_feature_bc_matrix,TCCGAAATCGTTTACT-1,SA609X4XB003083_TCCGAAATCGTTTACT-1,SA609X4XB003083,R
.cache/TENX069/filtered_feature_bc_matrix,TCCGGGACAAACCATC-1,SA609X4XB003083_TCCGGGACAAACCATC-1,SA609X4XB003083,R
.cache/TENX069/filtered_feature_bc_matrix,TCCTAATCAGTCGCAC-1,SA609X4XB003083_TCCTAATCAGTCGCAC-1,SA609X4XB003083,B
.cache/TENX069/filtered_feature_bc_matrix,TCCTCTTGTTCTAAGC-1,SA609X4XB003083_TCCTCTTGTTCTAAGC-1,SA609X4XB003083,R
.cache/TENX069/filtered_feature_bc_matrix,TCCTGCATCTTGCAGA-1,SA609X4XB003083_TCCTGCATCTTGCAGA-1,SA609X4XB003083,R
.cache/TENX069/filtered_feature_bc_matrix,TCCTTCTAGAGTCCGA-1,SA609X4XB003083_TCCTTCTAGAGTCCGA-1,SA609X4XB003083,R
.cache/TENX069/filtered_feature_bc_matrix,TCCTTCTGTACCTTCC-1,SA609X4XB003083_TCCTTCTGTACCTTCC-1,SA609X4XB003083,B
.cache/TENX069/filtered_feature_bc_matrix,TCCTTTCCACACGTGC-1,SA609X4XB003083_TCCTTTCCACACGTGC-1,SA609X4XB003083,R
.cache/TENX069/filtered_feature_bc_matrix,TCCTTTCGTTGAAGTA-1,SA609X4XB003083_TCCTTTCGTTGAAGTA-1,SA609X4XB003083,R
.cache/TENX069/filtered_feature_bc_matrix,TCGAACACAGTTCCAA-1,SA609X4XB003083_TCGAACACAGTTCCAA-1,SA609X4XB003083,B
.cache/TENX069/filtered_feature_bc_matrix,TCGACGGGTGCTCCGA-1,SA609X4XB003083_TCGACGGGTGCTCCGA-1,SA609X4XB003083,R
.cache/TENX069/filtered_feature_bc_matrix,TCGATTTAGGGATCTG-1,SA609X4XB003083_TCGATTTAGGGATCTG-1,SA609X4XB003083,B
.cache/TENX069/filtered_feature_bc_matrix,TCGGATAAGCTCCCTT-1,SA609X4XB003083_TCGGATAAGCTCCCTT-1,SA609X4XB003083,B
.cache/TENX069/filtered_feature_bc_matrix,TCGGGCAGTCTTCGAA-1,SA609X4XB003083_TCGGGCAGTCTTCGAA-1,SA609X4XB003083,B
.cache/TENX069/filtered_feature_bc_matrix,TCGGGCATCGACATTG-1,SA609X4XB003083_TCGGGCATCGACATTG-1,SA609X4XB003083,B
.cache/TENX069/filtered_feature_bc_matrix,TCGGGCATCTGTACAG-1,SA609X4XB003083_TCGGGCATCTGTACAG-1,SA609X4XB003083,R
.cache/TENX069/filtered_feature_bc_matrix,TCGTAGAGTCTACATG-1,SA609X4XB003083_TCGTAGAGTCTACATG-1,SA609X4XB003083,R
.cache/TENX069/filtered_feature_bc_matrix,TCGTCCACACCGTGGT-1,SA609X4XB003083_TCGTCCACACCGTGGT-1,SA609X4XB003083,R
.cache/TENX069/filtered_feature_bc_matrix,TCTACATTCGATACTG-1,SA609X4XB003083_TCTACATTCGATACTG-1,SA609X4XB003083,R
.cache/TENX069/filtered_feature_bc_matrix,TCTATACAGCGCTGAA-1,SA609X4XB003083_TCTATACAGCGCTGAA-1,SA609X4XB003083,R
.cache/TENX069/filtered_feature_bc_matrix,TCTATACTCTTACACT-1,SA609X4XB003083_TCTATACTCTTACACT-1,SA609X4XB003083,R
.cache/TENX069/filtered_feature_bc_matrix,TCTATCAAGCCTGTCG-1,SA609X4XB003083_TCTATCAAGCCTGTCG-1,SA609X4XB003083,B
.cache/TENX069/filtered_feature_bc_matrix,TCTATCACAGGCTACC-1,SA609X4XB003083_TCTATCACAGGCTACC-1,SA609X4XB003083,R
.cache/TENX069/filtered_feature_bc_matrix,TCTCCGATCCACAGCG-1,SA609X4XB003083_TCTCCGATCCACAGCG-1,SA609X4XB003083,B
.cache/TENX069/filtered_feature_bc_matrix,TCTGGCTGTATGAGGC-1,SA609X4XB003083_TCTGGCTGTATGAGGC-1,SA609X4XB003083,R
.cache/TENX069/filtered_feature_bc_matrix,TCTGGCTGTTCGGTAT-1,SA609X4XB003083_TCTGGCTGTTCGGTAT-1,SA609X4XB003083,R
.cache/TENX069/filtered_feature_bc_matrix,TCTGTCGCAAATGCTC-1,SA609X4XB003083_TCTGTCGCAAATGCTC-1,SA609X4XB003083,B
.cache/TENX069/filtered_feature_bc_matrix,TCTTGCGCATACAGGG-1,SA609X4XB003083_TCTTGCGCATACAGGG-1,SA609X4XB003083,R
.cache/TENX069/filtered_feature_bc_matrix,TCTTGCGTCAAACCTG-1,SA609X4XB003083_TCTTGCGTCAAACCTG-1,SA609X4XB003083,R
.cache/TENX069/filtered_feature_bc_matrix,TGAACGTCAGACCAAG-1,SA609X4XB003083_TGAACGTCAGACCAAG-1,SA609X4XB003083,B
.cache/TENX069/filtered_feature_bc_matrix,TGAACGTGTAGACAAT-1,SA609X4XB003083_TGAACGTGTAGACAAT-1,SA609X4XB003083,B
.cache/TENX069/filtered_feature_bc_matrix,TGAACGTTCCGTAATG-1,SA609X4XB003083_TGAACGTTCCGTAATG-1,SA609X4XB003083,R
.cache/TENX069/filtered_feature_bc_matrix,TGAACGTTCTGGCTGG-1,SA609X4XB003083_TGAACGTTCTGGCTGG-1,SA609X4XB003083,B
.cache/TENX069/filtered_feature_bc_matrix,TGAATCGTCTCAATCT-1,SA609X4XB003083_TGAATCGTCTCAATCT-1,SA609X4XB003083,B
.cache/TENX069/filtered_feature_bc_matrix,TGACCCTAGTACAGCG-1,SA609X4XB003083_TGACCCTAGTACAGCG-1,SA609X4XB003083,R
.cache/TENX069/filtered_feature_bc_matrix,TGAGGTTAGTCCTGTA-1,SA609X4XB003083_TGAGGTTAGTCCTGTA-1,SA609X4XB003083,B
.cache/TENX069/filtered_feature_bc_matrix,TGAGGTTGTCACTTCC-1,SA609X4XB003083_TGAGGTTGTCACTTCC-1,SA609X4XB003083,R
.cache/TENX069/filtered_feature_bc_matrix,TGATCAGCATAGTCAC-1,SA609X4XB003083_TGATCAGCATAGTCAC-1,SA609X4XB003083,B
.cache/TENX069/filtered_feature_bc_matrix,TGATGCAAGTCCCGGT-1,SA609X4XB003083_TGATGCAAGTCCCGGT-1,SA609X4XB003083,B
.cache/TENX069/filtered_feature_bc_matrix,TGATGCATCTACCACC-1,SA609X4XB003083_TGATGCATCTACCACC-1,SA609X4XB003083,B
.cache/TENX069/filtered_feature_bc_matrix,TGATTCTCATATGAAG-1,SA609X4XB003083_TGATTCTCATATGAAG-1,SA609X4XB003083,B
.cache/TENX069/filtered_feature_bc_matrix,TGCACGGAGTTCGGTT-1,SA609X4XB003083_TGCACGGAGTTCGGTT-1,SA609X4XB003083,R
.cache/TENX069/filtered_feature_bc_matrix,TGCAGATCATCCGTGG-1,SA609X4XB003083_TGCAGATCATCCGTGG-1,SA609X4XB003083,B
.cache/TENX069/filtered_feature_bc_matrix,TGCAGATGTATTCTCT-1,SA609X4XB003083_TGCAGATGTATTCTCT-1,SA609X4XB003083,B
.cache/TENX069/filtered_feature_bc_matrix,TGCAGGCTCCACCCTA-1,SA609X4XB003083_TGCAGGCTCCACCCTA-1,SA609X4XB003083,B
.cache/TENX069/filtered_feature_bc_matrix,TGCATCCTCAAGTCTG-1,SA609X4XB003083_TGCATCCTCAAGTCTG-1,SA609X4XB003083,R
.cache/TENX069/filtered_feature_bc_matrix,TGCATGAAGAGCCCAA-1,SA609X4XB003083_TGCATGAAGAGCCCAA-1,SA609X4XB003083,B
.cache/TENX069/filtered_feature_bc_matrix,TGCGGCACATCTTCGC-1,SA609X4XB003083_TGCGGCACATCTTCGC-1,SA609X4XB003083,R
.cache/TENX069/filtered_feature_bc_matrix,TGCGGCAGTAACACCT-1,SA609X4XB003083_TGCGGCAGTAACACCT-1,SA609X4XB003083,R
.cache/TENX069/filtered_feature_bc_matrix,TGCTCCAAGATGACCG-1,SA609X4XB003083_TGCTCCAAGATGACCG-1,SA609X4XB003083,R
.cache/TENX069/filtered_feature_bc_matrix,TGCTCCACACCTGCGA-1,SA609X4XB003083_TGCTCCACACCTGCGA-1,SA609X4XB003083,B
.cache/TENX069/filtered_feature_bc_matrix,TGCTCCAGTGGATACG-1,SA609X4XB003083_TGCTCCAGTGGATACG-1,SA609X4XB003083,R
.cache/TENX069/filtered_feature_bc_matrix,TGGAGAGTCATTTGCT-1,SA609X4XB003083_TGGAGAGTCATTTGCT-1,SA609X4XB003083,B
.cache/TENX069/filtered_feature_bc_matrix,TGGATGTAGGCATGGT-1,SA609X4XB003083_TGGATGTAGGCATGGT-1,SA609X4XB003083,R
.cache/TENX069/filtered_feature_bc_matrix,TGGCGTGGTAGCGCTC-1,SA609X4XB003083_TGGCGTGGTAGCGCTC-1,SA609X4XB003083,R
.cache/TENX069/filtered_feature_bc_matrix,TGGGAAGGTTACCCAA-1,SA609X4XB003083_TGGGAAGGTTACCCAA-1,SA609X4XB003083,R
.cache/TENX069/filtered_feature_bc_matrix,TGGGATTTCGCTTTAT-1,SA609X4XB003083_TGGGATTTCGCTTTAT-1,SA609X4XB003083,R
.cache/TENX069/filtered_feature_bc_matrix,TGGGCTGTCGCAGTCG-1,SA609X4XB003083_TGGGCTGTCGCAGTCG-1,SA609X4XB003083,R
.cache/TENX069/filtered_feature_bc_matrix,TGGGCTGTCTAAGAAG-1,SA609X4XB003083_TGGGCTGTCTAAGAAG-1,SA609X4XB003083,B
.cache/TENX069/filtered_feature_bc_matrix,TGGTAGTAGACGAGCT-1,SA609X4XB003083_TGGTAGTAGACGAGCT-1,SA609X4XB003083,B
.cache/TENX069/filtered_feature_bc_matrix,TGGTAGTAGTCTAGAA-1,SA609X4XB003083_TGGTAGTAGTCTAGAA-1,SA609X4XB003083,R
.cache/TENX069/filtered_feature_bc_matrix,TGTAAGCCAAATCGGG-1,SA609X4XB003083_TGTAAGCCAAATCGGG-1,SA609X4XB003083,R
.cache/TENX069/filtered_feature_bc_matrix,TGTAAGCGTCAACCAT-1,SA609X4XB003083_TGTAAGCGTCAACCAT-1,SA609X4XB003083,R
.cache/TENX069/filtered_feature_bc_matrix,TGTCAGAAGCAAGCCA-1,SA609X4XB003083_TGTCAGAAGCAAGCCA-1,SA609X4XB003083,R
.cache/TENX069/filtered_feature_bc_matrix,TGTCCCAGTTCGGGTC-1,SA609X4XB003083_TGTCCCAGTTCGGGTC-1,SA609X4XB003083,R
.cache/TENX069/filtered_feature_bc_matrix,TGTCCTGCACTCCACT-1,SA609X4XB003083_TGTCCTGCACTCCACT-1,SA609X4XB003083,B
.cache/TENX069/filtered_feature_bc_matrix,TGTGAGTGTACGTGAG-1,SA609X4XB003083_TGTGAGTGTACGTGAG-1,SA609X4XB003083,R
.cache/TENX069/filtered_feature_bc_matrix,TGTTACTAGTCGAATA-1,SA609X4XB003083_TGTTACTAGTCGAATA-1,SA609X4XB003083,R
.cache/TENX069/filtered_feature_bc_matrix,TGTTACTTCATGCCCT-1,SA609X4XB003083_TGTTACTTCATGCCCT-1,SA609X4XB003083,B
.cache/TENX069/filtered_feature_bc_matrix,TGTTCTAAGTGAGTTA-1,SA609X4XB003083_TGTTCTAAGTGAGTTA-1,SA609X4XB003083,R
.cache/TENX069/filtered_feature_bc_matrix,TGTTTGTTCGACCAAT-1,SA609X4XB003083_TGTTTGTTCGACCAAT-1,SA609X4XB003083,R
.cache/TENX069/filtered_feature_bc_matrix,TTAATCCGTCAATCTG-1,SA609X4XB003083_TTAATCCGTCAATCTG-1,SA609X4XB003083,R
.cache/TENX069/filtered_feature_bc_matrix,TTACAGGGTCTGCATA-1,SA609X4XB003083_TTACAGGGTCTGCATA-1,SA609X4XB003083,R
.cache/TENX069/filtered_feature_bc_matrix,TTACCGCGTTGCTCAA-1,SA609X4XB003083_TTACCGCGTTGCTCAA-1,SA609X4XB003083,B
.cache/TENX069/filtered_feature_bc_matrix,TTACTGTAGTAAGAGG-1,SA609X4XB003083_TTACTGTAGTAAGAGG-1,SA609X4XB003083,R
.cache/TENX069/filtered_feature_bc_matrix,TTAGGCAAGACATATG-1,SA609X4XB003083_TTAGGCAAGACATATG-1,SA609X4XB003083,R
.cache/TENX069/filtered_feature_bc_matrix,TTAGGCATCAGTGATC-1,SA609X4XB003083_TTAGGCATCAGTGATC-1,SA609X4XB003083,R
.cache/TENX069/filtered_feature_bc_matrix,TTCATGTTCGTTCTGC-1,SA609X4XB003083_TTCATGTTCGTTCTGC-1,SA609X4XB003083,R
.cache/TENX069/filtered_feature_bc_matrix,TTCATTGAGGAACTCG-1,SA609X4XB003083_TTCATTGAGGAACTCG-1,SA609X4XB003083,R
.cache/TENX069/filtered_feature_bc_matrix,TTCCGGTTCTGGCCTT-1,SA609X4XB003083_TTCCGGTTCTGGCCTT-1,SA609X4XB003083,R
.cache/TENX069/filtered_feature_bc_matrix,TTCCGTGAGAGCCATG-1,SA609X4XB003083_TTCCGTGAGAGCCATG-1,SA609X4XB003083,R
.cache/TENX069/filtered_feature_bc_matrix,TTCCTAACATGACTCA-1,SA609X4XB003083_TTCCTAACATGACTCA-1,SA609X4XB003083,B
.cache/TENX069/filtered_feature_bc_matrix,TTCCTTCCAACCGACC-1,SA609X4XB003083_TTCCTTCCAACCGACC-1,SA609X4XB003083,R
.cache/TENX069/filtered_feature_bc_matrix,TTCGCTGCACCCAACG-1,SA609X4XB003083_TTCGCTGCACCCAACG-1,SA609X4XB003083,R
.cache/TENX069/filtered_feature_bc_matrix,TTCTAACTCTACACAG-1,SA609X4XB003083_TTCTAACTCTACACAG-1,SA609X4XB003083,B
.cache/TENX069/filtered_feature_bc_matrix,TTCTCTCCACCGTGAC-1,SA609X4XB003083_TTCTCTCCACCGTGAC-1,SA609X4XB003083,R
.cache/TENX069/filtered_feature_bc_matrix,TTCTCTCGTTGGGACA-1,SA609X4XB003083_TTCTCTCGTTGGGACA-1,SA609X4XB003083,B
.cache/TENX069/filtered_feature_bc_matrix,TTGCATTCAGGACGAT-1,SA609X4XB003083_TTGCATTCAGGACGAT-1,SA609X4XB003083,R
.cache/TENX069/filtered_feature_bc_matrix,TTGCATTGTGTGTGTT-1,SA609X4XB003083_TTGCATTGTGTGTGTT-1,SA609X4XB003083,R
.cache/TENX069/filtered_feature_bc_matrix,TTGCATTGTTCTATCT-1,SA609X4XB003083_TTGCATTGTTCTATCT-1,SA609X4XB003083,R
.cache/TENX069/filtered_feature_bc_matrix,TTGCCTGTCCATTTAC-1,SA609X4XB003083_TTGCCTGTCCATTTAC-1,SA609X4XB003083,R
.cache/TENX069/filtered_feature_bc_matrix,TTGGATGAGTTGAATG-1,SA609X4XB003083_TTGGATGAGTTGAATG-1,SA609X4XB003083,R
.cache/TENX069/filtered_feature_bc_matrix,TTGGGATCAGGGTCTC-1,SA609X4XB003083_TTGGGATCAGGGTCTC-1,SA609X4XB003083,R
.cache/TENX069/filtered_feature_bc_matrix,TTGGTTTAGTCACAGG-1,SA609X4XB003083_TTGGTTTAGTCACAGG-1,SA609X4XB003083,B
.cache/TENX069/filtered_feature_bc_matrix,TTGTGGAGTCAACGCC-1,SA609X4XB003083_TTGTGGAGTCAACGCC-1,SA609X4XB003083,R
.cache/TENX069/filtered_feature_bc_matrix,TTTAGTCAGGCTGGAT-1,SA609X4XB003083_TTTAGTCAGGCTGGAT-1,SA609X4XB003083,R
.cache/TENX069/filtered_feature_bc_matrix,TTTCAGTGTAACATGA-1,SA609X4XB003083_TTTCAGTGTAACATGA-1,SA609X4XB003083,B
.cache/TENX069/filtered_feature_bc_matrix,TTTCCTCTCAGCTAGT-1,SA609X4XB003083_TTTCCTCTCAGCTAGT-1,SA609X4XB003083,R
.cache/TENX069/filtered_feature_bc_matrix,TTTGATCCAGTTTGGT-1,SA609X4XB003083_TTTGATCCAGTTTGGT-1,SA609X4XB003083,B
.cache/TENX069/filtered_feature_bc_matrix,TTTGGTTGTTGGAGGT-1,SA609X4XB003083_TTTGGTTGTTGGAGGT-1,SA609X4XB003083,B
.cache/TENX069/filtered_feature_bc_matrix,TTTGTTGAGTTCGGTT-1,SA609X4XB003083_TTTGTTGAGTTCGGTT-1,SA609X4XB003083,R
