Sample,Barcode,cell_id,id,clone
.cache/SCRNA10X_SA_CHIP0063_000/filtered_feature_bc_matrix,AAACCTGGTACGAAAT-1,SA609X3XB01584_AAACCTGGTACGAAAT-1,SA609X3XB01584,C
.cache/SCRNA10X_SA_CHIP0063_000/filtered_feature_bc_matrix,AAAGATGCAAACGTGG-1,SA609X3XB01584_AAAGATGCAAACGTGG-1,SA609X3XB01584,D
.cache/SCRNA10X_SA_CHIP0063_000/filtered_feature_bc_matrix,AAAGATGGTTGATTCG-1,SA609X3XB01584_AAAGATGGTTGATTCG-1,SA609X3XB01584,C
.cache/SCRNA10X_SA_CHIP0063_000/filtered_feature_bc_matrix,AAAGTAGGTACCATCA-1,SA609X3XB01584_AAAGTAGGTACCATCA-1,SA609X3XB01584,D
.cache/SCRNA10X_SA_CHIP0063_000/filtered_feature_bc_matrix,AACACGTCATCATCCC-1,SA609X3XB01584_AACACGTCATCATCCC-1,SA609X3XB01584,C
.cache/SCRNA10X_SA_CHIP0063_000/filtered_feature_bc_matrix,AACCGCGAGTGCGATG-1,SA609X3XB01584_AACCGCGAGTGCGATG-1,SA609X3XB01584,B
.cache/SCRNA10X_SA_CHIP0063_000/filtered_feature_bc_matrix,AACTGGTTCAGTTGAC-1,SA609X3XB01584_AACTGGTTCAGTTGAC-1,SA609X3XB01584,D
.cache/SCRNA10X_SA_CHIP0063_000/filtered_feature_bc_matrix,AAGACCTCAAGCGAGT-1,SA609X3XB01584_AAGACCTCAAGCGAGT-1,SA609X3XB01584,D
.cache/SCRNA10X_SA_CHIP0063_000/filtered_feature_bc_matrix,AAGACCTGTCCTCCAT-1,SA609X3XB01584_AAGACCTGTCCTCCAT-1,SA609X3XB01584,D
.cache/SCRNA10X_SA_CHIP0063_000/filtered_feature_bc_matrix,AAGGCAGGTCTCCCTA-1,SA609X3XB01584_AAGGCAGGTCTCCCTA-1,SA609X3XB01584,C
.cache/SCRNA10X_SA_CHIP0063_000/filtered_feature_bc_matrix,AAGGTTCGTTCGGGCT-1,SA609X3XB01584_AAGGTTCGTTCGGGCT-1,SA609X3XB01584,D
.cache/SCRNA10X_SA_CHIP0063_000/filtered_feature_bc_matrix,ACACCAAAGGCATTGG-1,SA609X3XB01584_ACACCAAAGGCATTGG-1,SA609X3XB01584,C
.cache/SCRNA10X_SA_CHIP0063_000/filtered_feature_bc_matrix,ACACCGGAGAGAGCTC-1,SA609X3XB01584_ACACCGGAGAGAGCTC-1,SA609X3XB01584,C
.cache/SCRNA10X_SA_CHIP0063_000/filtered_feature_bc_matrix,ACACCGGAGCGTTCCG-1,SA609X3XB01584_ACACCGGAGCGTTCCG-1,SA609X3XB01584,C
.cache/SCRNA10X_SA_CHIP0063_000/filtered_feature_bc_matrix,ACACTGAGTAGCGCTC-1,SA609X3XB01584_ACACTGAGTAGCGCTC-1,SA609X3XB01584,C
.cache/SCRNA10X_SA_CHIP0063_000/filtered_feature_bc_matrix,ACCTTTAAGGCTCTTA-1,SA609X3XB01584_ACCTTTAAGGCTCTTA-1,SA609X3XB01584,C
.cache/SCRNA10X_SA_CHIP0063_000/filtered_feature_bc_matrix,ACCTTTACAGATGGCA-1,SA609X3XB01584_ACCTTTACAGATGGCA-1,SA609X3XB01584,D
.cache/SCRNA10X_SA_CHIP0063_000/filtered_feature_bc_matrix,ACCTTTACATCGGTTA-1,SA609X3XB01584_ACCTTTACATCGGTTA-1,SA609X3XB01584,C
.cache/SCRNA10X_SA_CHIP0063_000/filtered_feature_bc_matrix,ACGAGCCGTTACCAGT-1,SA609X3XB01584_ACGAGCCGTTACCAGT-1,SA609X3XB01584,C
.cache/SCRNA10X_SA_CHIP0063_000/filtered_feature_bc_matrix,ACGATGTAGTGGAGTC-1,SA609X3XB01584_ACGATGTAGTGGAGTC-1,SA609X3XB01584,C
.cache/SCRNA10X_SA_CHIP0063_000/filtered_feature_bc_matrix,ACGCAGCTCATGGTCA-1,SA609X3XB01584_ACGCAGCTCATGGTCA-1,SA609X3XB01584,C
.cache/SCRNA10X_SA_CHIP0063_000/filtered_feature_bc_matrix,ACTATCTTCTCTGAGA-1,SA609X3XB01584_ACTATCTTCTCTGAGA-1,SA609X3XB01584,D
.cache/SCRNA10X_SA_CHIP0063_000/filtered_feature_bc_matrix,ACTGAACCAATGCCAT-1,SA609X3XB01584_ACTGAACCAATGCCAT-1,SA609X3XB01584,C
.cache/SCRNA10X_SA_CHIP0063_000/filtered_feature_bc_matrix,ACTGATGAGAAGCCCA-1,SA609X3XB01584_ACTGATGAGAAGCCCA-1,SA609X3XB01584,D
.cache/SCRNA10X_SA_CHIP0063_000/filtered_feature_bc_matrix,ACTGTCCGTTTGACAC-1,SA609X3XB01584_ACTGTCCGTTTGACAC-1,SA609X3XB01584,D
.cache/SCRNA10X_SA_CHIP0063_000/filtered_feature_bc_matrix,ACTGTCCTCGTCCAGG-1,SA609X3XB01584_ACTGTCCTCGTCCAGG-1,SA609X3XB01584,D
.cache/SCRNA10X_SA_CHIP0063_000/filtered_feature_bc_matrix,ACTTACTAGACGCTTT-1,SA609X3XB01584_ACTTACTAGACGCTTT-1,SA609X3XB01584,C
.cache/SCRNA10X_SA_CHIP0063_000/filtered_feature_bc_matrix,ACTTACTCATTCTCAT-1,SA609X3XB01584_ACTTACTCATTCTCAT-1,SA609X3XB01584,D
.cache/SCRNA10X_SA_CHIP0063_000/filtered_feature_bc_matrix,ACTTACTTCAAGGTAA-1,SA609X3XB01584_ACTTACTTCAAGGTAA-1,SA609X3XB01584,D
.cache/SCRNA10X_SA_CHIP0063_000/filtered_feature_bc_matrix,ACTTGTTCATCGATTG-1,SA609X3XB01584_ACTTGTTCATCGATTG-1,SA609X3XB01584,D
.cache/SCRNA10X_SA_CHIP0063_000/filtered_feature_bc_matrix,ACTTGTTTCTAACGGT-1,SA609X3XB01584_ACTTGTTTCTAACGGT-1,SA609X3XB01584,D
.cache/SCRNA10X_SA_CHIP0063_000/filtered_feature_bc_matrix,AGAGCGACACAGGAGT-1,SA609X3XB01584_AGAGCGACACAGGAGT-1,SA609X3XB01584,C
.cache/SCRNA10X_SA_CHIP0063_000/filtered_feature_bc_matrix,AGATCTGTCATACGGT-1,SA609X3XB01584_AGATCTGTCATACGGT-1,SA609X3XB01584,C
.cache/SCRNA10X_SA_CHIP0063_000/filtered_feature_bc_matrix,AGATTGCCACCGTTGG-1,SA609X3XB01584_AGATTGCCACCGTTGG-1,SA609X3XB01584,C
.cache/SCRNA10X_SA_CHIP0063_000/filtered_feature_bc_matrix,AGCAGCCTCGCAAGCC-1,SA609X3XB01584_AGCAGCCTCGCAAGCC-1,SA609X3XB01584,D
.cache/SCRNA10X_SA_CHIP0063_000/filtered_feature_bc_matrix,AGCATACAGAAGATTC-1,SA609X3XB01584_AGCATACAGAAGATTC-1,SA609X3XB01584,D
.cache/SCRNA10X_SA_CHIP0063_000/filtered_feature_bc_matrix,AGCCTAAGTCCGACGT-1,SA609X3XB01584_AGCCTAAGTCCGACGT-1,SA609X3XB01584,C
.cache/SCRNA10X_SA_CHIP0063_000/filtered_feature_bc_matrix,AGCCTAAGTCCTGCTT-1,SA609X3XB01584_AGCCTAAGTCCTGCTT-1,SA609X3XB01584,C
.cache/SCRNA10X_SA_CHIP0063_000/filtered_feature_bc_matrix,AGCCTAATCGCTTGTC-1,SA609X3XB01584_AGCCTAATCGCTTGTC-1,SA609X3XB01584,C
.cache/SCRNA10X_SA_CHIP0063_000/filtered_feature_bc_matrix,AGCGGTCGTTCCTCCA-1,SA609X3XB01584_AGCGGTCGTTCCTCCA-1,SA609X3XB01584,C
.cache/SCRNA10X_SA_CHIP0063_000/filtered_feature_bc_matrix,AGCGTATGTCAATACC-1,SA609X3XB01584_AGCGTATGTCAATACC-1,SA609X3XB01584,D
.cache/SCRNA10X_SA_CHIP0063_000/filtered_feature_bc_matrix,AGCTCCTAGGCTAGGT-1,SA609X3XB01584_AGCTCCTAGGCTAGGT-1,SA609X3XB01584,D
.cache/SCRNA10X_SA_CHIP0063_000/filtered_feature_bc_matrix,AGCTCTCAGTCGCCGT-1,SA609X3XB01584_AGCTCTCAGTCGCCGT-1,SA609X3XB01584,D
.cache/SCRNA10X_SA_CHIP0063_000/filtered_feature_bc_matrix,AGCTCTCTCCGAATGT-1,SA609X3XB01584_AGCTCTCTCCGAATGT-1,SA609X3XB01584,C
.cache/SCRNA10X_SA_CHIP0063_000/filtered_feature_bc_matrix,AGCTTGAAGTATCGAA-1,SA609X3XB01584_AGCTTGAAGTATCGAA-1,SA609X3XB01584,C
.cache/SCRNA10X_SA_CHIP0063_000/filtered_feature_bc_matrix,AGCTTGAGTCCGTTAA-1,SA609X3XB01584_AGCTTGAGTCCGTTAA-1,SA609X3XB01584,D
.cache/SCRNA10X_SA_CHIP0063_000/filtered_feature_bc_matrix,AGGTCATCAATAAGCA-1,SA609X3XB01584_AGGTCATCAATAAGCA-1,SA609X3XB01584,D
.cache/SCRNA10X_SA_CHIP0063_000/filtered_feature_bc_matrix,AGTCTTTGTTTGTTTC-1,SA609X3XB01584_AGTCTTTGTTTGTTTC-1,SA609X3XB01584,D
.cache/SCRNA10X_SA_CHIP0063_000/filtered_feature_bc_matrix,AGTGTCAAGTGGGATC-1,SA609X3XB01584_AGTGTCAAGTGGGATC-1,SA609X3XB01584,D
.cache/SCRNA10X_SA_CHIP0063_000/filtered_feature_bc_matrix,ATAAGAGGTTTGTTTC-1,SA609X3XB01584_ATAAGAGGTTTGTTTC-1,SA609X3XB01584,D
.cache/SCRNA10X_SA_CHIP0063_000/filtered_feature_bc_matrix,ATAGACCAGCGAGAAA-1,SA609X3XB01584_ATAGACCAGCGAGAAA-1,SA609X3XB01584,D
.cache/SCRNA10X_SA_CHIP0063_000/filtered_feature_bc_matrix,ATAGACCTCATGCAAC-1,SA609X3XB01584_ATAGACCTCATGCAAC-1,SA609X3XB01584,D
.cache/SCRNA10X_SA_CHIP0063_000/filtered_feature_bc_matrix,ATAGACCTCTTGAGGT-1,SA609X3XB01584_ATAGACCTCTTGAGGT-1,SA609X3XB01584,C
.cache/SCRNA10X_SA_CHIP0063_000/filtered_feature_bc_matrix,ATCCACCAGACGCAAC-1,SA609X3XB01584_ATCCACCAGACGCAAC-1,SA609X3XB01584,D
.cache/SCRNA10X_SA_CHIP0063_000/filtered_feature_bc_matrix,ATCCACCGTGCATCTA-1,SA609X3XB01584_ATCCACCGTGCATCTA-1,SA609X3XB01584,D
.cache/SCRNA10X_SA_CHIP0063_000/filtered_feature_bc_matrix,ATCCGAATCAGCAACT-1,SA609X3XB01584_ATCCGAATCAGCAACT-1,SA609X3XB01584,D
.cache/SCRNA10X_SA_CHIP0063_000/filtered_feature_bc_matrix,ATCTGCCTCGCCCTTA-1,SA609X3XB01584_ATCTGCCTCGCCCTTA-1,SA609X3XB01584,D
.cache/SCRNA10X_SA_CHIP0063_000/filtered_feature_bc_matrix,ATGAGGGGTACTTCTT-1,SA609X3XB01584_ATGAGGGGTACTTCTT-1,SA609X3XB01584,D
.cache/SCRNA10X_SA_CHIP0063_000/filtered_feature_bc_matrix,ATGTGTGAGGGTCGAT-1,SA609X3XB01584_ATGTGTGAGGGTCGAT-1,SA609X3XB01584,D
.cache/SCRNA10X_SA_CHIP0063_000/filtered_feature_bc_matrix,ATGTGTGTCGCAAGCC-1,SA609X3XB01584_ATGTGTGTCGCAAGCC-1,SA609X3XB01584,D
.cache/SCRNA10X_SA_CHIP0063_000/filtered_feature_bc_matrix,ATTACTCGTAAGTTCC-1,SA609X3XB01584_ATTACTCGTAAGTTCC-1,SA609X3XB01584,D
.cache/SCRNA10X_SA_CHIP0063_000/filtered_feature_bc_matrix,ATTATCCGTAAGCACG-1,SA609X3XB01584_ATTATCCGTAAGCACG-1,SA609X3XB01584,D
.cache/SCRNA10X_SA_CHIP0063_000/filtered_feature_bc_matrix,ATTATCCGTGGCGAAT-1,SA609X3XB01584_ATTATCCGTGGCGAAT-1,SA609X3XB01584,D
.cache/SCRNA10X_SA_CHIP0063_000/filtered_feature_bc_matrix,ATTGGTGCACGAGAGT-1,SA609X3XB01584_ATTGGTGCACGAGAGT-1,SA609X3XB01584,D
.cache/SCRNA10X_SA_CHIP0063_000/filtered_feature_bc_matrix,ATTTCTGAGGTGCACA-1,SA609X3XB01584_ATTTCTGAGGTGCACA-1,SA609X3XB01584,D
.cache/SCRNA10X_SA_CHIP0063_000/filtered_feature_bc_matrix,CAACCAAAGCAGATCG-1,SA609X3XB01584_CAACCAAAGCAGATCG-1,SA609X3XB01584,D
.cache/SCRNA10X_SA_CHIP0063_000/filtered_feature_bc_matrix,CAACCTCGTCGGGTCT-1,SA609X3XB01584_CAACCTCGTCGGGTCT-1,SA609X3XB01584,D
.cache/SCRNA10X_SA_CHIP0063_000/filtered_feature_bc_matrix,CACAAACTCGCCTGTT-1,SA609X3XB01584_CACAAACTCGCCTGTT-1,SA609X3XB01584,B
.cache/SCRNA10X_SA_CHIP0063_000/filtered_feature_bc_matrix,CACACAACAGGATCGA-1,SA609X3XB01584_CACACAACAGGATCGA-1,SA609X3XB01584,C
.cache/SCRNA10X_SA_CHIP0063_000/filtered_feature_bc_matrix,CACACAAGTCTAGCCG-1,SA609X3XB01584_CACACAAGTCTAGCCG-1,SA609X3XB01584,D
.cache/SCRNA10X_SA_CHIP0063_000/filtered_feature_bc_matrix,CACACTCTCACCGTAA-1,SA609X3XB01584_CACACTCTCACCGTAA-1,SA609X3XB01584,D
.cache/SCRNA10X_SA_CHIP0063_000/filtered_feature_bc_matrix,CACACTCTCCCAACGG-1,SA609X3XB01584_CACACTCTCCCAACGG-1,SA609X3XB01584,D
.cache/SCRNA10X_SA_CHIP0063_000/filtered_feature_bc_matrix,CACAGTATCATGTAGC-1,SA609X3XB01584_CACAGTATCATGTAGC-1,SA609X3XB01584,B
.cache/SCRNA10X_SA_CHIP0063_000/filtered_feature_bc_matrix,CACCACTCAGCGATCC-1,SA609X3XB01584_CACCACTCAGCGATCC-1,SA609X3XB01584,D
.cache/SCRNA10X_SA_CHIP0063_000/filtered_feature_bc_matrix,CACCTTGTCATCGCTC-1,SA609X3XB01584_CACCTTGTCATCGCTC-1,SA609X3XB01584,D
.cache/SCRNA10X_SA_CHIP0063_000/filtered_feature_bc_matrix,CACCTTGTCTTATCTG-1,SA609X3XB01584_CACCTTGTCTTATCTG-1,SA609X3XB01584,C
.cache/SCRNA10X_SA_CHIP0063_000/filtered_feature_bc_matrix,CAGAGAGCATCCGGGT-1,SA609X3XB01584_CAGAGAGCATCCGGGT-1,SA609X3XB01584,D
.cache/SCRNA10X_SA_CHIP0063_000/filtered_feature_bc_matrix,CAGAGAGTCAGCTCTC-1,SA609X3XB01584_CAGAGAGTCAGCTCTC-1,SA609X3XB01584,D
.cache/SCRNA10X_SA_CHIP0063_000/filtered_feature_bc_matrix,CAGCCGACACACGCTG-1,SA609X3XB01584_CAGCCGACACACGCTG-1,SA609X3XB01584,C
.cache/SCRNA10X_SA_CHIP0063_000/filtered_feature_bc_matrix,CAGCTAAAGAGATGAG-1,SA609X3XB01584_CAGCTAAAGAGATGAG-1,SA609X3XB01584,D
.cache/SCRNA10X_SA_CHIP0063_000/filtered_feature_bc_matrix,CAGCTAAGTTTGACAC-1,SA609X3XB01584_CAGCTAAGTTTGACAC-1,SA609X3XB01584,C
.cache/SCRNA10X_SA_CHIP0063_000/filtered_feature_bc_matrix,CAGCTGGCAACTGCGC-1,SA609X3XB01584_CAGCTGGCAACTGCGC-1,SA609X3XB01584,C
.cache/SCRNA10X_SA_CHIP0063_000/filtered_feature_bc_matrix,CAGGTGCTCGTCTGCT-1,SA609X3XB01584_CAGGTGCTCGTCTGCT-1,SA609X3XB01584,C
.cache/SCRNA10X_SA_CHIP0063_000/filtered_feature_bc_matrix,CAGTAACAGGTGCTTT-1,SA609X3XB01584_CAGTAACAGGTGCTTT-1,SA609X3XB01584,C
.cache/SCRNA10X_SA_CHIP0063_000/filtered_feature_bc_matrix,CAGTAACCAGATTGCT-1,SA609X3XB01584_CAGTAACCAGATTGCT-1,SA609X3XB01584,D
.cache/SCRNA10X_SA_CHIP0063_000/filtered_feature_bc_matrix,CAGTCCTGTCTAGTCA-1,SA609X3XB01584_CAGTCCTGTCTAGTCA-1,SA609X3XB01584,C
.cache/SCRNA10X_SA_CHIP0063_000/filtered_feature_bc_matrix,CATATGGCAATCCGAT-1,SA609X3XB01584_CATATGGCAATCCGAT-1,SA609X3XB01584,D
.cache/SCRNA10X_SA_CHIP0063_000/filtered_feature_bc_matrix,CATATGGTCAGCGACC-1,SA609X3XB01584_CATATGGTCAGCGACC-1,SA609X3XB01584,D
.cache/SCRNA10X_SA_CHIP0063_000/filtered_feature_bc_matrix,CATCCACAGCTAGCCC-1,SA609X3XB01584_CATCCACAGCTAGCCC-1,SA609X3XB01584,C
.cache/SCRNA10X_SA_CHIP0063_000/filtered_feature_bc_matrix,CATCCACCAAACTGTC-1,SA609X3XB01584_CATCCACCAAACTGTC-1,SA609X3XB01584,D
.cache/SCRNA10X_SA_CHIP0063_000/filtered_feature_bc_matrix,CATCCACGTTTACTCT-1,SA609X3XB01584_CATCCACGTTTACTCT-1,SA609X3XB01584,C
.cache/SCRNA10X_SA_CHIP0063_000/filtered_feature_bc_matrix,CATCGGGCAGCGTTCG-1,SA609X3XB01584_CATCGGGCAGCGTTCG-1,SA609X3XB01584,D
.cache/SCRNA10X_SA_CHIP0063_000/filtered_feature_bc_matrix,CATGACAAGGGTATCG-1,SA609X3XB01584_CATGACAAGGGTATCG-1,SA609X3XB01584,C
.cache/SCRNA10X_SA_CHIP0063_000/filtered_feature_bc_matrix,CATGACACACGGCTAC-1,SA609X3XB01584_CATGACACACGGCTAC-1,SA609X3XB01584,D
.cache/SCRNA10X_SA_CHIP0063_000/filtered_feature_bc_matrix,CATGACACATTCTCAT-1,SA609X3XB01584_CATGACACATTCTCAT-1,SA609X3XB01584,D
.cache/SCRNA10X_SA_CHIP0063_000/filtered_feature_bc_matrix,CATGCCTGTAGCGCAA-1,SA609X3XB01584_CATGCCTGTAGCGCAA-1,SA609X3XB01584,C
.cache/SCRNA10X_SA_CHIP0063_000/filtered_feature_bc_matrix,CATGGCGGTGTGGTTT-1,SA609X3XB01584_CATGGCGGTGTGGTTT-1,SA609X3XB01584,D
.cache/SCRNA10X_SA_CHIP0063_000/filtered_feature_bc_matrix,CCAATCCTCACCCGAG-1,SA609X3XB01584_CCAATCCTCACCCGAG-1,SA609X3XB01584,B
.cache/SCRNA10X_SA_CHIP0063_000/filtered_feature_bc_matrix,CCACCTAGTAAGAGGA-1,SA609X3XB01584_CCACCTAGTAAGAGGA-1,SA609X3XB01584,B
.cache/SCRNA10X_SA_CHIP0063_000/filtered_feature_bc_matrix,CCACGGAGTGGTTTCA-1,SA609X3XB01584_CCACGGAGTGGTTTCA-1,SA609X3XB01584,C
.cache/SCRNA10X_SA_CHIP0063_000/filtered_feature_bc_matrix,CCCAATCAGCGATATA-1,SA609X3XB01584_CCCAATCAGCGATATA-1,SA609X3XB01584,D
.cache/SCRNA10X_SA_CHIP0063_000/filtered_feature_bc_matrix,CCGGTAGGTCCTGCTT-1,SA609X3XB01584_CCGGTAGGTCCTGCTT-1,SA609X3XB01584,C
.cache/SCRNA10X_SA_CHIP0063_000/filtered_feature_bc_matrix,CCGTGGAGTACGACCC-1,SA609X3XB01584_CCGTGGAGTACGACCC-1,SA609X3XB01584,C
.cache/SCRNA10X_SA_CHIP0063_000/filtered_feature_bc_matrix,CCTACCAGTAGGGTAC-1,SA609X3XB01584_CCTACCAGTAGGGTAC-1,SA609X3XB01584,D
.cache/SCRNA10X_SA_CHIP0063_000/filtered_feature_bc_matrix,CCTAGCTAGGAATGGA-1,SA609X3XB01584_CCTAGCTAGGAATGGA-1,SA609X3XB01584,C
.cache/SCRNA10X_SA_CHIP0063_000/filtered_feature_bc_matrix,CCTCAGTGTTCAACCA-1,SA609X3XB01584_CCTCAGTGTTCAACCA-1,SA609X3XB01584,D
.cache/SCRNA10X_SA_CHIP0063_000/filtered_feature_bc_matrix,CCTCTGAAGTACGTTC-1,SA609X3XB01584_CCTCTGAAGTACGTTC-1,SA609X3XB01584,C
.cache/SCRNA10X_SA_CHIP0063_000/filtered_feature_bc_matrix,CCTTACGAGAATAGGG-1,SA609X3XB01584_CCTTACGAGAATAGGG-1,SA609X3XB01584,C
.cache/SCRNA10X_SA_CHIP0063_000/filtered_feature_bc_matrix,CCTTCCCTCGCGATCG-1,SA609X3XB01584_CCTTCCCTCGCGATCG-1,SA609X3XB01584,C
.cache/SCRNA10X_SA_CHIP0063_000/filtered_feature_bc_matrix,CCTTCGAAGCGCTTAT-1,SA609X3XB01584_CCTTCGAAGCGCTTAT-1,SA609X3XB01584,D
.cache/SCRNA10X_SA_CHIP0063_000/filtered_feature_bc_matrix,CCTTCGACAGCTGCAC-1,SA609X3XB01584_CCTTCGACAGCTGCAC-1,SA609X3XB01584,D
.cache/SCRNA10X_SA_CHIP0063_000/filtered_feature_bc_matrix,CCTTTCTGTTAGTGGG-1,SA609X3XB01584_CCTTTCTGTTAGTGGG-1,SA609X3XB01584,D
.cache/SCRNA10X_SA_CHIP0063_000/filtered_feature_bc_matrix,CGAATGTTCGTACGGC-1,SA609X3XB01584_CGAATGTTCGTACGGC-1,SA609X3XB01584,C
.cache/SCRNA10X_SA_CHIP0063_000/filtered_feature_bc_matrix,CGACCTTAGCGATATA-1,SA609X3XB01584_CGACCTTAGCGATATA-1,SA609X3XB01584,D
.cache/SCRNA10X_SA_CHIP0063_000/filtered_feature_bc_matrix,CGACTTCTCGTTTGCC-1,SA609X3XB01584_CGACTTCTCGTTTGCC-1,SA609X3XB01584,C
.cache/SCRNA10X_SA_CHIP0063_000/filtered_feature_bc_matrix,CGATCGGTCCCTAACC-1,SA609X3XB01584_CGATCGGTCCCTAACC-1,SA609X3XB01584,C
.cache/SCRNA10X_SA_CHIP0063_000/filtered_feature_bc_matrix,CGATGGCTCGCGTAGC-1,SA609X3XB01584_CGATGGCTCGCGTAGC-1,SA609X3XB01584,D
.cache/SCRNA10X_SA_CHIP0063_000/filtered_feature_bc_matrix,CGCGTTTAGTTTCCTT-1,SA609X3XB01584_CGCGTTTAGTTTCCTT-1,SA609X3XB01584,D
.cache/SCRNA10X_SA_CHIP0063_000/filtered_feature_bc_matrix,CGCTTCAGTCATGCCG-1,SA609X3XB01584_CGCTTCAGTCATGCCG-1,SA609X3XB01584,C
.cache/SCRNA10X_SA_CHIP0063_000/filtered_feature_bc_matrix,CGCTTCATCAAGAAGT-1,SA609X3XB01584_CGCTTCATCAAGAAGT-1,SA609X3XB01584,D
.cache/SCRNA10X_SA_CHIP0063_000/filtered_feature_bc_matrix,CGGAGCTGTCGACTAT-1,SA609X3XB01584_CGGAGCTGTCGACTAT-1,SA609X3XB01584,D
.cache/SCRNA10X_SA_CHIP0063_000/filtered_feature_bc_matrix,CGGCTAGTCCGTTGCT-1,SA609X3XB01584_CGGCTAGTCCGTTGCT-1,SA609X3XB01584,C
.cache/SCRNA10X_SA_CHIP0063_000/filtered_feature_bc_matrix,CGTAGCGCATTGGTAC-1,SA609X3XB01584_CGTAGCGCATTGGTAC-1,SA609X3XB01584,C
.cache/SCRNA10X_SA_CHIP0063_000/filtered_feature_bc_matrix,CGTTAGAGTACCCAAT-1,SA609X3XB01584_CGTTAGAGTACCCAAT-1,SA609X3XB01584,D
.cache/SCRNA10X_SA_CHIP0063_000/filtered_feature_bc_matrix,CGTTAGATCAACCATG-1,SA609X3XB01584_CGTTAGATCAACCATG-1,SA609X3XB01584,D
.cache/SCRNA10X_SA_CHIP0063_000/filtered_feature_bc_matrix,CGTTGGGGTCAACTGT-1,SA609X3XB01584_CGTTGGGGTCAACTGT-1,SA609X3XB01584,D
.cache/SCRNA10X_SA_CHIP0063_000/filtered_feature_bc_matrix,CTAACTTTCATGCAAC-1,SA609X3XB01584_CTAACTTTCATGCAAC-1,SA609X3XB01584,B
.cache/SCRNA10X_SA_CHIP0063_000/filtered_feature_bc_matrix,CTAAGACCAAACTGTC-1,SA609X3XB01584_CTAAGACCAAACTGTC-1,SA609X3XB01584,C
.cache/SCRNA10X_SA_CHIP0063_000/filtered_feature_bc_matrix,CTAAGACTCGCACTCT-1,SA609X3XB01584_CTAAGACTCGCACTCT-1,SA609X3XB01584,D
.cache/SCRNA10X_SA_CHIP0063_000/filtered_feature_bc_matrix,CTAATGGTCTACTATC-1,SA609X3XB01584_CTAATGGTCTACTATC-1,SA609X3XB01584,D
.cache/SCRNA10X_SA_CHIP0063_000/filtered_feature_bc_matrix,CTACACCGTAAAGGAG-1,SA609X3XB01584_CTACACCGTAAAGGAG-1,SA609X3XB01584,D
.cache/SCRNA10X_SA_CHIP0063_000/filtered_feature_bc_matrix,CTACGTCCACCAGGTC-1,SA609X3XB01584_CTACGTCCACCAGGTC-1,SA609X3XB01584,D
.cache/SCRNA10X_SA_CHIP0063_000/filtered_feature_bc_matrix,CTACGTCGTCTCCCTA-1,SA609X3XB01584_CTACGTCGTCTCCCTA-1,SA609X3XB01584,D
.cache/SCRNA10X_SA_CHIP0063_000/filtered_feature_bc_matrix,CTAGAGTAGATATACG-1,SA609X3XB01584_CTAGAGTAGATATACG-1,SA609X3XB01584,C
.cache/SCRNA10X_SA_CHIP0063_000/filtered_feature_bc_matrix,CTAGAGTGTCTAACGT-1,SA609X3XB01584_CTAGAGTGTCTAACGT-1,SA609X3XB01584,D
.cache/SCRNA10X_SA_CHIP0063_000/filtered_feature_bc_matrix,CTAGTGAAGGCTAGAC-1,SA609X3XB01584_CTAGTGAAGGCTAGAC-1,SA609X3XB01584,D
.cache/SCRNA10X_SA_CHIP0063_000/filtered_feature_bc_matrix,CTCACACGTTGCCTCT-1,SA609X3XB01584_CTCACACGTTGCCTCT-1,SA609X3XB01584,D
.cache/SCRNA10X_SA_CHIP0063_000/filtered_feature_bc_matrix,CTCCTAGAGGGTGTTG-1,SA609X3XB01584_CTCCTAGAGGGTGTTG-1,SA609X3XB01584,D
.cache/SCRNA10X_SA_CHIP0063_000/filtered_feature_bc_matrix,CTCGTCACATCTGGTA-1,SA609X3XB01584_CTCGTCACATCTGGTA-1,SA609X3XB01584,D
.cache/SCRNA10X_SA_CHIP0063_000/filtered_feature_bc_matrix,CTCTAATCAGTCAGAG-1,SA609X3XB01584_CTCTAATCAGTCAGAG-1,SA609X3XB01584,B
.cache/SCRNA10X_SA_CHIP0063_000/filtered_feature_bc_matrix,CTCTACGTCCGTACAA-1,SA609X3XB01584_CTCTACGTCCGTACAA-1,SA609X3XB01584,C
.cache/SCRNA10X_SA_CHIP0063_000/filtered_feature_bc_matrix,CTCTGGTCAGGGTACA-1,SA609X3XB01584_CTCTGGTCAGGGTACA-1,SA609X3XB01584,B
.cache/SCRNA10X_SA_CHIP0063_000/filtered_feature_bc_matrix,CTGAAACCATTGGCGC-1,SA609X3XB01584_CTGAAACCATTGGCGC-1,SA609X3XB01584,C
.cache/SCRNA10X_SA_CHIP0063_000/filtered_feature_bc_matrix,CTGCCTACATAACCTG-1,SA609X3XB01584_CTGCCTACATAACCTG-1,SA609X3XB01584,C
.cache/SCRNA10X_SA_CHIP0063_000/filtered_feature_bc_matrix,CTGCTGTGTACCAGTT-1,SA609X3XB01584_CTGCTGTGTACCAGTT-1,SA609X3XB01584,D
.cache/SCRNA10X_SA_CHIP0063_000/filtered_feature_bc_matrix,CTTAACTAGTGCTGCC-1,SA609X3XB01584_CTTAACTAGTGCTGCC-1,SA609X3XB01584,D
.cache/SCRNA10X_SA_CHIP0063_000/filtered_feature_bc_matrix,CTTAGGAAGATCCGAG-1,SA609X3XB01584_CTTAGGAAGATCCGAG-1,SA609X3XB01584,D
.cache/SCRNA10X_SA_CHIP0063_000/filtered_feature_bc_matrix,CTTAGGATCTGCGGCA-1,SA609X3XB01584_CTTAGGATCTGCGGCA-1,SA609X3XB01584,D
.cache/SCRNA10X_SA_CHIP0063_000/filtered_feature_bc_matrix,GAACATCTCCAAGCCG-1,SA609X3XB01584_GAACATCTCCAAGCCG-1,SA609X3XB01584,D
.cache/SCRNA10X_SA_CHIP0063_000/filtered_feature_bc_matrix,GACACGCGTCGTGGCT-1,SA609X3XB01584_GACACGCGTCGTGGCT-1,SA609X3XB01584,C
.cache/SCRNA10X_SA_CHIP0063_000/filtered_feature_bc_matrix,GACACGCTCCAAACTG-1,SA609X3XB01584_GACACGCTCCAAACTG-1,SA609X3XB01584,D
.cache/SCRNA10X_SA_CHIP0063_000/filtered_feature_bc_matrix,GACGGCTAGACTAAGT-1,SA609X3XB01584_GACGGCTAGACTAAGT-1,SA609X3XB01584,D
.cache/SCRNA10X_SA_CHIP0063_000/filtered_feature_bc_matrix,GACGTGCGTGACTCAT-1,SA609X3XB01584_GACGTGCGTGACTCAT-1,SA609X3XB01584,D
.cache/SCRNA10X_SA_CHIP0063_000/filtered_feature_bc_matrix,GACGTTATCACTCCTG-1,SA609X3XB01584_GACGTTATCACTCCTG-1,SA609X3XB01584,B
.cache/SCRNA10X_SA_CHIP0063_000/filtered_feature_bc_matrix,GACTAACGTCTGATCA-1,SA609X3XB01584_GACTAACGTCTGATCA-1,SA609X3XB01584,D
.cache/SCRNA10X_SA_CHIP0063_000/filtered_feature_bc_matrix,GACTACACATAAGACA-1,SA609X3XB01584_GACTACACATAAGACA-1,SA609X3XB01584,D
.cache/SCRNA10X_SA_CHIP0063_000/filtered_feature_bc_matrix,GAGCAGAGTCTAGTCA-1,SA609X3XB01584_GAGCAGAGTCTAGTCA-1,SA609X3XB01584,B
.cache/SCRNA10X_SA_CHIP0063_000/filtered_feature_bc_matrix,GAGGTGATCCCTAACC-1,SA609X3XB01584_GAGGTGATCCCTAACC-1,SA609X3XB01584,B
.cache/SCRNA10X_SA_CHIP0063_000/filtered_feature_bc_matrix,GATCAGTGTGCACTTA-1,SA609X3XB01584_GATCAGTGTGCACTTA-1,SA609X3XB01584,C
.cache/SCRNA10X_SA_CHIP0063_000/filtered_feature_bc_matrix,GATCGCGAGGGAGTAA-1,SA609X3XB01584_GATCGCGAGGGAGTAA-1,SA609X3XB01584,D
.cache/SCRNA10X_SA_CHIP0063_000/filtered_feature_bc_matrix,GATCGCGTCATCATTC-1,SA609X3XB01584_GATCGCGTCATCATTC-1,SA609X3XB01584,D
.cache/SCRNA10X_SA_CHIP0063_000/filtered_feature_bc_matrix,GATCGTACAGTCACTA-1,SA609X3XB01584_GATCGTACAGTCACTA-1,SA609X3XB01584,D
.cache/SCRNA10X_SA_CHIP0063_000/filtered_feature_bc_matrix,GATCTAGCAGTTAACC-1,SA609X3XB01584_GATCTAGCAGTTAACC-1,SA609X3XB01584,D
.cache/SCRNA10X_SA_CHIP0063_000/filtered_feature_bc_matrix,GATCTAGGTGCGATAG-1,SA609X3XB01584_GATCTAGGTGCGATAG-1,SA609X3XB01584,C
.cache/SCRNA10X_SA_CHIP0063_000/filtered_feature_bc_matrix,GATCTAGGTTCGCGAC-1,SA609X3XB01584_GATCTAGGTTCGCGAC-1,SA609X3XB01584,D
.cache/SCRNA10X_SA_CHIP0063_000/filtered_feature_bc_matrix,GATGAAAGTCTGATTG-1,SA609X3XB01584_GATGAAAGTCTGATTG-1,SA609X3XB01584,C
.cache/SCRNA10X_SA_CHIP0063_000/filtered_feature_bc_matrix,GATGAGGTCTACTCAT-1,SA609X3XB01584_GATGAGGTCTACTCAT-1,SA609X3XB01584,D
.cache/SCRNA10X_SA_CHIP0063_000/filtered_feature_bc_matrix,GCAATCAAGATCCGAG-1,SA609X3XB01584_GCAATCAAGATCCGAG-1,SA609X3XB01584,C
.cache/SCRNA10X_SA_CHIP0063_000/filtered_feature_bc_matrix,GCAATCAGTCAGAGGT-1,SA609X3XB01584_GCAATCAGTCAGAGGT-1,SA609X3XB01584,D
.cache/SCRNA10X_SA_CHIP0063_000/filtered_feature_bc_matrix,GCACATACAAGCTGGA-1,SA609X3XB01584_GCACATACAAGCTGGA-1,SA609X3XB01584,C
.cache/SCRNA10X_SA_CHIP0063_000/filtered_feature_bc_matrix,GCACATAGTGCGAAAC-1,SA609X3XB01584_GCACATAGTGCGAAAC-1,SA609X3XB01584,D
.cache/SCRNA10X_SA_CHIP0063_000/filtered_feature_bc_matrix,GCACTCTAGTCATCCA-1,SA609X3XB01584_GCACTCTAGTCATCCA-1,SA609X3XB01584,D
.cache/SCRNA10X_SA_CHIP0063_000/filtered_feature_bc_matrix,GCAGTTACACTTACGA-1,SA609X3XB01584_GCAGTTACACTTACGA-1,SA609X3XB01584,D
.cache/SCRNA10X_SA_CHIP0063_000/filtered_feature_bc_matrix,GCATACATCTACTCAT-1,SA609X3XB01584_GCATACATCTACTCAT-1,SA609X3XB01584,D
.cache/SCRNA10X_SA_CHIP0063_000/filtered_feature_bc_matrix,GCATGATGTATGAAAC-1,SA609X3XB01584_GCATGATGTATGAAAC-1,SA609X3XB01584,D
.cache/SCRNA10X_SA_CHIP0063_000/filtered_feature_bc_matrix,GCGACCAGTTTGTGTG-1,SA609X3XB01584_GCGACCAGTTTGTGTG-1,SA609X3XB01584,D
.cache/SCRNA10X_SA_CHIP0063_000/filtered_feature_bc_matrix,GCGAGAAAGACAAAGG-1,SA609X3XB01584_GCGAGAAAGACAAAGG-1,SA609X3XB01584,C
.cache/SCRNA10X_SA_CHIP0063_000/filtered_feature_bc_matrix,GCGCAACCAAGTACCT-1,SA609X3XB01584_GCGCAACCAAGTACCT-1,SA609X3XB01584,C
.cache/SCRNA10X_SA_CHIP0063_000/filtered_feature_bc_matrix,GCGCAACTCCTAGGGC-1,SA609X3XB01584_GCGCAACTCCTAGGGC-1,SA609X3XB01584,D
.cache/SCRNA10X_SA_CHIP0063_000/filtered_feature_bc_matrix,GCGCAGTCACCAGTTA-1,SA609X3XB01584_GCGCAGTCACCAGTTA-1,SA609X3XB01584,D
.cache/SCRNA10X_SA_CHIP0063_000/filtered_feature_bc_matrix,GCGCGATGTCACTGGC-1,SA609X3XB01584_GCGCGATGTCACTGGC-1,SA609X3XB01584,D
.cache/SCRNA10X_SA_CHIP0063_000/filtered_feature_bc_matrix,GCTGCAGCACTTGGAT-1,SA609X3XB01584_GCTGCAGCACTTGGAT-1,SA609X3XB01584,D
.cache/SCRNA10X_SA_CHIP0063_000/filtered_feature_bc_matrix,GCTTCCATCGTGGGAA-1,SA609X3XB01584_GCTTCCATCGTGGGAA-1,SA609X3XB01584,C
.cache/SCRNA10X_SA_CHIP0063_000/filtered_feature_bc_matrix,GCTTGAAGTTGGGACA-1,SA609X3XB01584_GCTTGAAGTTGGGACA-1,SA609X3XB01584,C
.cache/SCRNA10X_SA_CHIP0063_000/filtered_feature_bc_matrix,GGAATAACACCATGTA-1,SA609X3XB01584_GGAATAACACCATGTA-1,SA609X3XB01584,D
.cache/SCRNA10X_SA_CHIP0063_000/filtered_feature_bc_matrix,GGACAAGGTGCTGTAT-1,SA609X3XB01584_GGACAAGGTGCTGTAT-1,SA609X3XB01584,D
.cache/SCRNA10X_SA_CHIP0063_000/filtered_feature_bc_matrix,GGACAGACAATTCCTT-1,SA609X3XB01584_GGACAGACAATTCCTT-1,SA609X3XB01584,D
.cache/SCRNA10X_SA_CHIP0063_000/filtered_feature_bc_matrix,GGACGTCCATGGATGG-1,SA609X3XB01584_GGACGTCCATGGATGG-1,SA609X3XB01584,D
.cache/SCRNA10X_SA_CHIP0063_000/filtered_feature_bc_matrix,GGACGTCGTTTCCACC-1,SA609X3XB01584_GGACGTCGTTTCCACC-1,SA609X3XB01584,D
.cache/SCRNA10X_SA_CHIP0063_000/filtered_feature_bc_matrix,GGCCGATAGACCCACC-1,SA609X3XB01584_GGCCGATAGACCCACC-1,SA609X3XB01584,D
.cache/SCRNA10X_SA_CHIP0063_000/filtered_feature_bc_matrix,GGCCGATGTGCCTTGG-1,SA609X3XB01584_GGCCGATGTGCCTTGG-1,SA609X3XB01584,D
.cache/SCRNA10X_SA_CHIP0063_000/filtered_feature_bc_matrix,GGCGACTCAATGAATG-1,SA609X3XB01584_GGCGACTCAATGAATG-1,SA609X3XB01584,C
.cache/SCRNA10X_SA_CHIP0063_000/filtered_feature_bc_matrix,GGCTCGAAGATGAGAG-1,SA609X3XB01584_GGCTCGAAGATGAGAG-1,SA609X3XB01584,C
.cache/SCRNA10X_SA_CHIP0063_000/filtered_feature_bc_matrix,GGGACCTGTCGGCATC-1,SA609X3XB01584_GGGACCTGTCGGCATC-1,SA609X3XB01584,C
.cache/SCRNA10X_SA_CHIP0063_000/filtered_feature_bc_matrix,GGGCATCAGTCATCCA-1,SA609X3XB01584_GGGCATCAGTCATCCA-1,SA609X3XB01584,D
.cache/SCRNA10X_SA_CHIP0063_000/filtered_feature_bc_matrix,GGGCATCAGTGTCCCG-1,SA609X3XB01584_GGGCATCAGTGTCCCG-1,SA609X3XB01584,C
.cache/SCRNA10X_SA_CHIP0063_000/filtered_feature_bc_matrix,GGGTCTGCAACTGCTA-1,SA609X3XB01584_GGGTCTGCAACTGCTA-1,SA609X3XB01584,D
.cache/SCRNA10X_SA_CHIP0063_000/filtered_feature_bc_matrix,GGGTTGCGTATCAGTC-1,SA609X3XB01584_GGGTTGCGTATCAGTC-1,SA609X3XB01584,D
.cache/SCRNA10X_SA_CHIP0063_000/filtered_feature_bc_matrix,GGTGAAGAGACGCTTT-1,SA609X3XB01584_GGTGAAGAGACGCTTT-1,SA609X3XB01584,B
.cache/SCRNA10X_SA_CHIP0063_000/filtered_feature_bc_matrix,GGTGTTACAATGACCT-1,SA609X3XB01584_GGTGTTACAATGACCT-1,SA609X3XB01584,C
.cache/SCRNA10X_SA_CHIP0063_000/filtered_feature_bc_matrix,GTAACGTGTTCATGGT-1,SA609X3XB01584_GTAACGTGTTCATGGT-1,SA609X3XB01584,D
.cache/SCRNA10X_SA_CHIP0063_000/filtered_feature_bc_matrix,GTAACTGCACTTAACG-1,SA609X3XB01584_GTAACTGCACTTAACG-1,SA609X3XB01584,C
.cache/SCRNA10X_SA_CHIP0063_000/filtered_feature_bc_matrix,GTACTTTTCTTGGGTA-1,SA609X3XB01584_GTACTTTTCTTGGGTA-1,SA609X3XB01584,D
.cache/SCRNA10X_SA_CHIP0063_000/filtered_feature_bc_matrix,GTAGGCCAGACAGAGA-1,SA609X3XB01584_GTAGGCCAGACAGAGA-1,SA609X3XB01584,C
.cache/SCRNA10X_SA_CHIP0063_000/filtered_feature_bc_matrix,GTAGGCCCAGGGATTG-1,SA609X3XB01584_GTAGGCCCAGGGATTG-1,SA609X3XB01584,D
.cache/SCRNA10X_SA_CHIP0063_000/filtered_feature_bc_matrix,GTAGGCCGTGCACGAA-1,SA609X3XB01584_GTAGGCCGTGCACGAA-1,SA609X3XB01584,D
.cache/SCRNA10X_SA_CHIP0063_000/filtered_feature_bc_matrix,GTAGTCACAATCGAAA-1,SA609X3XB01584_GTAGTCACAATCGAAA-1,SA609X3XB01584,D
.cache/SCRNA10X_SA_CHIP0063_000/filtered_feature_bc_matrix,GTATTCTTCTAAGCCA-1,SA609X3XB01584_GTATTCTTCTAAGCCA-1,SA609X3XB01584,C
.cache/SCRNA10X_SA_CHIP0063_000/filtered_feature_bc_matrix,GTCTCGTGTCGTGGCT-1,SA609X3XB01584_GTCTCGTGTCGTGGCT-1,SA609X3XB01584,C
.cache/SCRNA10X_SA_CHIP0063_000/filtered_feature_bc_matrix,GTCTTCGGTACGAAAT-1,SA609X3XB01584_GTCTTCGGTACGAAAT-1,SA609X3XB01584,D
.cache/SCRNA10X_SA_CHIP0063_000/filtered_feature_bc_matrix,GTGCAGCCACTTGGAT-1,SA609X3XB01584_GTGCAGCCACTTGGAT-1,SA609X3XB01584,D
.cache/SCRNA10X_SA_CHIP0063_000/filtered_feature_bc_matrix,GTGCGGTCACACTGCG-1,SA609X3XB01584_GTGCGGTCACACTGCG-1,SA609X3XB01584,D
.cache/SCRNA10X_SA_CHIP0063_000/filtered_feature_bc_matrix,GTGGGTCAGGTTCCTA-1,SA609X3XB01584_GTGGGTCAGGTTCCTA-1,SA609X3XB01584,B
.cache/SCRNA10X_SA_CHIP0063_000/filtered_feature_bc_matrix,GTGTTAGAGATCGATA-1,SA609X3XB01584_GTGTTAGAGATCGATA-1,SA609X3XB01584,C
.cache/SCRNA10X_SA_CHIP0063_000/filtered_feature_bc_matrix,GTTAAGCTCGGTGTCG-1,SA609X3XB01584_GTTAAGCTCGGTGTCG-1,SA609X3XB01584,D
.cache/SCRNA10X_SA_CHIP0063_000/filtered_feature_bc_matrix,GTTACAGCAGATGAGC-1,SA609X3XB01584_GTTACAGCAGATGAGC-1,SA609X3XB01584,D
.cache/SCRNA10X_SA_CHIP0063_000/filtered_feature_bc_matrix,GTTCGGGTCTGGGCCA-1,SA609X3XB01584_GTTCGGGTCTGGGCCA-1,SA609X3XB01584,C
.cache/SCRNA10X_SA_CHIP0063_000/filtered_feature_bc_matrix,GTTCTCGTCCGCGTTT-1,SA609X3XB01584_GTTCTCGTCCGCGTTT-1,SA609X3XB01584,C
.cache/SCRNA10X_SA_CHIP0063_000/filtered_feature_bc_matrix,GTTTCTATCGGAAACG-1,SA609X3XB01584_GTTTCTATCGGAAACG-1,SA609X3XB01584,D
.cache/SCRNA10X_SA_CHIP0063_000/filtered_feature_bc_matrix,TAAACCGCATACGCTA-1,SA609X3XB01584_TAAACCGCATACGCTA-1,SA609X3XB01584,C
.cache/SCRNA10X_SA_CHIP0063_000/filtered_feature_bc_matrix,TAAACCGTCTTGCAAG-1,SA609X3XB01584_TAAACCGTCTTGCAAG-1,SA609X3XB01584,D
.cache/SCRNA10X_SA_CHIP0063_000/filtered_feature_bc_matrix,TACACGAGTCAAGCGA-1,SA609X3XB01584_TACACGAGTCAAGCGA-1,SA609X3XB01584,C
.cache/SCRNA10X_SA_CHIP0063_000/filtered_feature_bc_matrix,TACAGTGGTCCAGTAT-1,SA609X3XB01584_TACAGTGGTCCAGTAT-1,SA609X3XB01584,C
.cache/SCRNA10X_SA_CHIP0063_000/filtered_feature_bc_matrix,TACTCGCGTAAGTGTA-1,SA609X3XB01584_TACTCGCGTAAGTGTA-1,SA609X3XB01584,C
.cache/SCRNA10X_SA_CHIP0063_000/filtered_feature_bc_matrix,TAGACCACAGTCAGCC-1,SA609X3XB01584_TAGACCACAGTCAGCC-1,SA609X3XB01584,C
.cache/SCRNA10X_SA_CHIP0063_000/filtered_feature_bc_matrix,TAGAGCTTCTTAGCCC-1,SA609X3XB01584_TAGAGCTTCTTAGCCC-1,SA609X3XB01584,D
.cache/SCRNA10X_SA_CHIP0063_000/filtered_feature_bc_matrix,TAGGCATGTATAGTAG-1,SA609X3XB01584_TAGGCATGTATAGTAG-1,SA609X3XB01584,C
.cache/SCRNA10X_SA_CHIP0063_000/filtered_feature_bc_matrix,TAGTGGTCACCAGATT-1,SA609X3XB01584_TAGTGGTCACCAGATT-1,SA609X3XB01584,C
.cache/SCRNA10X_SA_CHIP0063_000/filtered_feature_bc_matrix,TATGCCCCATAGACTC-1,SA609X3XB01584_TATGCCCCATAGACTC-1,SA609X3XB01584,D
.cache/SCRNA10X_SA_CHIP0063_000/filtered_feature_bc_matrix,TATGCCCGTTGATTGC-1,SA609X3XB01584_TATGCCCGTTGATTGC-1,SA609X3XB01584,D
.cache/SCRNA10X_SA_CHIP0063_000/filtered_feature_bc_matrix,TATGCCCTCAACCATG-1,SA609X3XB01584_TATGCCCTCAACCATG-1,SA609X3XB01584,D
.cache/SCRNA10X_SA_CHIP0063_000/filtered_feature_bc_matrix,TCACAAGGTAGTACCT-1,SA609X3XB01584_TCACAAGGTAGTACCT-1,SA609X3XB01584,D
.cache/SCRNA10X_SA_CHIP0063_000/filtered_feature_bc_matrix,TCAGCAAAGTCTCAAC-1,SA609X3XB01584_TCAGCAAAGTCTCAAC-1,SA609X3XB01584,D
.cache/SCRNA10X_SA_CHIP0063_000/filtered_feature_bc_matrix,TCAGCAAAGTGCGATG-1,SA609X3XB01584_TCAGCAAAGTGCGATG-1,SA609X3XB01584,C
.cache/SCRNA10X_SA_CHIP0063_000/filtered_feature_bc_matrix,TCAGGTACACATTCGA-1,SA609X3XB01584_TCAGGTACACATTCGA-1,SA609X3XB01584,C
.cache/SCRNA10X_SA_CHIP0063_000/filtered_feature_bc_matrix,TCAGGTAGTCTTGCGG-1,SA609X3XB01584_TCAGGTAGTCTTGCGG-1,SA609X3XB01584,B
.cache/SCRNA10X_SA_CHIP0063_000/filtered_feature_bc_matrix,TCATTTGTCTTGGGTA-1,SA609X3XB01584_TCATTTGTCTTGGGTA-1,SA609X3XB01584,D
.cache/SCRNA10X_SA_CHIP0063_000/filtered_feature_bc_matrix,TCGCGTTTCAGGCAAG-1,SA609X3XB01584_TCGCGTTTCAGGCAAG-1,SA609X3XB01584,C
.cache/SCRNA10X_SA_CHIP0063_000/filtered_feature_bc_matrix,TCGGTAAGTGCTCTTC-1,SA609X3XB01584_TCGGTAAGTGCTCTTC-1,SA609X3XB01584,D
.cache/SCRNA10X_SA_CHIP0063_000/filtered_feature_bc_matrix,TCTATTGTCTAGCACA-1,SA609X3XB01584_TCTATTGTCTAGCACA-1,SA609X3XB01584,D
.cache/SCRNA10X_SA_CHIP0063_000/filtered_feature_bc_matrix,TCTCATATCAGGTAAA-1,SA609X3XB01584_TCTCATATCAGGTAAA-1,SA609X3XB01584,C
.cache/SCRNA10X_SA_CHIP0063_000/filtered_feature_bc_matrix,TCTGGAACAATCGAAA-1,SA609X3XB01584_TCTGGAACAATCGAAA-1,SA609X3XB01584,D
.cache/SCRNA10X_SA_CHIP0063_000/filtered_feature_bc_matrix,TGAGAGGGTTGAACTC-1,SA609X3XB01584_TGAGAGGGTTGAACTC-1,SA609X3XB01584,D
.cache/SCRNA10X_SA_CHIP0063_000/filtered_feature_bc_matrix,TGAGCCGAGTCCCACG-1,SA609X3XB01584_TGAGCCGAGTCCCACG-1,SA609X3XB01584,C
.cache/SCRNA10X_SA_CHIP0063_000/filtered_feature_bc_matrix,TGAGGGATCAGTGCAT-1,SA609X3XB01584_TGAGGGATCAGTGCAT-1,SA609X3XB01584,D
.cache/SCRNA10X_SA_CHIP0063_000/filtered_feature_bc_matrix,TGCACCTGTTAAAGAC-1,SA609X3XB01584_TGCACCTGTTAAAGAC-1,SA609X3XB01584,C
.cache/SCRNA10X_SA_CHIP0063_000/filtered_feature_bc_matrix,TGCACCTTCCAATGGT-1,SA609X3XB01584_TGCACCTTCCAATGGT-1,SA609X3XB01584,C
.cache/SCRNA10X_SA_CHIP0063_000/filtered_feature_bc_matrix,TGCCAAACATCGTCGG-1,SA609X3XB01584_TGCCAAACATCGTCGG-1,SA609X3XB01584,C
.cache/SCRNA10X_SA_CHIP0063_000/filtered_feature_bc_matrix,TGCCCTACAGCCAATT-1,SA609X3XB01584_TGCCCTACAGCCAATT-1,SA609X3XB01584,C
.cache/SCRNA10X_SA_CHIP0063_000/filtered_feature_bc_matrix,TGCGTGGTCCTGTAGA-1,SA609X3XB01584_TGCGTGGTCCTGTAGA-1,SA609X3XB01584,D
.cache/SCRNA10X_SA_CHIP0063_000/filtered_feature_bc_matrix,TGGCCAGTCTCCAGGG-1,SA609X3XB01584_TGGCCAGTCTCCAGGG-1,SA609X3XB01584,D
.cache/SCRNA10X_SA_CHIP0063_000/filtered_feature_bc_matrix,TGGCGCAAGTAGCGGT-1,SA609X3XB01584_TGGCGCAAGTAGCGGT-1,SA609X3XB01584,D
.cache/SCRNA10X_SA_CHIP0063_000/filtered_feature_bc_matrix,TGGCGCATCAGGCCCA-1,SA609X3XB01584_TGGCGCATCAGGCCCA-1,SA609X3XB01584,C
.cache/SCRNA10X_SA_CHIP0063_000/filtered_feature_bc_matrix,TGGCTGGGTCGACTAT-1,SA609X3XB01584_TGGCTGGGTCGACTAT-1,SA609X3XB01584,C
.cache/SCRNA10X_SA_CHIP0063_000/filtered_feature_bc_matrix,TGGGAAGGTTCGCGAC-1,SA609X3XB01584_TGGGAAGGTTCGCGAC-1,SA609X3XB01584,D
.cache/SCRNA10X_SA_CHIP0063_000/filtered_feature_bc_matrix,TGGGCGTAGACCGGAT-1,SA609X3XB01584_TGGGCGTAGACCGGAT-1,SA609X3XB01584,D
.cache/SCRNA10X_SA_CHIP0063_000/filtered_feature_bc_matrix,TGGGCGTCACTGTTAG-1,SA609X3XB01584_TGGGCGTCACTGTTAG-1,SA609X3XB01584,D
.cache/SCRNA10X_SA_CHIP0063_000/filtered_feature_bc_matrix,TGGTTAGCAGTAACGG-1,SA609X3XB01584_TGGTTAGCAGTAACGG-1,SA609X3XB01584,D
.cache/SCRNA10X_SA_CHIP0063_000/filtered_feature_bc_matrix,TGGTTCCAGATGAGAG-1,SA609X3XB01584_TGGTTCCAGATGAGAG-1,SA609X3XB01584,D
.cache/SCRNA10X_SA_CHIP0063_000/filtered_feature_bc_matrix,TGTGTTTCAGGCTGAA-1,SA609X3XB01584_TGTGTTTCAGGCTGAA-1,SA609X3XB01584,C
.cache/SCRNA10X_SA_CHIP0063_000/filtered_feature_bc_matrix,TGTGTTTTCTACTCAT-1,SA609X3XB01584_TGTGTTTTCTACTCAT-1,SA609X3XB01584,D
.cache/SCRNA10X_SA_CHIP0063_000/filtered_feature_bc_matrix,TTATGCTGTCAGTGGA-1,SA609X3XB01584_TTATGCTGTCAGTGGA-1,SA609X3XB01584,D
.cache/SCRNA10X_SA_CHIP0063_000/filtered_feature_bc_matrix,TTATGCTTCGTGACAT-1,SA609X3XB01584_TTATGCTTCGTGACAT-1,SA609X3XB01584,D
.cache/SCRNA10X_SA_CHIP0063_000/filtered_feature_bc_matrix,TTCCCAGCAGCTATTG-1,SA609X3XB01584_TTCCCAGCAGCTATTG-1,SA609X3XB01584,C
.cache/SCRNA10X_SA_CHIP0063_000/filtered_feature_bc_matrix,TTCGAAGAGACACTAA-1,SA609X3XB01584_TTCGAAGAGACACTAA-1,SA609X3XB01584,C
.cache/SCRNA10X_SA_CHIP0063_000/filtered_feature_bc_matrix,TTCTCCTCAGACGTAG-1,SA609X3XB01584_TTCTCCTCAGACGTAG-1,SA609X3XB01584,D
.cache/SCRNA10X_SA_CHIP0063_000/filtered_feature_bc_matrix,TTGCCGTAGTTCGCAT-1,SA609X3XB01584_TTGCCGTAGTTCGCAT-1,SA609X3XB01584,D
.cache/SCRNA10X_SA_CHIP0063_000/filtered_feature_bc_matrix,TTGCCGTCAGTCAGCC-1,SA609X3XB01584_TTGCCGTCAGTCAGCC-1,SA609X3XB01584,D
.cache/SCRNA10X_SA_CHIP0063_000/filtered_feature_bc_matrix,TTGCCGTGTTAAGAAC-1,SA609X3XB01584_TTGCCGTGTTAAGAAC-1,SA609X3XB01584,B
.cache/SCRNA10X_SA_CHIP0063_000/filtered_feature_bc_matrix,TTGGCAAAGGATTCGG-1,SA609X3XB01584_TTGGCAAAGGATTCGG-1,SA609X3XB01584,D
.cache/SCRNA10X_SA_CHIP0063_000/filtered_feature_bc_matrix,TTGGCAAGTAGCAAAT-1,SA609X3XB01584_TTGGCAAGTAGCAAAT-1,SA609X3XB01584,D
.cache/SCRNA10X_SA_CHIP0063_000/filtered_feature_bc_matrix,TTTATGCTCCCAAGTA-1,SA609X3XB01584_TTTATGCTCCCAAGTA-1,SA609X3XB01584,D
.cache/SCRNA10X_SA_CHIP0063_000/filtered_feature_bc_matrix,TTTCCTCCACTTCTGC-1,SA609X3XB01584_TTTCCTCCACTTCTGC-1,SA609X3XB01584,D
.cache/SCRNA10X_SA_CHIP0063_000/filtered_feature_bc_matrix,TTTGGTTTCCCTAACC-1,SA609X3XB01584_TTTGGTTTCCCTAACC-1,SA609X3XB01584,C
