Sample,Barcode,cell_id,id,clone
./tmpv3/TENX019_SA604X7XB02089_001/filtered_gene_bc_matrix,AAACGGGTCTCTTGAT-1,SA604X7XB02089_AAACGGGTCTCTTGAT-1,SA604X7XB02089,D
./tmpv3/TENX019_SA604X7XB02089_001/filtered_gene_bc_matrix,AAAGCAACACCGATAT-1,SA604X7XB02089_AAAGCAACACCGATAT-1,SA604X7XB02089,C
./tmpv3/TENX019_SA604X7XB02089_001/filtered_gene_bc_matrix,AAATGCCTCAGTCCCT-1,SA604X7XB02089_AAATGCCTCAGTCCCT-1,SA604X7XB02089,E
./tmpv3/TENX019_SA604X7XB02089_001/filtered_gene_bc_matrix,AACACGTGTGATGTCT-1,SA604X7XB02089_AACACGTGTGATGTCT-1,SA604X7XB02089,E
./tmpv3/TENX019_SA604X7XB02089_001/filtered_gene_bc_matrix,AACGTTGTCGCATGAT-1,SA604X7XB02089_AACGTTGTCGCATGAT-1,SA604X7XB02089,E
./tmpv3/TENX019_SA604X7XB02089_001/filtered_gene_bc_matrix,AACGTTGTCTCGCATC-1,SA604X7XB02089_AACGTTGTCTCGCATC-1,SA604X7XB02089,C
./tmpv3/TENX019_SA604X7XB02089_001/filtered_gene_bc_matrix,AACTCAGTCGTAGGTT-1,SA604X7XB02089_AACTCAGTCGTAGGTT-1,SA604X7XB02089,C
./tmpv3/TENX019_SA604X7XB02089_001/filtered_gene_bc_matrix,AACTCCCAGATATGCA-1,SA604X7XB02089_AACTCCCAGATATGCA-1,SA604X7XB02089,E
./tmpv3/TENX019_SA604X7XB02089_001/filtered_gene_bc_matrix,AACTCCCTCTATGTGG-1,SA604X7XB02089_AACTCCCTCTATGTGG-1,SA604X7XB02089,C
./tmpv3/TENX019_SA604X7XB02089_001/filtered_gene_bc_matrix,AACTCTTGTCGAGATG-1,SA604X7XB02089_AACTCTTGTCGAGATG-1,SA604X7XB02089,C
./tmpv3/TENX019_SA604X7XB02089_001/filtered_gene_bc_matrix,AACTGGTAGGAGTACC-1,SA604X7XB02089_AACTGGTAGGAGTACC-1,SA604X7XB02089,C
./tmpv3/TENX019_SA604X7XB02089_001/filtered_gene_bc_matrix,AAGGAGCAGACAGGCT-1,SA604X7XB02089_AAGGAGCAGACAGGCT-1,SA604X7XB02089,C
./tmpv3/TENX019_SA604X7XB02089_001/filtered_gene_bc_matrix,AAGGAGCAGCTGCGAA-1,SA604X7XB02089_AAGGAGCAGCTGCGAA-1,SA604X7XB02089,D
./tmpv3/TENX019_SA604X7XB02089_001/filtered_gene_bc_matrix,AAGGCAGCAGTCCTTC-1,SA604X7XB02089_AAGGCAGCAGTCCTTC-1,SA604X7XB02089,E
./tmpv3/TENX019_SA604X7XB02089_001/filtered_gene_bc_matrix,AATCCAGCACTTGGAT-1,SA604X7XB02089_AATCCAGCACTTGGAT-1,SA604X7XB02089,E
./tmpv3/TENX019_SA604X7XB02089_001/filtered_gene_bc_matrix,AATCCAGTCCGCGTTT-1,SA604X7XB02089_AATCCAGTCCGCGTTT-1,SA604X7XB02089,E
./tmpv3/TENX019_SA604X7XB02089_001/filtered_gene_bc_matrix,ACACCGGGTGCAACTT-1,SA604X7XB02089_ACACCGGGTGCAACTT-1,SA604X7XB02089,E
./tmpv3/TENX019_SA604X7XB02089_001/filtered_gene_bc_matrix,ACAGCCGGTGGTCTCG-1,SA604X7XB02089_ACAGCCGGTGGTCTCG-1,SA604X7XB02089,E
./tmpv3/TENX019_SA604X7XB02089_001/filtered_gene_bc_matrix,ACAGCTAAGTTAGCGG-1,SA604X7XB02089_ACAGCTAAGTTAGCGG-1,SA604X7XB02089,E
./tmpv3/TENX019_SA604X7XB02089_001/filtered_gene_bc_matrix,ACATCAGCAATGACCT-1,SA604X7XB02089_ACATCAGCAATGACCT-1,SA604X7XB02089,C
./tmpv3/TENX019_SA604X7XB02089_001/filtered_gene_bc_matrix,ACGAGCCTCAAGCCTA-1,SA604X7XB02089_ACGAGCCTCAAGCCTA-1,SA604X7XB02089,C
./tmpv3/TENX019_SA604X7XB02089_001/filtered_gene_bc_matrix,ACGATACAGCTCAACT-1,SA604X7XB02089_ACGATACAGCTCAACT-1,SA604X7XB02089,E
./tmpv3/TENX019_SA604X7XB02089_001/filtered_gene_bc_matrix,ACGATACGTGTCGCTG-1,SA604X7XB02089_ACGATACGTGTCGCTG-1,SA604X7XB02089,C
./tmpv3/TENX019_SA604X7XB02089_001/filtered_gene_bc_matrix,ACGATACTCTAGAGTC-1,SA604X7XB02089_ACGATACTCTAGAGTC-1,SA604X7XB02089,C
./tmpv3/TENX019_SA604X7XB02089_001/filtered_gene_bc_matrix,ACGATGTAGTCAAGCG-1,SA604X7XB02089_ACGATGTAGTCAAGCG-1,SA604X7XB02089,C
./tmpv3/TENX019_SA604X7XB02089_001/filtered_gene_bc_matrix,ACGGGTCAGCCCAGCT-1,SA604X7XB02089_ACGGGTCAGCCCAGCT-1,SA604X7XB02089,D
./tmpv3/TENX019_SA604X7XB02089_001/filtered_gene_bc_matrix,ACGGGTCCACCTCGTT-1,SA604X7XB02089_ACGGGTCCACCTCGTT-1,SA604X7XB02089,E
./tmpv3/TENX019_SA604X7XB02089_001/filtered_gene_bc_matrix,ACGTCAAAGGTGTGGT-1,SA604X7XB02089_ACGTCAAAGGTGTGGT-1,SA604X7XB02089,E
./tmpv3/TENX019_SA604X7XB02089_001/filtered_gene_bc_matrix,ACTGTCCCATCTCGCT-1,SA604X7XB02089_ACTGTCCCATCTCGCT-1,SA604X7XB02089,E
./tmpv3/TENX019_SA604X7XB02089_001/filtered_gene_bc_matrix,ACTTACTGTCCAACTA-1,SA604X7XB02089_ACTTACTGTCCAACTA-1,SA604X7XB02089,unassigned
./tmpv3/TENX019_SA604X7XB02089_001/filtered_gene_bc_matrix,ACTTGTTCACCAACCG-1,SA604X7XB02089_ACTTGTTCACCAACCG-1,SA604X7XB02089,E
./tmpv3/TENX019_SA604X7XB02089_001/filtered_gene_bc_matrix,ACTTTCAAGCTGATAA-1,SA604X7XB02089_ACTTTCAAGCTGATAA-1,SA604X7XB02089,C
./tmpv3/TENX019_SA604X7XB02089_001/filtered_gene_bc_matrix,ACTTTCACACGGACAA-1,SA604X7XB02089_ACTTTCACACGGACAA-1,SA604X7XB02089,E
./tmpv3/TENX019_SA604X7XB02089_001/filtered_gene_bc_matrix,ACTTTCATCAAGGCTT-1,SA604X7XB02089_ACTTTCATCAAGGCTT-1,SA604X7XB02089,E
./tmpv3/TENX019_SA604X7XB02089_001/filtered_gene_bc_matrix,AGATCTGGTGGTCTCG-1,SA604X7XB02089_AGATCTGGTGGTCTCG-1,SA604X7XB02089,E
./tmpv3/TENX019_SA604X7XB02089_001/filtered_gene_bc_matrix,AGCATACAGGCCGAAT-1,SA604X7XB02089_AGCATACAGGCCGAAT-1,SA604X7XB02089,C
./tmpv3/TENX019_SA604X7XB02089_001/filtered_gene_bc_matrix,AGCCTAAGTCTCTCTG-1,SA604X7XB02089_AGCCTAAGTCTCTCTG-1,SA604X7XB02089,E
./tmpv3/TENX019_SA604X7XB02089_001/filtered_gene_bc_matrix,AGCGGTCAGCACCGCT-1,SA604X7XB02089_AGCGGTCAGCACCGCT-1,SA604X7XB02089,C
./tmpv3/TENX019_SA604X7XB02089_001/filtered_gene_bc_matrix,AGGCCGTCACGTGAGA-1,SA604X7XB02089_AGGCCGTCACGTGAGA-1,SA604X7XB02089,unassigned
./tmpv3/TENX019_SA604X7XB02089_001/filtered_gene_bc_matrix,AGGGAGTCAGATGGCA-1,SA604X7XB02089_AGGGAGTCAGATGGCA-1,SA604X7XB02089,E
./tmpv3/TENX019_SA604X7XB02089_001/filtered_gene_bc_matrix,AGGGATGCAAACTGCT-1,SA604X7XB02089_AGGGATGCAAACTGCT-1,SA604X7XB02089,C
./tmpv3/TENX019_SA604X7XB02089_001/filtered_gene_bc_matrix,AGGTCCGGTGACGCCT-1,SA604X7XB02089_AGGTCCGGTGACGCCT-1,SA604X7XB02089,C
./tmpv3/TENX019_SA604X7XB02089_001/filtered_gene_bc_matrix,AGGTCCGTCTCCTATA-1,SA604X7XB02089_AGGTCCGTCTCCTATA-1,SA604X7XB02089,E
./tmpv3/TENX019_SA604X7XB02089_001/filtered_gene_bc_matrix,AGTAGTCTCCCAGGTG-1,SA604X7XB02089_AGTAGTCTCCCAGGTG-1,SA604X7XB02089,C
./tmpv3/TENX019_SA604X7XB02089_001/filtered_gene_bc_matrix,AGTCTTTTCGTTTATC-1,SA604X7XB02089_AGTCTTTTCGTTTATC-1,SA604X7XB02089,E
./tmpv3/TENX019_SA604X7XB02089_001/filtered_gene_bc_matrix,AGTGAGGTCCCATTTA-1,SA604X7XB02089_AGTGAGGTCCCATTTA-1,SA604X7XB02089,E
./tmpv3/TENX019_SA604X7XB02089_001/filtered_gene_bc_matrix,ATCATCTGTGGTACAG-1,SA604X7XB02089_ATCATCTGTGGTACAG-1,SA604X7XB02089,C
./tmpv3/TENX019_SA604X7XB02089_001/filtered_gene_bc_matrix,ATCATGGTCCAGATCA-1,SA604X7XB02089_ATCATGGTCCAGATCA-1,SA604X7XB02089,E
./tmpv3/TENX019_SA604X7XB02089_001/filtered_gene_bc_matrix,ATCATGGTCGTGGACC-1,SA604X7XB02089_ATCATGGTCGTGGACC-1,SA604X7XB02089,E
./tmpv3/TENX019_SA604X7XB02089_001/filtered_gene_bc_matrix,ATCCACCGTCCGAACC-1,SA604X7XB02089_ATCCACCGTCCGAACC-1,SA604X7XB02089,E
./tmpv3/TENX019_SA604X7XB02089_001/filtered_gene_bc_matrix,ATCCGAAGTGTGACGA-1,SA604X7XB02089_ATCCGAAGTGTGACGA-1,SA604X7XB02089,E
./tmpv3/TENX019_SA604X7XB02089_001/filtered_gene_bc_matrix,ATGAGGGAGTTGTAGA-1,SA604X7XB02089_ATGAGGGAGTTGTAGA-1,SA604X7XB02089,E
./tmpv3/TENX019_SA604X7XB02089_001/filtered_gene_bc_matrix,ATGCGATAGTCAATAG-1,SA604X7XB02089_ATGCGATAGTCAATAG-1,SA604X7XB02089,C
./tmpv3/TENX019_SA604X7XB02089_001/filtered_gene_bc_matrix,ATGCGATCAATAACGA-1,SA604X7XB02089_ATGCGATCAATAACGA-1,SA604X7XB02089,C
./tmpv3/TENX019_SA604X7XB02089_001/filtered_gene_bc_matrix,ATTACTCCATTAACCG-1,SA604X7XB02089_ATTACTCCATTAACCG-1,SA604X7XB02089,E
./tmpv3/TENX019_SA604X7XB02089_001/filtered_gene_bc_matrix,CAACCTCCACAGAGGT-1,SA604X7XB02089_CAACCTCCACAGAGGT-1,SA604X7XB02089,C
./tmpv3/TENX019_SA604X7XB02089_001/filtered_gene_bc_matrix,CAAGAAAGTTCGTCTC-1,SA604X7XB02089_CAAGAAAGTTCGTCTC-1,SA604X7XB02089,E
./tmpv3/TENX019_SA604X7XB02089_001/filtered_gene_bc_matrix,CAAGATCCAAGCTGTT-1,SA604X7XB02089_CAAGATCCAAGCTGTT-1,SA604X7XB02089,C
./tmpv3/TENX019_SA604X7XB02089_001/filtered_gene_bc_matrix,CAAGATCCACCAACCG-1,SA604X7XB02089_CAAGATCCACCAACCG-1,SA604X7XB02089,E
./tmpv3/TENX019_SA604X7XB02089_001/filtered_gene_bc_matrix,CAAGATCTCTTTACGT-1,SA604X7XB02089_CAAGATCTCTTTACGT-1,SA604X7XB02089,C
./tmpv3/TENX019_SA604X7XB02089_001/filtered_gene_bc_matrix,CAAGGCCAGACAGGCT-1,SA604X7XB02089_CAAGGCCAGACAGGCT-1,SA604X7XB02089,E
./tmpv3/TENX019_SA604X7XB02089_001/filtered_gene_bc_matrix,CACACAATCTTCGAGA-1,SA604X7XB02089_CACACAATCTTCGAGA-1,SA604X7XB02089,E
./tmpv3/TENX019_SA604X7XB02089_001/filtered_gene_bc_matrix,CACAGTAGTGAGTATA-1,SA604X7XB02089_CACAGTAGTGAGTATA-1,SA604X7XB02089,D
./tmpv3/TENX019_SA604X7XB02089_001/filtered_gene_bc_matrix,CACATTTCAATCAGAA-1,SA604X7XB02089_CACATTTCAATCAGAA-1,SA604X7XB02089,C
./tmpv3/TENX019_SA604X7XB02089_001/filtered_gene_bc_matrix,CACCAGGGTTACTGAC-1,SA604X7XB02089_CACCAGGGTTACTGAC-1,SA604X7XB02089,C
./tmpv3/TENX019_SA604X7XB02089_001/filtered_gene_bc_matrix,CACCAGGTCCGAACGC-1,SA604X7XB02089_CACCAGGTCCGAACGC-1,SA604X7XB02089,E
./tmpv3/TENX019_SA604X7XB02089_001/filtered_gene_bc_matrix,CACCTTGAGATGTGTA-1,SA604X7XB02089_CACCTTGAGATGTGTA-1,SA604X7XB02089,E
./tmpv3/TENX019_SA604X7XB02089_001/filtered_gene_bc_matrix,CAGAATCGTCCAAGTT-1,SA604X7XB02089_CAGAATCGTCCAAGTT-1,SA604X7XB02089,unassigned
./tmpv3/TENX019_SA604X7XB02089_001/filtered_gene_bc_matrix,CAGCAGCTCGGAATCT-1,SA604X7XB02089_CAGCAGCTCGGAATCT-1,SA604X7XB02089,E
./tmpv3/TENX019_SA604X7XB02089_001/filtered_gene_bc_matrix,CAGCATATCAAACCAC-1,SA604X7XB02089_CAGCATATCAAACCAC-1,SA604X7XB02089,E
./tmpv3/TENX019_SA604X7XB02089_001/filtered_gene_bc_matrix,CAGCCGAGTGACGCCT-1,SA604X7XB02089_CAGCCGAGTGACGCCT-1,SA604X7XB02089,E
./tmpv3/TENX019_SA604X7XB02089_001/filtered_gene_bc_matrix,CAGCGACCAAGCGCTC-1,SA604X7XB02089_CAGCGACCAAGCGCTC-1,SA604X7XB02089,C
./tmpv3/TENX019_SA604X7XB02089_001/filtered_gene_bc_matrix,CAGGTGCCACGTTGGC-1,SA604X7XB02089_CAGGTGCCACGTTGGC-1,SA604X7XB02089,C
./tmpv3/TENX019_SA604X7XB02089_001/filtered_gene_bc_matrix,CAGGTGCCAGCTGCAC-1,SA604X7XB02089_CAGGTGCCAGCTGCAC-1,SA604X7XB02089,E
./tmpv3/TENX019_SA604X7XB02089_001/filtered_gene_bc_matrix,CAGTAACCATCCGCGA-1,SA604X7XB02089_CAGTAACCATCCGCGA-1,SA604X7XB02089,E
./tmpv3/TENX019_SA604X7XB02089_001/filtered_gene_bc_matrix,CAGTAACGTCTTGTCC-1,SA604X7XB02089_CAGTAACGTCTTGTCC-1,SA604X7XB02089,C
./tmpv3/TENX019_SA604X7XB02089_001/filtered_gene_bc_matrix,CAGTCCTAGTAGTGCG-1,SA604X7XB02089_CAGTCCTAGTAGTGCG-1,SA604X7XB02089,E
./tmpv3/TENX019_SA604X7XB02089_001/filtered_gene_bc_matrix,CATATGGGTCTCATCC-1,SA604X7XB02089_CATATGGGTCTCATCC-1,SA604X7XB02089,C
./tmpv3/TENX019_SA604X7XB02089_001/filtered_gene_bc_matrix,CATCCACTCACCCTCA-1,SA604X7XB02089_CATCCACTCACCCTCA-1,SA604X7XB02089,E
./tmpv3/TENX019_SA604X7XB02089_001/filtered_gene_bc_matrix,CATGACAAGGAGTCTG-1,SA604X7XB02089_CATGACAAGGAGTCTG-1,SA604X7XB02089,E
./tmpv3/TENX019_SA604X7XB02089_001/filtered_gene_bc_matrix,CCACCTAAGGATGCGT-1,SA604X7XB02089_CCACCTAAGGATGCGT-1,SA604X7XB02089,C
./tmpv3/TENX019_SA604X7XB02089_001/filtered_gene_bc_matrix,CCACCTATCTTGTTTG-1,SA604X7XB02089_CCACCTATCTTGTTTG-1,SA604X7XB02089,E
./tmpv3/TENX019_SA604X7XB02089_001/filtered_gene_bc_matrix,CCACGGATCTCCAGGG-1,SA604X7XB02089_CCACGGATCTCCAGGG-1,SA604X7XB02089,E
./tmpv3/TENX019_SA604X7XB02089_001/filtered_gene_bc_matrix,CCACTACCAGTCGTGC-1,SA604X7XB02089_CCACTACCAGTCGTGC-1,SA604X7XB02089,E
./tmpv3/TENX019_SA604X7XB02089_001/filtered_gene_bc_matrix,CCATGTCGTATTAGCC-1,SA604X7XB02089_CCATGTCGTATTAGCC-1,SA604X7XB02089,E
./tmpv3/TENX019_SA604X7XB02089_001/filtered_gene_bc_matrix,CCCAGTTGTCCTCTTG-1,SA604X7XB02089_CCCAGTTGTCCTCTTG-1,SA604X7XB02089,C
./tmpv3/TENX019_SA604X7XB02089_001/filtered_gene_bc_matrix,CCCTCCTAGATATGCA-1,SA604X7XB02089_CCCTCCTAGATATGCA-1,SA604X7XB02089,C
./tmpv3/TENX019_SA604X7XB02089_001/filtered_gene_bc_matrix,CCCTCCTGTTGACGTT-1,SA604X7XB02089_CCCTCCTGTTGACGTT-1,SA604X7XB02089,unassigned
./tmpv3/TENX019_SA604X7XB02089_001/filtered_gene_bc_matrix,CCGTACTCAGCTCCGA-1,SA604X7XB02089_CCGTACTCAGCTCCGA-1,SA604X7XB02089,C
./tmpv3/TENX019_SA604X7XB02089_001/filtered_gene_bc_matrix,CCGTTCATCGGCGGTT-1,SA604X7XB02089_CCGTTCATCGGCGGTT-1,SA604X7XB02089,E
./tmpv3/TENX019_SA604X7XB02089_001/filtered_gene_bc_matrix,CCTAAAGCAGCTGCTG-1,SA604X7XB02089_CCTAAAGCAGCTGCTG-1,SA604X7XB02089,E
./tmpv3/TENX019_SA604X7XB02089_001/filtered_gene_bc_matrix,CCTAAAGGTTGCTCCT-1,SA604X7XB02089_CCTAAAGGTTGCTCCT-1,SA604X7XB02089,E
./tmpv3/TENX019_SA604X7XB02089_001/filtered_gene_bc_matrix,CCTAAAGTCACCACCT-1,SA604X7XB02089_CCTAAAGTCACCACCT-1,SA604X7XB02089,D
./tmpv3/TENX019_SA604X7XB02089_001/filtered_gene_bc_matrix,CCTACACCACAGCCCA-1,SA604X7XB02089_CCTACACCACAGCCCA-1,SA604X7XB02089,C
./tmpv3/TENX019_SA604X7XB02089_001/filtered_gene_bc_matrix,CCTCAGTCATGTAGTC-1,SA604X7XB02089_CCTCAGTCATGTAGTC-1,SA604X7XB02089,C
./tmpv3/TENX019_SA604X7XB02089_001/filtered_gene_bc_matrix,CCTTTCTCATGAACCT-1,SA604X7XB02089_CCTTTCTCATGAACCT-1,SA604X7XB02089,E
./tmpv3/TENX019_SA604X7XB02089_001/filtered_gene_bc_matrix,CCTTTCTGTCGAATCT-1,SA604X7XB02089_CCTTTCTGTCGAATCT-1,SA604X7XB02089,E
./tmpv3/TENX019_SA604X7XB02089_001/filtered_gene_bc_matrix,CGAATGTCACGCTTTC-1,SA604X7XB02089_CGAATGTCACGCTTTC-1,SA604X7XB02089,E
./tmpv3/TENX019_SA604X7XB02089_001/filtered_gene_bc_matrix,CGACCTTCAAGCCATT-1,SA604X7XB02089_CGACCTTCAAGCCATT-1,SA604X7XB02089,E
./tmpv3/TENX019_SA604X7XB02089_001/filtered_gene_bc_matrix,CGAGCACAGTTACGGG-1,SA604X7XB02089_CGAGCACAGTTACGGG-1,SA604X7XB02089,C
./tmpv3/TENX019_SA604X7XB02089_001/filtered_gene_bc_matrix,CGAGCCAAGACCACGA-1,SA604X7XB02089_CGAGCCAAGACCACGA-1,SA604X7XB02089,C
./tmpv3/TENX019_SA604X7XB02089_001/filtered_gene_bc_matrix,CGAGCCAAGTGTGAAT-1,SA604X7XB02089_CGAGCCAAGTGTGAAT-1,SA604X7XB02089,C
./tmpv3/TENX019_SA604X7XB02089_001/filtered_gene_bc_matrix,CGATGGCGTACAGTTC-1,SA604X7XB02089_CGATGGCGTACAGTTC-1,SA604X7XB02089,E
./tmpv3/TENX019_SA604X7XB02089_001/filtered_gene_bc_matrix,CGATGTAAGAAAGTGG-1,SA604X7XB02089_CGATGTAAGAAAGTGG-1,SA604X7XB02089,E
./tmpv3/TENX019_SA604X7XB02089_001/filtered_gene_bc_matrix,CGATGTATCGATCCCT-1,SA604X7XB02089_CGATGTATCGATCCCT-1,SA604X7XB02089,E
./tmpv3/TENX019_SA604X7XB02089_001/filtered_gene_bc_matrix,CGATGTATCGGTCCGA-1,SA604X7XB02089_CGATGTATCGGTCCGA-1,SA604X7XB02089,E
./tmpv3/TENX019_SA604X7XB02089_001/filtered_gene_bc_matrix,CGATTGACATACTACG-1,SA604X7XB02089_CGATTGACATACTACG-1,SA604X7XB02089,E
./tmpv3/TENX019_SA604X7XB02089_001/filtered_gene_bc_matrix,CGCGGTAGTCATATGC-1,SA604X7XB02089_CGCGGTAGTCATATGC-1,SA604X7XB02089,C
./tmpv3/TENX019_SA604X7XB02089_001/filtered_gene_bc_matrix,CGGACACTCGGTGTCG-1,SA604X7XB02089_CGGACACTCGGTGTCG-1,SA604X7XB02089,E
./tmpv3/TENX019_SA604X7XB02089_001/filtered_gene_bc_matrix,CGGACGTGTACTTGAC-1,SA604X7XB02089_CGGACGTGTACTTGAC-1,SA604X7XB02089,C
./tmpv3/TENX019_SA604X7XB02089_001/filtered_gene_bc_matrix,CGGGTCACAGCGTAAG-1,SA604X7XB02089_CGGGTCACAGCGTAAG-1,SA604X7XB02089,E
./tmpv3/TENX019_SA604X7XB02089_001/filtered_gene_bc_matrix,CGGGTCACAGGGCATA-1,SA604X7XB02089_CGGGTCACAGGGCATA-1,SA604X7XB02089,E
./tmpv3/TENX019_SA604X7XB02089_001/filtered_gene_bc_matrix,CGGTTAAAGTTCGATC-1,SA604X7XB02089_CGGTTAAAGTTCGATC-1,SA604X7XB02089,E
./tmpv3/TENX019_SA604X7XB02089_001/filtered_gene_bc_matrix,CGTCAGGCACCGCTAG-1,SA604X7XB02089_CGTCAGGCACCGCTAG-1,SA604X7XB02089,E
./tmpv3/TENX019_SA604X7XB02089_001/filtered_gene_bc_matrix,CGTCAGGTCACCGGGT-1,SA604X7XB02089_CGTCAGGTCACCGGGT-1,SA604X7XB02089,E
./tmpv3/TENX019_SA604X7XB02089_001/filtered_gene_bc_matrix,CGTCCATGTACATCCA-1,SA604X7XB02089_CGTCCATGTACATCCA-1,SA604X7XB02089,E
./tmpv3/TENX019_SA604X7XB02089_001/filtered_gene_bc_matrix,CGTGTAAAGTGTGGCA-1,SA604X7XB02089_CGTGTAAAGTGTGGCA-1,SA604X7XB02089,C
./tmpv3/TENX019_SA604X7XB02089_001/filtered_gene_bc_matrix,CGTTAGAAGAATGTTG-1,SA604X7XB02089_CGTTAGAAGAATGTTG-1,SA604X7XB02089,E
./tmpv3/TENX019_SA604X7XB02089_001/filtered_gene_bc_matrix,CGTTCTGCAGATGAGC-1,SA604X7XB02089_CGTTCTGCAGATGAGC-1,SA604X7XB02089,C
./tmpv3/TENX019_SA604X7XB02089_001/filtered_gene_bc_matrix,CGTTGGGAGGTGTTAA-1,SA604X7XB02089_CGTTGGGAGGTGTTAA-1,SA604X7XB02089,E
./tmpv3/TENX019_SA604X7XB02089_001/filtered_gene_bc_matrix,CTACATTGTGCCTTGG-1,SA604X7XB02089_CTACATTGTGCCTTGG-1,SA604X7XB02089,D
./tmpv3/TENX019_SA604X7XB02089_001/filtered_gene_bc_matrix,CTACGTCAGTCGTTTG-1,SA604X7XB02089_CTACGTCAGTCGTTTG-1,SA604X7XB02089,C
./tmpv3/TENX019_SA604X7XB02089_001/filtered_gene_bc_matrix,CTAGAGTGTGCAACTT-1,SA604X7XB02089_CTAGAGTGTGCAACTT-1,SA604X7XB02089,C
./tmpv3/TENX019_SA604X7XB02089_001/filtered_gene_bc_matrix,CTCAGAAGTTGGTTTG-1,SA604X7XB02089_CTCAGAAGTTGGTTTG-1,SA604X7XB02089,C
./tmpv3/TENX019_SA604X7XB02089_001/filtered_gene_bc_matrix,CTCAGAATCGCAAACT-1,SA604X7XB02089_CTCAGAATCGCAAACT-1,SA604X7XB02089,C
./tmpv3/TENX019_SA604X7XB02089_001/filtered_gene_bc_matrix,CTCCTAGGTGGACGAT-1,SA604X7XB02089_CTCCTAGGTGGACGAT-1,SA604X7XB02089,C
./tmpv3/TENX019_SA604X7XB02089_001/filtered_gene_bc_matrix,CTCGAAAGTTGGTGGA-1,SA604X7XB02089_CTCGAAAGTTGGTGGA-1,SA604X7XB02089,E
./tmpv3/TENX019_SA604X7XB02089_001/filtered_gene_bc_matrix,CTCGAGGGTGATGATA-1,SA604X7XB02089_CTCGAGGGTGATGATA-1,SA604X7XB02089,D
./tmpv3/TENX019_SA604X7XB02089_001/filtered_gene_bc_matrix,CTCGGGATCCGAACGC-1,SA604X7XB02089_CTCGGGATCCGAACGC-1,SA604X7XB02089,C
./tmpv3/TENX019_SA604X7XB02089_001/filtered_gene_bc_matrix,CTCTACGCATTCGACA-1,SA604X7XB02089_CTCTACGCATTCGACA-1,SA604X7XB02089,D
./tmpv3/TENX019_SA604X7XB02089_001/filtered_gene_bc_matrix,CTCTACGTCAACGCTA-1,SA604X7XB02089_CTCTACGTCAACGCTA-1,SA604X7XB02089,E
./tmpv3/TENX019_SA604X7XB02089_001/filtered_gene_bc_matrix,CTCTGGTCATTACGAC-1,SA604X7XB02089_CTCTGGTCATTACGAC-1,SA604X7XB02089,D
./tmpv3/TENX019_SA604X7XB02089_001/filtered_gene_bc_matrix,CTGAAACTCATTCACT-1,SA604X7XB02089_CTGAAACTCATTCACT-1,SA604X7XB02089,C
./tmpv3/TENX019_SA604X7XB02089_001/filtered_gene_bc_matrix,CTGAAGTGTACCGTTA-1,SA604X7XB02089_CTGAAGTGTACCGTTA-1,SA604X7XB02089,E
./tmpv3/TENX019_SA604X7XB02089_001/filtered_gene_bc_matrix,CTGCGGAAGTTTCCTT-1,SA604X7XB02089_CTGCGGAAGTTTCCTT-1,SA604X7XB02089,E
./tmpv3/TENX019_SA604X7XB02089_001/filtered_gene_bc_matrix,CTGTTTACACGTAAGG-1,SA604X7XB02089_CTGTTTACACGTAAGG-1,SA604X7XB02089,E
./tmpv3/TENX019_SA604X7XB02089_001/filtered_gene_bc_matrix,CTTACCGAGTTACCCA-1,SA604X7XB02089_CTTACCGAGTTACCCA-1,SA604X7XB02089,E
./tmpv3/TENX019_SA604X7XB02089_001/filtered_gene_bc_matrix,CTTGGCTCATGAACCT-1,SA604X7XB02089_CTTGGCTCATGAACCT-1,SA604X7XB02089,D
./tmpv3/TENX019_SA604X7XB02089_001/filtered_gene_bc_matrix,GAAATGAGTATGCTTG-1,SA604X7XB02089_GAAATGAGTATGCTTG-1,SA604X7XB02089,D
./tmpv3/TENX019_SA604X7XB02089_001/filtered_gene_bc_matrix,GAAATGATCTACTTAC-1,SA604X7XB02089_GAAATGATCTACTTAC-1,SA604X7XB02089,E
./tmpv3/TENX019_SA604X7XB02089_001/filtered_gene_bc_matrix,GAACATCCAAGTCATC-1,SA604X7XB02089_GAACATCCAAGTCATC-1,SA604X7XB02089,D
./tmpv3/TENX019_SA604X7XB02089_001/filtered_gene_bc_matrix,GAACATCTCAAAGTAG-1,SA604X7XB02089_GAACATCTCAAAGTAG-1,SA604X7XB02089,C
./tmpv3/TENX019_SA604X7XB02089_001/filtered_gene_bc_matrix,GAACCTAGTAATCACC-1,SA604X7XB02089_GAACCTAGTAATCACC-1,SA604X7XB02089,C
./tmpv3/TENX019_SA604X7XB02089_001/filtered_gene_bc_matrix,GAACGGAAGGGTTCCC-1,SA604X7XB02089_GAACGGAAGGGTTCCC-1,SA604X7XB02089,D
./tmpv3/TENX019_SA604X7XB02089_001/filtered_gene_bc_matrix,GAACGGACACCACGTG-1,SA604X7XB02089_GAACGGACACCACGTG-1,SA604X7XB02089,C
./tmpv3/TENX019_SA604X7XB02089_001/filtered_gene_bc_matrix,GAACGGATCGGCGCTA-1,SA604X7XB02089_GAACGGATCGGCGCTA-1,SA604X7XB02089,C
./tmpv3/TENX019_SA604X7XB02089_001/filtered_gene_bc_matrix,GAAGCAGTCGCGATCG-1,SA604X7XB02089_GAAGCAGTCGCGATCG-1,SA604X7XB02089,E
./tmpv3/TENX019_SA604X7XB02089_001/filtered_gene_bc_matrix,GAATAAGTCGAATCCA-1,SA604X7XB02089_GAATAAGTCGAATCCA-1,SA604X7XB02089,E
./tmpv3/TENX019_SA604X7XB02089_001/filtered_gene_bc_matrix,GAATGAAGTTCATGGT-1,SA604X7XB02089_GAATGAAGTTCATGGT-1,SA604X7XB02089,D
./tmpv3/TENX019_SA604X7XB02089_001/filtered_gene_bc_matrix,GACAGAGAGCGTGTCC-1,SA604X7XB02089_GACAGAGAGCGTGTCC-1,SA604X7XB02089,E
./tmpv3/TENX019_SA604X7XB02089_001/filtered_gene_bc_matrix,GACAGAGTCCGAGCCA-1,SA604X7XB02089_GACAGAGTCCGAGCCA-1,SA604X7XB02089,C
./tmpv3/TENX019_SA604X7XB02089_001/filtered_gene_bc_matrix,GACCTGGAGTCCATAC-1,SA604X7XB02089_GACCTGGAGTCCATAC-1,SA604X7XB02089,C
./tmpv3/TENX019_SA604X7XB02089_001/filtered_gene_bc_matrix,GACGCGTAGACTGGGT-1,SA604X7XB02089_GACGCGTAGACTGGGT-1,SA604X7XB02089,E
./tmpv3/TENX019_SA604X7XB02089_001/filtered_gene_bc_matrix,GACGTTATCCAGAGGA-1,SA604X7XB02089_GACGTTATCCAGAGGA-1,SA604X7XB02089,E
./tmpv3/TENX019_SA604X7XB02089_001/filtered_gene_bc_matrix,GAGGTGAAGATATGGT-1,SA604X7XB02089_GAGGTGAAGATATGGT-1,SA604X7XB02089,C
./tmpv3/TENX019_SA604X7XB02089_001/filtered_gene_bc_matrix,GAGGTGAGTCGCATCG-1,SA604X7XB02089_GAGGTGAGTCGCATCG-1,SA604X7XB02089,E
./tmpv3/TENX019_SA604X7XB02089_001/filtered_gene_bc_matrix,GATCTAGGTTCGAATC-1,SA604X7XB02089_GATCTAGGTTCGAATC-1,SA604X7XB02089,E
./tmpv3/TENX019_SA604X7XB02089_001/filtered_gene_bc_matrix,GATGAGGTCACATGCA-1,SA604X7XB02089_GATGAGGTCACATGCA-1,SA604X7XB02089,E
./tmpv3/TENX019_SA604X7XB02089_001/filtered_gene_bc_matrix,GATTCAGTCATGTAGC-1,SA604X7XB02089_GATTCAGTCATGTAGC-1,SA604X7XB02089,D
./tmpv3/TENX019_SA604X7XB02089_001/filtered_gene_bc_matrix,GCAATCAGTCTCTTAT-1,SA604X7XB02089_GCAATCAGTCTCTTAT-1,SA604X7XB02089,E
./tmpv3/TENX019_SA604X7XB02089_001/filtered_gene_bc_matrix,GCACTCTGTCGCGTGT-1,SA604X7XB02089_GCACTCTGTCGCGTGT-1,SA604X7XB02089,C
./tmpv3/TENX019_SA604X7XB02089_001/filtered_gene_bc_matrix,GCAGCCACATCCGCGA-1,SA604X7XB02089_GCAGCCACATCCGCGA-1,SA604X7XB02089,D
./tmpv3/TENX019_SA604X7XB02089_001/filtered_gene_bc_matrix,GCATACACAATAAGCA-1,SA604X7XB02089_GCATACACAATAAGCA-1,SA604X7XB02089,unassigned
./tmpv3/TENX019_SA604X7XB02089_001/filtered_gene_bc_matrix,GCATGCGAGCGTAATA-1,SA604X7XB02089_GCATGCGAGCGTAATA-1,SA604X7XB02089,C
./tmpv3/TENX019_SA604X7XB02089_001/filtered_gene_bc_matrix,GCATGCGAGGAACTGC-1,SA604X7XB02089_GCATGCGAGGAACTGC-1,SA604X7XB02089,E
./tmpv3/TENX019_SA604X7XB02089_001/filtered_gene_bc_matrix,GCATGTAGTTGGAGGT-1,SA604X7XB02089_GCATGTAGTTGGAGGT-1,SA604X7XB02089,E
./tmpv3/TENX019_SA604X7XB02089_001/filtered_gene_bc_matrix,GCCAAATGTGTGGCTC-1,SA604X7XB02089_GCCAAATGTGTGGCTC-1,SA604X7XB02089,E
./tmpv3/TENX019_SA604X7XB02089_001/filtered_gene_bc_matrix,GCGAGAAAGATCCCAT-1,SA604X7XB02089_GCGAGAAAGATCCCAT-1,SA604X7XB02089,C
./tmpv3/TENX019_SA604X7XB02089_001/filtered_gene_bc_matrix,GCGCAGTCACCAACCG-1,SA604X7XB02089_GCGCAGTCACCAACCG-1,SA604X7XB02089,E
./tmpv3/TENX019_SA604X7XB02089_001/filtered_gene_bc_matrix,GCGCAGTCATAAAGGT-1,SA604X7XB02089_GCGCAGTCATAAAGGT-1,SA604X7XB02089,C
./tmpv3/TENX019_SA604X7XB02089_001/filtered_gene_bc_matrix,GCTGCAGCACTCAGGC-1,SA604X7XB02089_GCTGCAGCACTCAGGC-1,SA604X7XB02089,E
./tmpv3/TENX019_SA604X7XB02089_001/filtered_gene_bc_matrix,GCTGCAGGTAGCGTAG-1,SA604X7XB02089_GCTGCAGGTAGCGTAG-1,SA604X7XB02089,C
./tmpv3/TENX019_SA604X7XB02089_001/filtered_gene_bc_matrix,GCTGCAGTCGAATCCA-1,SA604X7XB02089_GCTGCAGTCGAATCCA-1,SA604X7XB02089,E
./tmpv3/TENX019_SA604X7XB02089_001/filtered_gene_bc_matrix,GCTGCAGTCTAACTTC-1,SA604X7XB02089_GCTGCAGTCTAACTTC-1,SA604X7XB02089,E
./tmpv3/TENX019_SA604X7XB02089_001/filtered_gene_bc_matrix,GCTGCTTCATGAAGTA-1,SA604X7XB02089_GCTGCTTCATGAAGTA-1,SA604X7XB02089,E
./tmpv3/TENX019_SA604X7XB02089_001/filtered_gene_bc_matrix,GCTGCTTGTCATGCAT-1,SA604X7XB02089_GCTGCTTGTCATGCAT-1,SA604X7XB02089,C
./tmpv3/TENX019_SA604X7XB02089_001/filtered_gene_bc_matrix,GCTTGAAAGCTAGTTC-1,SA604X7XB02089_GCTTGAAAGCTAGTTC-1,SA604X7XB02089,E
./tmpv3/TENX019_SA604X7XB02089_001/filtered_gene_bc_matrix,GCTTGAACAAGCTGAG-1,SA604X7XB02089_GCTTGAACAAGCTGAG-1,SA604X7XB02089,E
./tmpv3/TENX019_SA604X7XB02089_001/filtered_gene_bc_matrix,GCTTGAATCTAACTGG-1,SA604X7XB02089_GCTTGAATCTAACTGG-1,SA604X7XB02089,unassigned
./tmpv3/TENX019_SA604X7XB02089_001/filtered_gene_bc_matrix,GGAAAGCCAGCTTAAC-1,SA604X7XB02089_GGAAAGCCAGCTTAAC-1,SA604X7XB02089,E
./tmpv3/TENX019_SA604X7XB02089_001/filtered_gene_bc_matrix,GGAACTTGTTACGACT-1,SA604X7XB02089_GGAACTTGTTACGACT-1,SA604X7XB02089,C
./tmpv3/TENX019_SA604X7XB02089_001/filtered_gene_bc_matrix,GGACAGAGTCTCTCTG-1,SA604X7XB02089_GGACAGAGTCTCTCTG-1,SA604X7XB02089,unassigned
./tmpv3/TENX019_SA604X7XB02089_001/filtered_gene_bc_matrix,GGCCGATAGCCACTAT-1,SA604X7XB02089_GGCCGATAGCCACTAT-1,SA604X7XB02089,C
./tmpv3/TENX019_SA604X7XB02089_001/filtered_gene_bc_matrix,GGCCGATGTGATAAGT-1,SA604X7XB02089_GGCCGATGTGATAAGT-1,SA604X7XB02089,E
./tmpv3/TENX019_SA604X7XB02089_001/filtered_gene_bc_matrix,GGCGACTAGCACGCCT-1,SA604X7XB02089_GGCGACTAGCACGCCT-1,SA604X7XB02089,D
./tmpv3/TENX019_SA604X7XB02089_001/filtered_gene_bc_matrix,GGCTCGATCAGTGCAT-1,SA604X7XB02089_GGCTCGATCAGTGCAT-1,SA604X7XB02089,E
./tmpv3/TENX019_SA604X7XB02089_001/filtered_gene_bc_matrix,GGCTGGTGTTAAGGGC-1,SA604X7XB02089_GGCTGGTGTTAAGGGC-1,SA604X7XB02089,C
./tmpv3/TENX019_SA604X7XB02089_001/filtered_gene_bc_matrix,GGGACCTTCACAACGT-1,SA604X7XB02089_GGGACCTTCACAACGT-1,SA604X7XB02089,D
./tmpv3/TENX019_SA604X7XB02089_001/filtered_gene_bc_matrix,GGGATGAAGATAGTCA-1,SA604X7XB02089_GGGATGAAGATAGTCA-1,SA604X7XB02089,D
./tmpv3/TENX019_SA604X7XB02089_001/filtered_gene_bc_matrix,GGGTCTGCAGGTGGAT-1,SA604X7XB02089_GGGTCTGCAGGTGGAT-1,SA604X7XB02089,C
./tmpv3/TENX019_SA604X7XB02089_001/filtered_gene_bc_matrix,GGTATTGAGAGTAAGG-1,SA604X7XB02089_GGTATTGAGAGTAAGG-1,SA604X7XB02089,unassigned
./tmpv3/TENX019_SA604X7XB02089_001/filtered_gene_bc_matrix,GGTGAAGTCAGCGATT-1,SA604X7XB02089_GGTGAAGTCAGCGATT-1,SA604X7XB02089,C
./tmpv3/TENX019_SA604X7XB02089_001/filtered_gene_bc_matrix,GTAACTGCAATGGAGC-1,SA604X7XB02089_GTAACTGCAATGGAGC-1,SA604X7XB02089,E
./tmpv3/TENX019_SA604X7XB02089_001/filtered_gene_bc_matrix,GTAACTGCACGGTTTA-1,SA604X7XB02089_GTAACTGCACGGTTTA-1,SA604X7XB02089,E
./tmpv3/TENX019_SA604X7XB02089_001/filtered_gene_bc_matrix,GTACGTAAGGATGGTC-1,SA604X7XB02089_GTACGTAAGGATGGTC-1,SA604X7XB02089,E
./tmpv3/TENX019_SA604X7XB02089_001/filtered_gene_bc_matrix,GTACGTATCTCCCTGA-1,SA604X7XB02089_GTACGTATCTCCCTGA-1,SA604X7XB02089,E
./tmpv3/TENX019_SA604X7XB02089_001/filtered_gene_bc_matrix,GTACTTTCATGAGCGA-1,SA604X7XB02089_GTACTTTCATGAGCGA-1,SA604X7XB02089,E
./tmpv3/TENX019_SA604X7XB02089_001/filtered_gene_bc_matrix,GTAGGCCAGCGTGTCC-1,SA604X7XB02089_GTAGGCCAGCGTGTCC-1,SA604X7XB02089,E
./tmpv3/TENX019_SA604X7XB02089_001/filtered_gene_bc_matrix,GTAGTCACACTTAAGC-1,SA604X7XB02089_GTAGTCACACTTAAGC-1,SA604X7XB02089,E
./tmpv3/TENX019_SA604X7XB02089_001/filtered_gene_bc_matrix,GTAGTCATCCTAGAAC-1,SA604X7XB02089_GTAGTCATCCTAGAAC-1,SA604X7XB02089,E
./tmpv3/TENX019_SA604X7XB02089_001/filtered_gene_bc_matrix,GTCAAGTGTACTTGAC-1,SA604X7XB02089_GTCAAGTGTACTTGAC-1,SA604X7XB02089,C
./tmpv3/TENX019_SA604X7XB02089_001/filtered_gene_bc_matrix,GTCATTTCAGGCAGTA-1,SA604X7XB02089_GTCATTTCAGGCAGTA-1,SA604X7XB02089,C
./tmpv3/TENX019_SA604X7XB02089_001/filtered_gene_bc_matrix,GTCCTCACAGACGCCT-1,SA604X7XB02089_GTCCTCACAGACGCCT-1,SA604X7XB02089,E
./tmpv3/TENX019_SA604X7XB02089_001/filtered_gene_bc_matrix,GTCGTAATCTATGTGG-1,SA604X7XB02089_GTCGTAATCTATGTGG-1,SA604X7XB02089,E
./tmpv3/TENX019_SA604X7XB02089_001/filtered_gene_bc_matrix,GTCTTCGAGCTATGCT-1,SA604X7XB02089_GTCTTCGAGCTATGCT-1,SA604X7XB02089,E
./tmpv3/TENX019_SA604X7XB02089_001/filtered_gene_bc_matrix,GTCTTCGGTAAATGAC-1,SA604X7XB02089_GTCTTCGGTAAATGAC-1,SA604X7XB02089,E
./tmpv3/TENX019_SA604X7XB02089_001/filtered_gene_bc_matrix,GTGAAGGTCGGTCTAA-1,SA604X7XB02089_GTGAAGGTCGGTCTAA-1,SA604X7XB02089,E
./tmpv3/TENX019_SA604X7XB02089_001/filtered_gene_bc_matrix,GTGCATAAGATTACCC-1,SA604X7XB02089_GTGCATAAGATTACCC-1,SA604X7XB02089,unassigned
./tmpv3/TENX019_SA604X7XB02089_001/filtered_gene_bc_matrix,GTGCTTCCATGACATC-1,SA604X7XB02089_GTGCTTCCATGACATC-1,SA604X7XB02089,E
./tmpv3/TENX019_SA604X7XB02089_001/filtered_gene_bc_matrix,GTTAAGCAGCACAGGT-1,SA604X7XB02089_GTTAAGCAGCACAGGT-1,SA604X7XB02089,E
./tmpv3/TENX019_SA604X7XB02089_001/filtered_gene_bc_matrix,GTTCATTGTCATATCG-1,SA604X7XB02089_GTTCATTGTCATATCG-1,SA604X7XB02089,unassigned
./tmpv3/TENX019_SA604X7XB02089_001/filtered_gene_bc_matrix,GTTCATTGTGTTGGGA-1,SA604X7XB02089_GTTCATTGTGTTGGGA-1,SA604X7XB02089,E
./tmpv3/TENX019_SA604X7XB02089_001/filtered_gene_bc_matrix,GTTCGGGTCAGCTGGC-1,SA604X7XB02089_GTTCGGGTCAGCTGGC-1,SA604X7XB02089,E
./tmpv3/TENX019_SA604X7XB02089_001/filtered_gene_bc_matrix,GTTCTCGTCCTTGGTC-1,SA604X7XB02089_GTTCTCGTCCTTGGTC-1,SA604X7XB02089,E
./tmpv3/TENX019_SA604X7XB02089_001/filtered_gene_bc_matrix,TACACGACACTCTGTC-1,SA604X7XB02089_TACACGACACTCTGTC-1,SA604X7XB02089,E
./tmpv3/TENX019_SA604X7XB02089_001/filtered_gene_bc_matrix,TACAGTGAGCTGATAA-1,SA604X7XB02089_TACAGTGAGCTGATAA-1,SA604X7XB02089,unassigned
./tmpv3/TENX019_SA604X7XB02089_001/filtered_gene_bc_matrix,TACGGTATCTCGAGTA-1,SA604X7XB02089_TACGGTATCTCGAGTA-1,SA604X7XB02089,E
./tmpv3/TENX019_SA604X7XB02089_001/filtered_gene_bc_matrix,TACTCATTCGTGGACC-1,SA604X7XB02089_TACTCATTCGTGGACC-1,SA604X7XB02089,E
./tmpv3/TENX019_SA604X7XB02089_001/filtered_gene_bc_matrix,TACTCATTCTACGAGT-1,SA604X7XB02089_TACTCATTCTACGAGT-1,SA604X7XB02089,E
./tmpv3/TENX019_SA604X7XB02089_001/filtered_gene_bc_matrix,TACTCGCGTACAAGTA-1,SA604X7XB02089_TACTCGCGTACAAGTA-1,SA604X7XB02089,C
./tmpv3/TENX019_SA604X7XB02089_001/filtered_gene_bc_matrix,TACTCGCTCGTTGCCT-1,SA604X7XB02089_TACTCGCTCGTTGCCT-1,SA604X7XB02089,E
./tmpv3/TENX019_SA604X7XB02089_001/filtered_gene_bc_matrix,TAGACCACAAGGTGTG-1,SA604X7XB02089_TAGACCACAAGGTGTG-1,SA604X7XB02089,E
./tmpv3/TENX019_SA604X7XB02089_001/filtered_gene_bc_matrix,TAGGCATAGCCGCCTA-1,SA604X7XB02089_TAGGCATAGCCGCCTA-1,SA604X7XB02089,unassigned
./tmpv3/TENX019_SA604X7XB02089_001/filtered_gene_bc_matrix,TAGTTGGAGCAAATCA-1,SA604X7XB02089_TAGTTGGAGCAAATCA-1,SA604X7XB02089,unassigned
./tmpv3/TENX019_SA604X7XB02089_001/filtered_gene_bc_matrix,TATGCCCGTAAACGCG-1,SA604X7XB02089_TATGCCCGTAAACGCG-1,SA604X7XB02089,E
./tmpv3/TENX019_SA604X7XB02089_001/filtered_gene_bc_matrix,TCAACGACATTCTTAC-1,SA604X7XB02089_TCAACGACATTCTTAC-1,SA604X7XB02089,C
./tmpv3/TENX019_SA604X7XB02089_001/filtered_gene_bc_matrix,TCACGAACAGGTCGTC-1,SA604X7XB02089_TCACGAACAGGTCGTC-1,SA604X7XB02089,E
./tmpv3/TENX019_SA604X7XB02089_001/filtered_gene_bc_matrix,TCAGATGAGACGCACA-1,SA604X7XB02089_TCAGATGAGACGCACA-1,SA604X7XB02089,unassigned
./tmpv3/TENX019_SA604X7XB02089_001/filtered_gene_bc_matrix,TCAGATGCACGAAACG-1,SA604X7XB02089_TCAGATGCACGAAACG-1,SA604X7XB02089,unassigned
./tmpv3/TENX019_SA604X7XB02089_001/filtered_gene_bc_matrix,TCAGCTCCACGTGAGA-1,SA604X7XB02089_TCAGCTCCACGTGAGA-1,SA604X7XB02089,E
./tmpv3/TENX019_SA604X7XB02089_001/filtered_gene_bc_matrix,TCCACACAGGCCCTTG-1,SA604X7XB02089_TCCACACAGGCCCTTG-1,SA604X7XB02089,E
./tmpv3/TENX019_SA604X7XB02089_001/filtered_gene_bc_matrix,TCCACACCAATTCCTT-1,SA604X7XB02089_TCCACACCAATTCCTT-1,SA604X7XB02089,C
./tmpv3/TENX019_SA604X7XB02089_001/filtered_gene_bc_matrix,TCGAGGCAGCGTAATA-1,SA604X7XB02089_TCGAGGCAGCGTAATA-1,SA604X7XB02089,C
./tmpv3/TENX019_SA604X7XB02089_001/filtered_gene_bc_matrix,TCGTAGATCAGGATCT-1,SA604X7XB02089_TCGTAGATCAGGATCT-1,SA604X7XB02089,E
./tmpv3/TENX019_SA604X7XB02089_001/filtered_gene_bc_matrix,TCTCATATCTGCTTGC-1,SA604X7XB02089_TCTCATATCTGCTTGC-1,SA604X7XB02089,E
./tmpv3/TENX019_SA604X7XB02089_001/filtered_gene_bc_matrix,TCTGAGAAGAAGGTTT-1,SA604X7XB02089_TCTGAGAAGAAGGTTT-1,SA604X7XB02089,C
./tmpv3/TENX019_SA604X7XB02089_001/filtered_gene_bc_matrix,TGACTAGCACTTACGA-1,SA604X7XB02089_TGACTAGCACTTACGA-1,SA604X7XB02089,E
./tmpv3/TENX019_SA604X7XB02089_001/filtered_gene_bc_matrix,TGAGCCGCAAACTGTC-1,SA604X7XB02089_TGAGCCGCAAACTGTC-1,SA604X7XB02089,C
./tmpv3/TENX019_SA604X7XB02089_001/filtered_gene_bc_matrix,TGCACCTAGCCACCTG-1,SA604X7XB02089_TGCACCTAGCCACCTG-1,SA604X7XB02089,C
./tmpv3/TENX019_SA604X7XB02089_001/filtered_gene_bc_matrix,TGCACCTAGCCAGGAT-1,SA604X7XB02089_TGCACCTAGCCAGGAT-1,SA604X7XB02089,E
./tmpv3/TENX019_SA604X7XB02089_001/filtered_gene_bc_matrix,TGCCCATTCACAGTAC-1,SA604X7XB02089_TGCCCATTCACAGTAC-1,SA604X7XB02089,C
./tmpv3/TENX019_SA604X7XB02089_001/filtered_gene_bc_matrix,TGCCCTATCGAATCCA-1,SA604X7XB02089_TGCCCTATCGAATCCA-1,SA604X7XB02089,C
./tmpv3/TENX019_SA604X7XB02089_001/filtered_gene_bc_matrix,TGCGCAGAGCAGGTCA-1,SA604X7XB02089_TGCGCAGAGCAGGTCA-1,SA604X7XB02089,E
./tmpv3/TENX019_SA604X7XB02089_001/filtered_gene_bc_matrix,TGCGGGTTCGAGAACG-1,SA604X7XB02089_TGCGGGTTCGAGAACG-1,SA604X7XB02089,unassigned
./tmpv3/TENX019_SA604X7XB02089_001/filtered_gene_bc_matrix,TGCTACCCATTGGGCC-1,SA604X7XB02089_TGCTACCCATTGGGCC-1,SA604X7XB02089,C
./tmpv3/TENX019_SA604X7XB02089_001/filtered_gene_bc_matrix,TGGTTAGTCGGAGCAA-1,SA604X7XB02089_TGGTTAGTCGGAGCAA-1,SA604X7XB02089,E
./tmpv3/TENX019_SA604X7XB02089_001/filtered_gene_bc_matrix,TGGTTCCAGCTTATCG-1,SA604X7XB02089_TGGTTCCAGCTTATCG-1,SA604X7XB02089,E
./tmpv3/TENX019_SA604X7XB02089_001/filtered_gene_bc_matrix,TGTATTCGTACTCGCG-1,SA604X7XB02089_TGTATTCGTACTCGCG-1,SA604X7XB02089,unassigned
./tmpv3/TENX019_SA604X7XB02089_001/filtered_gene_bc_matrix,TGTCCCACAATGGTCT-1,SA604X7XB02089_TGTCCCACAATGGTCT-1,SA604X7XB02089,unassigned
./tmpv3/TENX019_SA604X7XB02089_001/filtered_gene_bc_matrix,TTAGTTCTCCATGCTC-1,SA604X7XB02089_TTAGTTCTCCATGCTC-1,SA604X7XB02089,C
./tmpv3/TENX019_SA604X7XB02089_001/filtered_gene_bc_matrix,TTATGCTCACCGATAT-1,SA604X7XB02089_TTATGCTCACCGATAT-1,SA604X7XB02089,C
./tmpv3/TENX019_SA604X7XB02089_001/filtered_gene_bc_matrix,TTCCCAGTCCGTCATC-1,SA604X7XB02089_TTCCCAGTCCGTCATC-1,SA604X7XB02089,C
./tmpv3/TENX019_SA604X7XB02089_001/filtered_gene_bc_matrix,TTCTACAAGTGGAGAA-1,SA604X7XB02089_TTCTACAAGTGGAGAA-1,SA604X7XB02089,E
./tmpv3/TENX019_SA604X7XB02089_001/filtered_gene_bc_matrix,TTCTACATCCCTGACT-1,SA604X7XB02089_TTCTACATCCCTGACT-1,SA604X7XB02089,E
./tmpv3/TENX019_SA604X7XB02089_001/filtered_gene_bc_matrix,TTCTCAATCGCCCTTA-1,SA604X7XB02089_TTCTCAATCGCCCTTA-1,SA604X7XB02089,unassigned
./tmpv3/TENX019_SA604X7XB02089_001/filtered_gene_bc_matrix,TTCTCCTTCTAAGCCA-1,SA604X7XB02089_TTCTCCTTCTAAGCCA-1,SA604X7XB02089,C
./tmpv3/TENX019_SA604X7XB02089_001/filtered_gene_bc_matrix,TTGACTTAGAGCTATA-1,SA604X7XB02089_TTGACTTAGAGCTATA-1,SA604X7XB02089,C
./tmpv3/TENX019_SA604X7XB02089_001/filtered_gene_bc_matrix,TTGACTTCACCATGTA-1,SA604X7XB02089_TTGACTTCACCATGTA-1,SA604X7XB02089,E
./tmpv3/TENX019_SA604X7XB02089_001/filtered_gene_bc_matrix,TTGACTTCACCCAGTG-1,SA604X7XB02089_TTGACTTCACCCAGTG-1,SA604X7XB02089,unassigned
./tmpv3/TENX019_SA604X7XB02089_001/filtered_gene_bc_matrix,TTGCCGTGTCTGCGGT-1,SA604X7XB02089_TTGCCGTGTCTGCGGT-1,SA604X7XB02089,D
./tmpv3/TENX019_SA604X7XB02089_001/filtered_gene_bc_matrix,TTGGAACCACGGCTAC-1,SA604X7XB02089_TTGGAACCACGGCTAC-1,SA604X7XB02089,E
./tmpv3/TENX019_SA604X7XB02089_001/filtered_gene_bc_matrix,TTGGAACCATGTAAGA-1,SA604X7XB02089_TTGGAACCATGTAAGA-1,SA604X7XB02089,E
./tmpv3/TENX019_SA604X7XB02089_001/filtered_gene_bc_matrix,TTGGCAAAGTGGAGAA-1,SA604X7XB02089_TTGGCAAAGTGGAGAA-1,SA604X7XB02089,E
./tmpv3/TENX019_SA604X7XB02089_001/filtered_gene_bc_matrix,TTGGCAATCGTTGCCT-1,SA604X7XB02089_TTGGCAATCGTTGCCT-1,SA604X7XB02089,E
./tmpv3/TENX019_SA604X7XB02089_001/filtered_gene_bc_matrix,TTTGTCATCCTGTAGA-1,SA604X7XB02089_TTTGTCATCCTGTAGA-1,SA604X7XB02089,C
