gene_type,nb_genes,pct_genes,avgLogFC,sdLogFC,file_header,result_fn,datatag,clone1,clone2,comp_type,labels_detailed,labels_short,group,series,passage,order,Gene_Type,col_gt
In_cis_Decrease_DownRegulated,55,15.3631284916201,-0.850122337239822,0.232586831138795,scrande_SA1035_10,scrande_SA1035_10_SA1035_UUUU_E_UUUU_B_logfc_results.csv,SA1035,E,B,untreated,X7 Rx:E vs. UnRx:E,,Pt6,Pt6,,6,In cis Loss-Down,#C3D7A4
In_cis_Increase_DownRegulated,1,0.279329608938547,-0.619530347241434,NA,scrande_SA1035_10,scrande_SA1035_10_SA1035_UUUU_E_UUUU_B_logfc_results.csv,SA1035,E,B,untreated,X7 Rx:E vs. UnRx:E,,Pt6,Pt6,,6,In cis Gain-Down,#FFDB6D
In_cis_Increase_UpRegulated,68,18.9944134078212,0.829895891360029,0.186961315455703,scrande_SA1035_10,scrande_SA1035_10_SA1035_UUUU_E_UUUU_B_logfc_results.csv,SA1035,E,B,untreated,X7 Rx:E vs. UnRx:E,,Pt6,Pt6,,6,In cis Gain-Up,#D16103
In_trans_DownRegulated,165,46.0893854748603,-0.979468715598729,0.397783599595893,scrande_SA1035_10,scrande_SA1035_10_SA1035_UUUU_E_UUUU_B_logfc_results.csv,SA1035,E,B,untreated,X7 Rx:E vs. UnRx:E,,Pt6,Pt6,,6,In trans Down,#4E84C4
In_trans_UpRegulated,58,16.2011173184358,1.04733638060088,0.58082589540708,scrande_SA1035_10,scrande_SA1035_10_SA1035_UUUU_E_UUUU_B_logfc_results.csv,SA1035,E,B,untreated,X7 Rx:E vs. UnRx:E,,Pt6,Pt6,,6,In trans Up,#293352
In_cis_Decrease_DownRegulated,211,14.8174157303371,-0.685194405198936,0.272731407184212,scrande_SA609_10,scrande_SA609_10_SA609_UUUU_H_UUUU_C_logfc_results.csv,SA609,H,C,untreated,X6 UnRx:H vs. UnRx:C,,,Pt4,,4,In cis Loss-Down,#C3D7A4
In_cis_Decrease_UpRegulated,186,13.061797752809,0.792616325642349,0.404873070233684,scrande_SA609_10,scrande_SA609_10_SA609_UUUU_H_UUUU_C_logfc_results.csv,SA609,H,C,untreated,X6 UnRx:H vs. UnRx:C,,,Pt4,,4,In cis Loss-Up,#52854C
In_cis_Increase_DownRegulated,9,0.632022471910112,-0.656108317557254,0.146174937410903,scrande_SA609_10,scrande_SA609_10_SA609_UUUU_H_UUUU_C_logfc_results.csv,SA609,H,C,untreated,X6 UnRx:H vs. UnRx:C,,,Pt4,,4,In cis Gain-Down,#FFDB6D
In_cis_Increase_UpRegulated,10,0.702247191011236,0.728754450018182,0.142962998754996,scrande_SA609_10,scrande_SA609_10_SA609_UUUU_H_UUUU_C_logfc_results.csv,SA609,H,C,untreated,X6 UnRx:H vs. UnRx:C,,,Pt4,,4,In cis Gain-Up,#D16103
In_trans_DownRegulated,661,46.4185393258427,-0.709198573650549,0.280321658652875,scrande_SA609_10,scrande_SA609_10_SA609_UUUU_H_UUUU_C_logfc_results.csv,SA609,H,C,untreated,X6 UnRx:H vs. UnRx:C,,,Pt4,,4,In trans Down,#4E84C4
In_trans_UpRegulated,286,20.0842696629213,0.773479700712587,0.318301065751122,scrande_SA609_10,scrande_SA609_10_SA609_UUUU_H_UUUU_C_logfc_results.csv,SA609,H,C,untreated,X6 UnRx:H vs. UnRx:C,,,Pt4,,4,In trans Up,#293352
In_cis_Decrease_DownRegulated,410,19.3670288143599,-0.807506534510727,0.320922338440686,scrande_SA535_10,scrande_SA535_10_SA535_UUUUU_G_UUUUU_B-C_logfc_results.csv,SA535,G,B,untreated,X8 UnRx:G vs. UnRx:B-C,,,Pt5,,5,In cis Loss-Down,#C3D7A4
In_cis_Decrease_UpRegulated,44,2.07841284837034,0.746865955157571,0.305673170918898,scrande_SA535_10,scrande_SA535_10_SA535_UUUUU_G_UUUUU_B-C_logfc_results.csv,SA535,G,B,untreated,X8 UnRx:G vs. UnRx:B-C,,,Pt5,,5,In cis Loss-Up,#52854C
In_cis_Increase_DownRegulated,43,2.03117619272555,-0.999112392330999,0.739831844361488,scrande_SA535_10,scrande_SA535_10_SA535_UUUUU_G_UUUUU_B-C_logfc_results.csv,SA535,G,B,untreated,X8 UnRx:G vs. UnRx:B-C,,,Pt5,,5,In cis Gain-Down,#FFDB6D
In_cis_Increase_UpRegulated,788,37.2224846480869,0.768997221155747,0.246506408908591,scrande_SA535_10,scrande_SA535_10_SA535_UUUUU_G_UUUUU_B-C_logfc_results.csv,SA535,G,B,untreated,X8 UnRx:G vs. UnRx:B-C,,,Pt5,,5,In cis Gain-Up,#D16103
In_trans_DownRegulated,256,12.0925838450638,-0.791649924277195,0.455586669288797,scrande_SA535_10,scrande_SA535_10_SA535_UUUUU_G_UUUUU_B-C_logfc_results.csv,SA535,G,B,untreated,X8 UnRx:G vs. UnRx:B-C,,,Pt5,,5,In trans Down,#4E84C4
In_trans_UpRegulated,533,25.1771374586679,0.739161306794279,0.319462563993285,scrande_SA535_10,scrande_SA535_10_SA535_UUUUU_G_UUUUU_B-C_logfc_results.csv,SA535,G,B,untreated,X8 UnRx:G vs. UnRx:B-C,,,Pt5,,5,In trans Up,#293352
In_cis_Decrease_DownRegulated,56,5.15179392824287,-0.791141091771748,0.290966328972499,scrande_SA1035_12,scrande_SA1035_12_SA1035_UTTU_G_UUUU_E_logfc_results.csv,SA1035,G,E,treated_vs_untreated,X7 RxH:G vs. UnRx:E,RxH,Pt6
X7,Pt6,X7,3,In cis Loss-Down,#C3D7A4
In_cis_Decrease_UpRegulated,5,0.459981600735971,0.665661111094369,0.100971279234215,scrande_SA1035_12,scrande_SA1035_12_SA1035_UTTU_G_UUUU_E_logfc_results.csv,SA1035,G,E,treated_vs_untreated,X7 RxH:G vs. UnRx:E,RxH,Pt6
X7,Pt6,X7,3,In cis Loss-Up,#52854C
In_cis_Increase_DownRegulated,2,0.183992640294388,-0.560571719801034,0.0485650169529308,scrande_SA1035_12,scrande_SA1035_12_SA1035_UTTU_G_UUUU_E_logfc_results.csv,SA1035,G,E,treated_vs_untreated,X7 RxH:G vs. UnRx:E,RxH,Pt6
X7,Pt6,X7,3,In cis Gain-Down,#FFDB6D
In_cis_Increase_UpRegulated,63,5.79576816927323,0.845620657872895,0.292889773020587,scrande_SA1035_12,scrande_SA1035_12_SA1035_UTTU_G_UUUU_E_logfc_results.csv,SA1035,G,E,treated_vs_untreated,X7 RxH:G vs. UnRx:E,RxH,Pt6
X7,Pt6,X7,3,In cis Gain-Up,#D16103
In_trans_DownRegulated,425,39.0984360625575,-0.811544161839159,0.419800535917788,scrande_SA1035_12,scrande_SA1035_12_SA1035_UTTU_G_UUUU_E_logfc_results.csv,SA1035,G,E,treated_vs_untreated,X7 RxH:G vs. UnRx:E,RxH,Pt6
X7,Pt6,X7,3,In trans Down,#4E84C4
In_trans_UpRegulated,492,45.2621895124195,0.738919357948153,0.392034942164142,scrande_SA1035_12,scrande_SA1035_12_SA1035_UTTU_G_UUUU_E_logfc_results.csv,SA1035,G,E,treated_vs_untreated,X7 RxH:G vs. UnRx:E,RxH,Pt6
X7,Pt6,X7,3,In trans Up,#293352
In_cis_Decrease_DownRegulated,48,4.9792531120332,-0.784445123435758,0.243502233912071,scrande_SA1035_22,scrande_SA1035_22_SA1035_UTTTU_G_UUUUU_E_logfc_results.csv,SA1035,G,E,treated_vs_untreated,X8 RxH:G vs. UnRx:E,RxH,Pt6
X8,Pt6,X8,5,In cis Loss-Down,#C3D7A4
In_cis_Decrease_UpRegulated,2,0.20746887966805,0.58857292957649,0.00113169991777859,scrande_SA1035_22,scrande_SA1035_22_SA1035_UTTTU_G_UUUUU_E_logfc_results.csv,SA1035,G,E,treated_vs_untreated,X8 RxH:G vs. UnRx:E,RxH,Pt6
X8,Pt6,X8,5,In cis Loss-Up,#52854C
In_cis_Increase_DownRegulated,4,0.4149377593361,-1.03694274789797,0.256952012762616,scrande_SA1035_22,scrande_SA1035_22_SA1035_UTTTU_G_UUUUU_E_logfc_results.csv,SA1035,G,E,treated_vs_untreated,X8 RxH:G vs. UnRx:E,RxH,Pt6
X8,Pt6,X8,5,In cis Gain-Down,#FFDB6D
In_cis_Increase_UpRegulated,84,8.71369294605809,0.839742321557878,0.293933655485914,scrande_SA1035_22,scrande_SA1035_22_SA1035_UTTTU_G_UUUUU_E_logfc_results.csv,SA1035,G,E,treated_vs_untreated,X8 RxH:G vs. UnRx:E,RxH,Pt6
X8,Pt6,X8,5,In cis Gain-Up,#D16103
In_trans_DownRegulated,417,43.2572614107884,-0.764101916902504,0.35680101235603,scrande_SA1035_22,scrande_SA1035_22_SA1035_UTTTU_G_UUUUU_E_logfc_results.csv,SA1035,G,E,treated_vs_untreated,X8 RxH:G vs. UnRx:E,RxH,Pt6
X8,Pt6,X8,5,In trans Down,#4E84C4
In_trans_UpRegulated,373,38.6929460580913,0.715699499895059,0.231457109077872,scrande_SA1035_22,scrande_SA1035_22_SA1035_UTTTU_G_UUUUU_E_logfc_results.csv,SA1035,G,E,treated_vs_untreated,X8 RxH:G vs. UnRx:E,RxH,Pt6
X8,Pt6,X8,5,In trans Up,#293352
In_cis_Decrease_DownRegulated,61,2.17934976777421,-0.957164680012646,0.444819941624614,scrande_SA1035_1,scrande_SA1035_1_SA1035_UTTT_H_UUUU_E_logfc_results.csv,SA1035,H,E,treated_vs_untreated,X7 Rx:H vs. UnRx:E,Rx,Pt6
X7,Pt6,X7,2,In cis Loss-Down,#C3D7A4
In_cis_Decrease_UpRegulated,9,0.321543408360129,0.761472284833239,0.235914784524214,scrande_SA1035_1,scrande_SA1035_1_SA1035_UTTT_H_UUUU_E_logfc_results.csv,SA1035,H,E,treated_vs_untreated,X7 Rx:H vs. UnRx:E,Rx,Pt6
X7,Pt6,X7,2,In cis Loss-Up,#52854C
In_cis_Increase_DownRegulated,9,0.321543408360129,-0.712283203967548,0.159296545467653,scrande_SA1035_1,scrande_SA1035_1_SA1035_UTTT_H_UUUU_E_logfc_results.csv,SA1035,H,E,treated_vs_untreated,X7 Rx:H vs. UnRx:E,Rx,Pt6
X7,Pt6,X7,2,In cis Gain-Down,#FFDB6D
In_cis_Increase_UpRegulated,105,3.7513397642015,1.02450151375359,0.401532600682987,scrande_SA1035_1,scrande_SA1035_1_SA1035_UTTT_H_UUUU_E_logfc_results.csv,SA1035,H,E,treated_vs_untreated,X7 Rx:H vs. UnRx:E,Rx,Pt6
X7,Pt6,X7,2,In cis Gain-Up,#D16103
In_trans_DownRegulated,737,26.3308324401572,-0.947925669082908,0.484918144318885,scrande_SA1035_1,scrande_SA1035_1_SA1035_UTTT_H_UUUU_E_logfc_results.csv,SA1035,H,E,treated_vs_untreated,X7 Rx:H vs. UnRx:E,Rx,Pt6
X7,Pt6,X7,2,In trans Down,#4E84C4
In_trans_UpRegulated,1805,64.4873168988925,0.789012829166059,0.305926012026833,scrande_SA1035_1,scrande_SA1035_1_SA1035_UTTT_H_UUUU_E_logfc_results.csv,SA1035,H,E,treated_vs_untreated,X7 Rx:H vs. UnRx:E,Rx,Pt6
X7,Pt6,X7,2,In trans Up,#293352
In_cis_Decrease_DownRegulated,49,5.73770491803279,-0.884132647455439,0.297764682844127,scrande_SA1035_32,scrande_SA1035_32_SA1035_UTU_B_UUU_G_logfc_results.csv,SA1035,B,G,treated_vs_untreated,X6 RxH:B vs. UnRx:G,RxH,Pt6
X6,Pt6,X6,1,In cis Loss-Down,#C3D7A4
In_cis_Decrease_UpRegulated,9,1.05386416861827,0.859713978331379,0.337364973522015,scrande_SA1035_32,scrande_SA1035_32_SA1035_UTU_B_UUU_G_logfc_results.csv,SA1035,B,G,treated_vs_untreated,X6 RxH:B vs. UnRx:G,RxH,Pt6
X6,Pt6,X6,1,In cis Loss-Up,#52854C
In_cis_Increase_DownRegulated,4,0.468384074941452,-0.686803052688224,0.175024643375858,scrande_SA1035_32,scrande_SA1035_32_SA1035_UTU_B_UUU_G_logfc_results.csv,SA1035,B,G,treated_vs_untreated,X6 RxH:B vs. UnRx:G,RxH,Pt6
X6,Pt6,X6,1,In cis Gain-Down,#FFDB6D
In_cis_Increase_UpRegulated,41,4.80093676814988,0.805677979924516,0.208122807895031,scrande_SA1035_32,scrande_SA1035_32_SA1035_UTU_B_UUU_G_logfc_results.csv,SA1035,B,G,treated_vs_untreated,X6 RxH:B vs. UnRx:G,RxH,Pt6
X6,Pt6,X6,1,In cis Gain-Up,#D16103
In_trans_DownRegulated,271,31.7330210772834,-0.77241891044951,0.280728989778227,scrande_SA1035_32,scrande_SA1035_32_SA1035_UTU_B_UUU_G_logfc_results.csv,SA1035,B,G,treated_vs_untreated,X6 RxH:B vs. UnRx:G,RxH,Pt6
X6,Pt6,X6,1,In trans Down,#4E84C4
In_trans_UpRegulated,460,53.864168618267,0.850435074582759,0.307467615669037,scrande_SA1035_32,scrande_SA1035_32_SA1035_UTU_B_UUU_G_logfc_results.csv,SA1035,B,G,treated_vs_untreated,X6 RxH:B vs. UnRx:G,RxH,Pt6
X6,Pt6,X6,1,In trans Up,#293352
In_cis_Decrease_DownRegulated,91,3.1153714481342,-1.04710166647624,0.424713572534603,scrande_SA1035_2,scrande_SA1035_2_SA1035_UTTTT_H_UUUUU_E_logfc_results.csv,SA1035,H,E,treated_vs_untreated,X8 Rx:H vs. UnRx:E,Rx,Pt6
X8,Pt6,X8,4,In cis Loss-Down,#C3D7A4
In_cis_Decrease_UpRegulated,17,0.581992468332763,1.01883079099879,0.53797606544455,scrande_SA1035_2,scrande_SA1035_2_SA1035_UTTTT_H_UUUUU_E_logfc_results.csv,SA1035,H,E,treated_vs_untreated,X8 Rx:H vs. UnRx:E,Rx,Pt6
X8,Pt6,X8,4,In cis Loss-Up,#52854C
In_cis_Increase_DownRegulated,16,0.547757617254365,-0.838685114799893,0.196288782264176,scrande_SA1035_2,scrande_SA1035_2_SA1035_UTTTT_H_UUUUU_E_logfc_results.csv,SA1035,H,E,treated_vs_untreated,X8 Rx:H vs. UnRx:E,Rx,Pt6
X8,Pt6,X8,4,In cis Gain-Down,#FFDB6D
In_cis_Increase_UpRegulated,85,2.90996234166381,1.00714693877158,0.469053859132288,scrande_SA1035_2,scrande_SA1035_2_SA1035_UTTTT_H_UUUUU_E_logfc_results.csv,SA1035,H,E,treated_vs_untreated,X8 Rx:H vs. UnRx:E,Rx,Pt6
X8,Pt6,X8,4,In cis Gain-Up,#D16103
In_trans_DownRegulated,1563,53.5090722355358,-0.833034397916495,0.353945708177218,scrande_SA1035_2,scrande_SA1035_2_SA1035_UTTTT_H_UUUUU_E_logfc_results.csv,SA1035,H,E,treated_vs_untreated,X8 Rx:H vs. UnRx:E,Rx,Pt6
X8,Pt6,X8,4,In trans Down,#4E84C4
In_trans_UpRegulated,1060,36.2889421431017,1.0246622537952,0.561878318043015,scrande_SA1035_2,scrande_SA1035_2_SA1035_UTTTT_H_UUUUU_E_logfc_results.csv,SA1035,H,E,treated_vs_untreated,X8 Rx:H vs. UnRx:E,Rx,Pt6
X8,Pt6,X8,4,In trans Up,#293352
In_cis_Decrease_DownRegulated,410,24.1176470588235,-0.756525014247757,0.232205493219199,scrande_SA535_1,scrande_SA535_1_SA535_UUTTT_A_UUUUU_G_logfc_results.csv,SA535,A,G,treated_vs_untreated,X8 Rx:A vs. UnRx:G,Rx,Pt5
X8,Pt5,X8,4,In cis Loss-Down,#C3D7A4
In_cis_Decrease_UpRegulated,49,2.88235294117647,0.768767493135158,0.346619869898968,scrande_SA535_1,scrande_SA535_1_SA535_UUTTT_A_UUUUU_G_logfc_results.csv,SA535,A,G,treated_vs_untreated,X8 Rx:A vs. UnRx:G,Rx,Pt5
X8,Pt5,X8,4,In cis Loss-Up,#52854C
In_cis_Increase_DownRegulated,10,0.588235294117647,-0.683883813223316,0.0740738294533436,scrande_SA535_1,scrande_SA535_1_SA535_UUTTT_A_UUUUU_G_logfc_results.csv,SA535,A,G,treated_vs_untreated,X8 Rx:A vs. UnRx:G,Rx,Pt5
X8,Pt5,X8,4,In cis Gain-Down,#FFDB6D
In_cis_Increase_UpRegulated,127,7.47058823529412,0.80409503691636,0.284008923493774,scrande_SA535_1,scrande_SA535_1_SA535_UUTTT_A_UUUUU_G_logfc_results.csv,SA535,A,G,treated_vs_untreated,X8 Rx:A vs. UnRx:G,Rx,Pt5
X8,Pt5,X8,4,In cis Gain-Up,#D16103
In_trans_DownRegulated,382,22.4705882352941,-0.705666042147483,0.24368497287047,scrande_SA535_1,scrande_SA535_1_SA535_UUTTT_A_UUUUU_G_logfc_results.csv,SA535,A,G,treated_vs_untreated,X8 Rx:A vs. UnRx:G,Rx,Pt5
X8,Pt5,X8,4,In trans Down,#4E84C4
In_trans_UpRegulated,680,40,0.712294412534301,0.22595554158413,scrande_SA535_1,scrande_SA535_1_SA535_UUTTT_A_UUUUU_G_logfc_results.csv,SA535,A,G,treated_vs_untreated,X8 Rx:A vs. UnRx:G,Rx,Pt5
X8,Pt5,X8,4,In trans Up,#293352
In_cis_Decrease_DownRegulated,189,21.875,-0.751186603434787,0.229274460976805,scrande_SA535_16,scrande_SA535_16_SA535_UUTTU_D_UUUUU_G_logfc_results.csv,SA535,D,G,treated_vs_untreated,X8 RxH:D vs. UnRx:G,RxH,Pt5
X8,Pt5,X8,5,In cis Loss-Down,#C3D7A4
In_cis_Decrease_UpRegulated,12,1.38888888888889,0.772949365475258,0.476125487955684,scrande_SA535_16,scrande_SA535_16_SA535_UUTTU_D_UUUUU_G_logfc_results.csv,SA535,D,G,treated_vs_untreated,X8 RxH:D vs. UnRx:G,RxH,Pt5
X8,Pt5,X8,5,In cis Loss-Up,#52854C
In_cis_Increase_DownRegulated,4,0.462962962962963,-0.795755759456106,0.415107102053665,scrande_SA535_16,scrande_SA535_16_SA535_UUTTU_D_UUUUU_G_logfc_results.csv,SA535,D,G,treated_vs_untreated,X8 RxH:D vs. UnRx:G,RxH,Pt5
X8,Pt5,X8,5,In cis Gain-Down,#FFDB6D
In_cis_Increase_UpRegulated,25,2.89351851851852,0.660048083386033,0.113160464518658,scrande_SA535_16,scrande_SA535_16_SA535_UUTTU_D_UUUUU_G_logfc_results.csv,SA535,D,G,treated_vs_untreated,X8 RxH:D vs. UnRx:G,RxH,Pt5
X8,Pt5,X8,5,In cis Gain-Up,#D16103
In_trans_DownRegulated,254,29.3981481481481,-0.827796986734336,0.386174414012219,scrande_SA535_16,scrande_SA535_16_SA535_UUTTU_D_UUUUU_G_logfc_results.csv,SA535,D,G,treated_vs_untreated,X8 RxH:D vs. UnRx:G,RxH,Pt5
X8,Pt5,X8,5,In trans Down,#4E84C4
In_trans_UpRegulated,349,40.3935185185185,0.705165650201613,0.260333770262178,scrande_SA535_16,scrande_SA535_16_SA535_UUTTU_D_UUUUU_G_logfc_results.csv,SA535,D,G,treated_vs_untreated,X8 RxH:D vs. UnRx:G,RxH,Pt5
X8,Pt5,X8,5,In trans Up,#293352
In_cis_Decrease_DownRegulated,372,21.0884353741497,-0.757680594684455,0.282799879022883,scrande_SA535_36,scrande_SA535_36_SA535_UUTTTTU_E_UUUUUU_G_logfc_results.csv,SA535,E,G,treated_vs_untreated,X10 RxH:E vs. UnRx:G,RxH,Pt5
X10,Pt5,X1,7,In cis Loss-Down,#C3D7A4
In_cis_Decrease_UpRegulated,24,1.36054421768707,0.715662389449989,0.235532465150414,scrande_SA535_36,scrande_SA535_36_SA535_UUTTTTU_E_UUUUUU_G_logfc_results.csv,SA535,E,G,treated_vs_untreated,X10 RxH:E vs. UnRx:G,RxH,Pt5
X10,Pt5,X1,7,In cis Loss-Up,#52854C
In_cis_Increase_DownRegulated,41,2.32426303854875,-0.944388580796246,0.931341759376747,scrande_SA535_36,scrande_SA535_36_SA535_UUTTTTU_E_UUUUUU_G_logfc_results.csv,SA535,E,G,treated_vs_untreated,X10 RxH:E vs. UnRx:G,RxH,Pt5
X10,Pt5,X1,7,In cis Gain-Down,#FFDB6D
In_cis_Increase_UpRegulated,133,7.53968253968254,0.822376877023646,0.44632336479941,scrande_SA535_36,scrande_SA535_36_SA535_UUTTTTU_E_UUUUUU_G_logfc_results.csv,SA535,E,G,treated_vs_untreated,X10 RxH:E vs. UnRx:G,RxH,Pt5
X10,Pt5,X1,7,In cis Gain-Up,#D16103
In_trans_DownRegulated,563,31.9160997732426,-0.760453427052319,0.334314558532266,scrande_SA535_36,scrande_SA535_36_SA535_UUTTTTU_E_UUUUUU_G_logfc_results.csv,SA535,E,G,treated_vs_untreated,X10 RxH:E vs. UnRx:G,RxH,Pt5
X10,Pt5,X1,7,In trans Down,#4E84C4
In_trans_UpRegulated,565,32.0294784580499,0.76866470700933,0.343541730345487,scrande_SA535_36,scrande_SA535_36_SA535_UUTTTTU_E_UUUUUU_G_logfc_results.csv,SA535,E,G,treated_vs_untreated,X10 RxH:E vs. UnRx:G,RxH,Pt5
X10,Pt5,X1,7,In trans Up,#293352
In_cis_Decrease_DownRegulated,97,3.4227240649259,-0.842842148714628,0.3256554938614,scrande_SA535_4,scrande_SA535_4_SA535_UUT_A_G_UUU_G_logfc_results.csv,SA535,A,G,treated_vs_untreated,X6 Rx:AG vs. UnRx:G,Rx,Pt5
X6,Pt5,X6,1,In cis Loss-Down,#C3D7A4
In_cis_Decrease_UpRegulated,393,13.8673253352152,0.762358725551625,0.2677500432242,scrande_SA535_4,scrande_SA535_4_SA535_UUT_A_G_UUU_G_logfc_results.csv,SA535,A,G,treated_vs_untreated,X6 Rx:AG vs. UnRx:G,Rx,Pt5
X6,Pt5,X6,1,In cis Loss-Up,#52854C
In_cis_Increase_DownRegulated,15,0.529287226534933,-0.89273731021677,0.314439835016766,scrande_SA535_4,scrande_SA535_4_SA535_UUT_A_G_UUU_G_logfc_results.csv,SA535,A,G,treated_vs_untreated,X6 Rx:AG vs. UnRx:G,Rx,Pt5
X6,Pt5,X6,1,In cis Gain-Down,#FFDB6D
In_cis_Increase_UpRegulated,116,4.09315455187015,0.754772615445155,0.228800171768132,scrande_SA535_4,scrande_SA535_4_SA535_UUT_A_G_UUU_G_logfc_results.csv,SA535,A,G,treated_vs_untreated,X6 Rx:AG vs. UnRx:G,Rx,Pt5
X6,Pt5,X6,1,In cis Gain-Up,#D16103
In_trans_DownRegulated,354,12.4911785462244,-0.823284665547833,0.289088331681159,scrande_SA535_4,scrande_SA535_4_SA535_UUT_A_G_UUU_G_logfc_results.csv,SA535,A,G,treated_vs_untreated,X6 Rx:AG vs. UnRx:G,Rx,Pt5
X6,Pt5,X6,1,In trans Down,#4E84C4
In_trans_UpRegulated,1792,63.2321806633733,0.762110256032034,0.241754490211682,scrande_SA535_4,scrande_SA535_4_SA535_UUT_A_G_UUU_G_logfc_results.csv,SA535,A,G,treated_vs_untreated,X6 Rx:AG vs. UnRx:G,Rx,Pt5
X6,Pt5,X6,1,In trans Up,#293352
In_cis_Decrease_DownRegulated,132,9.21144452198186,-0.706367775567936,0.211817059570482,scrande_SA535_5,scrande_SA535_5_SA535_UUTT_A_E_J_UUUU_G_logfc_results.csv,SA535,A,G,treated_vs_untreated,X7 Rx:AEJ vs. UnRx:G,Rx,Pt5
X7,Pt5,X7,2,In cis Loss-Down,#C3D7A4
In_cis_Decrease_UpRegulated,131,9.14166085136078,0.72085797715703,0.2790329737317,scrande_SA535_5,scrande_SA535_5_SA535_UUTT_A_E_J_UUUU_G_logfc_results.csv,SA535,A,G,treated_vs_untreated,X7 Rx:AEJ vs. UnRx:G,Rx,Pt5
X7,Pt5,X7,2,In cis Loss-Up,#52854C
In_cis_Increase_DownRegulated,23,1.60502442428472,-0.837107212092701,0.411841062889798,scrande_SA535_5,scrande_SA535_5_SA535_UUTT_A_E_J_UUUU_G_logfc_results.csv,SA535,A,G,treated_vs_untreated,X7 Rx:AEJ vs. UnRx:G,Rx,Pt5
X7,Pt5,X7,2,In cis Gain-Down,#FFDB6D
In_cis_Increase_UpRegulated,59,4.11723656664341,0.646960072728568,0.154871146946493,scrande_SA535_5,scrande_SA535_5_SA535_UUTT_A_E_J_UUUU_G_logfc_results.csv,SA535,A,G,treated_vs_untreated,X7 Rx:AEJ vs. UnRx:G,Rx,Pt5
X7,Pt5,X7,2,In cis Gain-Up,#D16103
In_trans_DownRegulated,246,17.1667829727844,-0.780947580507189,0.432812462475934,scrande_SA535_5,scrande_SA535_5_SA535_UUTT_A_E_J_UUUU_G_logfc_results.csv,SA535,A,G,treated_vs_untreated,X7 Rx:AEJ vs. UnRx:G,Rx,Pt5
X7,Pt5,X7,2,In trans Down,#4E84C4
In_trans_UpRegulated,805,56.1758548499651,0.734803849765098,0.301763316737365,scrande_SA535_5,scrande_SA535_5_SA535_UUTT_A_E_J_UUUU_G_logfc_results.csv,SA535,A,G,treated_vs_untreated,X7 Rx:AEJ vs. UnRx:G,Rx,Pt5
X7,Pt5,X7,2,In trans Up,#293352
In_cis_Decrease_DownRegulated,158,13.481228668942,-0.77241074674888,0.269565082323192,scrande_SA535_52,scrande_SA535_52_SA535_UUTU_A_E_J_UUUU_G_logfc_results.csv,SA535,A,G,treated_vs_untreated,X7 RxH:AEJ vs. UnRx:G,RxH,Pt5
X7,Pt5,X7,3,In cis Loss-Down,#C3D7A4
In_cis_Decrease_UpRegulated,69,5.88737201365188,0.805520966567281,0.379175208772723,scrande_SA535_52,scrande_SA535_52_SA535_UUTU_A_E_J_UUUU_G_logfc_results.csv,SA535,A,G,treated_vs_untreated,X7 RxH:AEJ vs. UnRx:G,RxH,Pt5
X7,Pt5,X7,3,In cis Loss-Up,#52854C
In_cis_Increase_DownRegulated,18,1.5358361774744,-0.830185405010775,0.363072552345371,scrande_SA535_52,scrande_SA535_52_SA535_UUTU_A_E_J_UUUU_G_logfc_results.csv,SA535,A,G,treated_vs_untreated,X7 RxH:AEJ vs. UnRx:G,RxH,Pt5
X7,Pt5,X7,3,In cis Gain-Down,#FFDB6D
In_cis_Increase_UpRegulated,38,3.24232081911263,0.740219975694926,0.191228121427043,scrande_SA535_52,scrande_SA535_52_SA535_UUTU_A_E_J_UUUU_G_logfc_results.csv,SA535,A,G,treated_vs_untreated,X7 RxH:AEJ vs. UnRx:G,RxH,Pt5
X7,Pt5,X7,3,In cis Gain-Up,#D16103
In_trans_DownRegulated,309,26.3651877133106,-0.797684663642915,0.385563457924392,scrande_SA535_52,scrande_SA535_52_SA535_UUTU_A_E_J_UUUU_G_logfc_results.csv,SA535,A,G,treated_vs_untreated,X7 RxH:AEJ vs. UnRx:G,RxH,Pt5
X7,Pt5,X7,3,In trans Down,#4E84C4
In_trans_UpRegulated,544,46.4163822525597,0.777402838785409,0.336224293641664,scrande_SA535_52,scrande_SA535_52_SA535_UUTU_A_E_J_UUUU_G_logfc_results.csv,SA535,A,G,treated_vs_untreated,X7 RxH:AEJ vs. UnRx:G,RxH,Pt5
X7,Pt5,X7,3,In trans Up,#293352
In_cis_Decrease_DownRegulated,416,28.0323450134771,-0.783026256726876,0.262889344660794,scrande_SA535_3,scrande_SA535_3_SA535_UUTTTTT_A_UUUUUU_G_logfc_results.csv,SA535,A,G,treated_vs_untreated,X10 Rx:A vs. UnRx:G,Rx,Pt5
X10,Pt5,X1,6,In cis Loss-Down,#C3D7A4
In_cis_Decrease_UpRegulated,33,2.22371967654987,0.794420262322393,0.44314300868331,scrande_SA535_3,scrande_SA535_3_SA535_UUTTTTT_A_UUUUUU_G_logfc_results.csv,SA535,A,G,treated_vs_untreated,X10 Rx:A vs. UnRx:G,Rx,Pt5
X10,Pt5,X1,6,In cis Loss-Up,#52854C
In_cis_Increase_DownRegulated,5,0.336927223719677,-0.713926235251921,0.113033411832904,scrande_SA535_3,scrande_SA535_3_SA535_UUTTTTT_A_UUUUUU_G_logfc_results.csv,SA535,A,G,treated_vs_untreated,X10 Rx:A vs. UnRx:G,Rx,Pt5
X10,Pt5,X1,6,In cis Gain-Down,#FFDB6D
In_cis_Increase_UpRegulated,132,8.89487870619946,0.859081817661483,0.388109769061268,scrande_SA535_3,scrande_SA535_3_SA535_UUTTTTT_A_UUUUUU_G_logfc_results.csv,SA535,A,G,treated_vs_untreated,X10 Rx:A vs. UnRx:G,Rx,Pt5
X10,Pt5,X1,6,In cis Gain-Up,#D16103
In_trans_DownRegulated,321,21.6307277628032,-0.768001932109002,0.345224331446324,scrande_SA535_3,scrande_SA535_3_SA535_UUTTTTT_A_UUUUUU_G_logfc_results.csv,SA535,A,G,treated_vs_untreated,X10 Rx:A vs. UnRx:G,Rx,Pt5
X10,Pt5,X1,6,In trans Down,#4E84C4
In_trans_UpRegulated,533,35.9164420485175,0.736027311407325,0.302118700664165,scrande_SA535_3,scrande_SA535_3_SA535_UUTTTTT_A_UUUUUU_G_logfc_results.csv,SA535,A,G,treated_vs_untreated,X10 Rx:A vs. UnRx:G,Rx,Pt5
X10,Pt5,X1,6,In trans Up,#293352
In_cis_Decrease_DownRegulated,133,5.20547945205479,-0.874858391613143,0.403192341318095,scrande_SA609_1,scrande_SA609_1_SA609_UT_R_UU_H_logfc_results.csv,SA609,R,H,treated_vs_untreated,X4 Rx:A vs. UnRx:H,Rx,Pt4
X4,Pt4,X4,1,In cis Loss-Down,#C3D7A4
In_cis_Decrease_UpRegulated,128,5.00978473581213,0.760309349342701,0.26403579341335,scrande_SA609_1,scrande_SA609_1_SA609_UT_R_UU_H_logfc_results.csv,SA609,R,H,treated_vs_untreated,X4 Rx:A vs. UnRx:H,Rx,Pt4
X4,Pt4,X4,1,In cis Loss-Up,#52854C
In_cis_Increase_DownRegulated,76,2.97455968688845,-0.758391935886636,0.235587822920201,scrande_SA609_1,scrande_SA609_1_SA609_UT_R_UU_H_logfc_results.csv,SA609,R,H,treated_vs_untreated,X4 Rx:A vs. UnRx:H,Rx,Pt4
X4,Pt4,X4,1,In cis Gain-Down,#FFDB6D
In_cis_Increase_UpRegulated,969,37.9256360078278,0.778356293867869,0.242672253955052,scrande_SA609_1,scrande_SA609_1_SA609_UT_R_UU_H_logfc_results.csv,SA609,R,H,treated_vs_untreated,X4 Rx:A vs. UnRx:H,Rx,Pt4
X4,Pt4,X4,1,In cis Gain-Up,#D16103
In_trans_DownRegulated,303,11.8590998043053,-0.763690975450148,0.254972572129565,scrande_SA609_1,scrande_SA609_1_SA609_UT_R_UU_H_logfc_results.csv,SA609,R,H,treated_vs_untreated,X4 Rx:A vs. UnRx:H,Rx,Pt4
X4,Pt4,X4,1,In trans Down,#4E84C4
In_trans_UpRegulated,874,34.2074363992172,0.731007426235061,0.222129820791666,scrande_SA609_1,scrande_SA609_1_SA609_UT_R_UU_H_logfc_results.csv,SA609,R,H,treated_vs_untreated,X4 Rx:A vs. UnRx:H,Rx,Pt4
X4,Pt4,X4,1,In trans Up,#293352
In_cis_Decrease_DownRegulated,235,5.96749619095988,-0.893600535024186,0.42638846340768,scrande_SA609_2,scrande_SA609_2_SA609_UTT_R_UUU_H_logfc_results.csv,SA609,R,H,treated_vs_untreated,X5 Rx:A vs. UnRx:H,Rx,Pt4
X5,Pt4,X5,2,In cis Loss-Down,#C3D7A4
In_cis_Decrease_UpRegulated,155,3.93600812595226,0.766706604248213,0.303593440876662,scrande_SA609_2,scrande_SA609_2_SA609_UTT_R_UUU_H_logfc_results.csv,SA609,R,H,treated_vs_untreated,X5 Rx:A vs. UnRx:H,Rx,Pt4
X5,Pt4,X5,2,In cis Loss-Up,#52854C
In_cis_Increase_DownRegulated,75,1.90452006094464,-0.77114193224498,0.328050477304661,scrande_SA609_2,scrande_SA609_2_SA609_UTT_R_UUU_H_logfc_results.csv,SA609,R,H,treated_vs_untreated,X5 Rx:A vs. UnRx:H,Rx,Pt4
X5,Pt4,X5,2,In cis Gain-Down,#FFDB6D
In_cis_Increase_UpRegulated,1642,41.6962925342814,0.856201975590161,0.313353079907556,scrande_SA609_2,scrande_SA609_2_SA609_UTT_R_UUU_H_logfc_results.csv,SA609,R,H,treated_vs_untreated,X5 Rx:A vs. UnRx:H,Rx,Pt4
X5,Pt4,X5,2,In cis Gain-Up,#D16103
In_trans_DownRegulated,330,8.37988826815642,-0.786490872357752,0.277515670592094,scrande_SA609_2,scrande_SA609_2_SA609_UTT_R_UUU_H_logfc_results.csv,SA609,R,H,treated_vs_untreated,X5 Rx:A vs. UnRx:H,Rx,Pt4
X5,Pt4,X5,2,In trans Down,#4E84C4
In_trans_UpRegulated,1372,34.8400203148806,0.764236785989189,0.303610942496415,scrande_SA609_2,scrande_SA609_2_SA609_UTT_R_UUU_H_logfc_results.csv,SA609,R,H,treated_vs_untreated,X5 Rx:A vs. UnRx:H,Rx,Pt4
X5,Pt4,X5,2,In trans Up,#293352
In_cis_Decrease_DownRegulated,183,5.44805001488538,-0.869481982485366,0.366750887607963,scrande_SA609_22,scrande_SA609_22_SA609_UTU_B_UUU_H_logfc_results.csv,SA609,B,H,treated_vs_untreated,X5 RxH:B vs. UnRx:H,RxH,Pt4
X5,Pt4,X5,3,In cis Loss-Down,#C3D7A4
In_cis_Decrease_UpRegulated,72,2.14349508782376,0.736699664749924,0.343151311793115,scrande_SA609_22,scrande_SA609_22_SA609_UTU_B_UUU_H_logfc_results.csv,SA609,B,H,treated_vs_untreated,X5 RxH:B vs. UnRx:H,RxH,Pt4
X5,Pt4,X5,3,In cis Loss-Up,#52854C
In_cis_Increase_DownRegulated,177,5.2694254242334,-0.753300872368206,0.27062090167785,scrande_SA609_22,scrande_SA609_22_SA609_UTU_B_UUU_H_logfc_results.csv,SA609,B,H,treated_vs_untreated,X5 RxH:B vs. UnRx:H,RxH,Pt4
X5,Pt4,X5,3,In cis Gain-Down,#FFDB6D
In_cis_Increase_UpRegulated,1135,33.7898183983328,0.85305266154127,0.311702476917019,scrande_SA609_22,scrande_SA609_22_SA609_UTU_B_UUU_H_logfc_results.csv,SA609,B,H,treated_vs_untreated,X5 RxH:B vs. UnRx:H,RxH,Pt4
X5,Pt4,X5,3,In cis Gain-Up,#D16103
In_trans_DownRegulated,594,17.683834474546,-0.82842175132812,0.329201036500911,scrande_SA609_22,scrande_SA609_22_SA609_UTU_B_UUU_H_logfc_results.csv,SA609,B,H,treated_vs_untreated,X5 RxH:B vs. UnRx:H,RxH,Pt4
X5,Pt4,X5,3,In trans Down,#4E84C4
In_trans_UpRegulated,1051,31.2890741292051,0.773323607470175,0.293026412274915,scrande_SA609_22,scrande_SA609_22_SA609_UTU_B_UUU_H_logfc_results.csv,SA609,B,H,treated_vs_untreated,X5 RxH:B vs. UnRx:H,RxH,Pt4
X5,Pt4,X5,3,In trans Up,#293352
In_cis_Decrease_DownRegulated,347,11.6717120753448,-0.895481301398821,0.41072636416649,scrande_SA609_23,scrande_SA609_23_SA609_UTTU_R_UUUU_H_logfc_results.csv,SA609,R,H,treated_vs_untreated,X6 RxH:A vs. UnRx:H,RxH,Pt4
X6,Pt4,X6,5,In cis Loss-Down,#C3D7A4
In_cis_Decrease_UpRegulated,75,2.52270433905146,0.870452715106555,0.351019526009709,scrande_SA609_23,scrande_SA609_23_SA609_UTTU_R_UUUU_H_logfc_results.csv,SA609,R,H,treated_vs_untreated,X6 RxH:A vs. UnRx:H,RxH,Pt4
X6,Pt4,X6,5,In cis Loss-Up,#52854C
In_cis_Increase_DownRegulated,124,4.17087117389842,-0.70961179981751,0.195459144963722,scrande_SA609_23,scrande_SA609_23_SA609_UTTU_R_UUUU_H_logfc_results.csv,SA609,R,H,treated_vs_untreated,X6 RxH:A vs. UnRx:H,RxH,Pt4
X6,Pt4,X6,5,In cis Gain-Down,#FFDB6D
In_cis_Increase_UpRegulated,994,33.4342415068954,0.817915690601802,0.308922703438143,scrande_SA609_23,scrande_SA609_23_SA609_UTTU_R_UUUU_H_logfc_results.csv,SA609,R,H,treated_vs_untreated,X6 RxH:A vs. UnRx:H,RxH,Pt4
X6,Pt4,X6,5,In cis Gain-Up,#D16103
In_trans_DownRegulated,662,22.2670702993609,-0.757587565910146,0.250396715135695,scrande_SA609_23,scrande_SA609_23_SA609_UTTU_R_UUUU_H_logfc_results.csv,SA609,R,H,treated_vs_untreated,X6 RxH:A vs. UnRx:H,RxH,Pt4
X6,Pt4,X6,5,In trans Down,#4E84C4
In_trans_UpRegulated,669,22.5025227043391,0.763777827405975,0.308238260805195,scrande_SA609_23,scrande_SA609_23_SA609_UTTU_R_UUUU_H_logfc_results.csv,SA609,R,H,treated_vs_untreated,X6 RxH:A vs. UnRx:H,RxH,Pt4
X6,Pt4,X6,5,In trans Up,#293352
In_cis_Decrease_DownRegulated,301,11.1605487578791,-0.887465488179268,0.405900912133232,scrande_SA609_3,scrande_SA609_3_SA609_UTTT_R_UUUU_H_logfc_results.csv,SA609,R,H,treated_vs_untreated,X6 Rx:A vs. UnRx:H,Rx,Pt4
X6,Pt4,X6,4,In cis Loss-Down,#C3D7A4
In_cis_Decrease_UpRegulated,73,2.70671116054876,0.831861080854014,0.302793663480473,scrande_SA609_3,scrande_SA609_3_SA609_UTTT_R_UUUU_H_logfc_results.csv,SA609,R,H,treated_vs_untreated,X6 Rx:A vs. UnRx:H,Rx,Pt4
X6,Pt4,X6,4,In cis Loss-Up,#52854C
In_cis_Increase_DownRegulated,133,4.93140526510938,-0.713584764514601,0.187919015990797,scrande_SA609_3,scrande_SA609_3_SA609_UTTT_R_UUUU_H_logfc_results.csv,SA609,R,H,treated_vs_untreated,X6 Rx:A vs. UnRx:H,Rx,Pt4
X6,Pt4,X6,4,In cis Gain-Down,#FFDB6D
In_cis_Increase_UpRegulated,894,33.1479421579533,0.810570859372477,0.306905108996884,scrande_SA609_3,scrande_SA609_3_SA609_UTTT_R_UUUU_H_logfc_results.csv,SA609,R,H,treated_vs_untreated,X6 Rx:A vs. UnRx:H,Rx,Pt4
X6,Pt4,X6,4,In cis Gain-Up,#D16103
In_trans_DownRegulated,625,23.1738969225065,-0.759264756345203,0.240641910688049,scrande_SA609_3,scrande_SA609_3_SA609_UTTT_R_UUUU_H_logfc_results.csv,SA609,R,H,treated_vs_untreated,X6 Rx:A vs. UnRx:H,Rx,Pt4
X6,Pt4,X6,4,In trans Down,#4E84C4
In_trans_UpRegulated,591,21.9132369299221,0.764801410195835,0.296650998112379,scrande_SA609_3,scrande_SA609_3_SA609_UTTT_R_UUUU_H_logfc_results.csv,SA609,R,H,treated_vs_untreated,X6 Rx:A vs. UnRx:H,Rx,Pt4
X6,Pt4,X6,4,In trans Up,#293352
In_cis_Decrease_DownRegulated,199,7.21537345902828,-0.925539260143992,0.425207642994663,scrande_SA609_24,scrande_SA609_24_SA609_UTTTU_R_UUUUU_H_logfc_results.csv,SA609,R,H,treated_vs_untreated,X7 RxH:A vs. UnRx:H,RxH,Pt4
X7,Pt4,X7,7,In cis Loss-Down,#C3D7A4
In_cis_Decrease_UpRegulated,82,2.97316896301668,0.810633886843461,0.357791742606082,scrande_SA609_24,scrande_SA609_24_SA609_UTTTU_R_UUUUU_H_logfc_results.csv,SA609,R,H,treated_vs_untreated,X7 RxH:A vs. UnRx:H,RxH,Pt4
X7,Pt4,X7,7,In cis Loss-Up,#52854C
In_cis_Increase_DownRegulated,89,3.22697606961566,-0.878669016251828,0.324991804165135,scrande_SA609_24,scrande_SA609_24_SA609_UTTTU_R_UUUUU_H_logfc_results.csv,SA609,R,H,treated_vs_untreated,X7 RxH:A vs. UnRx:H,RxH,Pt4
X7,Pt4,X7,7,In cis Gain-Down,#FFDB6D
In_cis_Increase_UpRegulated,1172,42.4945612762872,0.827077783060042,0.338917889433641,scrande_SA609_24,scrande_SA609_24_SA609_UTTTU_R_UUUUU_H_logfc_results.csv,SA609,R,H,treated_vs_untreated,X7 RxH:A vs. UnRx:H,RxH,Pt4
X7,Pt4,X7,7,In cis Gain-Up,#D16103
In_trans_DownRegulated,323,11.7113850616389,-0.884617999039793,0.395506221586036,scrande_SA609_24,scrande_SA609_24_SA609_UTTTU_R_UUUUU_H_logfc_results.csv,SA609,R,H,treated_vs_untreated,X7 RxH:A vs. UnRx:H,RxH,Pt4
X7,Pt4,X7,7,In trans Down,#4E84C4
In_trans_UpRegulated,811,29.4053662073967,0.75043127454125,0.325065143105497,scrande_SA609_24,scrande_SA609_24_SA609_UTTTU_R_UUUUU_H_logfc_results.csv,SA609,R,H,treated_vs_untreated,X7 RxH:A vs. UnRx:H,RxH,Pt4
X7,Pt4,X7,7,In trans Up,#293352
In_cis_Decrease_DownRegulated,234,9.73377703826955,-0.867245900530745,0.377420712650892,scrande_SA609_4,scrande_SA609_4_SA609_UTTTT_R_UUUUU_H_logfc_results.csv,SA609,R,H,treated_vs_untreated,X7 Rx:A vs. UnRx:H,Rx,Pt4
X7,Pt4,X7,6,In cis Loss-Down,#C3D7A4
In_cis_Decrease_UpRegulated,64,2.66222961730449,0.861120164450179,0.419540361045393,scrande_SA609_4,scrande_SA609_4_SA609_UTTTT_R_UUUUU_H_logfc_results.csv,SA609,R,H,treated_vs_untreated,X7 Rx:A vs. UnRx:H,Rx,Pt4
X7,Pt4,X7,6,In cis Loss-Up,#52854C
In_cis_Increase_DownRegulated,87,3.61896838602329,-0.7563378080251,0.275583477147736,scrande_SA609_4,scrande_SA609_4_SA609_UTTTT_R_UUUUU_H_logfc_results.csv,SA609,R,H,treated_vs_untreated,X7 Rx:A vs. UnRx:H,Rx,Pt4
X7,Pt4,X7,6,In cis Gain-Down,#FFDB6D
In_cis_Increase_UpRegulated,1003,41.7221297836938,0.81343236840072,0.347046444479712,scrande_SA609_4,scrande_SA609_4_SA609_UTTTT_R_UUUUU_H_logfc_results.csv,SA609,R,H,treated_vs_untreated,X7 Rx:A vs. UnRx:H,Rx,Pt4
X7,Pt4,X7,6,In cis Gain-Up,#D16103
In_trans_DownRegulated,376,15.6405990016639,-0.798727931629091,0.297882369840141,scrande_SA609_4,scrande_SA609_4_SA609_UTTTT_R_UUUUU_H_logfc_results.csv,SA609,R,H,treated_vs_untreated,X7 Rx:A vs. UnRx:H,Rx,Pt4
X7,Pt4,X7,6,In trans Down,#4E84C4
In_trans_UpRegulated,561,23.3361064891847,0.767652902178561,0.361786487890844,scrande_SA609_4,scrande_SA609_4_SA609_UTTTT_R_UUUUU_H_logfc_results.csv,SA609,R,H,treated_vs_untreated,X7 Rx:A vs. UnRx:H,Rx,Pt4
X7,Pt4,X7,6,In trans Up,#293352
