gene_type,nb_genes,pct_genes,file_header,ref_set,result_fn,datatag,clone1,clone2,comp_type,labels_detailed,labels_short,group,series,passage,order
In_cis,1,1.18,scrande_SA1035_10,CR,scrande_SA1035_10_SA1035_UUUU_E_UUUU_B_logfc_results.csv,SA1035,E,B,untreated,X7 UnRx:E vs. UnRx:B,"",Pt6,Pt6,"",6
In_trans,3,3.53,scrande_SA1035_10,CR,scrande_SA1035_10_SA1035_UUUU_E_UUUU_B_logfc_results.csv,SA1035,E,B,untreated,X7 UnRx:E vs. UnRx:B,"",Pt6,Pt6,"",6
In_cis,1,1.18,scrande_SA501_1,CR,scrande_SA501_1_extra-tnbc_U_D_U_A_logfc_results.csv,SA501,D,A,untreated,X6 UnRx:D vs. UnRx:A,"","",Pt1,"",1
In_trans,2,2.35,scrande_SA501_1,CR,scrande_SA501_1_extra-tnbc_U_D_U_A_logfc_results.csv,SA501,D,A,untreated,X6 UnRx:D vs. UnRx:A,"","",Pt1,"",1
In_cis,3,3.53,scrande_SA530_1,CR,scrande_SA530_1_extra-tnbc_U_D_U_B_logfc_results.csv,SA530,D,B,untreated,X3 UnRx:D vs. UnRx:B,"","",Pt2,"",2
In_trans,3,3.53,scrande_SA530_1,CR,scrande_SA530_1_extra-tnbc_U_D_U_B_logfc_results.csv,SA530,D,B,untreated,X3 UnRx:D vs. UnRx:B,"","",Pt2,"",2
In_cis,2,2.35,scrande_SA609_10,CR,scrande_SA609_10_SA609_UUUU_H_UUUU_C_logfc_results.csv,SA609,H,C,untreated,X6 UnRx:H vs. UnRx:C,"","",Pt4,"",4
In_trans,9,10.59,scrande_SA609_10,CR,scrande_SA609_10_SA609_UUUU_H_UUUU_C_logfc_results.csv,SA609,H,C,untreated,X6 UnRx:H vs. UnRx:C,"","",Pt4,"",4
In_trans,5,5.88,scrande_SA604_3,CR,scrande_SA604_3_extra-tnbc_U_G_U_E_logfc_results.csv,SA604,G,E,untreated,X9 UnRx:G vs. UnRx:E,"","",Pt3,"",3
In_cis,9,10.59,scrande_SA535_10,CR,scrande_SA535_10_SA535_UUUUU_G_UUUUU_B-C_logfc_results.csv,SA535,G,B,untreated,X8 UnRx:G vs. UnRx:B-C,"","",Pt5,"",5
In_trans,7,8.24,scrande_SA535_10,CR,scrande_SA535_10_SA535_UUUUU_G_UUUUU_B-C_logfc_results.csv,SA535,G,B,untreated,X8 UnRx:G vs. UnRx:B-C,"","",Pt5,"",5
In_trans,7,8.24,scrande_SA1035_12,CR,scrande_SA1035_12_SA1035_UTTU_G_UUUU_E_logfc_results.csv,SA1035,G,E,treated_vs_untreated,X7 RxH:G vs. UnRx:E,RxH,"Pt6
X7",Pt6,X7,3
In_cis,1,1.18,scrande_SA1035_22,CR,scrande_SA1035_22_SA1035_UTTTU_G_UUUUU_E_logfc_results.csv,SA1035,G,E,treated_vs_untreated,X8 RxH:G vs. UnRx:E,RxH,"Pt6
X8",Pt6,X8,5
In_trans,6,7.06,scrande_SA1035_22,CR,scrande_SA1035_22_SA1035_UTTTU_G_UUUUU_E_logfc_results.csv,SA1035,G,E,treated_vs_untreated,X8 RxH:G vs. UnRx:E,RxH,"Pt6
X8",Pt6,X8,5
In_cis,2,2.35,scrande_SA1035_1,CR,scrande_SA1035_1_SA1035_UTTT_H_UUUU_E_logfc_results.csv,SA1035,H,E,treated_vs_untreated,X7 Rx:H vs. UnRx:E,Rx,"Pt6
X7",Pt6,X7,2
In_trans,19,22.35,scrande_SA1035_1,CR,scrande_SA1035_1_SA1035_UTTT_H_UUUU_E_logfc_results.csv,SA1035,H,E,treated_vs_untreated,X7 Rx:H vs. UnRx:E,Rx,"Pt6
X7",Pt6,X7,2
In_trans,5,5.88,scrande_SA1035_32,CR,scrande_SA1035_32_SA1035_UTU_B_UUU_G_logfc_results.csv,SA1035,B,G,treated_vs_untreated,X6 RxH:B vs. UnRx:G,RxH,"Pt6
X6",Pt6,X6,1
In_cis,1,1.18,scrande_SA1035_2,CR,scrande_SA1035_2_SA1035_UTTTT_H_UUUUU_E_logfc_results.csv,SA1035,H,E,treated_vs_untreated,X8 Rx:H vs. UnRx:E,Rx,"Pt6
X8",Pt6,X8,4
In_trans,16,18.82,scrande_SA1035_2,CR,scrande_SA1035_2_SA1035_UTTTT_H_UUUUU_E_logfc_results.csv,SA1035,H,E,treated_vs_untreated,X8 Rx:H vs. UnRx:E,Rx,"Pt6
X8",Pt6,X8,4
In_cis,3,3.53,scrande_SA535_1,CR,scrande_SA535_1_SA535_UUTTT_A_UUUUU_G_logfc_results.csv,SA535,A,G,treated_vs_untreated,X8 Rx:A vs. UnRx:G,Rx,"Pt5
X8",Pt5,X8,4
In_trans,12,14.12,scrande_SA535_1,CR,scrande_SA535_1_SA535_UUTTT_A_UUUUU_G_logfc_results.csv,SA535,A,G,treated_vs_untreated,X8 Rx:A vs. UnRx:G,Rx,"Pt5
X8",Pt5,X8,4
In_cis,2,2.35,scrande_SA535_16,CR,scrande_SA535_16_SA535_UUTTU_D_UUUUU_G_logfc_results.csv,SA535,D,G,treated_vs_untreated,X8 RxH:D vs. UnRx:G,RxH,"Pt5
X8",Pt5,X8,5
In_trans,6,7.06,scrande_SA535_16,CR,scrande_SA535_16_SA535_UUTTU_D_UUUUU_G_logfc_results.csv,SA535,D,G,treated_vs_untreated,X8 RxH:D vs. UnRx:G,RxH,"Pt5
X8",Pt5,X8,5
In_cis,4,4.71,scrande_SA535_36,CR,scrande_SA535_36_SA535_UUTTTTU_E_UUUUUU_G_logfc_results.csv,SA535,E,G,treated_vs_untreated,X10 RxH:E vs. UnRx:G,RxH,"Pt5
X10",Pt5,X1,7
In_trans,9,10.59,scrande_SA535_36,CR,scrande_SA535_36_SA535_UUTTTTU_E_UUUUUU_G_logfc_results.csv,SA535,E,G,treated_vs_untreated,X10 RxH:E vs. UnRx:G,RxH,"Pt5
X10",Pt5,X1,7
In_cis,4,4.71,scrande_SA535_4,CR,scrande_SA535_4_SA535_UUT_A_G_UUU_G_logfc_results.csv,SA535,A,G,treated_vs_untreated,X6 Rx:AG vs. UnRx:G,Rx,"Pt5
X6",Pt5,X6,1
In_trans,18,21.18,scrande_SA535_4,CR,scrande_SA535_4_SA535_UUT_A_G_UUU_G_logfc_results.csv,SA535,A,G,treated_vs_untreated,X6 Rx:AG vs. UnRx:G,Rx,"Pt5
X6",Pt5,X6,1
In_cis,3,3.53,scrande_SA535_5,CR,scrande_SA535_5_SA535_UUTT_A_E_J_UUUU_G_logfc_results.csv,SA535,A,G,treated_vs_untreated,X7 Rx:AEJ vs. UnRx:G,Rx,"Pt5
X7",Pt5,X7,2
In_trans,8,9.41,scrande_SA535_5,CR,scrande_SA535_5_SA535_UUTT_A_E_J_UUUU_G_logfc_results.csv,SA535,A,G,treated_vs_untreated,X7 Rx:AEJ vs. UnRx:G,Rx,"Pt5
X7",Pt5,X7,2
In_cis,2,2.35,scrande_SA535_52,CR,scrande_SA535_52_SA535_UUTU_A_E_J_UUUU_G_logfc_results.csv,SA535,A,G,treated_vs_untreated,X7 RxH:AEJ vs. UnRx:G,RxH,"Pt5
X7",Pt5,X7,3
In_trans,7,8.24,scrande_SA535_52,CR,scrande_SA535_52_SA535_UUTU_A_E_J_UUUU_G_logfc_results.csv,SA535,A,G,treated_vs_untreated,X7 RxH:AEJ vs. UnRx:G,RxH,"Pt5
X7",Pt5,X7,3
In_cis,2,2.35,scrande_SA535_3,CR,scrande_SA535_3_SA535_UUTTTTT_A_UUUUUU_G_logfc_results.csv,SA535,A,G,treated_vs_untreated,X10 Rx:A vs. UnRx:G,Rx,"Pt5
X10",Pt5,X1,6
In_trans,10,11.76,scrande_SA535_3,CR,scrande_SA535_3_SA535_UUTTTTT_A_UUUUUU_G_logfc_results.csv,SA535,A,G,treated_vs_untreated,X10 Rx:A vs. UnRx:G,Rx,"Pt5
X10",Pt5,X1,6
In_cis,15,17.65,scrande_SA609_1,CR,scrande_SA609_1_SA609_UT_R_UU_H_logfc_results.csv,SA609,R,H,treated_vs_untreated,X4 Rx:A vs. UnRx:H,Rx,"Pt4
X4",Pt4,X4,1
In_trans,8,9.41,scrande_SA609_1,CR,scrande_SA609_1_SA609_UT_R_UU_H_logfc_results.csv,SA609,R,H,treated_vs_untreated,X4 Rx:A vs. UnRx:H,Rx,"Pt4
X4",Pt4,X4,1
In_cis,18,21.18,scrande_SA609_2,CR,scrande_SA609_2_SA609_UTT_R_UUU_H_logfc_results.csv,SA609,R,H,treated_vs_untreated,X5 Rx:A vs. UnRx:H,Rx,"Pt4
X5",Pt4,X5,2
In_trans,11,12.94,scrande_SA609_2,CR,scrande_SA609_2_SA609_UTT_R_UUU_H_logfc_results.csv,SA609,R,H,treated_vs_untreated,X5 Rx:A vs. UnRx:H,Rx,"Pt4
X5",Pt4,X5,2
In_cis,14,16.47,scrande_SA609_22,CR,scrande_SA609_22_SA609_UTU_B_UUU_H_logfc_results.csv,SA609,B,H,treated_vs_untreated,X5 RxH:B vs. UnRx:H,RxH,"Pt4
X5",Pt4,X5,3
In_trans,10,11.76,scrande_SA609_22,CR,scrande_SA609_22_SA609_UTU_B_UUU_H_logfc_results.csv,SA609,B,H,treated_vs_untreated,X5 RxH:B vs. UnRx:H,RxH,"Pt4
X5",Pt4,X5,3
In_cis,12,14.12,scrande_SA609_23,CR,scrande_SA609_23_SA609_UTTU_R_UUUU_H_logfc_results.csv,SA609,R,H,treated_vs_untreated,X6 RxH:A vs. UnRx:H,RxH,"Pt4
X6",Pt4,X6,5
In_trans,4,4.71,scrande_SA609_23,CR,scrande_SA609_23_SA609_UTTU_R_UUUU_H_logfc_results.csv,SA609,R,H,treated_vs_untreated,X6 RxH:A vs. UnRx:H,RxH,"Pt4
X6",Pt4,X6,5
In_cis,11,12.94,scrande_SA609_3,CR,scrande_SA609_3_SA609_UTTT_R_UUUU_H_logfc_results.csv,SA609,R,H,treated_vs_untreated,X6 Rx:A vs. UnRx:H,Rx,"Pt4
X6",Pt4,X6,4
In_trans,6,7.06,scrande_SA609_3,CR,scrande_SA609_3_SA609_UTTT_R_UUUU_H_logfc_results.csv,SA609,R,H,treated_vs_untreated,X6 Rx:A vs. UnRx:H,Rx,"Pt4
X6",Pt4,X6,4
In_cis,9,10.59,scrande_SA609_24,CR,scrande_SA609_24_SA609_UTTTU_R_UUUUU_H_logfc_results.csv,SA609,R,H,treated_vs_untreated,X7 RxH:A vs. UnRx:H,RxH,"Pt4
X7",Pt4,X7,7
In_trans,8,9.41,scrande_SA609_24,CR,scrande_SA609_24_SA609_UTTTU_R_UUUUU_H_logfc_results.csv,SA609,R,H,treated_vs_untreated,X7 RxH:A vs. UnRx:H,RxH,"Pt4
X7",Pt4,X7,7
In_cis,8,9.41,scrande_SA609_4,CR,scrande_SA609_4_SA609_UTTTT_R_UUUUU_H_logfc_results.csv,SA609,R,H,treated_vs_untreated,X7 Rx:A vs. UnRx:H,Rx,"Pt4
X7",Pt4,X7,6
In_trans,4,4.71,scrande_SA609_4,CR,scrande_SA609_4_SA609_UTTTT_R_UUUUU_H_logfc_results.csv,SA609,R,H,treated_vs_untreated,X7 Rx:A vs. UnRx:H,Rx,"Pt4
X7",Pt4,X7,6
