gene_type,nb_genes,pct_genes,avgLogFC,sdLogFC,file_header,result_fn,datatag,clone1,clone2,comp_type,labels_detailed,labels_short,group,series,passage,order
In_cis_Decrease_DownRegulated,55,15.3631284916201,-0.850122337239822,0.232586831138795,scrande_SA1035_10,scrande_SA1035_10_SA1035_UUUU_E_UUUU_B_logfc_results.csv,SA1035,E,B,untreated,X7 UnRx:E vs. UnRx:B,"",Pt6,Pt6,"",6
In_cis_Increase_DownRegulated,1,0.279329608938548,-0.619530347241434,,scrande_SA1035_10,scrande_SA1035_10_SA1035_UUUU_E_UUUU_B_logfc_results.csv,SA1035,E,B,untreated,X7 UnRx:E vs. UnRx:B,"",Pt6,Pt6,"",6
In_cis_Increase_UpRegulated,68,18.9944134078212,0.829895891360029,0.186961315455703,scrande_SA1035_10,scrande_SA1035_10_SA1035_UUUU_E_UUUU_B_logfc_results.csv,SA1035,E,B,untreated,X7 UnRx:E vs. UnRx:B,"",Pt6,Pt6,"",6
In_trans_DownRegulated,165,46.0893854748603,-0.979468715598729,0.397783599595893,scrande_SA1035_10,scrande_SA1035_10_SA1035_UUUU_E_UUUU_B_logfc_results.csv,SA1035,E,B,untreated,X7 UnRx:E vs. UnRx:B,"",Pt6,Pt6,"",6
In_trans_UpRegulated,58,16.2011173184358,1.04733638060088,0.58082589540708,scrande_SA1035_10,scrande_SA1035_10_SA1035_UUUU_E_UUUU_B_logfc_results.csv,SA1035,E,B,untreated,X7 UnRx:E vs. UnRx:B,"",Pt6,Pt6,"",6
unmapped,11,3.07262569832402,-0.466137686334397,0.853367108869049,scrande_SA1035_10,scrande_SA1035_10_SA1035_UUUU_E_UUUU_B_logfc_results.csv,SA1035,E,B,untreated,X7 UnRx:E vs. UnRx:B,"",Pt6,Pt6,"",6
In_cis_Decrease_DownRegulated,24,5.38116591928251,-0.679049640511355,0.163347147081886,scrande_SA501_1,scrande_SA501_1_extra-tnbc_U_D_U_A_logfc_results.csv,SA501,D,A,untreated,X6 UnRx:D vs. UnRx:A,"","",Pt1,"",1
In_cis_Decrease_UpRegulated,3,0.672645739910314,0.766137533176836,0.201922694927529,scrande_SA501_1,scrande_SA501_1_extra-tnbc_U_D_U_A_logfc_results.csv,SA501,D,A,untreated,X6 UnRx:D vs. UnRx:A,"","",Pt1,"",1
In_cis_Increase_DownRegulated,3,0.672645739910314,-0.970585227624375,0.638857331573589,scrande_SA501_1,scrande_SA501_1_extra-tnbc_U_D_U_A_logfc_results.csv,SA501,D,A,untreated,X6 UnRx:D vs. UnRx:A,"","",Pt1,"",1
In_cis_Increase_UpRegulated,122,27.3542600896861,0.738161494233713,0.165009656759302,scrande_SA501_1,scrande_SA501_1_extra-tnbc_U_D_U_A_logfc_results.csv,SA501,D,A,untreated,X6 UnRx:D vs. UnRx:A,"","",Pt1,"",1
In_trans_DownRegulated,208,46.6367713004484,-0.71339736294615,0.203428824466413,scrande_SA501_1,scrande_SA501_1_extra-tnbc_U_D_U_A_logfc_results.csv,SA501,D,A,untreated,X6 UnRx:D vs. UnRx:A,"","",Pt1,"",1
In_trans_UpRegulated,78,17.4887892376682,0.675878172350307,0.236786441097727,scrande_SA501_1,scrande_SA501_1_extra-tnbc_U_D_U_A_logfc_results.csv,SA501,D,A,untreated,X6 UnRx:D vs. UnRx:A,"","",Pt1,"",1
unmapped,8,1.79372197309417,-0.106405403945638,0.749616485291269,scrande_SA501_1,scrande_SA501_1_extra-tnbc_U_D_U_A_logfc_results.csv,SA501,D,A,untreated,X6 UnRx:D vs. UnRx:A,"","",Pt1,"",1
In_cis_Decrease_DownRegulated,117,19.4029850746269,-0.759915803897384,0.221752716123942,scrande_SA530_1,scrande_SA530_1_extra-tnbc_U_D_U_B_logfc_results.csv,SA530,D,B,untreated,X3 UnRx:D vs. UnRx:B,"","",Pt2,"",2
In_cis_Decrease_UpRegulated,21,3.48258706467662,1.28404602758624,0.880796499199206,scrande_SA530_1,scrande_SA530_1_extra-tnbc_U_D_U_B_logfc_results.csv,SA530,D,B,untreated,X3 UnRx:D vs. UnRx:B,"","",Pt2,"",2
In_cis_Increase_DownRegulated,5,0.829187396351576,-0.775399742145376,0.126013217737934,scrande_SA530_1,scrande_SA530_1_extra-tnbc_U_D_U_B_logfc_results.csv,SA530,D,B,untreated,X3 UnRx:D vs. UnRx:B,"","",Pt2,"",2
In_cis_Increase_UpRegulated,79,13.1011608623549,0.783929319596199,0.318326285538217,scrande_SA530_1,scrande_SA530_1_extra-tnbc_U_D_U_B_logfc_results.csv,SA530,D,B,untreated,X3 UnRx:D vs. UnRx:B,"","",Pt2,"",2
In_trans_DownRegulated,110,18.2421227197347,-0.858796521233424,0.282816951029785,scrande_SA530_1,scrande_SA530_1_extra-tnbc_U_D_U_B_logfc_results.csv,SA530,D,B,untreated,X3 UnRx:D vs. UnRx:B,"","",Pt2,"",2
In_trans_UpRegulated,262,43.4494195688226,0.986652914814398,0.518904088467688,scrande_SA530_1,scrande_SA530_1_extra-tnbc_U_D_U_B_logfc_results.csv,SA530,D,B,untreated,X3 UnRx:D vs. UnRx:B,"","",Pt2,"",2
unmapped,9,1.49253731343284,0.274017990445785,0.830498146058197,scrande_SA530_1,scrande_SA530_1_extra-tnbc_U_D_U_B_logfc_results.csv,SA530,D,B,untreated,X3 UnRx:D vs. UnRx:B,"","",Pt2,"",2
In_cis_Decrease_DownRegulated,394,27.6685393258427,-0.707204211572328,0.199496074319333,scrande_SA609_10,scrande_SA609_10_SA609_UUUU_H_UUUU_C_logfc_results.csv,SA609,H,C,untreated,X6 UnRx:H vs. UnRx:C,"","",Pt4,"",4
In_cis_Decrease_UpRegulated,27,1.89606741573034,0.892621858785787,0.717762003403836,scrande_SA609_10,scrande_SA609_10_SA609_UUUU_H_UUUU_C_logfc_results.csv,SA609,H,C,untreated,X6 UnRx:H vs. UnRx:C,"","",Pt4,"",4
In_cis_Increase_DownRegulated,10,0.702247191011236,-0.751755281274922,0.286660582559238,scrande_SA609_10,scrande_SA609_10_SA609_UUUU_H_UUUU_C_logfc_results.csv,SA609,H,C,untreated,X6 UnRx:H vs. UnRx:C,"","",Pt4,"",4
In_cis_Increase_UpRegulated,199,13.9747191011236,0.687766680498327,0.204660330339713,scrande_SA609_10,scrande_SA609_10_SA609_UUUU_H_UUUU_C_logfc_results.csv,SA609,H,C,untreated,X6 UnRx:H vs. UnRx:C,"","",Pt4,"",4
In_trans_DownRegulated,477,33.497191011236,-0.698333835148338,0.32843117181254,scrande_SA609_10,scrande_SA609_10_SA609_UUUU_H_UUUU_C_logfc_results.csv,SA609,H,C,untreated,X6 UnRx:H vs. UnRx:C,"","",Pt4,"",4
In_trans_UpRegulated,256,17.9775280898876,0.839699280730763,0.369507588457744,scrande_SA609_10,scrande_SA609_10_SA609_UUUU_H_UUUU_C_logfc_results.csv,SA609,H,C,untreated,X6 UnRx:H vs. UnRx:C,"","",Pt4,"",4
unmapped,61,4.28370786516854,-0.234800201495332,0.755451738151792,scrande_SA609_10,scrande_SA609_10_SA609_UUUU_H_UUUU_C_logfc_results.csv,SA609,H,C,untreated,X6 UnRx:H vs. UnRx:C,"","",Pt4,"",4
In_cis_Decrease_DownRegulated,67,12.5703564727955,-0.668079006931714,0.179753490134196,scrande_SA604_3,scrande_SA604_3_extra-tnbc_U_G_U_E_logfc_results.csv,SA604,G,E,untreated,X9 UnRx:G vs. UnRx:E,"","",Pt3,"",3
In_cis_Decrease_UpRegulated,34,6.37898686679174,0.660038468297451,0.142749810831916,scrande_SA604_3,scrande_SA604_3_extra-tnbc_U_G_U_E_logfc_results.csv,SA604,G,E,untreated,X9 UnRx:G vs. UnRx:E,"","",Pt3,"",3
In_cis_Increase_DownRegulated,17,3.18949343339587,-0.780492554682055,0.310796115176381,scrande_SA604_3,scrande_SA604_3_extra-tnbc_U_G_U_E_logfc_results.csv,SA604,G,E,untreated,X9 UnRx:G vs. UnRx:E,"","",Pt3,"",3
In_cis_Increase_UpRegulated,21,3.93996247654784,0.571799002069622,0.0869216775522805,scrande_SA604_3,scrande_SA604_3_extra-tnbc_U_G_U_E_logfc_results.csv,SA604,G,E,untreated,X9 UnRx:G vs. UnRx:E,"","",Pt3,"",3
In_trans_DownRegulated,229,42.9643527204503,-0.752548629041309,0.303801873040257,scrande_SA604_3,scrande_SA604_3_extra-tnbc_U_G_U_E_logfc_results.csv,SA604,G,E,untreated,X9 UnRx:G vs. UnRx:E,"","",Pt3,"",3
In_trans_UpRegulated,149,27.9549718574109,0.65258789841968,0.192447544321362,scrande_SA604_3,scrande_SA604_3_extra-tnbc_U_G_U_E_logfc_results.csv,SA604,G,E,untreated,X9 UnRx:G vs. UnRx:E,"","",Pt3,"",3
unmapped,16,3.00187617260788,-0.221469930557838,0.617014544896848,scrande_SA604_3,scrande_SA604_3_extra-tnbc_U_G_U_E_logfc_results.csv,SA604,G,E,untreated,X9 UnRx:G vs. UnRx:E,"","",Pt3,"",3
In_cis_Decrease_DownRegulated,410,19.3670288143599,-0.807506534510727,0.320922338440686,scrande_SA535_10,scrande_SA535_10_SA535_UUUUU_G_UUUUU_B-C_logfc_results.csv,SA535,G,B,untreated,X8 UnRx:G vs. UnRx:B-C,"","",Pt5,"",5
In_cis_Decrease_UpRegulated,44,2.07841284837034,0.746865955157571,0.305673170918898,scrande_SA535_10,scrande_SA535_10_SA535_UUUUU_G_UUUUU_B-C_logfc_results.csv,SA535,G,B,untreated,X8 UnRx:G vs. UnRx:B-C,"","",Pt5,"",5
In_cis_Increase_DownRegulated,43,2.03117619272556,-0.999112392330999,0.739831844361488,scrande_SA535_10,scrande_SA535_10_SA535_UUUUU_G_UUUUU_B-C_logfc_results.csv,SA535,G,B,untreated,X8 UnRx:G vs. UnRx:B-C,"","",Pt5,"",5
In_cis_Increase_UpRegulated,788,37.2224846480869,0.768997221155747,0.246506408908591,scrande_SA535_10,scrande_SA535_10_SA535_UUUUU_G_UUUUU_B-C_logfc_results.csv,SA535,G,B,untreated,X8 UnRx:G vs. UnRx:B-C,"","",Pt5,"",5
In_trans_DownRegulated,256,12.0925838450638,-0.791649924277195,0.455586669288797,scrande_SA535_10,scrande_SA535_10_SA535_UUUUU_G_UUUUU_B-C_logfc_results.csv,SA535,G,B,untreated,X8 UnRx:G vs. UnRx:B-C,"","",Pt5,"",5
In_trans_UpRegulated,533,25.1771374586679,0.739161306794279,0.319462563993285,scrande_SA535_10,scrande_SA535_10_SA535_UUUUU_G_UUUUU_B-C_logfc_results.csv,SA535,G,B,untreated,X8 UnRx:G vs. UnRx:B-C,"","",Pt5,"",5
unmapped,43,2.03117619272556,0.0828869684346989,0.762901386325321,scrande_SA535_10,scrande_SA535_10_SA535_UUUUU_G_UUUUU_B-C_logfc_results.csv,SA535,G,B,untreated,X8 UnRx:G vs. UnRx:B-C,"","",Pt5,"",5
In_cis_Decrease_DownRegulated,56,5.15179392824287,-0.791141091771748,0.2909663289725,scrande_SA1035_12,scrande_SA1035_12_SA1035_UTTU_G_UUUU_E_logfc_results.csv,SA1035,G,E,treated_vs_untreated,X7 RxH:G vs. UnRx:E,RxH,"Pt6
X7",Pt6,X7,3
In_cis_Decrease_UpRegulated,5,0.459981600735971,0.665661111094369,0.100971279234215,scrande_SA1035_12,scrande_SA1035_12_SA1035_UTTU_G_UUUU_E_logfc_results.csv,SA1035,G,E,treated_vs_untreated,X7 RxH:G vs. UnRx:E,RxH,"Pt6
X7",Pt6,X7,3
In_cis_Increase_DownRegulated,2,0.183992640294388,-0.560571719801034,0.0485650169529308,scrande_SA1035_12,scrande_SA1035_12_SA1035_UTTU_G_UUUU_E_logfc_results.csv,SA1035,G,E,treated_vs_untreated,X7 RxH:G vs. UnRx:E,RxH,"Pt6
X7",Pt6,X7,3
In_cis_Increase_UpRegulated,63,5.79576816927323,0.845620657872895,0.292889773020587,scrande_SA1035_12,scrande_SA1035_12_SA1035_UTTU_G_UUUU_E_logfc_results.csv,SA1035,G,E,treated_vs_untreated,X7 RxH:G vs. UnRx:E,RxH,"Pt6
X7",Pt6,X7,3
In_trans_DownRegulated,425,39.0984360625575,-0.811544161839159,0.419800535917788,scrande_SA1035_12,scrande_SA1035_12_SA1035_UTTU_G_UUUU_E_logfc_results.csv,SA1035,G,E,treated_vs_untreated,X7 RxH:G vs. UnRx:E,RxH,"Pt6
X7",Pt6,X7,3
In_trans_UpRegulated,492,45.2621895124195,0.738919357948153,0.392034942164142,scrande_SA1035_12,scrande_SA1035_12_SA1035_UTTU_G_UUUU_E_logfc_results.csv,SA1035,G,E,treated_vs_untreated,X7 RxH:G vs. UnRx:E,RxH,"Pt6
X7",Pt6,X7,3
unmapped,44,4.04783808647654,-0.223007736373195,0.804284019103364,scrande_SA1035_12,scrande_SA1035_12_SA1035_UTTU_G_UUUU_E_logfc_results.csv,SA1035,G,E,treated_vs_untreated,X7 RxH:G vs. UnRx:E,RxH,"Pt6
X7",Pt6,X7,3
In_cis_Decrease_DownRegulated,48,4.9792531120332,-0.784445123435758,0.243502233912071,scrande_SA1035_22,scrande_SA1035_22_SA1035_UTTTU_G_UUUUU_E_logfc_results.csv,SA1035,G,E,treated_vs_untreated,X8 RxH:G vs. UnRx:E,RxH,"Pt6
X8",Pt6,X8,5
In_cis_Decrease_UpRegulated,2,0.20746887966805,0.58857292957649,0.00113169991777859,scrande_SA1035_22,scrande_SA1035_22_SA1035_UTTTU_G_UUUUU_E_logfc_results.csv,SA1035,G,E,treated_vs_untreated,X8 RxH:G vs. UnRx:E,RxH,"Pt6
X8",Pt6,X8,5
In_cis_Increase_DownRegulated,4,0.4149377593361,-1.03694274789797,0.256952012762616,scrande_SA1035_22,scrande_SA1035_22_SA1035_UTTTU_G_UUUUU_E_logfc_results.csv,SA1035,G,E,treated_vs_untreated,X8 RxH:G vs. UnRx:E,RxH,"Pt6
X8",Pt6,X8,5
In_cis_Increase_UpRegulated,84,8.71369294605809,0.839742321557878,0.293933655485914,scrande_SA1035_22,scrande_SA1035_22_SA1035_UTTTU_G_UUUUU_E_logfc_results.csv,SA1035,G,E,treated_vs_untreated,X8 RxH:G vs. UnRx:E,RxH,"Pt6
X8",Pt6,X8,5
In_trans_DownRegulated,417,43.2572614107884,-0.764101916902504,0.35680101235603,scrande_SA1035_22,scrande_SA1035_22_SA1035_UTTTU_G_UUUUU_E_logfc_results.csv,SA1035,G,E,treated_vs_untreated,X8 RxH:G vs. UnRx:E,RxH,"Pt6
X8",Pt6,X8,5
In_trans_UpRegulated,373,38.6929460580913,0.715699499895059,0.231457109077872,scrande_SA1035_22,scrande_SA1035_22_SA1035_UTTTU_G_UUUUU_E_logfc_results.csv,SA1035,G,E,treated_vs_untreated,X8 RxH:G vs. UnRx:E,RxH,"Pt6
X8",Pt6,X8,5
unmapped,36,3.7344398340249,0.421984189011273,0.663330858475289,scrande_SA1035_22,scrande_SA1035_22_SA1035_UTTTU_G_UUUUU_E_logfc_results.csv,SA1035,G,E,treated_vs_untreated,X8 RxH:G vs. UnRx:E,RxH,"Pt6
X8",Pt6,X8,5
In_cis_Decrease_DownRegulated,61,2.17934976777421,-0.957164680012646,0.444819941624614,scrande_SA1035_1,scrande_SA1035_1_SA1035_UTTT_H_UUUU_E_logfc_results.csv,SA1035,H,E,treated_vs_untreated,X7 Rx:H vs. UnRx:E,Rx,"Pt6
X7",Pt6,X7,2
In_cis_Decrease_UpRegulated,9,0.321543408360129,0.761472284833239,0.235914784524214,scrande_SA1035_1,scrande_SA1035_1_SA1035_UTTT_H_UUUU_E_logfc_results.csv,SA1035,H,E,treated_vs_untreated,X7 Rx:H vs. UnRx:E,Rx,"Pt6
X7",Pt6,X7,2
In_cis_Increase_DownRegulated,9,0.321543408360129,-0.712283203967548,0.159296545467653,scrande_SA1035_1,scrande_SA1035_1_SA1035_UTTT_H_UUUU_E_logfc_results.csv,SA1035,H,E,treated_vs_untreated,X7 Rx:H vs. UnRx:E,Rx,"Pt6
X7",Pt6,X7,2
In_cis_Increase_UpRegulated,105,3.7513397642015,1.02450151375359,0.401532600682987,scrande_SA1035_1,scrande_SA1035_1_SA1035_UTTT_H_UUUU_E_logfc_results.csv,SA1035,H,E,treated_vs_untreated,X7 Rx:H vs. UnRx:E,Rx,"Pt6
X7",Pt6,X7,2
In_trans_DownRegulated,737,26.3308324401572,-0.947925669082908,0.484918144318885,scrande_SA1035_1,scrande_SA1035_1_SA1035_UTTT_H_UUUU_E_logfc_results.csv,SA1035,H,E,treated_vs_untreated,X7 Rx:H vs. UnRx:E,Rx,"Pt6
X7",Pt6,X7,2
In_trans_UpRegulated,1805,64.4873168988925,0.789012829166059,0.305926012026833,scrande_SA1035_1,scrande_SA1035_1_SA1035_UTTT_H_UUUU_E_logfc_results.csv,SA1035,H,E,treated_vs_untreated,X7 Rx:H vs. UnRx:E,Rx,"Pt6
X7",Pt6,X7,2
unmapped,73,2.60807431225438,0.0242507996171403,0.937808110440573,scrande_SA1035_1,scrande_SA1035_1_SA1035_UTTT_H_UUUU_E_logfc_results.csv,SA1035,H,E,treated_vs_untreated,X7 Rx:H vs. UnRx:E,Rx,"Pt6
X7",Pt6,X7,2
In_cis_Decrease_DownRegulated,49,5.73770491803279,-0.884132647455439,0.297764682844127,scrande_SA1035_32,scrande_SA1035_32_SA1035_UTU_B_UUU_G_logfc_results.csv,SA1035,B,G,treated_vs_untreated,X6 RxH:B vs. UnRx:G,RxH,"Pt6
X6",Pt6,X6,1
In_cis_Decrease_UpRegulated,9,1.05386416861827,0.859713978331379,0.337364973522015,scrande_SA1035_32,scrande_SA1035_32_SA1035_UTU_B_UUU_G_logfc_results.csv,SA1035,B,G,treated_vs_untreated,X6 RxH:B vs. UnRx:G,RxH,"Pt6
X6",Pt6,X6,1
In_cis_Increase_DownRegulated,4,0.468384074941452,-0.686803052688224,0.175024643375858,scrande_SA1035_32,scrande_SA1035_32_SA1035_UTU_B_UUU_G_logfc_results.csv,SA1035,B,G,treated_vs_untreated,X6 RxH:B vs. UnRx:G,RxH,"Pt6
X6",Pt6,X6,1
In_cis_Increase_UpRegulated,41,4.80093676814988,0.805677979924516,0.208122807895032,scrande_SA1035_32,scrande_SA1035_32_SA1035_UTU_B_UUU_G_logfc_results.csv,SA1035,B,G,treated_vs_untreated,X6 RxH:B vs. UnRx:G,RxH,"Pt6
X6",Pt6,X6,1
In_trans_DownRegulated,271,31.7330210772834,-0.77241891044951,0.280728989778227,scrande_SA1035_32,scrande_SA1035_32_SA1035_UTU_B_UUU_G_logfc_results.csv,SA1035,B,G,treated_vs_untreated,X6 RxH:B vs. UnRx:G,RxH,"Pt6
X6",Pt6,X6,1
In_trans_UpRegulated,460,53.864168618267,0.850435074582759,0.307467615669037,scrande_SA1035_32,scrande_SA1035_32_SA1035_UTU_B_UUU_G_logfc_results.csv,SA1035,B,G,treated_vs_untreated,X6 RxH:B vs. UnRx:G,RxH,"Pt6
X6",Pt6,X6,1
unmapped,20,2.34192037470726,0.673395898725809,0.689632006219029,scrande_SA1035_32,scrande_SA1035_32_SA1035_UTU_B_UUU_G_logfc_results.csv,SA1035,B,G,treated_vs_untreated,X6 RxH:B vs. UnRx:G,RxH,"Pt6
X6",Pt6,X6,1
In_cis_Decrease_DownRegulated,91,3.1153714481342,-1.04710166647624,0.424713572534603,scrande_SA1035_2,scrande_SA1035_2_SA1035_UTTTT_H_UUUUU_E_logfc_results.csv,SA1035,H,E,treated_vs_untreated,X8 Rx:H vs. UnRx:E,Rx,"Pt6
X8",Pt6,X8,4
In_cis_Decrease_UpRegulated,17,0.581992468332763,1.01883079099879,0.537976065444551,scrande_SA1035_2,scrande_SA1035_2_SA1035_UTTTT_H_UUUUU_E_logfc_results.csv,SA1035,H,E,treated_vs_untreated,X8 Rx:H vs. UnRx:E,Rx,"Pt6
X8",Pt6,X8,4
In_cis_Increase_DownRegulated,16,0.547757617254365,-0.838685114799893,0.196288782264176,scrande_SA1035_2,scrande_SA1035_2_SA1035_UTTTT_H_UUUUU_E_logfc_results.csv,SA1035,H,E,treated_vs_untreated,X8 Rx:H vs. UnRx:E,Rx,"Pt6
X8",Pt6,X8,4
In_cis_Increase_UpRegulated,85,2.90996234166381,1.00714693877158,0.469053859132288,scrande_SA1035_2,scrande_SA1035_2_SA1035_UTTTT_H_UUUUU_E_logfc_results.csv,SA1035,H,E,treated_vs_untreated,X8 Rx:H vs. UnRx:E,Rx,"Pt6
X8",Pt6,X8,4
In_trans_DownRegulated,1563,53.5090722355358,-0.833034397916496,0.353945708177218,scrande_SA1035_2,scrande_SA1035_2_SA1035_UTTTT_H_UUUUU_E_logfc_results.csv,SA1035,H,E,treated_vs_untreated,X8 Rx:H vs. UnRx:E,Rx,"Pt6
X8",Pt6,X8,4
In_trans_UpRegulated,1060,36.2889421431017,1.0246622537952,0.561878318043015,scrande_SA1035_2,scrande_SA1035_2_SA1035_UTTTT_H_UUUUU_E_logfc_results.csv,SA1035,H,E,treated_vs_untreated,X8 Rx:H vs. UnRx:E,Rx,"Pt6
X8",Pt6,X8,4
unmapped,89,3.04690174597741,0.289828064297754,0.983481206952886,scrande_SA1035_2,scrande_SA1035_2_SA1035_UTTTT_H_UUUUU_E_logfc_results.csv,SA1035,H,E,treated_vs_untreated,X8 Rx:H vs. UnRx:E,Rx,"Pt6
X8",Pt6,X8,4
In_cis_Decrease_DownRegulated,410,24.1176470588235,-0.756525014247757,0.232205493219199,scrande_SA535_1,scrande_SA535_1_SA535_UUTTT_A_UUUUU_G_logfc_results.csv,SA535,A,G,treated_vs_untreated,X8 Rx:A vs. UnRx:G,Rx,"Pt5
X8",Pt5,X8,4
In_cis_Decrease_UpRegulated,49,2.88235294117647,0.768767493135158,0.346619869898968,scrande_SA535_1,scrande_SA535_1_SA535_UUTTT_A_UUUUU_G_logfc_results.csv,SA535,A,G,treated_vs_untreated,X8 Rx:A vs. UnRx:G,Rx,"Pt5
X8",Pt5,X8,4
In_cis_Increase_DownRegulated,10,0.588235294117647,-0.683883813223317,0.0740738294533436,scrande_SA535_1,scrande_SA535_1_SA535_UUTTT_A_UUUUU_G_logfc_results.csv,SA535,A,G,treated_vs_untreated,X8 Rx:A vs. UnRx:G,Rx,"Pt5
X8",Pt5,X8,4
In_cis_Increase_UpRegulated,127,7.47058823529412,0.80409503691636,0.284008923493774,scrande_SA535_1,scrande_SA535_1_SA535_UUTTT_A_UUUUU_G_logfc_results.csv,SA535,A,G,treated_vs_untreated,X8 Rx:A vs. UnRx:G,Rx,"Pt5
X8",Pt5,X8,4
In_trans_DownRegulated,382,22.4705882352941,-0.705666042147483,0.24368497287047,scrande_SA535_1,scrande_SA535_1_SA535_UUTTT_A_UUUUU_G_logfc_results.csv,SA535,A,G,treated_vs_untreated,X8 Rx:A vs. UnRx:G,Rx,"Pt5
X8",Pt5,X8,4
In_trans_UpRegulated,680,40,0.712294412534301,0.22595554158413,scrande_SA535_1,scrande_SA535_1_SA535_UUTTT_A_UUUUU_G_logfc_results.csv,SA535,A,G,treated_vs_untreated,X8 Rx:A vs. UnRx:G,Rx,"Pt5
X8",Pt5,X8,4
unmapped,42,2.47058823529412,0.256181220228829,0.809299088425112,scrande_SA535_1,scrande_SA535_1_SA535_UUTTT_A_UUUUU_G_logfc_results.csv,SA535,A,G,treated_vs_untreated,X8 Rx:A vs. UnRx:G,Rx,"Pt5
X8",Pt5,X8,4
In_cis_Decrease_DownRegulated,189,21.875,-0.751186603434787,0.229274460976805,scrande_SA535_16,scrande_SA535_16_SA535_UUTTU_D_UUUUU_G_logfc_results.csv,SA535,D,G,treated_vs_untreated,X8 RxH:D vs. UnRx:G,RxH,"Pt5
X8",Pt5,X8,5
In_cis_Decrease_UpRegulated,12,1.38888888888889,0.772949365475258,0.476125487955684,scrande_SA535_16,scrande_SA535_16_SA535_UUTTU_D_UUUUU_G_logfc_results.csv,SA535,D,G,treated_vs_untreated,X8 RxH:D vs. UnRx:G,RxH,"Pt5
X8",Pt5,X8,5
In_cis_Increase_DownRegulated,4,0.462962962962963,-0.795755759456106,0.415107102053665,scrande_SA535_16,scrande_SA535_16_SA535_UUTTU_D_UUUUU_G_logfc_results.csv,SA535,D,G,treated_vs_untreated,X8 RxH:D vs. UnRx:G,RxH,"Pt5
X8",Pt5,X8,5
In_cis_Increase_UpRegulated,25,2.89351851851852,0.660048083386033,0.113160464518658,scrande_SA535_16,scrande_SA535_16_SA535_UUTTU_D_UUUUU_G_logfc_results.csv,SA535,D,G,treated_vs_untreated,X8 RxH:D vs. UnRx:G,RxH,"Pt5
X8",Pt5,X8,5
In_trans_DownRegulated,254,29.3981481481482,-0.827796986734336,0.386174414012219,scrande_SA535_16,scrande_SA535_16_SA535_UUTTU_D_UUUUU_G_logfc_results.csv,SA535,D,G,treated_vs_untreated,X8 RxH:D vs. UnRx:G,RxH,"Pt5
X8",Pt5,X8,5
In_trans_UpRegulated,349,40.3935185185185,0.705165650201613,0.260333770262178,scrande_SA535_16,scrande_SA535_16_SA535_UUTTU_D_UUUUU_G_logfc_results.csv,SA535,D,G,treated_vs_untreated,X8 RxH:D vs. UnRx:G,RxH,"Pt5
X8",Pt5,X8,5
unmapped,31,3.58796296296296,0.340863051451352,0.561080035303619,scrande_SA535_16,scrande_SA535_16_SA535_UUTTU_D_UUUUU_G_logfc_results.csv,SA535,D,G,treated_vs_untreated,X8 RxH:D vs. UnRx:G,RxH,"Pt5
X8",Pt5,X8,5
In_cis_Decrease_DownRegulated,372,21.0884353741497,-0.757680594684456,0.282799879022883,scrande_SA535_36,scrande_SA535_36_SA535_UUTTTTU_E_UUUUUU_G_logfc_results.csv,SA535,E,G,treated_vs_untreated,X10 RxH:E vs. UnRx:G,RxH,"Pt5
X10",Pt5,X1,7
In_cis_Decrease_UpRegulated,24,1.36054421768707,0.715662389449989,0.235532465150414,scrande_SA535_36,scrande_SA535_36_SA535_UUTTTTU_E_UUUUUU_G_logfc_results.csv,SA535,E,G,treated_vs_untreated,X10 RxH:E vs. UnRx:G,RxH,"Pt5
X10",Pt5,X1,7
In_cis_Increase_DownRegulated,41,2.32426303854875,-0.944388580796246,0.931341759376747,scrande_SA535_36,scrande_SA535_36_SA535_UUTTTTU_E_UUUUUU_G_logfc_results.csv,SA535,E,G,treated_vs_untreated,X10 RxH:E vs. UnRx:G,RxH,"Pt5
X10",Pt5,X1,7
In_cis_Increase_UpRegulated,133,7.53968253968254,0.822376877023646,0.44632336479941,scrande_SA535_36,scrande_SA535_36_SA535_UUTTTTU_E_UUUUUU_G_logfc_results.csv,SA535,E,G,treated_vs_untreated,X10 RxH:E vs. UnRx:G,RxH,"Pt5
X10",Pt5,X1,7
In_trans_DownRegulated,563,31.9160997732426,-0.760453427052319,0.334314558532266,scrande_SA535_36,scrande_SA535_36_SA535_UUTTTTU_E_UUUUUU_G_logfc_results.csv,SA535,E,G,treated_vs_untreated,X10 RxH:E vs. UnRx:G,RxH,"Pt5
X10",Pt5,X1,7
In_trans_UpRegulated,565,32.0294784580499,0.76866470700933,0.343541730345487,scrande_SA535_36,scrande_SA535_36_SA535_UUTTTTU_E_UUUUUU_G_logfc_results.csv,SA535,E,G,treated_vs_untreated,X10 RxH:E vs. UnRx:G,RxH,"Pt5
X10",Pt5,X1,7
unmapped,66,3.74149659863946,-0.584565352054139,0.496553238034795,scrande_SA535_36,scrande_SA535_36_SA535_UUTTTTU_E_UUUUUU_G_logfc_results.csv,SA535,E,G,treated_vs_untreated,X10 RxH:E vs. UnRx:G,RxH,"Pt5
X10",Pt5,X1,7
In_cis_Decrease_DownRegulated,97,3.4227240649259,-0.842842148714628,0.3256554938614,scrande_SA535_4,scrande_SA535_4_SA535_UUT_A_G_UUU_G_logfc_results.csv,SA535,A,G,treated_vs_untreated,X6 Rx:AG vs. UnRx:G,Rx,"Pt5
X6",Pt5,X6,1
In_cis_Decrease_UpRegulated,393,13.8673253352152,0.762358725551625,0.2677500432242,scrande_SA535_4,scrande_SA535_4_SA535_UUT_A_G_UUU_G_logfc_results.csv,SA535,A,G,treated_vs_untreated,X6 Rx:AG vs. UnRx:G,Rx,"Pt5
X6",Pt5,X6,1
In_cis_Increase_DownRegulated,15,0.529287226534933,-0.89273731021677,0.314439835016766,scrande_SA535_4,scrande_SA535_4_SA535_UUT_A_G_UUU_G_logfc_results.csv,SA535,A,G,treated_vs_untreated,X6 Rx:AG vs. UnRx:G,Rx,"Pt5
X6",Pt5,X6,1
In_cis_Increase_UpRegulated,116,4.09315455187015,0.754772615445155,0.228800171768132,scrande_SA535_4,scrande_SA535_4_SA535_UUT_A_G_UUU_G_logfc_results.csv,SA535,A,G,treated_vs_untreated,X6 Rx:AG vs. UnRx:G,Rx,"Pt5
X6",Pt5,X6,1
In_trans_DownRegulated,354,12.4911785462244,-0.823284665547833,0.289088331681159,scrande_SA535_4,scrande_SA535_4_SA535_UUT_A_G_UUU_G_logfc_results.csv,SA535,A,G,treated_vs_untreated,X6 Rx:AG vs. UnRx:G,Rx,"Pt5
X6",Pt5,X6,1
In_trans_UpRegulated,1792,63.2321806633733,0.762110256032034,0.241754490211682,scrande_SA535_4,scrande_SA535_4_SA535_UUT_A_G_UUU_G_logfc_results.csv,SA535,A,G,treated_vs_untreated,X6 Rx:AG vs. UnRx:G,Rx,"Pt5
X6",Pt5,X6,1
unmapped,67,2.36414961185603,0.301149483848073,0.817870175523204,scrande_SA535_4,scrande_SA535_4_SA535_UUT_A_G_UUU_G_logfc_results.csv,SA535,A,G,treated_vs_untreated,X6 Rx:AG vs. UnRx:G,Rx,"Pt5
X6",Pt5,X6,1
In_cis_Decrease_DownRegulated,132,9.21144452198186,-0.706367775567936,0.211817059570482,scrande_SA535_5,scrande_SA535_5_SA535_UUTT_A_E_J_UUUU_G_logfc_results.csv,SA535,A,G,treated_vs_untreated,X7 Rx:AEJ vs. UnRx:G,Rx,"Pt5
X7",Pt5,X7,2
In_cis_Decrease_UpRegulated,131,9.14166085136078,0.72085797715703,0.2790329737317,scrande_SA535_5,scrande_SA535_5_SA535_UUTT_A_E_J_UUUU_G_logfc_results.csv,SA535,A,G,treated_vs_untreated,X7 Rx:AEJ vs. UnRx:G,Rx,"Pt5
X7",Pt5,X7,2
In_cis_Increase_DownRegulated,23,1.60502442428472,-0.837107212092701,0.411841062889798,scrande_SA535_5,scrande_SA535_5_SA535_UUTT_A_E_J_UUUU_G_logfc_results.csv,SA535,A,G,treated_vs_untreated,X7 Rx:AEJ vs. UnRx:G,Rx,"Pt5
X7",Pt5,X7,2
In_cis_Increase_UpRegulated,59,4.11723656664341,0.646960072728568,0.154871146946493,scrande_SA535_5,scrande_SA535_5_SA535_UUTT_A_E_J_UUUU_G_logfc_results.csv,SA535,A,G,treated_vs_untreated,X7 Rx:AEJ vs. UnRx:G,Rx,"Pt5
X7",Pt5,X7,2
In_trans_DownRegulated,246,17.1667829727844,-0.780947580507189,0.432812462475934,scrande_SA535_5,scrande_SA535_5_SA535_UUTT_A_E_J_UUUU_G_logfc_results.csv,SA535,A,G,treated_vs_untreated,X7 Rx:AEJ vs. UnRx:G,Rx,"Pt5
X7",Pt5,X7,2
In_trans_UpRegulated,805,56.1758548499651,0.734803849765098,0.301763316737365,scrande_SA535_5,scrande_SA535_5_SA535_UUTT_A_E_J_UUUU_G_logfc_results.csv,SA535,A,G,treated_vs_untreated,X7 Rx:AEJ vs. UnRx:G,Rx,"Pt5
X7",Pt5,X7,2
unmapped,37,2.58199581297976,0.36890419229247,0.738177636672057,scrande_SA535_5,scrande_SA535_5_SA535_UUTT_A_E_J_UUUU_G_logfc_results.csv,SA535,A,G,treated_vs_untreated,X7 Rx:AEJ vs. UnRx:G,Rx,"Pt5
X7",Pt5,X7,2
In_cis_Decrease_DownRegulated,158,13.481228668942,-0.77241074674888,0.269565082323192,scrande_SA535_52,scrande_SA535_52_SA535_UUTU_A_E_J_UUUU_G_logfc_results.csv,SA535,A,G,treated_vs_untreated,X7 RxH:AEJ vs. UnRx:G,RxH,"Pt5
X7",Pt5,X7,3
In_cis_Decrease_UpRegulated,69,5.88737201365188,0.805520966567281,0.379175208772723,scrande_SA535_52,scrande_SA535_52_SA535_UUTU_A_E_J_UUUU_G_logfc_results.csv,SA535,A,G,treated_vs_untreated,X7 RxH:AEJ vs. UnRx:G,RxH,"Pt5
X7",Pt5,X7,3
In_cis_Increase_DownRegulated,18,1.5358361774744,-0.830185405010775,0.363072552345371,scrande_SA535_52,scrande_SA535_52_SA535_UUTU_A_E_J_UUUU_G_logfc_results.csv,SA535,A,G,treated_vs_untreated,X7 RxH:AEJ vs. UnRx:G,RxH,"Pt5
X7",Pt5,X7,3
In_cis_Increase_UpRegulated,38,3.24232081911263,0.740219975694927,0.191228121427043,scrande_SA535_52,scrande_SA535_52_SA535_UUTU_A_E_J_UUUU_G_logfc_results.csv,SA535,A,G,treated_vs_untreated,X7 RxH:AEJ vs. UnRx:G,RxH,"Pt5
X7",Pt5,X7,3
In_trans_DownRegulated,309,26.3651877133106,-0.797684663642915,0.385563457924392,scrande_SA535_52,scrande_SA535_52_SA535_UUTU_A_E_J_UUUU_G_logfc_results.csv,SA535,A,G,treated_vs_untreated,X7 RxH:AEJ vs. UnRx:G,RxH,"Pt5
X7",Pt5,X7,3
In_trans_UpRegulated,544,46.4163822525597,0.777402838785409,0.336224293641664,scrande_SA535_52,scrande_SA535_52_SA535_UUTU_A_E_J_UUUU_G_logfc_results.csv,SA535,A,G,treated_vs_untreated,X7 RxH:AEJ vs. UnRx:G,RxH,"Pt5
X7",Pt5,X7,3
unmapped,36,3.07167235494881,0.268204799531184,0.853100971663253,scrande_SA535_52,scrande_SA535_52_SA535_UUTU_A_E_J_UUUU_G_logfc_results.csv,SA535,A,G,treated_vs_untreated,X7 RxH:AEJ vs. UnRx:G,RxH,"Pt5
X7",Pt5,X7,3
In_cis_Decrease_DownRegulated,416,28.0323450134771,-0.783026256726876,0.262889344660794,scrande_SA535_3,scrande_SA535_3_SA535_UUTTTTT_A_UUUUUU_G_logfc_results.csv,SA535,A,G,treated_vs_untreated,X10 Rx:A vs. UnRx:G,Rx,"Pt5
X10",Pt5,X1,6
In_cis_Decrease_UpRegulated,33,2.22371967654987,0.794420262322393,0.44314300868331,scrande_SA535_3,scrande_SA535_3_SA535_UUTTTTT_A_UUUUUU_G_logfc_results.csv,SA535,A,G,treated_vs_untreated,X10 Rx:A vs. UnRx:G,Rx,"Pt5
X10",Pt5,X1,6
In_cis_Increase_DownRegulated,5,0.336927223719677,-0.713926235251921,0.113033411832904,scrande_SA535_3,scrande_SA535_3_SA535_UUTTTTT_A_UUUUUU_G_logfc_results.csv,SA535,A,G,treated_vs_untreated,X10 Rx:A vs. UnRx:G,Rx,"Pt5
X10",Pt5,X1,6
In_cis_Increase_UpRegulated,132,8.89487870619946,0.859081817661483,0.388109769061268,scrande_SA535_3,scrande_SA535_3_SA535_UUTTTTT_A_UUUUUU_G_logfc_results.csv,SA535,A,G,treated_vs_untreated,X10 Rx:A vs. UnRx:G,Rx,"Pt5
X10",Pt5,X1,6
In_trans_DownRegulated,321,21.6307277628032,-0.768001932109002,0.345224331446324,scrande_SA535_3,scrande_SA535_3_SA535_UUTTTTT_A_UUUUUU_G_logfc_results.csv,SA535,A,G,treated_vs_untreated,X10 Rx:A vs. UnRx:G,Rx,"Pt5
X10",Pt5,X1,6
In_trans_UpRegulated,533,35.9164420485175,0.736027311407325,0.302118700664165,scrande_SA535_3,scrande_SA535_3_SA535_UUTTTTT_A_UUUUUU_G_logfc_results.csv,SA535,A,G,treated_vs_untreated,X10 Rx:A vs. UnRx:G,Rx,"Pt5
X10",Pt5,X1,6
unmapped,44,2.96495956873315,-0.254354683237627,0.852403014464773,scrande_SA535_3,scrande_SA535_3_SA535_UUTTTTT_A_UUUUUU_G_logfc_results.csv,SA535,A,G,treated_vs_untreated,X10 Rx:A vs. UnRx:G,Rx,"Pt5
X10",Pt5,X1,6
In_cis_Decrease_DownRegulated,198,7.74951076320939,-0.845463633305304,0.377117146270976,scrande_SA609_1,scrande_SA609_1_SA609_UT_R_UU_H_logfc_results.csv,SA609,R,H,treated_vs_untreated,X4 Rx:A vs. UnRx:H,Rx,"Pt4
X4",Pt4,X4,1
In_cis_Decrease_UpRegulated,79,3.09197651663405,0.765894407096025,0.267530314276715,scrande_SA609_1,scrande_SA609_1_SA609_UT_R_UU_H_logfc_results.csv,SA609,R,H,treated_vs_untreated,X4 Rx:A vs. UnRx:H,Rx,"Pt4
X4",Pt4,X4,1
In_cis_Increase_DownRegulated,45,1.76125244618395,-0.757854695774607,0.237195140476241,scrande_SA609_1,scrande_SA609_1_SA609_UT_R_UU_H_logfc_results.csv,SA609,R,H,treated_vs_untreated,X4 Rx:A vs. UnRx:H,Rx,"Pt4
X4",Pt4,X4,1
In_cis_Increase_UpRegulated,999,39.0998043052838,0.784943597907475,0.234857437328072,scrande_SA609_1,scrande_SA609_1_SA609_UT_R_UU_H_logfc_results.csv,SA609,R,H,treated_vs_untreated,X4 Rx:A vs. UnRx:H,Rx,"Pt4
X4",Pt4,X4,1
In_trans_DownRegulated,269,10.5283757338552,-0.757944453788178,0.237158695141858,scrande_SA609_1,scrande_SA609_1_SA609_UT_R_UU_H_logfc_results.csv,SA609,R,H,treated_vs_untreated,X4 Rx:A vs. UnRx:H,Rx,"Pt4
X4",Pt4,X4,1
In_trans_UpRegulated,893,34.9510763209393,0.723161280552208,0.230832585642806,scrande_SA609_1,scrande_SA609_1_SA609_UT_R_UU_H_logfc_results.csv,SA609,R,H,treated_vs_untreated,X4 Rx:A vs. UnRx:H,Rx,"Pt4
X4",Pt4,X4,1
unmapped,72,2.81800391389433,0.448253633151089,0.64323124028225,scrande_SA609_1,scrande_SA609_1_SA609_UT_R_UU_H_logfc_results.csv,SA609,R,H,treated_vs_untreated,X4 Rx:A vs. UnRx:H,Rx,"Pt4
X4",Pt4,X4,1
In_cis_Decrease_DownRegulated,325,8.25292026409345,-0.85543252493475,0.371482478860217,scrande_SA609_2,scrande_SA609_2_SA609_UTT_R_UUU_H_logfc_results.csv,SA609,R,H,treated_vs_untreated,X5 Rx:A vs. UnRx:H,Rx,"Pt4
X5",Pt4,X5,2
In_cis_Decrease_UpRegulated,81,2.05688166582021,0.833527716708861,0.538880897898174,scrande_SA609_2,scrande_SA609_2_SA609_UTT_R_UUU_H_logfc_results.csv,SA609,R,H,treated_vs_untreated,X5 Rx:A vs. UnRx:H,Rx,"Pt4
X5",Pt4,X5,2
In_cis_Increase_DownRegulated,44,1.11731843575419,-0.807737150713532,0.326737172290679,scrande_SA609_2,scrande_SA609_2_SA609_UTT_R_UUU_H_logfc_results.csv,SA609,R,H,treated_vs_untreated,X5 Rx:A vs. UnRx:H,Rx,"Pt4
X5",Pt4,X5,2
In_cis_Increase_UpRegulated,1664,42.2549517521585,0.860283643086195,0.320015710740326,scrande_SA609_2,scrande_SA609_2_SA609_UTT_R_UUU_H_logfc_results.csv,SA609,R,H,treated_vs_untreated,X5 Rx:A vs. UnRx:H,Rx,"Pt4
X5",Pt4,X5,2
In_trans_DownRegulated,271,6.88166582021331,-0.788995399601205,0.320240487867069,scrande_SA609_2,scrande_SA609_2_SA609_UTT_R_UUU_H_logfc_results.csv,SA609,R,H,treated_vs_untreated,X5 Rx:A vs. UnRx:H,Rx,"Pt4
X5",Pt4,X5,2
In_trans_UpRegulated,1424,36.1604875571356,0.754373813768145,0.273152730743886,scrande_SA609_2,scrande_SA609_2_SA609_UTT_R_UUU_H_logfc_results.csv,SA609,R,H,treated_vs_untreated,X5 Rx:A vs. UnRx:H,Rx,"Pt4
X5",Pt4,X5,2
unmapped,129,3.27577450482478,0.469930776652237,0.84000748386416,scrande_SA609_2,scrande_SA609_2_SA609_UTT_R_UUU_H_logfc_results.csv,SA609,R,H,treated_vs_untreated,X5 Rx:A vs. UnRx:H,Rx,"Pt4
X5",Pt4,X5,2
In_cis_Decrease_DownRegulated,499,14.855611789223,-0.836372647711859,0.315911477499152,scrande_SA609_22,scrande_SA609_22_SA609_UTU_B_UUU_H_logfc_results.csv,SA609,B,H,treated_vs_untreated,X5 RxH:B vs. UnRx:H,RxH,"Pt4
X5",Pt4,X5,3
In_cis_Decrease_UpRegulated,90,2.6793688597797,0.848371774266821,0.489012180867568,scrande_SA609_22,scrande_SA609_22_SA609_UTU_B_UUU_H_logfc_results.csv,SA609,B,H,treated_vs_untreated,X5 RxH:B vs. UnRx:H,RxH,"Pt4
X5",Pt4,X5,3
In_cis_Increase_DownRegulated,58,1.72670437630247,-0.783423148940825,0.270749956074901,scrande_SA609_22,scrande_SA609_22_SA609_UTU_B_UUU_H_logfc_results.csv,SA609,B,H,treated_vs_untreated,X5 RxH:B vs. UnRx:H,RxH,"Pt4
X5",Pt4,X5,3
In_cis_Increase_UpRegulated,1291,38.4340577552843,0.85508591130461,0.308859298680632,scrande_SA609_22,scrande_SA609_22_SA609_UTU_B_UUU_H_logfc_results.csv,SA609,B,H,treated_vs_untreated,X5 RxH:B vs. UnRx:H,RxH,"Pt4
X5",Pt4,X5,3
In_trans_DownRegulated,397,11.8189937481393,-0.810436986514136,0.350994651699106,scrande_SA609_22,scrande_SA609_22_SA609_UTU_B_UUU_H_logfc_results.csv,SA609,B,H,treated_vs_untreated,X5 RxH:B vs. UnRx:H,RxH,"Pt4
X5",Pt4,X5,3
In_trans_UpRegulated,877,26.1089610002977,0.745440007963769,0.265709400840935,scrande_SA609_22,scrande_SA609_22_SA609_UTU_B_UUU_H_logfc_results.csv,SA609,B,H,treated_vs_untreated,X5 RxH:B vs. UnRx:H,RxH,"Pt4
X5",Pt4,X5,3
unmapped,147,4.3763024709735,0.526888656282938,0.842051262941313,scrande_SA609_22,scrande_SA609_22_SA609_UTU_B_UUU_H_logfc_results.csv,SA609,B,H,treated_vs_untreated,X5 RxH:B vs. UnRx:H,RxH,"Pt4
X5",Pt4,X5,3
In_cis_Decrease_DownRegulated,481,16.1789438277834,-0.892345419763104,0.377487092049011,scrande_SA609_23,scrande_SA609_23_SA609_UTTU_R_UUUU_H_logfc_results.csv,SA609,R,H,treated_vs_untreated,X6 RxH:A vs. UnRx:H,RxH,"Pt4
X6",Pt4,X6,5
In_cis_Decrease_UpRegulated,44,1.47998654557686,0.901980603362576,0.62878336624671,scrande_SA609_23,scrande_SA609_23_SA609_UTTU_R_UUUU_H_logfc_results.csv,SA609,R,H,treated_vs_untreated,X6 RxH:A vs. UnRx:H,RxH,"Pt4
X6",Pt4,X6,5
In_cis_Increase_DownRegulated,49,1.64816683484696,-0.707380757410787,0.273570832097037,scrande_SA609_23,scrande_SA609_23_SA609_UTTU_R_UUUU_H_logfc_results.csv,SA609,R,H,treated_vs_untreated,X6 RxH:A vs. UnRx:H,RxH,"Pt4
X6",Pt4,X6,5
In_cis_Increase_UpRegulated,1015,34.1405987218298,0.829423763484066,0.315647365677087,scrande_SA609_23,scrande_SA609_23_SA609_UTTU_R_UUUU_H_logfc_results.csv,SA609,R,H,treated_vs_untreated,X6 RxH:A vs. UnRx:H,RxH,"Pt4
X6",Pt4,X6,5
In_trans_DownRegulated,603,20.2825428859738,-0.723660098467823,0.222684113232454,scrande_SA609_23,scrande_SA609_23_SA609_UTTU_R_UUUU_H_logfc_results.csv,SA609,R,H,treated_vs_untreated,X6 RxH:A vs. UnRx:H,RxH,"Pt4
X6",Pt4,X6,5
In_trans_UpRegulated,679,22.8388832828793,0.747727908897644,0.265239913456581,scrande_SA609_23,scrande_SA609_23_SA609_UTTU_R_UUUU_H_logfc_results.csv,SA609,R,H,treated_vs_untreated,X6 RxH:A vs. UnRx:H,RxH,"Pt4
X6",Pt4,X6,5
unmapped,102,3.43087790110999,0.406801949618756,0.718913373729594,scrande_SA609_23,scrande_SA609_23_SA609_UTTU_R_UUUU_H_logfc_results.csv,SA609,R,H,treated_vs_untreated,X6 RxH:A vs. UnRx:H,RxH,"Pt4
X6",Pt4,X6,5
In_cis_Decrease_DownRegulated,427,15.8324063774564,-0.885141382050046,0.366703819069246,scrande_SA609_3,scrande_SA609_3_SA609_UTTT_R_UUUU_H_logfc_results.csv,SA609,R,H,treated_vs_untreated,X6 Rx:A vs. UnRx:H,Rx,"Pt4
X6",Pt4,X6,4
In_cis_Decrease_UpRegulated,40,1.48312940304042,0.885627794636195,0.546960470426134,scrande_SA609_3,scrande_SA609_3_SA609_UTTT_R_UUUU_H_logfc_results.csv,SA609,R,H,treated_vs_untreated,X6 Rx:A vs. UnRx:H,Rx,"Pt4
X6",Pt4,X6,4
In_cis_Increase_DownRegulated,49,1.81683351872451,-0.691708607344969,0.277237716579012,scrande_SA609_3,scrande_SA609_3_SA609_UTTT_R_UUUU_H_logfc_results.csv,SA609,R,H,treated_vs_untreated,X6 Rx:A vs. UnRx:H,Rx,"Pt4
X6",Pt4,X6,4
In_cis_Increase_UpRegulated,922,34.1861327400816,0.818903018429803,0.315411005536182,scrande_SA609_3,scrande_SA609_3_SA609_UTTT_R_UUUU_H_logfc_results.csv,SA609,R,H,treated_vs_untreated,X6 Rx:A vs. UnRx:H,Rx,"Pt4
X6",Pt4,X6,4
In_trans_DownRegulated,583,21.6166110493141,-0.728516752046107,0.21511887541783,scrande_SA609_3,scrande_SA609_3_SA609_UTTT_R_UUUU_H_logfc_results.csv,SA609,R,H,treated_vs_untreated,X6 Rx:A vs. UnRx:H,Rx,"Pt4
X6",Pt4,X6,4
In_trans_UpRegulated,596,22.0986281053022,0.749866016492197,0.253140991339585,scrande_SA609_3,scrande_SA609_3_SA609_UTTT_R_UUUU_H_logfc_results.csv,SA609,R,H,treated_vs_untreated,X6 Rx:A vs. UnRx:H,Rx,"Pt4
X6",Pt4,X6,4
unmapped,80,2.96625880608083,0.489401544536354,0.66381816654711,scrande_SA609_3,scrande_SA609_3_SA609_UTTT_R_UUUU_H_logfc_results.csv,SA609,R,H,treated_vs_untreated,X6 Rx:A vs. UnRx:H,Rx,"Pt4
X6",Pt4,X6,4
In_cis_Decrease_DownRegulated,215,7.79550398839739,-0.933949171579157,0.44003198226449,scrande_SA609_24,scrande_SA609_24_SA609_UTTTU_R_UUUUU_H_logfc_results.csv,SA609,R,H,treated_vs_untreated,X7 RxH:A vs. UnRx:H,RxH,"Pt4
X7",Pt4,X7,7
In_cis_Decrease_UpRegulated,70,2.53807106598985,0.817447600103146,0.481759775911953,scrande_SA609_24,scrande_SA609_24_SA609_UTTTU_R_UUUUU_H_logfc_results.csv,SA609,R,H,treated_vs_untreated,X7 RxH:A vs. UnRx:H,RxH,"Pt4
X7",Pt4,X7,7
In_cis_Increase_DownRegulated,68,2.46555474981871,-0.863642128307207,0.320255037746646,scrande_SA609_24,scrande_SA609_24_SA609_UTTTU_R_UUUUU_H_logfc_results.csv,SA609,R,H,treated_vs_untreated,X7 RxH:A vs. UnRx:H,RxH,"Pt4
X7",Pt4,X7,7
In_cis_Increase_UpRegulated,1136,41.1892675852067,0.825789621337854,0.343831031615511,scrande_SA609_24,scrande_SA609_24_SA609_UTTTU_R_UUUUU_H_logfc_results.csv,SA609,R,H,treated_vs_untreated,X7 RxH:A vs. UnRx:H,RxH,"Pt4
X7",Pt4,X7,7
In_trans_DownRegulated,328,11.8926758520667,-0.879843696007657,0.378835132773131,scrande_SA609_24,scrande_SA609_24_SA609_UTTTU_R_UUUUU_H_logfc_results.csv,SA609,R,H,treated_vs_untreated,X7 RxH:A vs. UnRx:H,RxH,"Pt4
X7",Pt4,X7,7
In_trans_UpRegulated,859,31.145757795504,0.755632784951647,0.306622205258517,scrande_SA609_24,scrande_SA609_24_SA609_UTTTU_R_UUUUU_H_logfc_results.csv,SA609,R,H,treated_vs_untreated,X7 RxH:A vs. UnRx:H,RxH,"Pt4
X7",Pt4,X7,7
unmapped,82,2.97316896301668,0.407508213716631,0.809181582017894,scrande_SA609_24,scrande_SA609_24_SA609_UTTTU_R_UUUUU_H_logfc_results.csv,SA609,R,H,treated_vs_untreated,X7 RxH:A vs. UnRx:H,RxH,"Pt4
X7",Pt4,X7,7
In_cis_Decrease_DownRegulated,252,10.4825291181364,-0.873111790520161,0.381061749551906,scrande_SA609_4,scrande_SA609_4_SA609_UTTTT_R_UUUUU_H_logfc_results.csv,SA609,R,H,treated_vs_untreated,X7 Rx:A vs. UnRx:H,Rx,"Pt4
X7",Pt4,X7,6
In_cis_Decrease_UpRegulated,55,2.28785357737105,0.871464141683101,0.494810088317746,scrande_SA609_4,scrande_SA609_4_SA609_UTTTT_R_UUUUU_H_logfc_results.csv,SA609,R,H,treated_vs_untreated,X7 Rx:A vs. UnRx:H,Rx,"Pt4
X7",Pt4,X7,6
In_cis_Increase_DownRegulated,56,2.32945091514143,-0.76471307025822,0.289679379957119,scrande_SA609_4,scrande_SA609_4_SA609_UTTTT_R_UUUUU_H_logfc_results.csv,SA609,R,H,treated_vs_untreated,X7 Rx:A vs. UnRx:H,Rx,"Pt4
X7",Pt4,X7,6
In_cis_Increase_UpRegulated,971,40.3910149750416,0.814605651423173,0.35477384425447,scrande_SA609_4,scrande_SA609_4_SA609_UTTTT_R_UUUUU_H_logfc_results.csv,SA609,R,H,treated_vs_untreated,X7 Rx:A vs. UnRx:H,Rx,"Pt4
X7",Pt4,X7,6
In_trans_DownRegulated,389,16.1813643926789,-0.787173596836441,0.285734568450665,scrande_SA609_4,scrande_SA609_4_SA609_UTTTT_R_UUUUU_H_logfc_results.csv,SA609,R,H,treated_vs_untreated,X7 Rx:A vs. UnRx:H,Rx,"Pt4
X7",Pt4,X7,6
In_trans_UpRegulated,602,25.0415973377704,0.768646210678462,0.340515841996829,scrande_SA609_4,scrande_SA609_4_SA609_UTTTT_R_UUUUU_H_logfc_results.csv,SA609,R,H,treated_vs_untreated,X7 Rx:A vs. UnRx:H,Rx,"Pt4
X7",Pt4,X7,6
unmapped,79,3.28618968386023,0.33507828910408,0.829392753267712,scrande_SA609_4,scrande_SA609_4_SA609_UTTTT_R_UUUUU_H_logfc_results.csv,SA609,R,H,treated_vs_untreated,X7 Rx:A vs. UnRx:H,Rx,"Pt4
X7",Pt4,X7,6
