pathway,pval,padj,log2err,ES,NES,size,important_genes,file_header
CISPLATIN_RESISTANCE,0.151139831269072,0.302279662538144,0.0475949224285231,-0.58640981094956,-1.32141524080173,4,"CLU,CAV1,HSPB1",scrande_SA1035_10
CORE_FITNESS,0.31420441071852,0.31420441071852,0.0369230408146938,0.340066358053716,1.11312068587155,9,"ARCN1,RIOK1,SEC13,RACK1,EEF1A1,VPS28,SF3B3,EIF4A3",scrande_SA1035_10
CISPLATIN_RESISTANCE,0.00276583579973037,0.00553167159946073,0.431707695803346,-0.462497280134052,-2.0452782538796,28,"TUBA1A,VIM,CLU,ATF3,MAPK3,HSPB11,PIK3CA,FANCG,AKT1,BIRC5,PTK2,BCL2,BRCA2,CREB1,NQO1,BRCA1,EPHB2,SETD2,REV3L",scrande_SA609_10
CORE_FITNESS,0.944371248719075,0.944371248719075,0.0107023997314435,-0.0966469688153388,-0.663796466864926,154,"PLK1,PSMD2,SPC25,PKMYT1,CWC22,RBBP6,KIF11,CKAP5,DYNC1I2,UBE2I,AAMP,SMC4,PSMD14,NCAPG,PSMC3,NUP160,MASTL,AURKB,BIRC5,MED30,RNPS1,RSL1D1,NDC80,PRC1,PRPF40A,DHX8,NUF2,TOP2A,VCP,VPS28,RACGAP1,MAD2L1,CDK1,TICRR,RFC4,WDR75,ACTR2,NOP58,CDC27,GSPT1,NARFL,KIF23,NUBP1,INTS4,INTS2,PRPF8",scrande_SA609_10
CISPLATIN_RESISTANCE,0.224100156494523,0.448200312989045,0.0352966157276666,0.263146861962659,1.21205511707175,33,"CAV1,IGF1R,CUX1,GCLC,NQO1,ERBB2,RAB7A,STAT3,DYRK1B,BRCA2,PIK3CB,BRCA1,TXNDC17,NFKB2",scrande_SA535_10
CORE_FITNESS,0.996085011185682,0.996085011185682,0.0091682595117314,0.0781086801423687,0.535517474176582,177,"WARS,MEPCE,TCP1,SF3B3,MARS,SYMPK,MCM3,PRPF8,MCM2,SUPT6H,SF3B5,ATP6V1A,ATP6V0D1,GTF2E1,RCC1,MCM7,TNPO3,POLR2A,DDX10,TARS,NUTF2,NSF,EIF3B,NAA50,NOP56,UBB,CDT1,AFG3L2,ORC6,PRPF6,PCNA,RPA1,NOL10,PSMB6,NUP155",scrande_SA535_10
CISPLATIN_RESISTANCE,0.423695566888976,0.819552205719353,0.0274898771930395,-0.262728080050519,-1.02681119221123,19,"HSPA5,VIM,NFKB2",scrande_SA1035_12
CORE_FITNESS,0.819552205719353,0.819552205719353,0.0188398060192651,0.117142487059661,0.791477753080875,123,"RABGGTB,THOC3,LSM7,SNRPF,SEC61G,CDK1,SNRPE,TTC27,CENPW,RBX1,ALYREF,EFTUD2,POLR2K,SNRPG,POLR2F,LSM5,MED30,DHX8,SNRPD1,PRPF6,NUP155,SMU1,CDC20,SF3B3,SNRPD2,RCC1,RRN3",scrande_SA1035_12
CISPLATIN_RESISTANCE,0.274316265679622,0.274316265679622,0.0367791390199934,0.393552379370822,1.1705332577684,8,"CAV1,HSPB1,NFKB1,NFKB2",scrande_SA1035_22
CORE_FITNESS,0.0119734872781698,0.0239469745563395,0.193113963346815,0.280217550643342,1.68094371738035,57,"WDR43,THOC3,UBL5,ANKLE2,HNRNPL,UBA52,PSMA2,MCM3,UPF2,SNRPF,SNRPE,PCNA,EIF4A3,UBB,ORC6,GINS2,PPP1CB,NAA38,POLR2F,UXT,BRIX1,DDX18,RSL1D1,HCFC1,INTS2,PDCD7,CBWD1,SNRPD1,LSM7,EIF5,ERH,YBX1,TOMM40,PHB,SAP18,EIF1,SSRP1,PUF60,PSMA4,TCP1,GSPT1,UBE2I,EIF3A,TRAPPC3,EPRS",scrande_SA1035_22
CISPLATIN_RESISTANCE,0.272266473569877,0.544532947139754,0.0404706920896309,-0.247868228901519,-1.16604207508206,28,"ADM,VIM,HSPA5,CAV1",scrande_SA1035_1
CORE_FITNESS,0.923873228221054,0.923873228221054,0.0122759641215751,0.0994245011085335,0.727470831527323,196,"THOC3,CENPW,CDK1,WARS,RABGGTB,AAMP,TTC27,POLR2K,EIF5,RIOK1,ALYREF,ISCU,NIP7,POLR2G,POLR2F,TRAPPC8,MED30,MAD2L1,RPA2,POLA2,CDT1,EFTUD2,PHB2,RBX1,RPA1,SNRPE,RRN3,RCC1,CDK9,CDC23,PSMD3,SF3B3,ATP6V1A,MCM3,USP39,BRF1,RRM2,EIF4E,POLR3F,NAT10,SNAPC3,ANAPC1,CHAF1B,SNRPF,KANSL2,LSM7,VPS25,CDC45,TRMT112,PRELID3B,MED27,DTL,NOP16,RPA3,ORC6,PPP1CB,FARSA,EXOSC7,PRPF19,LSM5,EXOSC3,COPS2,TRAPPC2,SRSF7,CENPM,CDC123,PRMT1,KPNB1,GPN1,POLR2E,NUS1,GINS1,POLR2A,SRSF1,NUTF2,PKMYT1,DYNC1H1,PCID2,GRPEL1,NUDT21,ERH,COPS5,PDCD7,ERCC3,EIF2B5,NUP155,MED31,RRM1,RIOK2,CCT7,TRAPPC11,PSMB5,TUBGCP3,MCM5,CDC6,BRF2,POLR2H,CCNK,DDX54,CPSF3,DHX16,MCM6,TXNL4A,PES1,ATP6V1B2,SS18L2,BANF1,COPZ1,ATP6V0D1,WDR75,PCNA,NARFL,PRPF6,MZT1,SUPT16H,NKAP,SDAD1,DTYMK,XRCC6,DHX9,TOMM40,TOPBP1,CCT3,ACTR2,NEDD8,LSM4,SNRPD1,SF3B5,NIFK,CDC16,GTF2E2,CSTF3,TSG101,SEC61G,SNRPD2,DUT,PSMD1,POLR2B,SNRPG,NAA50,POLR2I,DDB1,ELOC,LSM2,PSMB2,PRPF40A,SRSF3,EIF1AX,PSMD12,RBM17,PSMD11,PSMA3,CCT6A,CCT8,EEF1A1,SNU13,RAN,PSMA1,PSMD2,HNRNPK,EIF2S2,RSL1D1,RBBP6,SFPQ,NARS,SLU7,COPA",scrande_SA1035_1
CISPLATIN_RESISTANCE,0.748480598410472,0.748480598410472,0.0210237143362186,-0.296358350542455,-0.766813908651814,5,"ADM,TYMS",scrande_SA1035_32
CORE_FITNESS,5.46377333378737e-05,0.000109275466675747,0.557332238758646,-0.368912900704207,-2.42878864267945,51,"RRM2,BRIX1,CDK1,HAUS1,RIOK1,NDC80,MAD2L1,CENPN,SEC61G,LSM3,RABGGTB,PFDN2,GINS1,RSL24D1,RFC4,MZT1,BUB3,RPA3,TRMT112,RAN,NUDT21,ALYREF,NAA50,SNRPD3,TUBG1,LSM2,LSM5,ELOC,COPS5,MPHOSPH10,POLR2F,SNRPA1,EIF1,GTF2A2,SAP18,PSMB3,BANF1,DAD1,PSMA5,NAA38,UBB,DYNC1I2,PRPF6,POLR2L,UBTF,AFG3L2",scrande_SA1035_32
CISPLATIN_RESISTANCE,0.427471346704871,0.427471346704871,0.0257685151832717,0.26560054325438,1.02635774899789,21,"XAF1,TXNDC17,SYCE1L,NFKB1,HSP90AA1",scrande_SA1035_2
CORE_FITNESS,0.00409199943558629,0.00818399887117257,0.269842314478839,0.251570518084084,1.61555633837319,181,"UBL5,SNRPF,SEC61G,SNRPE,POLR2L,CENPW,NAA38,POLR2I,RBX1,POLR2F,LSM7,UBA52,SNRPD2,SNRPG,DDX18,NEDD8,LSM3,SNRPD1,RPA3,UXT,TRMT112,POLR2A,WARS,UPF2,CSTF3,LSM5,DHX8,LARS,EIF5,PFDN2,PRPF6,NKAP,SNU13,EIF2S2,HIST1H2BC,SF3B3,DYNC1H1,DAD1,CCNK,TOPBP1",scrande_SA1035_2
CISPLATIN_RESISTANCE,0.150999406293291,0.177998894416805,0.0502149116750946,0.281467877769112,1.31425521453975,26,"BRCA2,IGF1,HSPB1,BRCA1,NQO1,ATF3,HSP90AA1",scrande_SA535_1
CORE_FITNESS,0.177998894416805,0.177998894416805,0.0441317957775226,0.155656800032568,1.20345994754816,148,"CENPW,SPC25,HNRNPL,TOP2A,LUC7L3,CARS,ANKLE2,ORC6,KIF11,EIF2S3,SF3B3,TOPBP1,FBXO5,WEE1,NUTF2,PSMB1,NIP7,EIF1AX,CENPK,CENPM,DYNC1I2,RBM14,TUBGCP4,CTCF,RBM25,NKAP,MAD2L1,PSMD12,INCENP,INTS2,SMC4,TRAPPC2,SRSF3,RFC4,UBB,PDCD7,EIF2B4,SPDL1,UPF1,MED31,U2AF1,CDC6,SRSF2,CSTF3,CHEK1,KIF23,NCAPG,PSMB4,TUBGCP2,PSMA3,SRSF7,EIF5,TUBGCP3,SRSF1,TOP1,PSMA4,RNGTT,CBWD1,EXOSC3,POLD3,TOP3A,ABCE1,CDK11A,PCNA,SNRPD1,SS18L2,DHX15,SNRNP70,DHX16,MDN1,MED4,SNRNP27,NSA2,WDR43,ANAPC5,CENPC,LSM3,PSMD14,UBTF,PHAX,RSL1D1,RACK1,PSMA7,KIN,NARS,PAFAH1B1,ERH,GTF2A2,CCT8,PSMC4,RSL24D1,DYNC1H1,PCID2,EIF3I,PSMA1,PRMT1,NIFK,BANF1,EIF3D,CCT6A,EEF2,UBE2I,PCBP1,INTS11,SEC13",scrande_SA535_1
CISPLATIN_RESISTANCE,0.0930440617311563,0.0930440617311563,0.0692905673045036,0.384510574554223,1.45195620798546,14,"IGF1,HSPB1,BIRC5,ATF3,NFKB2",scrande_SA535_16
CORE_FITNESS,0.00124490812455047,0.00248981624910093,0.45505986738723,0.256242687250865,1.84487956660885,103,"CENPW,HNRNPL,SPC25,DYNC1I2,RRM2,ELOC,UPF2,CDK11A,BIRC5,PRPF6,SYMPK,CBWD1,WDR70,SAP30BP,HIST1H2BN,AURKB,PKMYT1,POLR2I,NDC80,NARS,PSMC4,HIST1H2BC,PSMA6,TOP2A,TUBG1,COPS5,PLK1,MCM5,PSMD12,PPWD1,NPLOC4,DHX8,PRC1,CENPN,TUBGCP2,SARS,PRMT1,MARS,RBM17,INCENP,SF3A2,SNRNP27,CSE1L,DHDDS,DHX16,ANKLE2,EIF2S2,PSMA2,RBM14,MED31,PSMD14,DTYMK,NAA38,AFG3L2,PSMD3,RBM25,RTF2,TARS,GARS,NSA2,PSMA7,PSMC3,EIF2B3,U2AF2,DHX15,CKAP5,PAFAH1B1,VARS,EPRS,MED4,SF3B2,RUVBL2,DYNC1H1,SNRPG,SRSF7,DDX18,LUC7L3,SRSF2,ERH,WDR43,PSMD11,RBX1,TOMM40",scrande_SA535_16
CISPLATIN_RESISTANCE,0.00277766358106994,0.00555532716213989,0.431707695803346,0.462737426638306,2.06143409864621,24,"IGF1,NQO1,ESR1,TYMS,CAV1,TMEM205,ATF3,BCL2,BLM",scrande_SA535_36
CORE_FITNESS,0.0324992809893586,0.0324992809893586,0.13525091239264,0.192314096916036,1.44284110795007,154,"RRM2,HAUS1,CENPK,RAN,RFC5,EPRS,SF3B3,PCNA,NIP7,CDT1,CENPN,CDC45,SS18L2,PUF60,TOP2A,NCAPG,DUT,DTL,GINS2,ISCU,RRM1,MAD2L1,NARS,GTF2E2,ATP2A2,CENPM,CDK1,MZT1,SMC4,ORC6,NUTF2,MCM3,CHEK1,NDC80,ATP6V0D1,ACTR10,MED30,SPC25,TONSL,POLR2E,SART3,UTP20,THOC3,IARS,TRAPPC8,ANAPC5,COPS5,RPA1,HCFC1,PSMB5,RACK1,BUB3,PSMA7,PSMA1,LSM3,TXNL4A,GTF2A2,RPA2,PSMA3,EXOSC7,CTCF,TCP1,DDX54,CSE1L,PSMB1,EIF1,NSL1,LSM4,EEF2,SDAD1,TUBA1C,EIF3I,POLR2K,CPSF3,NOL10,SF3B5,CCT5,CCT2,VPS28,POLR2F,ANKLE2,SAP18,SNRPF,UBB,PSMB7,ATP6V1A,EIF3D,TOMM40,EIF5,CCT8,LARS,RBMX,PSMD14,PSMD2,UFD1,XRCC6,PRELID1,HNRNPK,GSPT1,RBM25,PSMA2,LUC7L3,PRPF8",scrande_SA535_36
CISPLATIN_RESISTANCE,0.665148904750185,0.848547078755519,0.0133038068240256,0.187979894675158,0.846510427935156,34,"TYMS,IGF1,AKT1,CDK4,BIRC5,CLU,MAPK3,MAD2L2",scrande_SA535_4
CORE_FITNESS,0.848547078755519,0.848547078755519,0.00661426475340225,0.119435549102053,0.785802423218254,256,"CDC20,RRM2,CDK1,MAD2L1,AURKB,PLK1,COPS5,PSMC3,PSMD3,TOP2A,NDC80,PUF60,TUBG1,CCT3,MZT1,THOC5,CCT7,KIF23,TOMM40,EIF3I,POLD2,PSMD11,DTYMK,BIRC5,TUBB,PRMT1,PSMD2,INTS11,RFC4,LSM4,PKMYT1,BUB3,RBMX,EIF3D,RUVBL2,PHB2,PES1,PSMC1,PSMD14,SRSF2,YARS,CDC123,GTF2E2,DDX56,GPN1,CSE1L,KIF11,CDC6,SMC4,TUBA1C,PSMC4,FARSA,AAMP,RAN,CDT1,SF3A3,CDC27,VCP,MCM5,MCM7,SRSF7,XRCC6,PHB,IGBP1,NUF2,TUBGCP3,UFD1,ATP6V0D1,BRF2,MCM3,SF3A2,POLR2E,PCID2,CCT5,RTF2,SDAD1,NAPA,VPS25,PRELID1,CCT8,SSU72,PRPF38A,EIF5,NOL10",scrande_SA535_4
CISPLATIN_RESISTANCE,0.806290095446722,0.806290095446722,0.0139938104186122,0.198026952845928,0.713649963061785,15,"KDM1A,BIRC5,NQO1,TYMS,BRCA2,CDK4,HSPB1,PTK2,MSH2,MAPK6",scrande_SA535_5
CORE_FITNESS,0.209267748730021,0.418535497460042,0.0320085432323416,0.172133661297747,1.19728318851875,150,"HAUS1,AURKB,NDC80,NARS,TOP2A,UTP20,CENPM,NCAPG,TOMM40,CHAF1B,UPF2,LUC7L3,WDR43,GINS1,PLK1,NUF2,CDC6,CDK1,POLR1B,SMC4,PUF60,BIRC5,EXOSC3,HEATR1,TONSL,TTC27,PRC1,CDC20,PRMT1,CPSF3,SRSF7,MCM3,SSRP1,UPF1,MAD2L1,SF3B3,WDR12,AFG3L2,CSE1L,RACGAP1,CSTF3,PES1,CHEK1,IARS,ORC6,FBXO5,GTF2E1,NUTF2,CENPN,ANKLE2,ALYREF,NOP16,SRSF3,PSMD3,NIP7,CENPK,MTREX,PSMA7,TSR2,GPN2,DDX10,EXOSC7,RBM17,BUB3,NSL1,TUBGCP3,SNRPD1,MCM7,CTDP1,RBM25,GTPBP4,CCT2,TOPBP1,NOL10,MDN1,RUVBL2,CCT5,POLR3F,NAT10,SRSF1,LARS,SRSF2,RCC1,TTC1,CPSF2,ANAPC5,NOP56,SUPT16H,NPLOC4,NAA50",scrande_SA535_5
CISPLATIN_RESISTANCE,0.776415891800507,0.776415891800507,0.0189331368924328,-0.214557095875832,-0.736723207519016,11,"VIM,HSPA5,PIK3CB,STAT3",scrande_SA535_52
CORE_FITNESS,0.698817528402504,0.776415891800507,0.0219671367097621,-0.130483884161381,-0.84631811816316,68,"POLR2C,SDE2,SRP54,COPB1,PPP1CB,COPA,DHX16,MAK16,EEF1A1,NUDT21,SEC61G,RBBP6,EIF2S3,EIF1,COPB2,CDC5L,PSMA5,RABGGTB,EIF1AX,DAD1,BANF1,NEDD8,POLR2I,SNU13,SNRPB,PSMA2,LSM4,PSMA7,NAA38,RAN,SRSF7,RBM17,POLR2E,ELOC,LSM7,SNRPD1,POLR2K,UBL5,POLR2G,PSMC3,SSRP1,RPF2,PRMT1,SNRPF,PSMB6,HNRNPL,BUB3,VPS28,ALYREF,PSMD3,SNRPD2,PUF60,UPF1,EXOSC3,U2AF2,SNRPG,NOP16,TOMM40",scrande_SA535_52
CISPLATIN_RESISTANCE,0.139600521059488,0.139600521059488,0.0550577664801399,0.294130592929605,1.34172424907188,27,"NQO1,IGF1,TYMS,ESR1,MAD2L2,TMEM205,HSP90AA1,BIRC5,BRCA1,BLM,MCAT,BRCA2",scrande_SA535_3
CORE_FITNESS,0.0976645435244161,0.139600521059488,0.0694651820488472,0.175011660400947,1.28104880984688,163,"CARS,SPC25,ORC6,PSMB1,PLK1,TOP2A,GINS2,SF3B3,NCAPG,AURKB,NIP7,RRM2,NDC80,NUTF2,CENPK,MAD2L1,KIF23,NUDT21,PCNA,INCENP,CENPM,WARS,NUF2,SS18L2,EIF1AX,MCM3,BIRC5,GINS1,CENPN,CDT1,CHEK1,TONSL,SMC4,TUBGCP2,RAN,LSM4,LSM3,CTCF,PDCD7,UBB,CDC45,ERH,ATP6V0D1,BUB3,DTYMK,TXNL4A,RACGAP1,RFC4,EIF3I,CENPW,SNRPB,KIF11,EIF2S3,RSL1D1,THOC3,BANF1,RPA2,TOPBP1,TUBB,POLR2E,CDK1,CBWD1,GTF2A2,PRC1,CCT2,NKAP,TUBG1,TSR2,FBXO5,MCM5,SNRPD1,PRMT1,EIF2B2,YJU2,POLR2F,XRCC6,EXOSC3,SRSF1,MED30,EIF5,POLR2H,SAP18,PHB,POLR2C,PSMA1,POLR2G,CDC27,MZT1,PCID2,RPA1,SRSF2,TUBA1C,ISCU,VPS25,PSMD14,PSMA7,PRELID1,RANGAP1,PSMB7,TRMT112,DYNC1I2,PSMA4,PSMB5,FARSA,TOMM40,GSPT1,LUC7L3,PUF60,RACK1,PSMB3,EIF1,PSMD3,RTF2,DUT,PSMB6,RUVBL2,RBMX,DAD1,PPP1CB,COPB1,SSU72,SCFD1,NARS",scrande_SA535_3
CISPLATIN_RESISTANCE,0.0288228542277771,0.0288228542277771,0.0949835566636969,0.362968610207275,1.61658402971289,32,"CLU,TUBA1A,CUX1,PTK2,SETD2,BRCA1,BIRC5,HSPB1",scrande_SA609_1
CORE_FITNESS,7.51842579196643e-06,1.50368515839329e-05,0.610526878385931,-0.196694832955479,-1.93961441841,242,"POLR2K,PHB2,NOP16,RACK1,PFDN2,MCM2,SEC61G,TRMT112,MED11,NEDD8,CDC123,EXOSC3,EEF1A1,PRELID1,NIP7,RSL24D1,CDK9,RIOK1,AAMP,SNU13,SRSF7,SNRPB,DUT,BRIX1,SUPT16H,TSG101,NOL10,FARSA,THOC3,HEATR1,RSL1D1,POLR1B,RBMX,NIFK,PRPF19,POLR2F,NUDT21,PSMB4,ALYREF,NSA2,RPF2,SCFD1,CRNKL1,PSMA5,LARS,EIF2S3,U2SURP,SNRPF,CENPK,GTPBP4,TTC27,MZT1,MCM6,SRSF1,PCNA,RABGGTB,WDR75,TTC1,EIF3D,RPA3,EIF3F,SNRPG,SPDL1,PSMC4,HCFC1,PPIL2,POLR2B,CCT5,POLR2H,IGBP1,UXT,LSM4,SNRPD2,CDK1,RIOK2,EIF4A3,NUTF2,PSMB5,CDC45,U2AF2,UBA1,DDX18,QARS,GPN1,MCM7,MARS,RAN,SNRPD1,EIF3I,EEF2,GNL3,TUBB,KARS,HAUS1,NSL1,SSU72,ERH,COPZ1,SNRPE,EXOSC7,PSMC6,CENPW,NARS,PAFAH1B1,VARS,WDR33,SNRNP200,NOP58,CDC27",scrande_SA609_1
CISPLATIN_RESISTANCE,0.144332210998878,0.144332210998878,0.0375630911879726,0.289223704987743,1.29822500428893,50,"STAT3,TUBA1A,PTK2,BRCA1,CUX1,BRCA2,SETD2,EPHB2,RAB8A,IGF1R,FANCA,ROR2,BLM,AKT1,DYRK1B,MAPK8IP2,CREB1",scrande_SA609_2
CORE_FITNESS,5.6889299720626e-07,1.13778599441252e-06,0.659444398037935,-0.201758655471585,-1.83456987276693,287,"NOP16,POLR2K,RPF2,PHB2,RACK1,PSMB5,NEDD8,TTC1,MARS,FCF1,UBL5,NSA2,PRELID1,SNRPG,SUPT16H,CDC123,SNRPF,RBMX,FARSA,MED31,SNRPD3,POLR1B,PPIL2,SPDL1,EEF1A1,PFDN2,NIFK,THOC3,EIF2S2,BRIX1,WDR70,NIP7,DDX18,TFIP11,EXOSC3,CCT5,EEF2,RIOK1,UBA52,SLU7,SNRPD2,CENPW,TARS,RABGGTB,CARS,MED4,RSL24D1,USP39,UPF2,POLR2L,RUVBL2,NARS,SNRNP27,NCBP2,PSMD14,MAK16,EIF2B4,DHX37,NOL10,EIF2S3,CRNKL1,HIST1H2BN,EIF3F,HIST1H2BF,KANSL2,PRPF19,DAD1,SNW1,RAN,THOC5,WDR43,UBA1,RSL1D1,U2SURP,GTPBP4,SNRPD1,RACGAP1,KARS,PSMC1,COPS5,HEATR1,NAA50,SSU72,HAUS4,CDK9,RNPS1,POLR3B,GPN2,NUS1,IGBP1,EIF3I,SEC61G,SARS,CPSF2,TUBA1C,NRDE2,PRPF38B,CCT2,NUP133,ESPL1,COPZ1,POLR2F,PSMA6,MED20,EIF2B2,PSMD1,EIF2S1,SF3B4,GNL3",scrande_SA609_2
CISPLATIN_RESISTANCE,0.0890059249506254,0.0890059249506254,0.0536013074154146,0.30081365470374,1.38992926035684,47,"REV3L,TUBA1A,BRCA1,STAT3,FANCA,BLM,IGF1R,RAB8A,PTK2,SETD2,CUX1,HSPA5",scrande_SA609_22
CORE_FITNESS,0.00037448755735716,0.00074897511471432,0.49849310876659,-0.189113531062259,-1.54835802202642,281,"NOP16,POLR2K,MED31,MARS,POLR2L,SNRPG,PSMB5,RIOK1,TTC1,NEDD8,SNRPF,PRPF19,THOC3,SNRPD2,PHB2,PRELID1,RAN,RBMX,RUVBL2,UBL5,EIF2S2,FCF1,NOL10,TUBA1C,MED11,POLR1B,DHX37,EIF2B2,DDX54,PFDN2,CDK9,NIFK,UTP20,RACK1,RABGGTB,NIP7,EXOSC3,NCBP2,CARS,FARSA,RPF2,NEDD1,SNRNP27,EIF1AX,SNRPE,ISCU,PSMD14,GARS,CDC20,SUPT16H,EIF2S3,SF3B4,SPDL1,NSL1,TRMT112,GPN2,DDX18,NSA2,SCFD1,EIF3I,HEATR1,DAD1,HNRNPL,PSMC4,SEC61G,RANGAP1,CRNKL1",scrande_SA609_22
CISPLATIN_RESISTANCE,0.112219056663501,0.112219056663501,0.052245431012121,0.307093988346686,1.37652603761427,36,"STAT3,TUBA1A,PTK2,CUX1,SETD2,HSPB1,CLU,BRCA2",scrande_SA609_23
CORE_FITNESS,1e-10,2e-10,,-0.328569850248142,-2.57634983831166,262,"NOP16,POLR2K,RPF2,PHB2,PRELID1,MARS,CDC123,RACK1,CCT5,RABGGTB,PSMB5,CARS,EXOSC3,POLR1B,THOC3,NIP7,FARSA,CDK9,TTC1,MCM2,NEDD8,EEF2,RACGAP1,SSU72,DTYMK,TUBA1C,NAA50,RIOK1,YARS,THOC5,CENPN,USP39,NOL10,SUPT16H,PSMA2,NUP133,BRIX1,RSL24D1,UBA1,ALYREF,DAD1,SNRPD3,TARS,PES1,PFDN2,RUVBL2,NUTF2,CPSF3,RANGAP1,EEF1A1,EIF2S1,EIF3I,PRPF19,RCC1,TSG101,COPS5,CDC20,NIFK,PSMB1,UFD1,PSMD11,NUP155,HEATR1,MED4,DUT,WDR12,SCFD1,MASTL,CCT2,GPN2,SLU7,POLR2C,RAN,KARS,EIF3F,COPZ1,ERH,TTC27,SPDL1,RNPS1,GTPBP4,RSL1D1,SF3B3,RBMX,RFC5,PSMD1,CCT7,DBR1,NUDT21,ESPL1,EIF2S3,POLR2D,PSMD6,SEC13,SNRPB,GARS,PSMC1,PSMC4,SYMPK,CDC45,SF3A3,SF3A1,MED20,GPN1,PSMA5,NCBP2,ERCC3,PSMB2,EIF3B,DTL,PSMA3",scrande_SA609_23
CISPLATIN_RESISTANCE,0.15472,0.15472,0.0441065180734917,0.292325090722328,1.30641312373946,35,"STAT3,TUBA1A,PTK2,CUX1,HSPB1,SETD2,BRCA2,BRCA1,IGF1R",scrande_SA609_3
CORE_FITNESS,1e-10,2e-10,,-0.34184744400045,-2.65513456775759,255,"NOP16,POLR2K,PHB2,PRELID1,RPF2,PSMB5,RACK1,MARS,CDC123,CCT5,CARS,EXOSC3,POLR1B,TUBA1C,DTYMK,NIP7,NEDD8,SSU72,FARSA,TTC1,CDC20,RACGAP1,THOC3,USP39,RUVBL2,RIOK1,CDK9,EEF2,RANGAP1,NAA50,NOL10,YARS,EIF2S1,EIF3I,DAD1,NUP133,MCM2,TARS,PES1,ALYREF,CENPN,BRIX1,PSMD11,RABGGTB,SUPT16H,RAN,UFD1,GTPBP4,PRPF19,CCT2,HEATR1,PSMD1,NUTF2,PSMB1,THOC5,NIFK,COPS5,PFDN2,PSMA2,RCC1,SNRPD3,EEF1A1,RNPS1,WDR12,POLR2D,TSG101,SPDL1,GARS,EIF3B,UBA1,MED4,SNRPB,POLR2C,NUP155,CPSF3,PLK1,CCT7,GPN2,ERCC3,COPZ1,EIF2B2,CCT6A,RSL1D1,PSMC4,ERH,TTC27,ARL2,EIF2S3,SF3B3,RBMX,SCFD1,NCBP2,KARS,PSMD6,EIF3F,PSMB6,PSMC1,SF3B5,PRMT1,SF3A3,SRSF7,YBX1,MED11,RSL24D1,DDX56,CCT3,SYMPK,GSPT1,EIF5,NSL1,CDK1,BUB3,GPN1,MCM3,CDC45,RFC5,POLD1,PSMB2,RPA1,NUS1,POLR2H,SLU7,CENPW",scrande_SA609_3
CISPLATIN_RESISTANCE,0.60369079881275,0.60369079881275,0.0153898722735393,0.20427415767813,0.900119222905184,41,"STAT3,FOS,PTK2,FANCA,ATF3,IGF1R,SETD2,BRCA2",scrande_SA609_24
CORE_FITNESS,1.65932475870198e-09,3.31864951740395e-09,0.788186810800237,-0.277355747569275,-2.25764569560425,272,"UBL5,SNRPG,SNRPD2,SNRPF,SEC61G,PFDN2,POLR2K,CENPW,UBA52,SNRPE,RPF2,NEDD8,DDX18,NOP16,PHB2,MARS,SNRPD3,MED31,POLR2L,POLR2F,UXT,LSM7,PSMD1,SNRPD1,POLR1B,CARS,NIFK,TTC1,NAA38,UBA1,MAK16,CDC123,TRMT112,SNU13,CCT5,THOC5,CDK9,RABGGTB,LSM5,SUPT16H,RBX1,RIOK1,CWC22,FARSA,PSMB5,PRELID1,RPA3,EIF2S3,DHX8,NSA2,EIF2S2,WDR75,LSM3,NIP7,CRNKL1,RNPS1,UPF2,WDR12,HEATR1,GPN2,DTL,PES1,TARS,PSMD14,ELOC,POLR2D,SF3B5,LARS,PSMA2,USP39,PSMD11,RSL1D1,RANGAP1,KARS,MCM6,MED20,POLR2A,DAD1,NCBP2,GSPT1",scrande_SA609_24
CISPLATIN_RESISTANCE,0.297639123102867,0.297639123102867,0.0278354169200699,0.272226662854738,1.14034616965474,32,"STAT3,ATF3,FOS,PTK2,FANCA,IGF1R,HSPA5",scrande_SA609_4
CORE_FITNESS,2.69122269050153e-07,5.38244538100306e-07,0.674962860011025,-0.252420570566538,-2.02114123623236,256,"POLR2K,RPF2,UBL5,SNRPG,SNRPD2,PHB2,SNRPF,NOP16,SEC61G,DDX18,PFDN2,NEDD8,CENPW,MARS,UBA52,SNRPE,POLR1B,UBA1,MED31,SNRPD3,CARS,POLR2L,PSMD1,TTC1,CDC123,CDK9,SUPT16H,CWC22,CCT5,PSMA2,LSM7,PSMB5,PRELID1,THOC5,NIFK,FARSA,RIOK1,NAA38,UXT,POLR2F,EIF2S3,PSMD11,HEATR1,PES1,SNRPD1,NIP7,RNPS1,MAK16,CRNKL1,POLR2D,RSL1D1,WDR75,WDR12,RABGGTB,ERCC3,PSMD14,GPN2,BRIX1,GSPT1,POLR2C,GTPBP4,CPSF2,USP39,NUP133,SLU7,UPF2,LARS,SSU72,TARS,DHX8,EXOSC3,DTL,MCM6,SNU13,KARS,PSMA6,NOL10,UTP20,TOP3A,NUP155,EIF2S2,RUVBL2,POLR2A,COPZ1,WDR70,RANGAP1,NCBP2,CDK11A,ATP6V1E1,EEF2,WARS,GNL3,POLR3A,NUS1,TRMT112,NSA2,RACGAP1,SF3B5,MCM3,TOPBP1,MCM2,RPA3,DARS,EIF2B2",scrande_SA609_4
