Sample,Barcode,cell_id,id,clone
.cache/SCRNA10X_SA_CHIP0079_002/filtered_feature_bc_matrix,AAAGAACAGGACCCAA-1,SA1035X6XB03211_AAAGAACAGGACCCAA-1,SA1035X6XB03211,G
.cache/SCRNA10X_SA_CHIP0079_002/filtered_feature_bc_matrix,AAAGGTAGTTGCTCAA-1,SA1035X6XB03211_AAAGGTAGTTGCTCAA-1,SA1035X6XB03211,H_K
.cache/SCRNA10X_SA_CHIP0079_002/filtered_feature_bc_matrix,AAAGTCCAGCGGCTCT-1,SA1035X6XB03211_AAAGTCCAGCGGCTCT-1,SA1035X6XB03211,B
.cache/SCRNA10X_SA_CHIP0079_002/filtered_feature_bc_matrix,AAATGGATCGTTGTAG-1,SA1035X6XB03211_AAATGGATCGTTGTAG-1,SA1035X6XB03211,unassigned
.cache/SCRNA10X_SA_CHIP0079_002/filtered_feature_bc_matrix,AACAAAGAGACACACG-1,SA1035X6XB03211_AACAAAGAGACACACG-1,SA1035X6XB03211,B
.cache/SCRNA10X_SA_CHIP0079_002/filtered_feature_bc_matrix,AACAAAGGTCTTTCAT-1,SA1035X6XB03211_AACAAAGGTCTTTCAT-1,SA1035X6XB03211,B
.cache/SCRNA10X_SA_CHIP0079_002/filtered_feature_bc_matrix,AACCAACGTTCTATCT-1,SA1035X6XB03211_AACCAACGTTCTATCT-1,SA1035X6XB03211,I
.cache/SCRNA10X_SA_CHIP0079_002/filtered_feature_bc_matrix,AACCACAGTACTGCCG-1,SA1035X6XB03211_AACCACAGTACTGCCG-1,SA1035X6XB03211,I
.cache/SCRNA10X_SA_CHIP0079_002/filtered_feature_bc_matrix,AACCATGGTCAGTCTA-1,SA1035X6XB03211_AACCATGGTCAGTCTA-1,SA1035X6XB03211,G
.cache/SCRNA10X_SA_CHIP0079_002/filtered_feature_bc_matrix,AACCCAAAGTAGAATC-1,SA1035X6XB03211_AACCCAAAGTAGAATC-1,SA1035X6XB03211,B
.cache/SCRNA10X_SA_CHIP0079_002/filtered_feature_bc_matrix,AACCTTTTCTTACCAT-1,SA1035X6XB03211_AACCTTTTCTTACCAT-1,SA1035X6XB03211,G
.cache/SCRNA10X_SA_CHIP0079_002/filtered_feature_bc_matrix,AACGAAAGTGAGACCA-1,SA1035X6XB03211_AACGAAAGTGAGACCA-1,SA1035X6XB03211,C
.cache/SCRNA10X_SA_CHIP0079_002/filtered_feature_bc_matrix,AACGGGATCATTGTTC-1,SA1035X6XB03211_AACGGGATCATTGTTC-1,SA1035X6XB03211,G
.cache/SCRNA10X_SA_CHIP0079_002/filtered_feature_bc_matrix,AACGTCACACAGTGTT-1,SA1035X6XB03211_AACGTCACACAGTGTT-1,SA1035X6XB03211,G
.cache/SCRNA10X_SA_CHIP0079_002/filtered_feature_bc_matrix,AAGACTCCACCCAACG-1,SA1035X6XB03211_AAGACTCCACCCAACG-1,SA1035X6XB03211,H_K
.cache/SCRNA10X_SA_CHIP0079_002/filtered_feature_bc_matrix,AAGATAGGTACTTCCC-1,SA1035X6XB03211_AAGATAGGTACTTCCC-1,SA1035X6XB03211,B
.cache/SCRNA10X_SA_CHIP0079_002/filtered_feature_bc_matrix,AAGCATCCAGAGGACT-1,SA1035X6XB03211_AAGCATCCAGAGGACT-1,SA1035X6XB03211,H_K
.cache/SCRNA10X_SA_CHIP0079_002/filtered_feature_bc_matrix,AAGCATCTCTACGGTA-1,SA1035X6XB03211_AAGCATCTCTACGGTA-1,SA1035X6XB03211,G
.cache/SCRNA10X_SA_CHIP0079_002/filtered_feature_bc_matrix,AAGGAATTCCACACCT-1,SA1035X6XB03211_AAGGAATTCCACACCT-1,SA1035X6XB03211,B
.cache/SCRNA10X_SA_CHIP0079_002/filtered_feature_bc_matrix,AAGGTAAAGCTTGTGT-1,SA1035X6XB03211_AAGGTAAAGCTTGTGT-1,SA1035X6XB03211,C
.cache/SCRNA10X_SA_CHIP0079_002/filtered_feature_bc_matrix,AATAGAGGTTAGCGGA-1,SA1035X6XB03211_AATAGAGGTTAGCGGA-1,SA1035X6XB03211,H_K
.cache/SCRNA10X_SA_CHIP0079_002/filtered_feature_bc_matrix,AATCGTGCACGATAGG-1,SA1035X6XB03211_AATCGTGCACGATAGG-1,SA1035X6XB03211,B
.cache/SCRNA10X_SA_CHIP0079_002/filtered_feature_bc_matrix,AATCGTGTCAGCAGAG-1,SA1035X6XB03211_AATCGTGTCAGCAGAG-1,SA1035X6XB03211,G
.cache/SCRNA10X_SA_CHIP0079_002/filtered_feature_bc_matrix,AATGAAGTCTGCGATA-1,SA1035X6XB03211_AATGAAGTCTGCGATA-1,SA1035X6XB03211,I
.cache/SCRNA10X_SA_CHIP0079_002/filtered_feature_bc_matrix,AATTCCTCACTTCAAG-1,SA1035X6XB03211_AATTCCTCACTTCAAG-1,SA1035X6XB03211,I
.cache/SCRNA10X_SA_CHIP0079_002/filtered_feature_bc_matrix,AATTTCCCAATACGAA-1,SA1035X6XB03211_AATTTCCCAATACGAA-1,SA1035X6XB03211,H_K
.cache/SCRNA10X_SA_CHIP0079_002/filtered_feature_bc_matrix,AATTTCCCATCGAGCC-1,SA1035X6XB03211_AATTTCCCATCGAGCC-1,SA1035X6XB03211,G
.cache/SCRNA10X_SA_CHIP0079_002/filtered_feature_bc_matrix,AATTTCCGTCAACCAT-1,SA1035X6XB03211_AATTTCCGTCAACCAT-1,SA1035X6XB03211,C
.cache/SCRNA10X_SA_CHIP0079_002/filtered_feature_bc_matrix,ACACGCGAGTACCCTA-1,SA1035X6XB03211_ACACGCGAGTACCCTA-1,SA1035X6XB03211,B
.cache/SCRNA10X_SA_CHIP0079_002/filtered_feature_bc_matrix,ACACTGATCTCAACCC-1,SA1035X6XB03211_ACACTGATCTCAACCC-1,SA1035X6XB03211,B
.cache/SCRNA10X_SA_CHIP0079_002/filtered_feature_bc_matrix,ACAGAAAGTGAGCAGT-1,SA1035X6XB03211_ACAGAAAGTGAGCAGT-1,SA1035X6XB03211,C
.cache/SCRNA10X_SA_CHIP0079_002/filtered_feature_bc_matrix,ACAGCCGAGACTAGAT-1,SA1035X6XB03211_ACAGCCGAGACTAGAT-1,SA1035X6XB03211,C
.cache/SCRNA10X_SA_CHIP0079_002/filtered_feature_bc_matrix,ACAGGGACATTGCAAC-1,SA1035X6XB03211_ACAGGGACATTGCAAC-1,SA1035X6XB03211,I
.cache/SCRNA10X_SA_CHIP0079_002/filtered_feature_bc_matrix,ACATGCACATATGCGT-1,SA1035X6XB03211_ACATGCACATATGCGT-1,SA1035X6XB03211,I
.cache/SCRNA10X_SA_CHIP0079_002/filtered_feature_bc_matrix,ACCAACAAGTGGTTCT-1,SA1035X6XB03211_ACCAACAAGTGGTTCT-1,SA1035X6XB03211,H_K
.cache/SCRNA10X_SA_CHIP0079_002/filtered_feature_bc_matrix,ACCAACACACACTTAG-1,SA1035X6XB03211_ACCAACACACACTTAG-1,SA1035X6XB03211,C
.cache/SCRNA10X_SA_CHIP0079_002/filtered_feature_bc_matrix,ACCATTTCACAAAGTA-1,SA1035X6XB03211_ACCATTTCACAAAGTA-1,SA1035X6XB03211,H_K
.cache/SCRNA10X_SA_CHIP0079_002/filtered_feature_bc_matrix,ACCCTTGCATGACCCG-1,SA1035X6XB03211_ACCCTTGCATGACCCG-1,SA1035X6XB03211,B
.cache/SCRNA10X_SA_CHIP0079_002/filtered_feature_bc_matrix,ACCTACCAGATTAGAC-1,SA1035X6XB03211_ACCTACCAGATTAGAC-1,SA1035X6XB03211,G
.cache/SCRNA10X_SA_CHIP0079_002/filtered_feature_bc_matrix,ACCTGTCAGAAACCCG-1,SA1035X6XB03211_ACCTGTCAGAAACCCG-1,SA1035X6XB03211,H_K
.cache/SCRNA10X_SA_CHIP0079_002/filtered_feature_bc_matrix,ACCTGTCGTAGGCAGT-1,SA1035X6XB03211_ACCTGTCGTAGGCAGT-1,SA1035X6XB03211,B
.cache/SCRNA10X_SA_CHIP0079_002/filtered_feature_bc_matrix,ACGGAAGGTCCCGGTA-1,SA1035X6XB03211_ACGGAAGGTCCCGGTA-1,SA1035X6XB03211,C
.cache/SCRNA10X_SA_CHIP0079_002/filtered_feature_bc_matrix,ACGGGTCAGCTGACTT-1,SA1035X6XB03211_ACGGGTCAGCTGACTT-1,SA1035X6XB03211,G
.cache/SCRNA10X_SA_CHIP0079_002/filtered_feature_bc_matrix,ACGGGTCCACTGAGGA-1,SA1035X6XB03211_ACGGGTCCACTGAGGA-1,SA1035X6XB03211,G
.cache/SCRNA10X_SA_CHIP0079_002/filtered_feature_bc_matrix,ACGGTCGAGGGTCTTT-1,SA1035X6XB03211_ACGGTCGAGGGTCTTT-1,SA1035X6XB03211,I
.cache/SCRNA10X_SA_CHIP0079_002/filtered_feature_bc_matrix,ACGGTCGGTCGGCACT-1,SA1035X6XB03211_ACGGTCGGTCGGCACT-1,SA1035X6XB03211,G
.cache/SCRNA10X_SA_CHIP0079_002/filtered_feature_bc_matrix,ACGGTCGTCTCATAGG-1,SA1035X6XB03211_ACGGTCGTCTCATAGG-1,SA1035X6XB03211,C
.cache/SCRNA10X_SA_CHIP0079_002/filtered_feature_bc_matrix,ACGGTTAAGTCAGAGC-1,SA1035X6XB03211_ACGGTTAAGTCAGAGC-1,SA1035X6XB03211,G
.cache/SCRNA10X_SA_CHIP0079_002/filtered_feature_bc_matrix,ACGTAACCATCCTTGC-1,SA1035X6XB03211_ACGTAACCATCCTTGC-1,SA1035X6XB03211,H_K
.cache/SCRNA10X_SA_CHIP0079_002/filtered_feature_bc_matrix,ACGTACATCGTGCACG-1,SA1035X6XB03211_ACGTACATCGTGCACG-1,SA1035X6XB03211,C
.cache/SCRNA10X_SA_CHIP0079_002/filtered_feature_bc_matrix,ACGTAGTTCACCTTAT-1,SA1035X6XB03211_ACGTAGTTCACCTTAT-1,SA1035X6XB03211,B
.cache/SCRNA10X_SA_CHIP0079_002/filtered_feature_bc_matrix,ACGTAGTTCCTTCTTC-1,SA1035X6XB03211_ACGTAGTTCCTTCTTC-1,SA1035X6XB03211,I
.cache/SCRNA10X_SA_CHIP0079_002/filtered_feature_bc_matrix,ACTGTCCGTTCAAAGA-1,SA1035X6XB03211_ACTGTCCGTTCAAAGA-1,SA1035X6XB03211,B
.cache/SCRNA10X_SA_CHIP0079_002/filtered_feature_bc_matrix,ACTGTGAAGACTTCGT-1,SA1035X6XB03211_ACTGTGAAGACTTCGT-1,SA1035X6XB03211,G
.cache/SCRNA10X_SA_CHIP0079_002/filtered_feature_bc_matrix,ACTGTGAAGCACTCGC-1,SA1035X6XB03211_ACTGTGAAGCACTCGC-1,SA1035X6XB03211,B
.cache/SCRNA10X_SA_CHIP0079_002/filtered_feature_bc_matrix,ACTTCCGAGCTAGATA-1,SA1035X6XB03211_ACTTCCGAGCTAGATA-1,SA1035X6XB03211,H_K
.cache/SCRNA10X_SA_CHIP0079_002/filtered_feature_bc_matrix,ACTTCCGTCATTGCGA-1,SA1035X6XB03211_ACTTCCGTCATTGCGA-1,SA1035X6XB03211,H_K
.cache/SCRNA10X_SA_CHIP0079_002/filtered_feature_bc_matrix,AGAAATGTCGCGGTAC-1,SA1035X6XB03211_AGAAATGTCGCGGTAC-1,SA1035X6XB03211,C
.cache/SCRNA10X_SA_CHIP0079_002/filtered_feature_bc_matrix,AGAAGCGTCGGTAACT-1,SA1035X6XB03211_AGAAGCGTCGGTAACT-1,SA1035X6XB03211,I
.cache/SCRNA10X_SA_CHIP0079_002/filtered_feature_bc_matrix,AGACAAAAGTCATGAA-1,SA1035X6XB03211_AGACAAAAGTCATGAA-1,SA1035X6XB03211,G
.cache/SCRNA10X_SA_CHIP0079_002/filtered_feature_bc_matrix,AGACAAACAGGTATGG-1,SA1035X6XB03211_AGACAAACAGGTATGG-1,SA1035X6XB03211,G
.cache/SCRNA10X_SA_CHIP0079_002/filtered_feature_bc_matrix,AGACACTTCTTAGCTT-1,SA1035X6XB03211_AGACACTTCTTAGCTT-1,SA1035X6XB03211,I
.cache/SCRNA10X_SA_CHIP0079_002/filtered_feature_bc_matrix,AGACAGGGTTACCTGA-1,SA1035X6XB03211_AGACAGGGTTACCTGA-1,SA1035X6XB03211,H_K
.cache/SCRNA10X_SA_CHIP0079_002/filtered_feature_bc_matrix,AGAGAATTCCGTAATG-1,SA1035X6XB03211_AGAGAATTCCGTAATG-1,SA1035X6XB03211,B
.cache/SCRNA10X_SA_CHIP0079_002/filtered_feature_bc_matrix,AGAGCAGGTCGCGTCA-1,SA1035X6XB03211_AGAGCAGGTCGCGTCA-1,SA1035X6XB03211,B
.cache/SCRNA10X_SA_CHIP0079_002/filtered_feature_bc_matrix,AGATCCACACCATAAC-1,SA1035X6XB03211_AGATCCACACCATAAC-1,SA1035X6XB03211,I
.cache/SCRNA10X_SA_CHIP0079_002/filtered_feature_bc_matrix,AGATGCTTCCAAGCCG-1,SA1035X6XB03211_AGATGCTTCCAAGCCG-1,SA1035X6XB03211,H_K
.cache/SCRNA10X_SA_CHIP0079_002/filtered_feature_bc_matrix,AGCCAATGTCAAAGCG-1,SA1035X6XB03211_AGCCAATGTCAAAGCG-1,SA1035X6XB03211,B
.cache/SCRNA10X_SA_CHIP0079_002/filtered_feature_bc_matrix,AGCCACGCACCATAAC-1,SA1035X6XB03211_AGCCACGCACCATAAC-1,SA1035X6XB03211,C
.cache/SCRNA10X_SA_CHIP0079_002/filtered_feature_bc_matrix,AGCCAGCCACTACCGG-1,SA1035X6XB03211_AGCCAGCCACTACCGG-1,SA1035X6XB03211,B
.cache/SCRNA10X_SA_CHIP0079_002/filtered_feature_bc_matrix,AGCCAGCCAGAGGTTG-1,SA1035X6XB03211_AGCCAGCCAGAGGTTG-1,SA1035X6XB03211,H_K
.cache/SCRNA10X_SA_CHIP0079_002/filtered_feature_bc_matrix,AGCCAGCGTGAGCTCC-1,SA1035X6XB03211_AGCCAGCGTGAGCTCC-1,SA1035X6XB03211,B
.cache/SCRNA10X_SA_CHIP0079_002/filtered_feature_bc_matrix,AGCGCTGGTGACGTCC-1,SA1035X6XB03211_AGCGCTGGTGACGTCC-1,SA1035X6XB03211,B
.cache/SCRNA10X_SA_CHIP0079_002/filtered_feature_bc_matrix,AGCGCTGTCATACGGT-1,SA1035X6XB03211_AGCGCTGTCATACGGT-1,SA1035X6XB03211,I
.cache/SCRNA10X_SA_CHIP0079_002/filtered_feature_bc_matrix,AGCTACAAGACGACTG-1,SA1035X6XB03211_AGCTACAAGACGACTG-1,SA1035X6XB03211,B
.cache/SCRNA10X_SA_CHIP0079_002/filtered_feature_bc_matrix,AGGATAAAGCCTGTCG-1,SA1035X6XB03211_AGGATAAAGCCTGTCG-1,SA1035X6XB03211,G
.cache/SCRNA10X_SA_CHIP0079_002/filtered_feature_bc_matrix,AGGCATTAGGATAATC-1,SA1035X6XB03211_AGGCATTAGGATAATC-1,SA1035X6XB03211,C
.cache/SCRNA10X_SA_CHIP0079_002/filtered_feature_bc_matrix,AGGCCACCAGCTGTCG-1,SA1035X6XB03211_AGGCCACCAGCTGTCG-1,SA1035X6XB03211,H_K
.cache/SCRNA10X_SA_CHIP0079_002/filtered_feature_bc_matrix,AGGCTGCCACAACGTT-1,SA1035X6XB03211_AGGCTGCCACAACGTT-1,SA1035X6XB03211,B
.cache/SCRNA10X_SA_CHIP0079_002/filtered_feature_bc_matrix,AGGCTGCTCTCGGCTT-1,SA1035X6XB03211_AGGCTGCTCTCGGCTT-1,SA1035X6XB03211,B
.cache/SCRNA10X_SA_CHIP0079_002/filtered_feature_bc_matrix,AGGGAGTCACTGTTCC-1,SA1035X6XB03211_AGGGAGTCACTGTTCC-1,SA1035X6XB03211,B
.cache/SCRNA10X_SA_CHIP0079_002/filtered_feature_bc_matrix,AGGGCCTCAAACAGGC-1,SA1035X6XB03211_AGGGCCTCAAACAGGC-1,SA1035X6XB03211,B
.cache/SCRNA10X_SA_CHIP0079_002/filtered_feature_bc_matrix,AGGGTCCTCGTGAGAG-1,SA1035X6XB03211_AGGGTCCTCGTGAGAG-1,SA1035X6XB03211,G
.cache/SCRNA10X_SA_CHIP0079_002/filtered_feature_bc_matrix,AGGTCATTCACTCACC-1,SA1035X6XB03211_AGGTCATTCACTCACC-1,SA1035X6XB03211,G
.cache/SCRNA10X_SA_CHIP0079_002/filtered_feature_bc_matrix,AGGTCTATCGGCGATC-1,SA1035X6XB03211_AGGTCTATCGGCGATC-1,SA1035X6XB03211,G
.cache/SCRNA10X_SA_CHIP0079_002/filtered_feature_bc_matrix,AGTAACCAGGTGCGAT-1,SA1035X6XB03211_AGTAACCAGGTGCGAT-1,SA1035X6XB03211,B
.cache/SCRNA10X_SA_CHIP0079_002/filtered_feature_bc_matrix,AGTACCACAAGAGGTC-1,SA1035X6XB03211_AGTACCACAAGAGGTC-1,SA1035X6XB03211,G
.cache/SCRNA10X_SA_CHIP0079_002/filtered_feature_bc_matrix,AGTACTGCACATGTTG-1,SA1035X6XB03211_AGTACTGCACATGTTG-1,SA1035X6XB03211,G
.cache/SCRNA10X_SA_CHIP0079_002/filtered_feature_bc_matrix,AGTACTGCACCTTCCA-1,SA1035X6XB03211_AGTACTGCACCTTCCA-1,SA1035X6XB03211,C
.cache/SCRNA10X_SA_CHIP0079_002/filtered_feature_bc_matrix,AGTGACTCAGGTAGTG-1,SA1035X6XB03211_AGTGACTCAGGTAGTG-1,SA1035X6XB03211,C
.cache/SCRNA10X_SA_CHIP0079_002/filtered_feature_bc_matrix,AGTGATCCAACGTAAA-1,SA1035X6XB03211_AGTGATCCAACGTAAA-1,SA1035X6XB03211,I
.cache/SCRNA10X_SA_CHIP0079_002/filtered_feature_bc_matrix,AGTTCCCCATGTTTGG-1,SA1035X6XB03211_AGTTCCCCATGTTTGG-1,SA1035X6XB03211,H_K
.cache/SCRNA10X_SA_CHIP0079_002/filtered_feature_bc_matrix,ATACCGAAGTACAACA-1,SA1035X6XB03211_ATACCGAAGTACAACA-1,SA1035X6XB03211,H_K
.cache/SCRNA10X_SA_CHIP0079_002/filtered_feature_bc_matrix,ATACTTCCATGCAGGA-1,SA1035X6XB03211_ATACTTCCATGCAGGA-1,SA1035X6XB03211,B
.cache/SCRNA10X_SA_CHIP0079_002/filtered_feature_bc_matrix,ATACTTCTCGGCCAAC-1,SA1035X6XB03211_ATACTTCTCGGCCAAC-1,SA1035X6XB03211,C
.cache/SCRNA10X_SA_CHIP0079_002/filtered_feature_bc_matrix,ATATCCTTCTATACGG-1,SA1035X6XB03211_ATATCCTTCTATACGG-1,SA1035X6XB03211,H_K
.cache/SCRNA10X_SA_CHIP0079_002/filtered_feature_bc_matrix,ATCACTTGTCTACGTA-1,SA1035X6XB03211_ATCACTTGTCTACGTA-1,SA1035X6XB03211,G
.cache/SCRNA10X_SA_CHIP0079_002/filtered_feature_bc_matrix,ATCATTCTCAAGCTTG-1,SA1035X6XB03211_ATCATTCTCAAGCTTG-1,SA1035X6XB03211,G
.cache/SCRNA10X_SA_CHIP0079_002/filtered_feature_bc_matrix,ATCCGTCCACATACGT-1,SA1035X6XB03211_ATCCGTCCACATACGT-1,SA1035X6XB03211,H_K
.cache/SCRNA10X_SA_CHIP0079_002/filtered_feature_bc_matrix,ATCCTATCAGAGACTG-1,SA1035X6XB03211_ATCCTATCAGAGACTG-1,SA1035X6XB03211,G
.cache/SCRNA10X_SA_CHIP0079_002/filtered_feature_bc_matrix,ATCGATGGTGTCACAT-1,SA1035X6XB03211_ATCGATGGTGTCACAT-1,SA1035X6XB03211,G
.cache/SCRNA10X_SA_CHIP0079_002/filtered_feature_bc_matrix,ATCGATGTCAGATGCT-1,SA1035X6XB03211_ATCGATGTCAGATGCT-1,SA1035X6XB03211,I
.cache/SCRNA10X_SA_CHIP0079_002/filtered_feature_bc_matrix,ATCGTCCCACTCAGAT-1,SA1035X6XB03211_ATCGTCCCACTCAGAT-1,SA1035X6XB03211,G
.cache/SCRNA10X_SA_CHIP0079_002/filtered_feature_bc_matrix,ATGAAAGAGTAGCTCT-1,SA1035X6XB03211_ATGAAAGAGTAGCTCT-1,SA1035X6XB03211,B
.cache/SCRNA10X_SA_CHIP0079_002/filtered_feature_bc_matrix,ATGACCATCAGTCAGT-1,SA1035X6XB03211_ATGACCATCAGTCAGT-1,SA1035X6XB03211,C
.cache/SCRNA10X_SA_CHIP0079_002/filtered_feature_bc_matrix,ATGATCGAGAGTGAAG-1,SA1035X6XB03211_ATGATCGAGAGTGAAG-1,SA1035X6XB03211,unassigned
.cache/SCRNA10X_SA_CHIP0079_002/filtered_feature_bc_matrix,ATGATCGTCTACTTCA-1,SA1035X6XB03211_ATGATCGTCTACTTCA-1,SA1035X6XB03211,G
.cache/SCRNA10X_SA_CHIP0079_002/filtered_feature_bc_matrix,ATGCCTCGTAGATTAG-1,SA1035X6XB03211_ATGCCTCGTAGATTAG-1,SA1035X6XB03211,unassigned
.cache/SCRNA10X_SA_CHIP0079_002/filtered_feature_bc_matrix,ATGGAGGCAATTGCCA-1,SA1035X6XB03211_ATGGAGGCAATTGCCA-1,SA1035X6XB03211,G
.cache/SCRNA10X_SA_CHIP0079_002/filtered_feature_bc_matrix,ATGGATCAGAGCCCAA-1,SA1035X6XB03211_ATGGATCAGAGCCCAA-1,SA1035X6XB03211,G
.cache/SCRNA10X_SA_CHIP0079_002/filtered_feature_bc_matrix,ATGGGAGGTTGCTAGT-1,SA1035X6XB03211_ATGGGAGGTTGCTAGT-1,SA1035X6XB03211,I
.cache/SCRNA10X_SA_CHIP0079_002/filtered_feature_bc_matrix,ATGGGTTCACAAGCAG-1,SA1035X6XB03211_ATGGGTTCACAAGCAG-1,SA1035X6XB03211,I
.cache/SCRNA10X_SA_CHIP0079_002/filtered_feature_bc_matrix,ATGTCCCTCTCTCGCA-1,SA1035X6XB03211_ATGTCCCTCTCTCGCA-1,SA1035X6XB03211,G
.cache/SCRNA10X_SA_CHIP0079_002/filtered_feature_bc_matrix,ATTATCCAGTGGTTCT-1,SA1035X6XB03211_ATTATCCAGTGGTTCT-1,SA1035X6XB03211,C
.cache/SCRNA10X_SA_CHIP0079_002/filtered_feature_bc_matrix,ATTATCCGTCCCGCAA-1,SA1035X6XB03211_ATTATCCGTCCCGCAA-1,SA1035X6XB03211,B
.cache/SCRNA10X_SA_CHIP0079_002/filtered_feature_bc_matrix,ATTATCCTCATCGGGC-1,SA1035X6XB03211_ATTATCCTCATCGGGC-1,SA1035X6XB03211,G
.cache/SCRNA10X_SA_CHIP0079_002/filtered_feature_bc_matrix,ATTCAGGTCATTCATC-1,SA1035X6XB03211_ATTCAGGTCATTCATC-1,SA1035X6XB03211,I
.cache/SCRNA10X_SA_CHIP0079_002/filtered_feature_bc_matrix,ATTCATCTCACTGTCC-1,SA1035X6XB03211_ATTCATCTCACTGTCC-1,SA1035X6XB03211,G
.cache/SCRNA10X_SA_CHIP0079_002/filtered_feature_bc_matrix,ATTCCATTCGCGGTAC-1,SA1035X6XB03211_ATTCCATTCGCGGTAC-1,SA1035X6XB03211,H_K
.cache/SCRNA10X_SA_CHIP0079_002/filtered_feature_bc_matrix,ATTCTACTCTCTTGCG-1,SA1035X6XB03211_ATTCTACTCTCTTGCG-1,SA1035X6XB03211,G
.cache/SCRNA10X_SA_CHIP0079_002/filtered_feature_bc_matrix,ATTGTTCTCATTGCGA-1,SA1035X6XB03211_ATTGTTCTCATTGCGA-1,SA1035X6XB03211,B
.cache/SCRNA10X_SA_CHIP0079_002/filtered_feature_bc_matrix,CAACAACAGTCTGTAC-1,SA1035X6XB03211_CAACAACAGTCTGTAC-1,SA1035X6XB03211,G
.cache/SCRNA10X_SA_CHIP0079_002/filtered_feature_bc_matrix,CAACAGTCAAGGGTCA-1,SA1035X6XB03211_CAACAGTCAAGGGTCA-1,SA1035X6XB03211,B
.cache/SCRNA10X_SA_CHIP0079_002/filtered_feature_bc_matrix,CAACCAATCCCGAGTG-1,SA1035X6XB03211_CAACCAATCCCGAGTG-1,SA1035X6XB03211,C
.cache/SCRNA10X_SA_CHIP0079_002/filtered_feature_bc_matrix,CAACCTCAGTTACTCG-1,SA1035X6XB03211_CAACCTCAGTTACTCG-1,SA1035X6XB03211,I
.cache/SCRNA10X_SA_CHIP0079_002/filtered_feature_bc_matrix,CAACCTCTCCGCTGTT-1,SA1035X6XB03211_CAACCTCTCCGCTGTT-1,SA1035X6XB03211,C
.cache/SCRNA10X_SA_CHIP0079_002/filtered_feature_bc_matrix,CAAGAGGTCGTTTACT-1,SA1035X6XB03211_CAAGAGGTCGTTTACT-1,SA1035X6XB03211,G
.cache/SCRNA10X_SA_CHIP0079_002/filtered_feature_bc_matrix,CAAGAGGTCTCCGAGG-1,SA1035X6XB03211_CAAGAGGTCTCCGAGG-1,SA1035X6XB03211,C
.cache/SCRNA10X_SA_CHIP0079_002/filtered_feature_bc_matrix,CAAGGGAAGTTGCGCC-1,SA1035X6XB03211_CAAGGGAAGTTGCGCC-1,SA1035X6XB03211,G
.cache/SCRNA10X_SA_CHIP0079_002/filtered_feature_bc_matrix,CAAGGGACATGACAAA-1,SA1035X6XB03211_CAAGGGACATGACAAA-1,SA1035X6XB03211,B
.cache/SCRNA10X_SA_CHIP0079_002/filtered_feature_bc_matrix,CAATTTCCAGTGGGTA-1,SA1035X6XB03211_CAATTTCCAGTGGGTA-1,SA1035X6XB03211,G
.cache/SCRNA10X_SA_CHIP0079_002/filtered_feature_bc_matrix,CACACAATCAAAGGAT-1,SA1035X6XB03211_CACACAATCAAAGGAT-1,SA1035X6XB03211,G
.cache/SCRNA10X_SA_CHIP0079_002/filtered_feature_bc_matrix,CACAGGCAGATAGTGT-1,SA1035X6XB03211_CACAGGCAGATAGTGT-1,SA1035X6XB03211,I
.cache/SCRNA10X_SA_CHIP0079_002/filtered_feature_bc_matrix,CACAGGCCATCAGCTA-1,SA1035X6XB03211_CACAGGCCATCAGCTA-1,SA1035X6XB03211,H_K
.cache/SCRNA10X_SA_CHIP0079_002/filtered_feature_bc_matrix,CACAGGCTCGAGCTGC-1,SA1035X6XB03211_CACAGGCTCGAGCTGC-1,SA1035X6XB03211,G
.cache/SCRNA10X_SA_CHIP0079_002/filtered_feature_bc_matrix,CACATGAGTATCACGT-1,SA1035X6XB03211_CACATGAGTATCACGT-1,SA1035X6XB03211,G
.cache/SCRNA10X_SA_CHIP0079_002/filtered_feature_bc_matrix,CACCGTTCACCAGTAT-1,SA1035X6XB03211_CACCGTTCACCAGTAT-1,SA1035X6XB03211,G
.cache/SCRNA10X_SA_CHIP0079_002/filtered_feature_bc_matrix,CACGTGGCAACCAATC-1,SA1035X6XB03211_CACGTGGCAACCAATC-1,SA1035X6XB03211,B
.cache/SCRNA10X_SA_CHIP0079_002/filtered_feature_bc_matrix,CACGTTCGTGGTCTCG-1,SA1035X6XB03211_CACGTTCGTGGTCTCG-1,SA1035X6XB03211,B
.cache/SCRNA10X_SA_CHIP0079_002/filtered_feature_bc_matrix,CACTGAATCACTTCTA-1,SA1035X6XB03211_CACTGAATCACTTCTA-1,SA1035X6XB03211,H_K
.cache/SCRNA10X_SA_CHIP0079_002/filtered_feature_bc_matrix,CACTGGGGTAGAATAC-1,SA1035X6XB03211_CACTGGGGTAGAATAC-1,SA1035X6XB03211,G
.cache/SCRNA10X_SA_CHIP0079_002/filtered_feature_bc_matrix,CACTTCGGTTAGCTAC-1,SA1035X6XB03211_CACTTCGGTTAGCTAC-1,SA1035X6XB03211,G
.cache/SCRNA10X_SA_CHIP0079_002/filtered_feature_bc_matrix,CAGAGCCCACTGCGAC-1,SA1035X6XB03211_CAGAGCCCACTGCGAC-1,SA1035X6XB03211,G
.cache/SCRNA10X_SA_CHIP0079_002/filtered_feature_bc_matrix,CAGATACCATTCATCT-1,SA1035X6XB03211_CAGATACCATTCATCT-1,SA1035X6XB03211,I
.cache/SCRNA10X_SA_CHIP0079_002/filtered_feature_bc_matrix,CAGATCACACGCTTAA-1,SA1035X6XB03211_CAGATCACACGCTTAA-1,SA1035X6XB03211,I
.cache/SCRNA10X_SA_CHIP0079_002/filtered_feature_bc_matrix,CAGCACGAGAAGTGTT-1,SA1035X6XB03211_CAGCACGAGAAGTGTT-1,SA1035X6XB03211,G
.cache/SCRNA10X_SA_CHIP0079_002/filtered_feature_bc_matrix,CAGCACGGTGAGTAGC-1,SA1035X6XB03211_CAGCACGGTGAGTAGC-1,SA1035X6XB03211,G
.cache/SCRNA10X_SA_CHIP0079_002/filtered_feature_bc_matrix,CAGGCCAAGGGCTGAT-1,SA1035X6XB03211_CAGGCCAAGGGCTGAT-1,SA1035X6XB03211,G
.cache/SCRNA10X_SA_CHIP0079_002/filtered_feature_bc_matrix,CAGGTATAGCTACTAC-1,SA1035X6XB03211_CAGGTATAGCTACTAC-1,SA1035X6XB03211,unassigned
.cache/SCRNA10X_SA_CHIP0079_002/filtered_feature_bc_matrix,CAGGTATAGGTAGTCG-1,SA1035X6XB03211_CAGGTATAGGTAGTCG-1,SA1035X6XB03211,C
.cache/SCRNA10X_SA_CHIP0079_002/filtered_feature_bc_matrix,CAGTTAGCATGGCACC-1,SA1035X6XB03211_CAGTTAGCATGGCACC-1,SA1035X6XB03211,C
.cache/SCRNA10X_SA_CHIP0079_002/filtered_feature_bc_matrix,CAGTTCCCAATGTTGC-1,SA1035X6XB03211_CAGTTCCCAATGTTGC-1,SA1035X6XB03211,C
.cache/SCRNA10X_SA_CHIP0079_002/filtered_feature_bc_matrix,CAGTTCCCAGGATGAC-1,SA1035X6XB03211_CAGTTCCCAGGATGAC-1,SA1035X6XB03211,B
.cache/SCRNA10X_SA_CHIP0079_002/filtered_feature_bc_matrix,CATACTTCAGCGACCT-1,SA1035X6XB03211_CATACTTCAGCGACCT-1,SA1035X6XB03211,C
.cache/SCRNA10X_SA_CHIP0079_002/filtered_feature_bc_matrix,CATACTTTCGCAACAT-1,SA1035X6XB03211_CATACTTTCGCAACAT-1,SA1035X6XB03211,C
.cache/SCRNA10X_SA_CHIP0079_002/filtered_feature_bc_matrix,CATAGACCAAGTACCT-1,SA1035X6XB03211_CATAGACCAAGTACCT-1,SA1035X6XB03211,C
.cache/SCRNA10X_SA_CHIP0079_002/filtered_feature_bc_matrix,CATCAAGCAAACGTGG-1,SA1035X6XB03211_CATCAAGCAAACGTGG-1,SA1035X6XB03211,C
.cache/SCRNA10X_SA_CHIP0079_002/filtered_feature_bc_matrix,CATCCCAAGCACCGAA-1,SA1035X6XB03211_CATCCCAAGCACCGAA-1,SA1035X6XB03211,B
.cache/SCRNA10X_SA_CHIP0079_002/filtered_feature_bc_matrix,CATCCCACAAGTGGGT-1,SA1035X6XB03211_CATCCCACAAGTGGGT-1,SA1035X6XB03211,H_K
.cache/SCRNA10X_SA_CHIP0079_002/filtered_feature_bc_matrix,CATCGCTAGTTTCAGC-1,SA1035X6XB03211_CATCGCTAGTTTCAGC-1,SA1035X6XB03211,B
.cache/SCRNA10X_SA_CHIP0079_002/filtered_feature_bc_matrix,CATCGCTTCCACACCT-1,SA1035X6XB03211_CATCGCTTCCACACCT-1,SA1035X6XB03211,B
.cache/SCRNA10X_SA_CHIP0079_002/filtered_feature_bc_matrix,CATCGCTTCTCGAACA-1,SA1035X6XB03211_CATCGCTTCTCGAACA-1,SA1035X6XB03211,H_K
.cache/SCRNA10X_SA_CHIP0079_002/filtered_feature_bc_matrix,CATGCAATCAAGCCTA-1,SA1035X6XB03211_CATGCAATCAAGCCTA-1,SA1035X6XB03211,B
.cache/SCRNA10X_SA_CHIP0079_002/filtered_feature_bc_matrix,CATGCCTGTCAAATCC-1,SA1035X6XB03211_CATGCCTGTCAAATCC-1,SA1035X6XB03211,B
.cache/SCRNA10X_SA_CHIP0079_002/filtered_feature_bc_matrix,CATGCCTTCTCATTGT-1,SA1035X6XB03211_CATGCCTTCTCATTGT-1,SA1035X6XB03211,G
.cache/SCRNA10X_SA_CHIP0079_002/filtered_feature_bc_matrix,CATTCCGTCAAGCGTT-1,SA1035X6XB03211_CATTCCGTCAAGCGTT-1,SA1035X6XB03211,I
.cache/SCRNA10X_SA_CHIP0079_002/filtered_feature_bc_matrix,CATTGCCAGGGATCAC-1,SA1035X6XB03211_CATTGCCAGGGATCAC-1,SA1035X6XB03211,C
.cache/SCRNA10X_SA_CHIP0079_002/filtered_feature_bc_matrix,CATTGTTAGATGGCAC-1,SA1035X6XB03211_CATTGTTAGATGGCAC-1,SA1035X6XB03211,I
.cache/SCRNA10X_SA_CHIP0079_002/filtered_feature_bc_matrix,CATTGTTCAGGTCCGT-1,SA1035X6XB03211_CATTGTTCAGGTCCGT-1,SA1035X6XB03211,G
.cache/SCRNA10X_SA_CHIP0079_002/filtered_feature_bc_matrix,CATTTCACAGAGGCAT-1,SA1035X6XB03211_CATTTCACAGAGGCAT-1,SA1035X6XB03211,B
.cache/SCRNA10X_SA_CHIP0079_002/filtered_feature_bc_matrix,CCAAGCGAGGTCATCT-1,SA1035X6XB03211_CCAAGCGAGGTCATCT-1,SA1035X6XB03211,B
.cache/SCRNA10X_SA_CHIP0079_002/filtered_feature_bc_matrix,CCACACTCAACACAGG-1,SA1035X6XB03211_CCACACTCAACACAGG-1,SA1035X6XB03211,C
.cache/SCRNA10X_SA_CHIP0079_002/filtered_feature_bc_matrix,CCACCATCAGATCACT-1,SA1035X6XB03211_CCACCATCAGATCACT-1,SA1035X6XB03211,G
.cache/SCRNA10X_SA_CHIP0079_002/filtered_feature_bc_matrix,CCACGAGAGACGCAGT-1,SA1035X6XB03211_CCACGAGAGACGCAGT-1,SA1035X6XB03211,G
.cache/SCRNA10X_SA_CHIP0079_002/filtered_feature_bc_matrix,CCACGAGTCGCCGAAC-1,SA1035X6XB03211_CCACGAGTCGCCGAAC-1,SA1035X6XB03211,B
.cache/SCRNA10X_SA_CHIP0079_002/filtered_feature_bc_matrix,CCATAAGAGCGTGCCT-1,SA1035X6XB03211_CCATAAGAGCGTGCCT-1,SA1035X6XB03211,G
.cache/SCRNA10X_SA_CHIP0079_002/filtered_feature_bc_matrix,CCATAAGTCAACGTGT-1,SA1035X6XB03211_CCATAAGTCAACGTGT-1,SA1035X6XB03211,H_K
.cache/SCRNA10X_SA_CHIP0079_002/filtered_feature_bc_matrix,CCCAACTCAAAGAGTT-1,SA1035X6XB03211_CCCAACTCAAAGAGTT-1,SA1035X6XB03211,C
.cache/SCRNA10X_SA_CHIP0079_002/filtered_feature_bc_matrix,CCCATTGAGTCAGCGA-1,SA1035X6XB03211_CCCATTGAGTCAGCGA-1,SA1035X6XB03211,G
.cache/SCRNA10X_SA_CHIP0079_002/filtered_feature_bc_matrix,CCCATTGTCATAGACC-1,SA1035X6XB03211_CCCATTGTCATAGACC-1,SA1035X6XB03211,B
.cache/SCRNA10X_SA_CHIP0079_002/filtered_feature_bc_matrix,CCCGAAGTCGGCTGTG-1,SA1035X6XB03211_CCCGAAGTCGGCTGTG-1,SA1035X6XB03211,B
.cache/SCRNA10X_SA_CHIP0079_002/filtered_feature_bc_matrix,CCCGGAAGTGAATTAG-1,SA1035X6XB03211_CCCGGAAGTGAATTAG-1,SA1035X6XB03211,H_K
.cache/SCRNA10X_SA_CHIP0079_002/filtered_feature_bc_matrix,CCCTAACAGCCATCCG-1,SA1035X6XB03211_CCCTAACAGCCATCCG-1,SA1035X6XB03211,unassigned
.cache/SCRNA10X_SA_CHIP0079_002/filtered_feature_bc_matrix,CCCTGATTCGCAAGAG-1,SA1035X6XB03211_CCCTGATTCGCAAGAG-1,SA1035X6XB03211,C
.cache/SCRNA10X_SA_CHIP0079_002/filtered_feature_bc_matrix,CCCTTAGCACCATATG-1,SA1035X6XB03211_CCCTTAGCACCATATG-1,SA1035X6XB03211,B
.cache/SCRNA10X_SA_CHIP0079_002/filtered_feature_bc_matrix,CCCTTAGGTGACTGTT-1,SA1035X6XB03211_CCCTTAGGTGACTGTT-1,SA1035X6XB03211,B
.cache/SCRNA10X_SA_CHIP0079_002/filtered_feature_bc_matrix,CCGAACGGTTCGTTCC-1,SA1035X6XB03211_CCGAACGGTTCGTTCC-1,SA1035X6XB03211,B
.cache/SCRNA10X_SA_CHIP0079_002/filtered_feature_bc_matrix,CCGGGTACAAATCAAG-1,SA1035X6XB03211_CCGGGTACAAATCAAG-1,SA1035X6XB03211,I
.cache/SCRNA10X_SA_CHIP0079_002/filtered_feature_bc_matrix,CCGGGTAGTTGCAACT-1,SA1035X6XB03211_CCGGGTAGTTGCAACT-1,SA1035X6XB03211,B
.cache/SCRNA10X_SA_CHIP0079_002/filtered_feature_bc_matrix,CCGTGAGTCTAGCAAC-1,SA1035X6XB03211_CCGTGAGTCTAGCAAC-1,SA1035X6XB03211,I
.cache/SCRNA10X_SA_CHIP0079_002/filtered_feature_bc_matrix,CCTAACCTCCGATGCG-1,SA1035X6XB03211_CCTAACCTCCGATGCG-1,SA1035X6XB03211,unassigned
.cache/SCRNA10X_SA_CHIP0079_002/filtered_feature_bc_matrix,CCTACGTCAGAGGGTT-1,SA1035X6XB03211_CCTACGTCAGAGGGTT-1,SA1035X6XB03211,G
.cache/SCRNA10X_SA_CHIP0079_002/filtered_feature_bc_matrix,CCTATCGCAGATACTC-1,SA1035X6XB03211_CCTATCGCAGATACTC-1,SA1035X6XB03211,G
.cache/SCRNA10X_SA_CHIP0079_002/filtered_feature_bc_matrix,CCTATCGGTATCGATC-1,SA1035X6XB03211_CCTATCGGTATCGATC-1,SA1035X6XB03211,B
.cache/SCRNA10X_SA_CHIP0079_002/filtered_feature_bc_matrix,CCTCACACATCTTAGG-1,SA1035X6XB03211_CCTCACACATCTTAGG-1,SA1035X6XB03211,G
.cache/SCRNA10X_SA_CHIP0079_002/filtered_feature_bc_matrix,CCTCTCCTCCAACCGG-1,SA1035X6XB03211_CCTCTCCTCCAACCGG-1,SA1035X6XB03211,G
.cache/SCRNA10X_SA_CHIP0079_002/filtered_feature_bc_matrix,CCTGCATAGCCGTCGT-1,SA1035X6XB03211_CCTGCATAGCCGTCGT-1,SA1035X6XB03211,G
.cache/SCRNA10X_SA_CHIP0079_002/filtered_feature_bc_matrix,CCTGTTGAGCTGACAG-1,SA1035X6XB03211_CCTGTTGAGCTGACAG-1,SA1035X6XB03211,H_K
.cache/SCRNA10X_SA_CHIP0079_002/filtered_feature_bc_matrix,CCTGTTGAGTAGTGCG-1,SA1035X6XB03211_CCTGTTGAGTAGTGCG-1,SA1035X6XB03211,C
.cache/SCRNA10X_SA_CHIP0079_002/filtered_feature_bc_matrix,CCTGTTGTCTATGTGG-1,SA1035X6XB03211_CCTGTTGTCTATGTGG-1,SA1035X6XB03211,G
.cache/SCRNA10X_SA_CHIP0079_002/filtered_feature_bc_matrix,CCTTGTGAGCAGCCTC-1,SA1035X6XB03211_CCTTGTGAGCAGCCTC-1,SA1035X6XB03211,C
.cache/SCRNA10X_SA_CHIP0079_002/filtered_feature_bc_matrix,CGACAGCGTATACAGA-1,SA1035X6XB03211_CGACAGCGTATACAGA-1,SA1035X6XB03211,C
.cache/SCRNA10X_SA_CHIP0079_002/filtered_feature_bc_matrix,CGAGAAGGTCGCCACA-1,SA1035X6XB03211_CGAGAAGGTCGCCACA-1,SA1035X6XB03211,I
.cache/SCRNA10X_SA_CHIP0079_002/filtered_feature_bc_matrix,CGAGGAAAGCAAGTCG-1,SA1035X6XB03211_CGAGGAAAGCAAGTCG-1,SA1035X6XB03211,B
.cache/SCRNA10X_SA_CHIP0079_002/filtered_feature_bc_matrix,CGAGGAAAGGTTCCAT-1,SA1035X6XB03211_CGAGGAAAGGTTCCAT-1,SA1035X6XB03211,G
.cache/SCRNA10X_SA_CHIP0079_002/filtered_feature_bc_matrix,CGCATAACAAATAGCA-1,SA1035X6XB03211_CGCATAACAAATAGCA-1,SA1035X6XB03211,H_K
.cache/SCRNA10X_SA_CHIP0079_002/filtered_feature_bc_matrix,CGCATAACACACGGTC-1,SA1035X6XB03211_CGCATAACACACGGTC-1,SA1035X6XB03211,B
.cache/SCRNA10X_SA_CHIP0079_002/filtered_feature_bc_matrix,CGCATAATCGCTTGCT-1,SA1035X6XB03211_CGCATAATCGCTTGCT-1,SA1035X6XB03211,C
.cache/SCRNA10X_SA_CHIP0079_002/filtered_feature_bc_matrix,CGCATGGAGAATAACC-1,SA1035X6XB03211_CGCATGGAGAATAACC-1,SA1035X6XB03211,H_K
.cache/SCRNA10X_SA_CHIP0079_002/filtered_feature_bc_matrix,CGCCAGAAGTCCCTAA-1,SA1035X6XB03211_CGCCAGAAGTCCCTAA-1,SA1035X6XB03211,H_K
.cache/SCRNA10X_SA_CHIP0079_002/filtered_feature_bc_matrix,CGGAACCAGTCTTCCC-1,SA1035X6XB03211_CGGAACCAGTCTTCCC-1,SA1035X6XB03211,B
.cache/SCRNA10X_SA_CHIP0079_002/filtered_feature_bc_matrix,CGGAATTGTCAACGCC-1,SA1035X6XB03211_CGGAATTGTCAACGCC-1,SA1035X6XB03211,C
.cache/SCRNA10X_SA_CHIP0079_002/filtered_feature_bc_matrix,CGGACACAGTAAACAC-1,SA1035X6XB03211_CGGACACAGTAAACAC-1,SA1035X6XB03211,C
.cache/SCRNA10X_SA_CHIP0079_002/filtered_feature_bc_matrix,CGGCAGTTCAGTCTTT-1,SA1035X6XB03211_CGGCAGTTCAGTCTTT-1,SA1035X6XB03211,unassigned
.cache/SCRNA10X_SA_CHIP0079_002/filtered_feature_bc_matrix,CGGGACTAGAGCATCG-1,SA1035X6XB03211_CGGGACTAGAGCATCG-1,SA1035X6XB03211,H_K
.cache/SCRNA10X_SA_CHIP0079_002/filtered_feature_bc_matrix,CGGGCATAGGTCATAA-1,SA1035X6XB03211_CGGGCATAGGTCATAA-1,SA1035X6XB03211,I
.cache/SCRNA10X_SA_CHIP0079_002/filtered_feature_bc_matrix,CGGGCATGTTTGAACC-1,SA1035X6XB03211_CGGGCATGTTTGAACC-1,SA1035X6XB03211,B
.cache/SCRNA10X_SA_CHIP0079_002/filtered_feature_bc_matrix,CGGGTGTCAAGAGTAT-1,SA1035X6XB03211_CGGGTGTCAAGAGTAT-1,SA1035X6XB03211,I
.cache/SCRNA10X_SA_CHIP0079_002/filtered_feature_bc_matrix,CGTCCATAGTGGACTG-1,SA1035X6XB03211_CGTCCATAGTGGACTG-1,SA1035X6XB03211,G
.cache/SCRNA10X_SA_CHIP0079_002/filtered_feature_bc_matrix,CGTGAATGTGACGCCT-1,SA1035X6XB03211_CGTGAATGTGACGCCT-1,SA1035X6XB03211,H_K
.cache/SCRNA10X_SA_CHIP0079_002/filtered_feature_bc_matrix,CGTGCTTAGCGCACAA-1,SA1035X6XB03211_CGTGCTTAGCGCACAA-1,SA1035X6XB03211,G
.cache/SCRNA10X_SA_CHIP0079_002/filtered_feature_bc_matrix,CGTTGGGAGTTGTACC-1,SA1035X6XB03211_CGTTGGGAGTTGTACC-1,SA1035X6XB03211,I
.cache/SCRNA10X_SA_CHIP0079_002/filtered_feature_bc_matrix,CTAACTTAGGCACCAA-1,SA1035X6XB03211_CTAACTTAGGCACCAA-1,SA1035X6XB03211,I
.cache/SCRNA10X_SA_CHIP0079_002/filtered_feature_bc_matrix,CTACATTCAGAGAGGG-1,SA1035X6XB03211_CTACATTCAGAGAGGG-1,SA1035X6XB03211,C
.cache/SCRNA10X_SA_CHIP0079_002/filtered_feature_bc_matrix,CTACTATGTGTTGATC-1,SA1035X6XB03211_CTACTATGTGTTGATC-1,SA1035X6XB03211,B
.cache/SCRNA10X_SA_CHIP0079_002/filtered_feature_bc_matrix,CTAGACAGTCATCCGG-1,SA1035X6XB03211_CTAGACAGTCATCCGG-1,SA1035X6XB03211,B
.cache/SCRNA10X_SA_CHIP0079_002/filtered_feature_bc_matrix,CTAGACATCTTGAACG-1,SA1035X6XB03211_CTAGACATCTTGAACG-1,SA1035X6XB03211,C
.cache/SCRNA10X_SA_CHIP0079_002/filtered_feature_bc_matrix,CTAGGTATCATTATCC-1,SA1035X6XB03211_CTAGGTATCATTATCC-1,SA1035X6XB03211,unassigned
.cache/SCRNA10X_SA_CHIP0079_002/filtered_feature_bc_matrix,CTATCCGAGTTTGCTG-1,SA1035X6XB03211_CTATCCGAGTTTGCTG-1,SA1035X6XB03211,I
.cache/SCRNA10X_SA_CHIP0079_002/filtered_feature_bc_matrix,CTCAACCAGTAAACTG-1,SA1035X6XB03211_CTCAACCAGTAAACTG-1,SA1035X6XB03211,G
.cache/SCRNA10X_SA_CHIP0079_002/filtered_feature_bc_matrix,CTCAACCGTTTCCCAC-1,SA1035X6XB03211_CTCAACCGTTTCCCAC-1,SA1035X6XB03211,G
.cache/SCRNA10X_SA_CHIP0079_002/filtered_feature_bc_matrix,CTCAACCTCATTGCCC-1,SA1035X6XB03211_CTCAACCTCATTGCCC-1,SA1035X6XB03211,unassigned
.cache/SCRNA10X_SA_CHIP0079_002/filtered_feature_bc_matrix,CTCAGAATCTTCCCAG-1,SA1035X6XB03211_CTCAGAATCTTCCCAG-1,SA1035X6XB03211,C
.cache/SCRNA10X_SA_CHIP0079_002/filtered_feature_bc_matrix,CTCAGGGAGCGAAACC-1,SA1035X6XB03211_CTCAGGGAGCGAAACC-1,SA1035X6XB03211,G
.cache/SCRNA10X_SA_CHIP0079_002/filtered_feature_bc_matrix,CTCAGTCTCAACTACG-1,SA1035X6XB03211_CTCAGTCTCAACTACG-1,SA1035X6XB03211,G
.cache/SCRNA10X_SA_CHIP0079_002/filtered_feature_bc_matrix,CTCATGCAGCTCCACG-1,SA1035X6XB03211_CTCATGCAGCTCCACG-1,SA1035X6XB03211,C
.cache/SCRNA10X_SA_CHIP0079_002/filtered_feature_bc_matrix,CTCATGCGTAACACCT-1,SA1035X6XB03211_CTCATGCGTAACACCT-1,SA1035X6XB03211,I
.cache/SCRNA10X_SA_CHIP0079_002/filtered_feature_bc_matrix,CTCATGCGTTCCGCAG-1,SA1035X6XB03211_CTCATGCGTTCCGCAG-1,SA1035X6XB03211,G
.cache/SCRNA10X_SA_CHIP0079_002/filtered_feature_bc_matrix,CTCATGCTCAATCGGT-1,SA1035X6XB03211_CTCATGCTCAATCGGT-1,SA1035X6XB03211,G
.cache/SCRNA10X_SA_CHIP0079_002/filtered_feature_bc_matrix,CTCATTAGTGCCGTAC-1,SA1035X6XB03211_CTCATTAGTGCCGTAC-1,SA1035X6XB03211,C
.cache/SCRNA10X_SA_CHIP0079_002/filtered_feature_bc_matrix,CTCCAACGTTTGAAAG-1,SA1035X6XB03211_CTCCAACGTTTGAAAG-1,SA1035X6XB03211,C
.cache/SCRNA10X_SA_CHIP0079_002/filtered_feature_bc_matrix,CTCCAACTCCACAAGT-1,SA1035X6XB03211_CTCCAACTCCACAAGT-1,SA1035X6XB03211,G
.cache/SCRNA10X_SA_CHIP0079_002/filtered_feature_bc_matrix,CTCCATGGTTTGGCTA-1,SA1035X6XB03211_CTCCATGGTTTGGCTA-1,SA1035X6XB03211,I
.cache/SCRNA10X_SA_CHIP0079_002/filtered_feature_bc_matrix,CTCCCAAGTTGGTAGG-1,SA1035X6XB03211_CTCCCAAGTTGGTAGG-1,SA1035X6XB03211,G
.cache/SCRNA10X_SA_CHIP0079_002/filtered_feature_bc_matrix,CTCCCTCAGAGCAACC-1,SA1035X6XB03211_CTCCCTCAGAGCAACC-1,SA1035X6XB03211,B
.cache/SCRNA10X_SA_CHIP0079_002/filtered_feature_bc_matrix,CTCCTCCCAGTAGATA-1,SA1035X6XB03211_CTCCTCCCAGTAGATA-1,SA1035X6XB03211,unassigned
.cache/SCRNA10X_SA_CHIP0079_002/filtered_feature_bc_matrix,CTCTCGAGTTCTCGCT-1,SA1035X6XB03211_CTCTCGAGTTCTCGCT-1,SA1035X6XB03211,G
.cache/SCRNA10X_SA_CHIP0079_002/filtered_feature_bc_matrix,CTCTGGTGTCATCACA-1,SA1035X6XB03211_CTCTGGTGTCATCACA-1,SA1035X6XB03211,I
.cache/SCRNA10X_SA_CHIP0079_002/filtered_feature_bc_matrix,CTGAATGCATCCTCAC-1,SA1035X6XB03211_CTGAATGCATCCTCAC-1,SA1035X6XB03211,G
.cache/SCRNA10X_SA_CHIP0079_002/filtered_feature_bc_matrix,CTGAGCGTCGATCCCT-1,SA1035X6XB03211_CTGAGCGTCGATCCCT-1,SA1035X6XB03211,B
.cache/SCRNA10X_SA_CHIP0079_002/filtered_feature_bc_matrix,CTGAGGCGTAAGGAGA-1,SA1035X6XB03211_CTGAGGCGTAAGGAGA-1,SA1035X6XB03211,I
.cache/SCRNA10X_SA_CHIP0079_002/filtered_feature_bc_matrix,CTGATCCAGATTGATG-1,SA1035X6XB03211_CTGATCCAGATTGATG-1,SA1035X6XB03211,unassigned
.cache/SCRNA10X_SA_CHIP0079_002/filtered_feature_bc_matrix,CTGATCCCAAGCGCAA-1,SA1035X6XB03211_CTGATCCCAAGCGCAA-1,SA1035X6XB03211,I
.cache/SCRNA10X_SA_CHIP0079_002/filtered_feature_bc_matrix,CTGCAGGCATAGGTTC-1,SA1035X6XB03211_CTGCAGGCATAGGTTC-1,SA1035X6XB03211,G
.cache/SCRNA10X_SA_CHIP0079_002/filtered_feature_bc_matrix,CTGCTCACATCCCACT-1,SA1035X6XB03211_CTGCTCACATCCCACT-1,SA1035X6XB03211,G
.cache/SCRNA10X_SA_CHIP0079_002/filtered_feature_bc_matrix,CTGGCAGGTTGCACGC-1,SA1035X6XB03211_CTGGCAGGTTGCACGC-1,SA1035X6XB03211,G
.cache/SCRNA10X_SA_CHIP0079_002/filtered_feature_bc_matrix,CTGGTCTGTAGGATAT-1,SA1035X6XB03211_CTGGTCTGTAGGATAT-1,SA1035X6XB03211,B
.cache/SCRNA10X_SA_CHIP0079_002/filtered_feature_bc_matrix,CTGTAGAAGTGGATAT-1,SA1035X6XB03211_CTGTAGAAGTGGATAT-1,SA1035X6XB03211,B
.cache/SCRNA10X_SA_CHIP0079_002/filtered_feature_bc_matrix,CTGTATTAGACGAGCT-1,SA1035X6XB03211_CTGTATTAGACGAGCT-1,SA1035X6XB03211,G
.cache/SCRNA10X_SA_CHIP0079_002/filtered_feature_bc_matrix,CTGTCGTGTCTAGATC-1,SA1035X6XB03211_CTGTCGTGTCTAGATC-1,SA1035X6XB03211,unassigned
.cache/SCRNA10X_SA_CHIP0079_002/filtered_feature_bc_matrix,CTGTGAACATCGCTAA-1,SA1035X6XB03211_CTGTGAACATCGCTAA-1,SA1035X6XB03211,H_K
.cache/SCRNA10X_SA_CHIP0079_002/filtered_feature_bc_matrix,CTTCTAACAGTGAGCA-1,SA1035X6XB03211_CTTCTAACAGTGAGCA-1,SA1035X6XB03211,G
.cache/SCRNA10X_SA_CHIP0079_002/filtered_feature_bc_matrix,CTTGATTGTCCGATCG-1,SA1035X6XB03211_CTTGATTGTCCGATCG-1,SA1035X6XB03211,G
.cache/SCRNA10X_SA_CHIP0079_002/filtered_feature_bc_matrix,CTTGATTTCCTCTCTT-1,SA1035X6XB03211_CTTGATTTCCTCTCTT-1,SA1035X6XB03211,C
.cache/SCRNA10X_SA_CHIP0079_002/filtered_feature_bc_matrix,CTTTCGGTCAGAGTTC-1,SA1035X6XB03211_CTTTCGGTCAGAGTTC-1,SA1035X6XB03211,G
.cache/SCRNA10X_SA_CHIP0079_002/filtered_feature_bc_matrix,GAAACCTGTCCCTGTT-1,SA1035X6XB03211_GAAACCTGTCCCTGTT-1,SA1035X6XB03211,C
.cache/SCRNA10X_SA_CHIP0079_002/filtered_feature_bc_matrix,GAACACTCAACCGCCA-1,SA1035X6XB03211_GAACACTCAACCGCCA-1,SA1035X6XB03211,C
.cache/SCRNA10X_SA_CHIP0079_002/filtered_feature_bc_matrix,GAACTGTCATGTGTCA-1,SA1035X6XB03211_GAACTGTCATGTGTCA-1,SA1035X6XB03211,I
.cache/SCRNA10X_SA_CHIP0079_002/filtered_feature_bc_matrix,GAACTGTGTTTCTATC-1,SA1035X6XB03211_GAACTGTGTTTCTATC-1,SA1035X6XB03211,G
.cache/SCRNA10X_SA_CHIP0079_002/filtered_feature_bc_matrix,GAATCACCAAACTAAG-1,SA1035X6XB03211_GAATCACCAAACTAAG-1,SA1035X6XB03211,H_K
.cache/SCRNA10X_SA_CHIP0079_002/filtered_feature_bc_matrix,GACACGCTCCACACCT-1,SA1035X6XB03211_GACACGCTCCACACCT-1,SA1035X6XB03211,B
.cache/SCRNA10X_SA_CHIP0079_002/filtered_feature_bc_matrix,GACAGCCAGTATGGAT-1,SA1035X6XB03211_GACAGCCAGTATGGAT-1,SA1035X6XB03211,B
.cache/SCRNA10X_SA_CHIP0079_002/filtered_feature_bc_matrix,GACCTTCTCTCGAACA-1,SA1035X6XB03211_GACCTTCTCTCGAACA-1,SA1035X6XB03211,H_K
.cache/SCRNA10X_SA_CHIP0079_002/filtered_feature_bc_matrix,GACTATGAGGATCATA-1,SA1035X6XB03211_GACTATGAGGATCATA-1,SA1035X6XB03211,G
.cache/SCRNA10X_SA_CHIP0079_002/filtered_feature_bc_matrix,GACTCTCCATTCTTCA-1,SA1035X6XB03211_GACTCTCCATTCTTCA-1,SA1035X6XB03211,I
.cache/SCRNA10X_SA_CHIP0079_002/filtered_feature_bc_matrix,GAGTCATAGAGCGACT-1,SA1035X6XB03211_GAGTCATAGAGCGACT-1,SA1035X6XB03211,G
.cache/SCRNA10X_SA_CHIP0079_002/filtered_feature_bc_matrix,GAGTTACCAACAAAGT-1,SA1035X6XB03211_GAGTTACCAACAAAGT-1,SA1035X6XB03211,C
.cache/SCRNA10X_SA_CHIP0079_002/filtered_feature_bc_matrix,GAGTTGTTCCATTTAC-1,SA1035X6XB03211_GAGTTGTTCCATTTAC-1,SA1035X6XB03211,B
.cache/SCRNA10X_SA_CHIP0079_002/filtered_feature_bc_matrix,GATAGCTCACCTTCCA-1,SA1035X6XB03211_GATAGCTCACCTTCCA-1,SA1035X6XB03211,G
.cache/SCRNA10X_SA_CHIP0079_002/filtered_feature_bc_matrix,GATCAGTTCGATTTCT-1,SA1035X6XB03211_GATCAGTTCGATTTCT-1,SA1035X6XB03211,C
.cache/SCRNA10X_SA_CHIP0079_002/filtered_feature_bc_matrix,GATCGTAGTTACCCTC-1,SA1035X6XB03211_GATCGTAGTTACCCTC-1,SA1035X6XB03211,B
.cache/SCRNA10X_SA_CHIP0079_002/filtered_feature_bc_matrix,GATGACTTCTCGTCAC-1,SA1035X6XB03211_GATGACTTCTCGTCAC-1,SA1035X6XB03211,I
.cache/SCRNA10X_SA_CHIP0079_002/filtered_feature_bc_matrix,GATGCTAGTAATTGGA-1,SA1035X6XB03211_GATGCTAGTAATTGGA-1,SA1035X6XB03211,C
.cache/SCRNA10X_SA_CHIP0079_002/filtered_feature_bc_matrix,GATGTTGGTCACCCTT-1,SA1035X6XB03211_GATGTTGGTCACCCTT-1,SA1035X6XB03211,B
.cache/SCRNA10X_SA_CHIP0079_002/filtered_feature_bc_matrix,GATTCGACAAGAGGCT-1,SA1035X6XB03211_GATTCGACAAGAGGCT-1,SA1035X6XB03211,B
.cache/SCRNA10X_SA_CHIP0079_002/filtered_feature_bc_matrix,GATTCTTTCGGCCCAA-1,SA1035X6XB03211_GATTCTTTCGGCCCAA-1,SA1035X6XB03211,I
.cache/SCRNA10X_SA_CHIP0079_002/filtered_feature_bc_matrix,GCAACATCATTCTTCA-1,SA1035X6XB03211_GCAACATCATTCTTCA-1,SA1035X6XB03211,G
.cache/SCRNA10X_SA_CHIP0079_002/filtered_feature_bc_matrix,GCAACATTCCTAGCCT-1,SA1035X6XB03211_GCAACATTCCTAGCCT-1,SA1035X6XB03211,G
.cache/SCRNA10X_SA_CHIP0079_002/filtered_feature_bc_matrix,GCACATAAGTATAACG-1,SA1035X6XB03211_GCACATAAGTATAACG-1,SA1035X6XB03211,H_K
.cache/SCRNA10X_SA_CHIP0079_002/filtered_feature_bc_matrix,GCACATATCTCGACCT-1,SA1035X6XB03211_GCACATATCTCGACCT-1,SA1035X6XB03211,H_K
.cache/SCRNA10X_SA_CHIP0079_002/filtered_feature_bc_matrix,GCACGGTCAATAGGAT-1,SA1035X6XB03211_GCACGGTCAATAGGAT-1,SA1035X6XB03211,H_K
.cache/SCRNA10X_SA_CHIP0079_002/filtered_feature_bc_matrix,GCAGTTACACTTGAAC-1,SA1035X6XB03211_GCAGTTACACTTGAAC-1,SA1035X6XB03211,G
.cache/SCRNA10X_SA_CHIP0079_002/filtered_feature_bc_matrix,GCAGTTATCTCACGAA-1,SA1035X6XB03211_GCAGTTATCTCACGAA-1,SA1035X6XB03211,C
.cache/SCRNA10X_SA_CHIP0079_002/filtered_feature_bc_matrix,GCATCGGCAAATGAGT-1,SA1035X6XB03211_GCATCGGCAAATGAGT-1,SA1035X6XB03211,G
.cache/SCRNA10X_SA_CHIP0079_002/filtered_feature_bc_matrix,GCATCGGCAAGTTGGG-1,SA1035X6XB03211_GCATCGGCAAGTTGGG-1,SA1035X6XB03211,G
.cache/SCRNA10X_SA_CHIP0079_002/filtered_feature_bc_matrix,GCATTAGTCAGCTTCC-1,SA1035X6XB03211_GCATTAGTCAGCTTCC-1,SA1035X6XB03211,B
.cache/SCRNA10X_SA_CHIP0079_002/filtered_feature_bc_matrix,GCCAGCAGTCTTGCTC-1,SA1035X6XB03211_GCCAGCAGTCTTGCTC-1,SA1035X6XB03211,unassigned
.cache/SCRNA10X_SA_CHIP0079_002/filtered_feature_bc_matrix,GCCAGTGTCCACGTAA-1,SA1035X6XB03211_GCCAGTGTCCACGTAA-1,SA1035X6XB03211,C
.cache/SCRNA10X_SA_CHIP0079_002/filtered_feature_bc_matrix,GCCATGGCACCGTGCA-1,SA1035X6XB03211_GCCATGGCACCGTGCA-1,SA1035X6XB03211,H_K
.cache/SCRNA10X_SA_CHIP0079_002/filtered_feature_bc_matrix,GCCCGAATCCTGGGAC-1,SA1035X6XB03211_GCCCGAATCCTGGGAC-1,SA1035X6XB03211,G
.cache/SCRNA10X_SA_CHIP0079_002/filtered_feature_bc_matrix,GCCGATGGTATTCTCT-1,SA1035X6XB03211_GCCGATGGTATTCTCT-1,SA1035X6XB03211,C
.cache/SCRNA10X_SA_CHIP0079_002/filtered_feature_bc_matrix,GCCGTGATCCTGTTGC-1,SA1035X6XB03211_GCCGTGATCCTGTTGC-1,SA1035X6XB03211,G
.cache/SCRNA10X_SA_CHIP0079_002/filtered_feature_bc_matrix,GCGGATCAGTCGCGAA-1,SA1035X6XB03211_GCGGATCAGTCGCGAA-1,SA1035X6XB03211,H_K
.cache/SCRNA10X_SA_CHIP0079_002/filtered_feature_bc_matrix,GCTACCTAGGTTGACG-1,SA1035X6XB03211_GCTACCTAGGTTGACG-1,SA1035X6XB03211,G
.cache/SCRNA10X_SA_CHIP0079_002/filtered_feature_bc_matrix,GCTCAAAGTATTCTCT-1,SA1035X6XB03211_GCTCAAAGTATTCTCT-1,SA1035X6XB03211,G
.cache/SCRNA10X_SA_CHIP0079_002/filtered_feature_bc_matrix,GCTGAATTCTTCACAT-1,SA1035X6XB03211_GCTGAATTCTTCACAT-1,SA1035X6XB03211,B
.cache/SCRNA10X_SA_CHIP0079_002/filtered_feature_bc_matrix,GCTGCAGTCGGATTAC-1,SA1035X6XB03211_GCTGCAGTCGGATTAC-1,SA1035X6XB03211,G
.cache/SCRNA10X_SA_CHIP0079_002/filtered_feature_bc_matrix,GCTGGGTGTGCTATTG-1,SA1035X6XB03211_GCTGGGTGTGCTATTG-1,SA1035X6XB03211,B
.cache/SCRNA10X_SA_CHIP0079_002/filtered_feature_bc_matrix,GCTTCACCAATCCTAG-1,SA1035X6XB03211_GCTTCACCAATCCTAG-1,SA1035X6XB03211,B
.cache/SCRNA10X_SA_CHIP0079_002/filtered_feature_bc_matrix,GCTTTCGGTTTGATCG-1,SA1035X6XB03211_GCTTTCGGTTTGATCG-1,SA1035X6XB03211,G
.cache/SCRNA10X_SA_CHIP0079_002/filtered_feature_bc_matrix,GCTTTCGTCCAGCTCT-1,SA1035X6XB03211_GCTTTCGTCCAGCTCT-1,SA1035X6XB03211,H_K
.cache/SCRNA10X_SA_CHIP0079_002/filtered_feature_bc_matrix,GCTTTCGTCCGTGGCA-1,SA1035X6XB03211_GCTTTCGTCCGTGGCA-1,SA1035X6XB03211,G
.cache/SCRNA10X_SA_CHIP0079_002/filtered_feature_bc_matrix,GGAAGTGAGAAATGGG-1,SA1035X6XB03211_GGAAGTGAGAAATGGG-1,SA1035X6XB03211,B
.cache/SCRNA10X_SA_CHIP0079_002/filtered_feature_bc_matrix,GGAAGTGAGACAGCTG-1,SA1035X6XB03211_GGAAGTGAGACAGCTG-1,SA1035X6XB03211,B
.cache/SCRNA10X_SA_CHIP0079_002/filtered_feature_bc_matrix,GGAATCTAGTAGCAAT-1,SA1035X6XB03211_GGAATCTAGTAGCAAT-1,SA1035X6XB03211,G
.cache/SCRNA10X_SA_CHIP0079_002/filtered_feature_bc_matrix,GGACGTCTCTGGACTA-1,SA1035X6XB03211_GGACGTCTCTGGACTA-1,SA1035X6XB03211,C
.cache/SCRNA10X_SA_CHIP0079_002/filtered_feature_bc_matrix,GGAGAACCACTGAGGA-1,SA1035X6XB03211_GGAGAACCACTGAGGA-1,SA1035X6XB03211,I
.cache/SCRNA10X_SA_CHIP0079_002/filtered_feature_bc_matrix,GGATCTAAGGGCAACT-1,SA1035X6XB03211_GGATCTAAGGGCAACT-1,SA1035X6XB03211,G
.cache/SCRNA10X_SA_CHIP0079_002/filtered_feature_bc_matrix,GGATGTTCAAGGTCAG-1,SA1035X6XB03211_GGATGTTCAAGGTCAG-1,SA1035X6XB03211,C
.cache/SCRNA10X_SA_CHIP0079_002/filtered_feature_bc_matrix,GGCAGTCAGGTCATAA-1,SA1035X6XB03211_GGCAGTCAGGTCATAA-1,SA1035X6XB03211,G
.cache/SCRNA10X_SA_CHIP0079_002/filtered_feature_bc_matrix,GGCAGTCTCACTCTTA-1,SA1035X6XB03211_GGCAGTCTCACTCTTA-1,SA1035X6XB03211,G
.cache/SCRNA10X_SA_CHIP0079_002/filtered_feature_bc_matrix,GGCGTCAAGATGCTAA-1,SA1035X6XB03211_GGCGTCAAGATGCTAA-1,SA1035X6XB03211,unassigned
.cache/SCRNA10X_SA_CHIP0079_002/filtered_feature_bc_matrix,GGCGTCAGTCTGATAC-1,SA1035X6XB03211_GGCGTCAGTCTGATAC-1,SA1035X6XB03211,H_K
.cache/SCRNA10X_SA_CHIP0079_002/filtered_feature_bc_matrix,GGCTTGGGTTCATCGA-1,SA1035X6XB03211_GGCTTGGGTTCATCGA-1,SA1035X6XB03211,H_K
.cache/SCRNA10X_SA_CHIP0079_002/filtered_feature_bc_matrix,GGCTTTCGTACACGTT-1,SA1035X6XB03211_GGCTTTCGTACACGTT-1,SA1035X6XB03211,G
.cache/SCRNA10X_SA_CHIP0079_002/filtered_feature_bc_matrix,GGGAAGTAGCTGTTCA-1,SA1035X6XB03211_GGGAAGTAGCTGTTCA-1,SA1035X6XB03211,G
.cache/SCRNA10X_SA_CHIP0079_002/filtered_feature_bc_matrix,GGGAAGTGTATGACAA-1,SA1035X6XB03211_GGGAAGTGTATGACAA-1,SA1035X6XB03211,unassigned
.cache/SCRNA10X_SA_CHIP0079_002/filtered_feature_bc_matrix,GGGACCTCAATGCAGG-1,SA1035X6XB03211_GGGACCTCAATGCAGG-1,SA1035X6XB03211,B
.cache/SCRNA10X_SA_CHIP0079_002/filtered_feature_bc_matrix,GGGACTCTCTCGTCAC-1,SA1035X6XB03211_GGGACTCTCTCGTCAC-1,SA1035X6XB03211,C
.cache/SCRNA10X_SA_CHIP0079_002/filtered_feature_bc_matrix,GGGAGTAGTACAGAGC-1,SA1035X6XB03211_GGGAGTAGTACAGAGC-1,SA1035X6XB03211,G
.cache/SCRNA10X_SA_CHIP0079_002/filtered_feature_bc_matrix,GGGATCCGTGTGAGCA-1,SA1035X6XB03211_GGGATCCGTGTGAGCA-1,SA1035X6XB03211,C
.cache/SCRNA10X_SA_CHIP0079_002/filtered_feature_bc_matrix,GGGATCCTCCTTCACG-1,SA1035X6XB03211_GGGATCCTCCTTCACG-1,SA1035X6XB03211,B
.cache/SCRNA10X_SA_CHIP0079_002/filtered_feature_bc_matrix,GGGATGAAGGCTATCT-1,SA1035X6XB03211_GGGATGAAGGCTATCT-1,SA1035X6XB03211,G
.cache/SCRNA10X_SA_CHIP0079_002/filtered_feature_bc_matrix,GGGCCATAGAGATGCC-1,SA1035X6XB03211_GGGCCATAGAGATGCC-1,SA1035X6XB03211,B
.cache/SCRNA10X_SA_CHIP0079_002/filtered_feature_bc_matrix,GGGCCATAGGGTTAAT-1,SA1035X6XB03211_GGGCCATAGGGTTAAT-1,SA1035X6XB03211,B
.cache/SCRNA10X_SA_CHIP0079_002/filtered_feature_bc_matrix,GGGCTACTCACCTGGG-1,SA1035X6XB03211_GGGCTACTCACCTGGG-1,SA1035X6XB03211,C
.cache/SCRNA10X_SA_CHIP0079_002/filtered_feature_bc_matrix,GGGCTACTCCGTGTAA-1,SA1035X6XB03211_GGGCTACTCCGTGTAA-1,SA1035X6XB03211,I
.cache/SCRNA10X_SA_CHIP0079_002/filtered_feature_bc_matrix,GGGCTACTCTACCAGA-1,SA1035X6XB03211_GGGCTACTCTACCAGA-1,SA1035X6XB03211,C
.cache/SCRNA10X_SA_CHIP0079_002/filtered_feature_bc_matrix,GGGCTCAGTCTAGTGT-1,SA1035X6XB03211_GGGCTCAGTCTAGTGT-1,SA1035X6XB03211,H_K
.cache/SCRNA10X_SA_CHIP0079_002/filtered_feature_bc_matrix,GGGTAGAAGAGGGCGA-1,SA1035X6XB03211_GGGTAGAAGAGGGCGA-1,SA1035X6XB03211,G
.cache/SCRNA10X_SA_CHIP0079_002/filtered_feature_bc_matrix,GGGTAGAGTAACCAGG-1,SA1035X6XB03211_GGGTAGAGTAACCAGG-1,SA1035X6XB03211,C
.cache/SCRNA10X_SA_CHIP0079_002/filtered_feature_bc_matrix,GGGTATTTCACTGTTT-1,SA1035X6XB03211_GGGTATTTCACTGTTT-1,SA1035X6XB03211,G
.cache/SCRNA10X_SA_CHIP0079_002/filtered_feature_bc_matrix,GGGTATTTCAGACATC-1,SA1035X6XB03211_GGGTATTTCAGACATC-1,SA1035X6XB03211,G
.cache/SCRNA10X_SA_CHIP0079_002/filtered_feature_bc_matrix,GGGTCTGTCCTGCTAC-1,SA1035X6XB03211_GGGTCTGTCCTGCTAC-1,SA1035X6XB03211,B
.cache/SCRNA10X_SA_CHIP0079_002/filtered_feature_bc_matrix,GGGTTTAAGGAAAGTG-1,SA1035X6XB03211_GGGTTTAAGGAAAGTG-1,SA1035X6XB03211,I
.cache/SCRNA10X_SA_CHIP0079_002/filtered_feature_bc_matrix,GGTCTGGTCAAACCTG-1,SA1035X6XB03211_GGTCTGGTCAAACCTG-1,SA1035X6XB03211,G
.cache/SCRNA10X_SA_CHIP0079_002/filtered_feature_bc_matrix,GGTGATTGTAAGATCA-1,SA1035X6XB03211_GGTGATTGTAAGATCA-1,SA1035X6XB03211,G
.cache/SCRNA10X_SA_CHIP0079_002/filtered_feature_bc_matrix,GGTGGCTGTCAGCGTC-1,SA1035X6XB03211_GGTGGCTGTCAGCGTC-1,SA1035X6XB03211,H_K
.cache/SCRNA10X_SA_CHIP0079_002/filtered_feature_bc_matrix,GTAACACTCCCGAGGT-1,SA1035X6XB03211_GTAACACTCCCGAGGT-1,SA1035X6XB03211,B
.cache/SCRNA10X_SA_CHIP0079_002/filtered_feature_bc_matrix,GTAAGTCGTCCACTTC-1,SA1035X6XB03211_GTAAGTCGTCCACTTC-1,SA1035X6XB03211,G
.cache/SCRNA10X_SA_CHIP0079_002/filtered_feature_bc_matrix,GTAATGCTCAATCTCT-1,SA1035X6XB03211_GTAATGCTCAATCTCT-1,SA1035X6XB03211,C
.cache/SCRNA10X_SA_CHIP0079_002/filtered_feature_bc_matrix,GTACAGTAGCCAAGTG-1,SA1035X6XB03211_GTACAGTAGCCAAGTG-1,SA1035X6XB03211,G
.cache/SCRNA10X_SA_CHIP0079_002/filtered_feature_bc_matrix,GTACAGTCAGCTTTCC-1,SA1035X6XB03211_GTACAGTCAGCTTTCC-1,SA1035X6XB03211,H_K
.cache/SCRNA10X_SA_CHIP0079_002/filtered_feature_bc_matrix,GTACAGTGTTAGAGTA-1,SA1035X6XB03211_GTACAGTGTTAGAGTA-1,SA1035X6XB03211,B
.cache/SCRNA10X_SA_CHIP0079_002/filtered_feature_bc_matrix,GTAGCTAGTTAAACAG-1,SA1035X6XB03211_GTAGCTAGTTAAACAG-1,SA1035X6XB03211,G
.cache/SCRNA10X_SA_CHIP0079_002/filtered_feature_bc_matrix,GTAGTACAGCTAAATG-1,SA1035X6XB03211_GTAGTACAGCTAAATG-1,SA1035X6XB03211,B
.cache/SCRNA10X_SA_CHIP0079_002/filtered_feature_bc_matrix,GTATTTCGTGGCAGAT-1,SA1035X6XB03211_GTATTTCGTGGCAGAT-1,SA1035X6XB03211,G
.cache/SCRNA10X_SA_CHIP0079_002/filtered_feature_bc_matrix,GTCAAACAGTGACACG-1,SA1035X6XB03211_GTCAAACAGTGACACG-1,SA1035X6XB03211,G
.cache/SCRNA10X_SA_CHIP0079_002/filtered_feature_bc_matrix,GTCAGCGCAGCTCTGG-1,SA1035X6XB03211_GTCAGCGCAGCTCTGG-1,SA1035X6XB03211,G
.cache/SCRNA10X_SA_CHIP0079_002/filtered_feature_bc_matrix,GTCAGCGTCAGGAACG-1,SA1035X6XB03211_GTCAGCGTCAGGAACG-1,SA1035X6XB03211,H_K
.cache/SCRNA10X_SA_CHIP0079_002/filtered_feature_bc_matrix,GTCATCCGTTGCTGAT-1,SA1035X6XB03211_GTCATCCGTTGCTGAT-1,SA1035X6XB03211,G
.cache/SCRNA10X_SA_CHIP0079_002/filtered_feature_bc_matrix,GTCATGATCTATTCGT-1,SA1035X6XB03211_GTCATGATCTATTCGT-1,SA1035X6XB03211,I
.cache/SCRNA10X_SA_CHIP0079_002/filtered_feature_bc_matrix,GTCATTTTCTCTTAAC-1,SA1035X6XB03211_GTCATTTTCTCTTAAC-1,SA1035X6XB03211,B
.cache/SCRNA10X_SA_CHIP0079_002/filtered_feature_bc_matrix,GTCCACTGTGTAGTGG-1,SA1035X6XB03211_GTCCACTGTGTAGTGG-1,SA1035X6XB03211,C
.cache/SCRNA10X_SA_CHIP0079_002/filtered_feature_bc_matrix,GTCGCGACAGCTGTAT-1,SA1035X6XB03211_GTCGCGACAGCTGTAT-1,SA1035X6XB03211,B
.cache/SCRNA10X_SA_CHIP0079_002/filtered_feature_bc_matrix,GTCTACCAGTCTCCTC-1,SA1035X6XB03211_GTCTACCAGTCTCCTC-1,SA1035X6XB03211,G
.cache/SCRNA10X_SA_CHIP0079_002/filtered_feature_bc_matrix,GTCTAGATCTCCACTG-1,SA1035X6XB03211_GTCTAGATCTCCACTG-1,SA1035X6XB03211,B
.cache/SCRNA10X_SA_CHIP0079_002/filtered_feature_bc_matrix,GTCTGTCAGGCCTAGA-1,SA1035X6XB03211_GTCTGTCAGGCCTAGA-1,SA1035X6XB03211,H_K
.cache/SCRNA10X_SA_CHIP0079_002/filtered_feature_bc_matrix,GTCTGTCTCGGCTGGT-1,SA1035X6XB03211_GTCTGTCTCGGCTGGT-1,SA1035X6XB03211,B
.cache/SCRNA10X_SA_CHIP0079_002/filtered_feature_bc_matrix,GTGAGCCAGCCTGAGA-1,SA1035X6XB03211_GTGAGCCAGCCTGAGA-1,SA1035X6XB03211,G
.cache/SCRNA10X_SA_CHIP0079_002/filtered_feature_bc_matrix,GTGAGGACAATTCTCT-1,SA1035X6XB03211_GTGAGGACAATTCTCT-1,SA1035X6XB03211,G
.cache/SCRNA10X_SA_CHIP0079_002/filtered_feature_bc_matrix,GTGATGTAGCTGTGCC-1,SA1035X6XB03211_GTGATGTAGCTGTGCC-1,SA1035X6XB03211,C
.cache/SCRNA10X_SA_CHIP0079_002/filtered_feature_bc_matrix,GTGATGTCACGACGTC-1,SA1035X6XB03211_GTGATGTCACGACGTC-1,SA1035X6XB03211,B
.cache/SCRNA10X_SA_CHIP0079_002/filtered_feature_bc_matrix,GTGCTTCCAAGACAAT-1,SA1035X6XB03211_GTGCTTCCAAGACAAT-1,SA1035X6XB03211,B
.cache/SCRNA10X_SA_CHIP0079_002/filtered_feature_bc_matrix,GTGGAGAAGAGGGTCT-1,SA1035X6XB03211_GTGGAGAAGAGGGTCT-1,SA1035X6XB03211,H_K
.cache/SCRNA10X_SA_CHIP0079_002/filtered_feature_bc_matrix,GTGGAGACAGCGTACC-1,SA1035X6XB03211_GTGGAGACAGCGTACC-1,SA1035X6XB03211,C
.cache/SCRNA10X_SA_CHIP0079_002/filtered_feature_bc_matrix,GTGGCGTTCGCGAAGA-1,SA1035X6XB03211_GTGGCGTTCGCGAAGA-1,SA1035X6XB03211,G
.cache/SCRNA10X_SA_CHIP0079_002/filtered_feature_bc_matrix,GTGTAACCACAACGTT-1,SA1035X6XB03211_GTGTAACCACAACGTT-1,SA1035X6XB03211,C
.cache/SCRNA10X_SA_CHIP0079_002/filtered_feature_bc_matrix,GTGTAACGTGGTACAG-1,SA1035X6XB03211_GTGTAACGTGGTACAG-1,SA1035X6XB03211,G
.cache/SCRNA10X_SA_CHIP0079_002/filtered_feature_bc_matrix,GTGTCCTGTCTAGGTT-1,SA1035X6XB03211_GTGTCCTGTCTAGGTT-1,SA1035X6XB03211,G
.cache/SCRNA10X_SA_CHIP0079_002/filtered_feature_bc_matrix,GTGTTAGTCTCGAACA-1,SA1035X6XB03211_GTGTTAGTCTCGAACA-1,SA1035X6XB03211,H_K
.cache/SCRNA10X_SA_CHIP0079_002/filtered_feature_bc_matrix,GTGTTCCTCGCTCTCA-1,SA1035X6XB03211_GTGTTCCTCGCTCTCA-1,SA1035X6XB03211,G
.cache/SCRNA10X_SA_CHIP0079_002/filtered_feature_bc_matrix,GTTACAGTCGATCCCT-1,SA1035X6XB03211_GTTACAGTCGATCCCT-1,SA1035X6XB03211,G
.cache/SCRNA10X_SA_CHIP0079_002/filtered_feature_bc_matrix,GTTACCCAGATACGAT-1,SA1035X6XB03211_GTTACCCAGATACGAT-1,SA1035X6XB03211,C
.cache/SCRNA10X_SA_CHIP0079_002/filtered_feature_bc_matrix,GTTACGAAGCTTCATG-1,SA1035X6XB03211_GTTACGAAGCTTCATG-1,SA1035X6XB03211,B
.cache/SCRNA10X_SA_CHIP0079_002/filtered_feature_bc_matrix,GTTAGACCACCGTGCA-1,SA1035X6XB03211_GTTAGACCACCGTGCA-1,SA1035X6XB03211,G
.cache/SCRNA10X_SA_CHIP0079_002/filtered_feature_bc_matrix,GTTATGGCACTTGTCC-1,SA1035X6XB03211_GTTATGGCACTTGTCC-1,SA1035X6XB03211,C
.cache/SCRNA10X_SA_CHIP0079_002/filtered_feature_bc_matrix,GTTATGGTCTACTGCC-1,SA1035X6XB03211_GTTATGGTCTACTGCC-1,SA1035X6XB03211,G
.cache/SCRNA10X_SA_CHIP0079_002/filtered_feature_bc_matrix,GTTCTATGTGCATTTG-1,SA1035X6XB03211_GTTCTATGTGCATTTG-1,SA1035X6XB03211,G
.cache/SCRNA10X_SA_CHIP0079_002/filtered_feature_bc_matrix,GTTGAACTCTGCGATA-1,SA1035X6XB03211_GTTGAACTCTGCGATA-1,SA1035X6XB03211,H_K
.cache/SCRNA10X_SA_CHIP0079_002/filtered_feature_bc_matrix,GTTGCGGTCGGACTGC-1,SA1035X6XB03211_GTTGCGGTCGGACTGC-1,SA1035X6XB03211,C
.cache/SCRNA10X_SA_CHIP0079_002/filtered_feature_bc_matrix,GTTGCTCAGGCGATAC-1,SA1035X6XB03211_GTTGCTCAGGCGATAC-1,SA1035X6XB03211,G
.cache/SCRNA10X_SA_CHIP0079_002/filtered_feature_bc_matrix,GTTGCTCCAACAACAA-1,SA1035X6XB03211_GTTGCTCCAACAACAA-1,SA1035X6XB03211,C
.cache/SCRNA10X_SA_CHIP0079_002/filtered_feature_bc_matrix,GTTGTAGAGCCTTTCC-1,SA1035X6XB03211_GTTGTAGAGCCTTTCC-1,SA1035X6XB03211,C
.cache/SCRNA10X_SA_CHIP0079_002/filtered_feature_bc_matrix,GTTGTCCCAAATTAGG-1,SA1035X6XB03211_GTTGTCCCAAATTAGG-1,SA1035X6XB03211,unassigned
.cache/SCRNA10X_SA_CHIP0079_002/filtered_feature_bc_matrix,GTTGTGACACCGGCTA-1,SA1035X6XB03211_GTTGTGACACCGGCTA-1,SA1035X6XB03211,G
.cache/SCRNA10X_SA_CHIP0079_002/filtered_feature_bc_matrix,GTTTGGATCTGTCTCG-1,SA1035X6XB03211_GTTTGGATCTGTCTCG-1,SA1035X6XB03211,B
.cache/SCRNA10X_SA_CHIP0079_002/filtered_feature_bc_matrix,TAACACGTCTGATGGT-1,SA1035X6XB03211_TAACACGTCTGATGGT-1,SA1035X6XB03211,G
.cache/SCRNA10X_SA_CHIP0079_002/filtered_feature_bc_matrix,TAACCAGCATCCCGTT-1,SA1035X6XB03211_TAACCAGCATCCCGTT-1,SA1035X6XB03211,B
.cache/SCRNA10X_SA_CHIP0079_002/filtered_feature_bc_matrix,TAACTTCAGGGACAGG-1,SA1035X6XB03211_TAACTTCAGGGACAGG-1,SA1035X6XB03211,B
.cache/SCRNA10X_SA_CHIP0079_002/filtered_feature_bc_matrix,TAACTTCGTCAGCTTA-1,SA1035X6XB03211_TAACTTCGTCAGCTTA-1,SA1035X6XB03211,C
.cache/SCRNA10X_SA_CHIP0079_002/filtered_feature_bc_matrix,TAAGTCGGTGACAGCA-1,SA1035X6XB03211_TAAGTCGGTGACAGCA-1,SA1035X6XB03211,I
.cache/SCRNA10X_SA_CHIP0079_002/filtered_feature_bc_matrix,TAATCTCCAACGAGGT-1,SA1035X6XB03211_TAATCTCCAACGAGGT-1,SA1035X6XB03211,H_K
.cache/SCRNA10X_SA_CHIP0079_002/filtered_feature_bc_matrix,TAATCTCCAGGTTACT-1,SA1035X6XB03211_TAATCTCCAGGTTACT-1,SA1035X6XB03211,I
.cache/SCRNA10X_SA_CHIP0079_002/filtered_feature_bc_matrix,TACAACGGTAATGATG-1,SA1035X6XB03211_TACAACGGTAATGATG-1,SA1035X6XB03211,B
.cache/SCRNA10X_SA_CHIP0079_002/filtered_feature_bc_matrix,TACATTCTCTGGTGCG-1,SA1035X6XB03211_TACATTCTCTGGTGCG-1,SA1035X6XB03211,B
.cache/SCRNA10X_SA_CHIP0079_002/filtered_feature_bc_matrix,TACCGAATCGACCCAG-1,SA1035X6XB03211_TACCGAATCGACCCAG-1,SA1035X6XB03211,unassigned
.cache/SCRNA10X_SA_CHIP0079_002/filtered_feature_bc_matrix,TACCTGCAGGTCCCGT-1,SA1035X6XB03211_TACCTGCAGGTCCCGT-1,SA1035X6XB03211,G
.cache/SCRNA10X_SA_CHIP0079_002/filtered_feature_bc_matrix,TACGCTCAGGTGGCTA-1,SA1035X6XB03211_TACGCTCAGGTGGCTA-1,SA1035X6XB03211,G
.cache/SCRNA10X_SA_CHIP0079_002/filtered_feature_bc_matrix,TACGCTCCACAGTACT-1,SA1035X6XB03211_TACGCTCCACAGTACT-1,SA1035X6XB03211,C
.cache/SCRNA10X_SA_CHIP0079_002/filtered_feature_bc_matrix,TACGGTACAGAACGCA-1,SA1035X6XB03211_TACGGTACAGAACGCA-1,SA1035X6XB03211,I
.cache/SCRNA10X_SA_CHIP0079_002/filtered_feature_bc_matrix,TACGTCCAGTAATTGG-1,SA1035X6XB03211_TACGTCCAGTAATTGG-1,SA1035X6XB03211,I
.cache/SCRNA10X_SA_CHIP0079_002/filtered_feature_bc_matrix,TACGTCCCATTCACCC-1,SA1035X6XB03211_TACGTCCCATTCACCC-1,SA1035X6XB03211,C
.cache/SCRNA10X_SA_CHIP0079_002/filtered_feature_bc_matrix,TACTGCCAGAGTTGAT-1,SA1035X6XB03211_TACTGCCAGAGTTGAT-1,SA1035X6XB03211,I
.cache/SCRNA10X_SA_CHIP0079_002/filtered_feature_bc_matrix,TACTGCCCAATCTGCA-1,SA1035X6XB03211_TACTGCCCAATCTGCA-1,SA1035X6XB03211,G
.cache/SCRNA10X_SA_CHIP0079_002/filtered_feature_bc_matrix,TACTTCACAGATCCTA-1,SA1035X6XB03211_TACTTCACAGATCCTA-1,SA1035X6XB03211,I
.cache/SCRNA10X_SA_CHIP0079_002/filtered_feature_bc_matrix,TACTTCAGTACTCGCG-1,SA1035X6XB03211_TACTTCAGTACTCGCG-1,SA1035X6XB03211,H_K
.cache/SCRNA10X_SA_CHIP0079_002/filtered_feature_bc_matrix,TAGATCGCACTATCCC-1,SA1035X6XB03211_TAGATCGCACTATCCC-1,SA1035X6XB03211,H_K
.cache/SCRNA10X_SA_CHIP0079_002/filtered_feature_bc_matrix,TAGGAGGTCCGCATAA-1,SA1035X6XB03211_TAGGAGGTCCGCATAA-1,SA1035X6XB03211,I
.cache/SCRNA10X_SA_CHIP0079_002/filtered_feature_bc_matrix,TAGGGTTCAAAGGGCT-1,SA1035X6XB03211_TAGGGTTCAAAGGGCT-1,SA1035X6XB03211,G
.cache/SCRNA10X_SA_CHIP0079_002/filtered_feature_bc_matrix,TAGGGTTCAATACGAA-1,SA1035X6XB03211_TAGGGTTCAATACGAA-1,SA1035X6XB03211,H_K
.cache/SCRNA10X_SA_CHIP0079_002/filtered_feature_bc_matrix,TAGGTACTCCAAGAGG-1,SA1035X6XB03211_TAGGTACTCCAAGAGG-1,SA1035X6XB03211,unassigned
.cache/SCRNA10X_SA_CHIP0079_002/filtered_feature_bc_matrix,TAGGTTGCAGAGATGC-1,SA1035X6XB03211_TAGGTTGCAGAGATGC-1,SA1035X6XB03211,G
.cache/SCRNA10X_SA_CHIP0079_002/filtered_feature_bc_matrix,TAGTGCATCAGGAACG-1,SA1035X6XB03211_TAGTGCATCAGGAACG-1,SA1035X6XB03211,G
.cache/SCRNA10X_SA_CHIP0079_002/filtered_feature_bc_matrix,TATATCCTCGGTTGTA-1,SA1035X6XB03211_TATATCCTCGGTTGTA-1,SA1035X6XB03211,G
.cache/SCRNA10X_SA_CHIP0079_002/filtered_feature_bc_matrix,TATATCCTCTGCTCTG-1,SA1035X6XB03211_TATATCCTCTGCTCTG-1,SA1035X6XB03211,C
.cache/SCRNA10X_SA_CHIP0079_002/filtered_feature_bc_matrix,TATCAGGGTGCCTTTC-1,SA1035X6XB03211_TATCAGGGTGCCTTTC-1,SA1035X6XB03211,B
.cache/SCRNA10X_SA_CHIP0079_002/filtered_feature_bc_matrix,TATCGCCGTCAACACT-1,SA1035X6XB03211_TATCGCCGTCAACACT-1,SA1035X6XB03211,I
.cache/SCRNA10X_SA_CHIP0079_002/filtered_feature_bc_matrix,TATCTGTAGTCATCCA-1,SA1035X6XB03211_TATCTGTAGTCATCCA-1,SA1035X6XB03211,G
.cache/SCRNA10X_SA_CHIP0079_002/filtered_feature_bc_matrix,TATCTGTCATCCAATG-1,SA1035X6XB03211_TATCTGTCATCCAATG-1,SA1035X6XB03211,I
.cache/SCRNA10X_SA_CHIP0079_002/filtered_feature_bc_matrix,TATCTTGGTATGGAGC-1,SA1035X6XB03211_TATCTTGGTATGGAGC-1,SA1035X6XB03211,G
.cache/SCRNA10X_SA_CHIP0079_002/filtered_feature_bc_matrix,TATCTTGTCGACCCAG-1,SA1035X6XB03211_TATCTTGTCGACCCAG-1,SA1035X6XB03211,G
.cache/SCRNA10X_SA_CHIP0079_002/filtered_feature_bc_matrix,TATGTTCTCCACGTCT-1,SA1035X6XB03211_TATGTTCTCCACGTCT-1,SA1035X6XB03211,I
.cache/SCRNA10X_SA_CHIP0079_002/filtered_feature_bc_matrix,TATTCCATCTTCCGTG-1,SA1035X6XB03211_TATTCCATCTTCCGTG-1,SA1035X6XB03211,B
.cache/SCRNA10X_SA_CHIP0079_002/filtered_feature_bc_matrix,TATTGCTCATTACGGT-1,SA1035X6XB03211_TATTGCTCATTACGGT-1,SA1035X6XB03211,G
.cache/SCRNA10X_SA_CHIP0079_002/filtered_feature_bc_matrix,TATTGCTTCTGGGCCA-1,SA1035X6XB03211_TATTGCTTCTGGGCCA-1,SA1035X6XB03211,G
.cache/SCRNA10X_SA_CHIP0079_002/filtered_feature_bc_matrix,TATTGGGGTTACCCAA-1,SA1035X6XB03211_TATTGGGGTTACCCAA-1,SA1035X6XB03211,G
.cache/SCRNA10X_SA_CHIP0079_002/filtered_feature_bc_matrix,TATTTCGCAATCCAGT-1,SA1035X6XB03211_TATTTCGCAATCCAGT-1,SA1035X6XB03211,G
.cache/SCRNA10X_SA_CHIP0079_002/filtered_feature_bc_matrix,TCAAGACAGTCCGCCA-1,SA1035X6XB03211_TCAAGACAGTCCGCCA-1,SA1035X6XB03211,unassigned
.cache/SCRNA10X_SA_CHIP0079_002/filtered_feature_bc_matrix,TCAAGTGTCCATTCGC-1,SA1035X6XB03211_TCAAGTGTCCATTCGC-1,SA1035X6XB03211,G
.cache/SCRNA10X_SA_CHIP0079_002/filtered_feature_bc_matrix,TCAATCTAGGCTCTAT-1,SA1035X6XB03211_TCAATCTAGGCTCTAT-1,SA1035X6XB03211,H_K
.cache/SCRNA10X_SA_CHIP0079_002/filtered_feature_bc_matrix,TCACACCGTAACATGA-1,SA1035X6XB03211_TCACACCGTAACATGA-1,SA1035X6XB03211,H_K
.cache/SCRNA10X_SA_CHIP0079_002/filtered_feature_bc_matrix,TCACACCGTCAGCTTA-1,SA1035X6XB03211_TCACACCGTCAGCTTA-1,SA1035X6XB03211,G
.cache/SCRNA10X_SA_CHIP0079_002/filtered_feature_bc_matrix,TCACGGGAGTTGTCAC-1,SA1035X6XB03211_TCACGGGAGTTGTCAC-1,SA1035X6XB03211,C
.cache/SCRNA10X_SA_CHIP0079_002/filtered_feature_bc_matrix,TCACTATAGATGAATC-1,SA1035X6XB03211_TCACTATAGATGAATC-1,SA1035X6XB03211,H_K
.cache/SCRNA10X_SA_CHIP0079_002/filtered_feature_bc_matrix,TCACTCGCAGGCTTGC-1,SA1035X6XB03211_TCACTCGCAGGCTTGC-1,SA1035X6XB03211,H_K
.cache/SCRNA10X_SA_CHIP0079_002/filtered_feature_bc_matrix,TCAGCAAGTTATAGAG-1,SA1035X6XB03211_TCAGCAAGTTATAGAG-1,SA1035X6XB03211,H_K
.cache/SCRNA10X_SA_CHIP0079_002/filtered_feature_bc_matrix,TCAGGGCCAGTCTGGC-1,SA1035X6XB03211_TCAGGGCCAGTCTGGC-1,SA1035X6XB03211,G
.cache/SCRNA10X_SA_CHIP0079_002/filtered_feature_bc_matrix,TCAGGTAAGAGTCCGA-1,SA1035X6XB03211_TCAGGTAAGAGTCCGA-1,SA1035X6XB03211,C
.cache/SCRNA10X_SA_CHIP0079_002/filtered_feature_bc_matrix,TCATCCGAGGTCCCTG-1,SA1035X6XB03211_TCATCCGAGGTCCCTG-1,SA1035X6XB03211,H_K
.cache/SCRNA10X_SA_CHIP0079_002/filtered_feature_bc_matrix,TCATGCCTCTCTGCCA-1,SA1035X6XB03211_TCATGCCTCTCTGCCA-1,SA1035X6XB03211,H_K
.cache/SCRNA10X_SA_CHIP0079_002/filtered_feature_bc_matrix,TCATGGAGTACCGGAA-1,SA1035X6XB03211_TCATGGAGTACCGGAA-1,SA1035X6XB03211,C
.cache/SCRNA10X_SA_CHIP0079_002/filtered_feature_bc_matrix,TCATGTTTCTCCATAT-1,SA1035X6XB03211_TCATGTTTCTCCATAT-1,SA1035X6XB03211,C
.cache/SCRNA10X_SA_CHIP0079_002/filtered_feature_bc_matrix,TCATTACTCATACGGT-1,SA1035X6XB03211_TCATTACTCATACGGT-1,SA1035X6XB03211,I
.cache/SCRNA10X_SA_CHIP0079_002/filtered_feature_bc_matrix,TCATTCAAGGCTTAAA-1,SA1035X6XB03211_TCATTCAAGGCTTAAA-1,SA1035X6XB03211,C
.cache/SCRNA10X_SA_CHIP0079_002/filtered_feature_bc_matrix,TCATTGTGTCGATTTG-1,SA1035X6XB03211_TCATTGTGTCGATTTG-1,SA1035X6XB03211,I
.cache/SCRNA10X_SA_CHIP0079_002/filtered_feature_bc_matrix,TCATTGTTCACAAGAA-1,SA1035X6XB03211_TCATTGTTCACAAGAA-1,SA1035X6XB03211,B
.cache/SCRNA10X_SA_CHIP0079_002/filtered_feature_bc_matrix,TCCAGAAGTGTTGATC-1,SA1035X6XB03211_TCCAGAAGTGTTGATC-1,SA1035X6XB03211,I
.cache/SCRNA10X_SA_CHIP0079_002/filtered_feature_bc_matrix,TCCCACACAACGAGGT-1,SA1035X6XB03211_TCCCACACAACGAGGT-1,SA1035X6XB03211,C
.cache/SCRNA10X_SA_CHIP0079_002/filtered_feature_bc_matrix,TCCCATGGTATCGCGC-1,SA1035X6XB03211_TCCCATGGTATCGCGC-1,SA1035X6XB03211,B
.cache/SCRNA10X_SA_CHIP0079_002/filtered_feature_bc_matrix,TCCGAAATCAGACATC-1,SA1035X6XB03211_TCCGAAATCAGACATC-1,SA1035X6XB03211,B
.cache/SCRNA10X_SA_CHIP0079_002/filtered_feature_bc_matrix,TCCGGGAAGGTCTACT-1,SA1035X6XB03211_TCCGGGAAGGTCTACT-1,SA1035X6XB03211,B
.cache/SCRNA10X_SA_CHIP0079_002/filtered_feature_bc_matrix,TCCTCCCCAACAAGAT-1,SA1035X6XB03211_TCCTCCCCAACAAGAT-1,SA1035X6XB03211,B
.cache/SCRNA10X_SA_CHIP0079_002/filtered_feature_bc_matrix,TCCTCCCTCGAGTTGT-1,SA1035X6XB03211_TCCTCCCTCGAGTTGT-1,SA1035X6XB03211,C
.cache/SCRNA10X_SA_CHIP0079_002/filtered_feature_bc_matrix,TCCTCGACAACAAAGT-1,SA1035X6XB03211_TCCTCGACAACAAAGT-1,SA1035X6XB03211,G
.cache/SCRNA10X_SA_CHIP0079_002/filtered_feature_bc_matrix,TCCTCGAGTATGAGGC-1,SA1035X6XB03211_TCCTCGAGTATGAGGC-1,SA1035X6XB03211,G
.cache/SCRNA10X_SA_CHIP0079_002/filtered_feature_bc_matrix,TCCTCTTAGACATAGT-1,SA1035X6XB03211_TCCTCTTAGACATAGT-1,SA1035X6XB03211,B
.cache/SCRNA10X_SA_CHIP0079_002/filtered_feature_bc_matrix,TCGAAGTTCCTAGCTC-1,SA1035X6XB03211_TCGAAGTTCCTAGCTC-1,SA1035X6XB03211,H_K
.cache/SCRNA10X_SA_CHIP0079_002/filtered_feature_bc_matrix,TCGCACTAGGTCTACT-1,SA1035X6XB03211_TCGCACTAGGTCTACT-1,SA1035X6XB03211,B
.cache/SCRNA10X_SA_CHIP0079_002/filtered_feature_bc_matrix,TCGCACTGTCCTTTGC-1,SA1035X6XB03211_TCGCACTGTCCTTTGC-1,SA1035X6XB03211,H_K
.cache/SCRNA10X_SA_CHIP0079_002/filtered_feature_bc_matrix,TCGCTCATCTAGTCAG-1,SA1035X6XB03211_TCGCTCATCTAGTCAG-1,SA1035X6XB03211,G
.cache/SCRNA10X_SA_CHIP0079_002/filtered_feature_bc_matrix,TCGGATAGTGGCTGAA-1,SA1035X6XB03211_TCGGATAGTGGCTGAA-1,SA1035X6XB03211,G
.cache/SCRNA10X_SA_CHIP0079_002/filtered_feature_bc_matrix,TCGTCCACAGGGACTA-1,SA1035X6XB03211_TCGTCCACAGGGACTA-1,SA1035X6XB03211,C
.cache/SCRNA10X_SA_CHIP0079_002/filtered_feature_bc_matrix,TCGTGGGAGTGGTCAG-1,SA1035X6XB03211_TCGTGGGAGTGGTCAG-1,SA1035X6XB03211,G
.cache/SCRNA10X_SA_CHIP0079_002/filtered_feature_bc_matrix,TCTAACTAGCCGTTAT-1,SA1035X6XB03211_TCTAACTAGCCGTTAT-1,SA1035X6XB03211,B
.cache/SCRNA10X_SA_CHIP0079_002/filtered_feature_bc_matrix,TCTAACTTCAGCGCGT-1,SA1035X6XB03211_TCTAACTTCAGCGCGT-1,SA1035X6XB03211,H_K
.cache/SCRNA10X_SA_CHIP0079_002/filtered_feature_bc_matrix,TCTACATAGGTGATAT-1,SA1035X6XB03211_TCTACATAGGTGATAT-1,SA1035X6XB03211,I
.cache/SCRNA10X_SA_CHIP0079_002/filtered_feature_bc_matrix,TCTACATCAGCGAACA-1,SA1035X6XB03211_TCTACATCAGCGAACA-1,SA1035X6XB03211,G
.cache/SCRNA10X_SA_CHIP0079_002/filtered_feature_bc_matrix,TCTACATCAGGTCAAG-1,SA1035X6XB03211_TCTACATCAGGTCAAG-1,SA1035X6XB03211,G
.cache/SCRNA10X_SA_CHIP0079_002/filtered_feature_bc_matrix,TCTCCGATCATACGAC-1,SA1035X6XB03211_TCTCCGATCATACGAC-1,SA1035X6XB03211,C
.cache/SCRNA10X_SA_CHIP0079_002/filtered_feature_bc_matrix,TCTCTGGAGCTAGATA-1,SA1035X6XB03211_TCTCTGGAGCTAGATA-1,SA1035X6XB03211,B
.cache/SCRNA10X_SA_CHIP0079_002/filtered_feature_bc_matrix,TCTGGCTTCAAAGGTA-1,SA1035X6XB03211_TCTGGCTTCAAAGGTA-1,SA1035X6XB03211,G
.cache/SCRNA10X_SA_CHIP0079_002/filtered_feature_bc_matrix,TCTGTCGGTGCGACAA-1,SA1035X6XB03211_TCTGTCGGTGCGACAA-1,SA1035X6XB03211,C
.cache/SCRNA10X_SA_CHIP0079_002/filtered_feature_bc_matrix,TCTTAGTGTCATCGGC-1,SA1035X6XB03211_TCTTAGTGTCATCGGC-1,SA1035X6XB03211,B
.cache/SCRNA10X_SA_CHIP0079_002/filtered_feature_bc_matrix,TCTTGCGGTGCTGATT-1,SA1035X6XB03211_TCTTGCGGTGCTGATT-1,SA1035X6XB03211,B
.cache/SCRNA10X_SA_CHIP0079_002/filtered_feature_bc_matrix,TCTTTGACAACTGTGT-1,SA1035X6XB03211_TCTTTGACAACTGTGT-1,SA1035X6XB03211,I
.cache/SCRNA10X_SA_CHIP0079_002/filtered_feature_bc_matrix,TCTTTGACAAGTGATA-1,SA1035X6XB03211_TCTTTGACAAGTGATA-1,SA1035X6XB03211,G
.cache/SCRNA10X_SA_CHIP0079_002/filtered_feature_bc_matrix,TGAATCGGTGAGCTCC-1,SA1035X6XB03211_TGAATCGGTGAGCTCC-1,SA1035X6XB03211,I
.cache/SCRNA10X_SA_CHIP0079_002/filtered_feature_bc_matrix,TGACAGTGTGAGCGAT-1,SA1035X6XB03211_TGACAGTGTGAGCGAT-1,SA1035X6XB03211,G
.cache/SCRNA10X_SA_CHIP0079_002/filtered_feature_bc_matrix,TGACTCCCATCTCAAG-1,SA1035X6XB03211_TGACTCCCATCTCAAG-1,SA1035X6XB03211,H_K
.cache/SCRNA10X_SA_CHIP0079_002/filtered_feature_bc_matrix,TGATGCATCCAATCCC-1,SA1035X6XB03211_TGATGCATCCAATCCC-1,SA1035X6XB03211,B
.cache/SCRNA10X_SA_CHIP0079_002/filtered_feature_bc_matrix,TGCATCCCATCCTTGC-1,SA1035X6XB03211_TGCATCCCATCCTTGC-1,SA1035X6XB03211,G
.cache/SCRNA10X_SA_CHIP0079_002/filtered_feature_bc_matrix,TGCGACGCATGACGTT-1,SA1035X6XB03211_TGCGACGCATGACGTT-1,SA1035X6XB03211,G
.cache/SCRNA10X_SA_CHIP0079_002/filtered_feature_bc_matrix,TGCGATATCCGCGGAT-1,SA1035X6XB03211_TGCGATATCCGCGGAT-1,SA1035X6XB03211,G
.cache/SCRNA10X_SA_CHIP0079_002/filtered_feature_bc_matrix,TGCTCCAGTGTGTACT-1,SA1035X6XB03211_TGCTCCAGTGTGTACT-1,SA1035X6XB03211,G
.cache/SCRNA10X_SA_CHIP0079_002/filtered_feature_bc_matrix,TGCTCGTTCGGACGTC-1,SA1035X6XB03211_TGCTCGTTCGGACGTC-1,SA1035X6XB03211,B
.cache/SCRNA10X_SA_CHIP0079_002/filtered_feature_bc_matrix,TGGAACTTCTCTTCAA-1,SA1035X6XB03211_TGGAACTTCTCTTCAA-1,SA1035X6XB03211,G
.cache/SCRNA10X_SA_CHIP0079_002/filtered_feature_bc_matrix,TGGAGGAGTCGTTGCG-1,SA1035X6XB03211_TGGAGGAGTCGTTGCG-1,SA1035X6XB03211,I
.cache/SCRNA10X_SA_CHIP0079_002/filtered_feature_bc_matrix,TGGGAAGGTGCACAAG-1,SA1035X6XB03211_TGGGAAGGTGCACAAG-1,SA1035X6XB03211,C
.cache/SCRNA10X_SA_CHIP0079_002/filtered_feature_bc_matrix,TGGGAAGGTTGCGGAA-1,SA1035X6XB03211_TGGGAAGGTTGCGGAA-1,SA1035X6XB03211,I
.cache/SCRNA10X_SA_CHIP0079_002/filtered_feature_bc_matrix,TGGGAAGTCCCAGGCA-1,SA1035X6XB03211_TGGGAAGTCCCAGGCA-1,SA1035X6XB03211,H_K
.cache/SCRNA10X_SA_CHIP0079_002/filtered_feature_bc_matrix,TGGGAGAAGCCGATTT-1,SA1035X6XB03211_TGGGAGAAGCCGATTT-1,SA1035X6XB03211,I
.cache/SCRNA10X_SA_CHIP0079_002/filtered_feature_bc_matrix,TGGGCTGCAAGGTTGG-1,SA1035X6XB03211_TGGGCTGCAAGGTTGG-1,SA1035X6XB03211,G
.cache/SCRNA10X_SA_CHIP0079_002/filtered_feature_bc_matrix,TGGTACAAGGCTAAAT-1,SA1035X6XB03211_TGGTACAAGGCTAAAT-1,SA1035X6XB03211,H_K
.cache/SCRNA10X_SA_CHIP0079_002/filtered_feature_bc_matrix,TGTAACGTCTCCGAAA-1,SA1035X6XB03211_TGTAACGTCTCCGAAA-1,SA1035X6XB03211,I
.cache/SCRNA10X_SA_CHIP0079_002/filtered_feature_bc_matrix,TGTAAGCTCGTGCATA-1,SA1035X6XB03211_TGTAAGCTCGTGCATA-1,SA1035X6XB03211,G
.cache/SCRNA10X_SA_CHIP0079_002/filtered_feature_bc_matrix,TGTAGACGTCTACATG-1,SA1035X6XB03211_TGTAGACGTCTACATG-1,SA1035X6XB03211,G
.cache/SCRNA10X_SA_CHIP0079_002/filtered_feature_bc_matrix,TGTCCTGAGAATCCCT-1,SA1035X6XB03211_TGTCCTGAGAATCCCT-1,SA1035X6XB03211,C
.cache/SCRNA10X_SA_CHIP0079_002/filtered_feature_bc_matrix,TGTGATGAGCGTTCCG-1,SA1035X6XB03211_TGTGATGAGCGTTCCG-1,SA1035X6XB03211,G
.cache/SCRNA10X_SA_CHIP0079_002/filtered_feature_bc_matrix,TGTGCGGAGAGCCATG-1,SA1035X6XB03211_TGTGCGGAGAGCCATG-1,SA1035X6XB03211,G
.cache/SCRNA10X_SA_CHIP0079_002/filtered_feature_bc_matrix,TGTGGCGGTAGGAGTC-1,SA1035X6XB03211_TGTGGCGGTAGGAGTC-1,SA1035X6XB03211,B
.cache/SCRNA10X_SA_CHIP0079_002/filtered_feature_bc_matrix,TGTTACTAGTCTAGAA-1,SA1035X6XB03211_TGTTACTAGTCTAGAA-1,SA1035X6XB03211,H_K
.cache/SCRNA10X_SA_CHIP0079_002/filtered_feature_bc_matrix,TTACAGGAGGTAACTA-1,SA1035X6XB03211_TTACAGGAGGTAACTA-1,SA1035X6XB03211,C
.cache/SCRNA10X_SA_CHIP0079_002/filtered_feature_bc_matrix,TTACCGCCAATAACCC-1,SA1035X6XB03211_TTACCGCCAATAACCC-1,SA1035X6XB03211,C
.cache/SCRNA10X_SA_CHIP0079_002/filtered_feature_bc_matrix,TTACCGCGTATACCCA-1,SA1035X6XB03211_TTACCGCGTATACCCA-1,SA1035X6XB03211,B
.cache/SCRNA10X_SA_CHIP0079_002/filtered_feature_bc_matrix,TTACGCCCAAGAGCTG-1,SA1035X6XB03211_TTACGCCCAAGAGCTG-1,SA1035X6XB03211,H_K
.cache/SCRNA10X_SA_CHIP0079_002/filtered_feature_bc_matrix,TTACGCCTCTCTATGT-1,SA1035X6XB03211_TTACGCCTCTCTATGT-1,SA1035X6XB03211,I
.cache/SCRNA10X_SA_CHIP0079_002/filtered_feature_bc_matrix,TTACGTTCACTTCATT-1,SA1035X6XB03211_TTACGTTCACTTCATT-1,SA1035X6XB03211,B
.cache/SCRNA10X_SA_CHIP0079_002/filtered_feature_bc_matrix,TTACTGTAGCTTACGT-1,SA1035X6XB03211_TTACTGTAGCTTACGT-1,SA1035X6XB03211,G
.cache/SCRNA10X_SA_CHIP0079_002/filtered_feature_bc_matrix,TTACTGTCAACCCTAA-1,SA1035X6XB03211_TTACTGTCAACCCTAA-1,SA1035X6XB03211,H_K
.cache/SCRNA10X_SA_CHIP0079_002/filtered_feature_bc_matrix,TTACTGTTCGTTCCCA-1,SA1035X6XB03211_TTACTGTTCGTTCCCA-1,SA1035X6XB03211,H_K
.cache/SCRNA10X_SA_CHIP0079_002/filtered_feature_bc_matrix,TTAGGGTCATGCAGCC-1,SA1035X6XB03211_TTAGGGTCATGCAGCC-1,SA1035X6XB03211,H_K
.cache/SCRNA10X_SA_CHIP0079_002/filtered_feature_bc_matrix,TTAGGGTGTGTCTCCT-1,SA1035X6XB03211_TTAGGGTGTGTCTCCT-1,SA1035X6XB03211,B
.cache/SCRNA10X_SA_CHIP0079_002/filtered_feature_bc_matrix,TTCAATCAGGGTAGCT-1,SA1035X6XB03211_TTCAATCAGGGTAGCT-1,SA1035X6XB03211,G
.cache/SCRNA10X_SA_CHIP0079_002/filtered_feature_bc_matrix,TTCAATCCAGATACCT-1,SA1035X6XB03211_TTCAATCCAGATACCT-1,SA1035X6XB03211,G
.cache/SCRNA10X_SA_CHIP0079_002/filtered_feature_bc_matrix,TTCACGCTCCGAGGCT-1,SA1035X6XB03211_TTCACGCTCCGAGGCT-1,SA1035X6XB03211,G
.cache/SCRNA10X_SA_CHIP0079_002/filtered_feature_bc_matrix,TTCCAATTCTATTTCG-1,SA1035X6XB03211_TTCCAATTCTATTTCG-1,SA1035X6XB03211,C
.cache/SCRNA10X_SA_CHIP0079_002/filtered_feature_bc_matrix,TTCCACGAGACTCCGC-1,SA1035X6XB03211_TTCCACGAGACTCCGC-1,SA1035X6XB03211,C
.cache/SCRNA10X_SA_CHIP0079_002/filtered_feature_bc_matrix,TTCCACGTCGCTGTCT-1,SA1035X6XB03211_TTCCACGTCGCTGTCT-1,SA1035X6XB03211,G
.cache/SCRNA10X_SA_CHIP0079_002/filtered_feature_bc_matrix,TTCCTTCCAAGGGCAT-1,SA1035X6XB03211_TTCCTTCCAAGGGCAT-1,SA1035X6XB03211,C
.cache/SCRNA10X_SA_CHIP0079_002/filtered_feature_bc_matrix,TTCCTTCCACAAGCTT-1,SA1035X6XB03211_TTCCTTCCACAAGCTT-1,SA1035X6XB03211,B
.cache/SCRNA10X_SA_CHIP0079_002/filtered_feature_bc_matrix,TTCGATTTCAGCACCG-1,SA1035X6XB03211_TTCGATTTCAGCACCG-1,SA1035X6XB03211,I
.cache/SCRNA10X_SA_CHIP0079_002/filtered_feature_bc_matrix,TTCGGTCCAGTTAAAG-1,SA1035X6XB03211_TTCGGTCCAGTTAAAG-1,SA1035X6XB03211,G
.cache/SCRNA10X_SA_CHIP0079_002/filtered_feature_bc_matrix,TTCTCTCGTCTAACGT-1,SA1035X6XB03211_TTCTCTCGTCTAACGT-1,SA1035X6XB03211,H_K
.cache/SCRNA10X_SA_CHIP0079_002/filtered_feature_bc_matrix,TTCTTCCCAACGATCT-1,SA1035X6XB03211_TTCTTCCCAACGATCT-1,SA1035X6XB03211,C
.cache/SCRNA10X_SA_CHIP0079_002/filtered_feature_bc_matrix,TTCTTCCGTTACGGAG-1,SA1035X6XB03211_TTCTTCCGTTACGGAG-1,SA1035X6XB03211,I
.cache/SCRNA10X_SA_CHIP0079_002/filtered_feature_bc_matrix,TTCTTGATCTTACCAT-1,SA1035X6XB03211_TTCTTGATCTTACCAT-1,SA1035X6XB03211,I
.cache/SCRNA10X_SA_CHIP0079_002/filtered_feature_bc_matrix,TTGACCCCACTGCATA-1,SA1035X6XB03211_TTGACCCCACTGCATA-1,SA1035X6XB03211,B
.cache/SCRNA10X_SA_CHIP0079_002/filtered_feature_bc_matrix,TTGAGTGGTTTACCAG-1,SA1035X6XB03211_TTGAGTGGTTTACCAG-1,SA1035X6XB03211,B
.cache/SCRNA10X_SA_CHIP0079_002/filtered_feature_bc_matrix,TTGATGGGTGGCTTAT-1,SA1035X6XB03211_TTGATGGGTGGCTTAT-1,SA1035X6XB03211,B
.cache/SCRNA10X_SA_CHIP0079_002/filtered_feature_bc_matrix,TTGCTGCCAAGACCGA-1,SA1035X6XB03211_TTGCTGCCAAGACCGA-1,SA1035X6XB03211,B
.cache/SCRNA10X_SA_CHIP0079_002/filtered_feature_bc_matrix,TTGGATGTCCTAAACG-1,SA1035X6XB03211_TTGGATGTCCTAAACG-1,SA1035X6XB03211,H_K
.cache/SCRNA10X_SA_CHIP0079_002/filtered_feature_bc_matrix,TTGGGTAAGATCCTAC-1,SA1035X6XB03211_TTGGGTAAGATCCTAC-1,SA1035X6XB03211,C
.cache/SCRNA10X_SA_CHIP0079_002/filtered_feature_bc_matrix,TTGGTTTAGTAACGTA-1,SA1035X6XB03211_TTGGTTTAGTAACGTA-1,SA1035X6XB03211,G
.cache/SCRNA10X_SA_CHIP0079_002/filtered_feature_bc_matrix,TTGGTTTGTCACTCGG-1,SA1035X6XB03211_TTGGTTTGTCACTCGG-1,SA1035X6XB03211,B
.cache/SCRNA10X_SA_CHIP0079_002/filtered_feature_bc_matrix,TTGTTCATCATTGCCC-1,SA1035X6XB03211_TTGTTCATCATTGCCC-1,SA1035X6XB03211,B
.cache/SCRNA10X_SA_CHIP0079_002/filtered_feature_bc_matrix,TTGTTGTGTCAGGTAG-1,SA1035X6XB03211_TTGTTGTGTCAGGTAG-1,SA1035X6XB03211,G
.cache/SCRNA10X_SA_CHIP0079_002/filtered_feature_bc_matrix,TTTACTGGTATAATGG-1,SA1035X6XB03211_TTTACTGGTATAATGG-1,SA1035X6XB03211,G
.cache/SCRNA10X_SA_CHIP0079_002/filtered_feature_bc_matrix,TTTAGTCCAAATGGCG-1,SA1035X6XB03211_TTTAGTCCAAATGGCG-1,SA1035X6XB03211,G
.cache/SCRNA10X_SA_CHIP0079_002/filtered_feature_bc_matrix,TTTATGCAGGGAACAA-1,SA1035X6XB03211_TTTATGCAGGGAACAA-1,SA1035X6XB03211,C
.cache/SCRNA10X_SA_CHIP0079_002/filtered_feature_bc_matrix,TTTCACATCCTTGACC-1,SA1035X6XB03211_TTTCACATCCTTGACC-1,SA1035X6XB03211,I
.cache/SCRNA10X_SA_CHIP0079_002/filtered_feature_bc_matrix,TTTCGATGTATGAGAT-1,SA1035X6XB03211_TTTCGATGTATGAGAT-1,SA1035X6XB03211,H_K
.cache/SCRNA10X_SA_CHIP0079_002/filtered_feature_bc_matrix,TTTCGATTCTCTCAAT-1,SA1035X6XB03211_TTTCGATTCTCTCAAT-1,SA1035X6XB03211,B
.cache/SCRNA10X_SA_CHIP0079_002/filtered_feature_bc_matrix,TTTGACTCATAGGTTC-1,SA1035X6XB03211_TTTGACTCATAGGTTC-1,SA1035X6XB03211,B
.cache/SCRNA10X_SA_CHIP0079_002/filtered_feature_bc_matrix,TTTGACTTCCGTGACG-1,SA1035X6XB03211_TTTGACTTCCGTGACG-1,SA1035X6XB03211,B
.cache/SCRNA10X_SA_CHIP0079_002/filtered_feature_bc_matrix,TTTGATCAGAGTTGAT-1,SA1035X6XB03211_TTTGATCAGAGTTGAT-1,SA1035X6XB03211,H_K
.cache/SCRNA10X_SA_CHIP0079_002/filtered_feature_bc_matrix,TTTGGTTCAGTAGTGG-1,SA1035X6XB03211_TTTGGTTCAGTAGTGG-1,SA1035X6XB03211,I
.cache/SCRNA10X_SA_CHIP0079_002/filtered_feature_bc_matrix,TTTGTTGGTCGGTAAG-1,SA1035X6XB03211_TTTGTTGGTCGGTAAG-1,SA1035X6XB03211,I
