Sample,Barcode,cell_id,id,clone
.cache/TENX076/filtered_feature_bc_matrix,AAAGAACAGTCTTCCC-1,SA1035X5XB03021_AAAGAACAGTCTTCCC-1,SA1035X5XB03021,H
.cache/TENX076/filtered_feature_bc_matrix,AAAGGGCAGCCGTCGT-1,SA1035X5XB03021_AAAGGGCAGCCGTCGT-1,SA1035X5XB03021,B
.cache/TENX076/filtered_feature_bc_matrix,AACAAAGCACTATCCC-1,SA1035X5XB03021_AACAAAGCACTATCCC-1,SA1035X5XB03021,unassigned
.cache/TENX076/filtered_feature_bc_matrix,AACAAAGGTATCGTGT-1,SA1035X5XB03021_AACAAAGGTATCGTGT-1,SA1035X5XB03021,H
.cache/TENX076/filtered_feature_bc_matrix,AACAAAGGTGCGCTCA-1,SA1035X5XB03021_AACAAAGGTGCGCTCA-1,SA1035X5XB03021,E
.cache/TENX076/filtered_feature_bc_matrix,AACAACCCACATCATG-1,SA1035X5XB03021_AACAACCCACATCATG-1,SA1035X5XB03021,E
.cache/TENX076/filtered_feature_bc_matrix,AACAAGAAGGCACTCC-1,SA1035X5XB03021_AACAAGAAGGCACTCC-1,SA1035X5XB03021,B
.cache/TENX076/filtered_feature_bc_matrix,AACCATGTCTGGGCCA-1,SA1035X5XB03021_AACCATGTCTGGGCCA-1,SA1035X5XB03021,E
.cache/TENX076/filtered_feature_bc_matrix,AACCCAACAGATCCAT-1,SA1035X5XB03021_AACCCAACAGATCCAT-1,SA1035X5XB03021,E
.cache/TENX076/filtered_feature_bc_matrix,AACGTCATCGCCTTGT-1,SA1035X5XB03021_AACGTCATCGCCTTGT-1,SA1035X5XB03021,H
.cache/TENX076/filtered_feature_bc_matrix,AAGACAAGTGCACGCT-1,SA1035X5XB03021_AAGACAAGTGCACGCT-1,SA1035X5XB03021,A
.cache/TENX076/filtered_feature_bc_matrix,AAGACTCAGTGCAAAT-1,SA1035X5XB03021_AAGACTCAGTGCAAAT-1,SA1035X5XB03021,H
.cache/TENX076/filtered_feature_bc_matrix,AAGCATCGTCTATGAC-1,SA1035X5XB03021_AAGCATCGTCTATGAC-1,SA1035X5XB03021,H
.cache/TENX076/filtered_feature_bc_matrix,AAGCGTTAGTGATGGC-1,SA1035X5XB03021_AAGCGTTAGTGATGGC-1,SA1035X5XB03021,H
.cache/TENX076/filtered_feature_bc_matrix,AAGGTAAGTCACCGAC-1,SA1035X5XB03021_AAGGTAAGTCACCGAC-1,SA1035X5XB03021,H
.cache/TENX076/filtered_feature_bc_matrix,AAGTACCGTTGTAAAG-1,SA1035X5XB03021_AAGTACCGTTGTAAAG-1,SA1035X5XB03021,H
.cache/TENX076/filtered_feature_bc_matrix,AAGTGAAAGTGGTGAC-1,SA1035X5XB03021_AAGTGAAAGTGGTGAC-1,SA1035X5XB03021,H
.cache/TENX076/filtered_feature_bc_matrix,AAGTTCGCAAGCGGAT-1,SA1035X5XB03021_AAGTTCGCAAGCGGAT-1,SA1035X5XB03021,A
.cache/TENX076/filtered_feature_bc_matrix,AATCACGGTATGTGTC-1,SA1035X5XB03021_AATCACGGTATGTGTC-1,SA1035X5XB03021,E
.cache/TENX076/filtered_feature_bc_matrix,AATTTCCTCAGATTGC-1,SA1035X5XB03021_AATTTCCTCAGATTGC-1,SA1035X5XB03021,H
.cache/TENX076/filtered_feature_bc_matrix,ACAACCATCACGTCCT-1,SA1035X5XB03021_ACAACCATCACGTCCT-1,SA1035X5XB03021,A
.cache/TENX076/filtered_feature_bc_matrix,ACACAGTCACTTCTCG-1,SA1035X5XB03021_ACACAGTCACTTCTCG-1,SA1035X5XB03021,A
.cache/TENX076/filtered_feature_bc_matrix,ACACCAACAGCCGTCA-1,SA1035X5XB03021_ACACCAACAGCCGTCA-1,SA1035X5XB03021,E
.cache/TENX076/filtered_feature_bc_matrix,ACATCCCCAGGTCCCA-1,SA1035X5XB03021_ACATCCCCAGGTCCCA-1,SA1035X5XB03021,A
.cache/TENX076/filtered_feature_bc_matrix,ACATGCAGTTACGGAG-1,SA1035X5XB03021_ACATGCAGTTACGGAG-1,SA1035X5XB03021,H
.cache/TENX076/filtered_feature_bc_matrix,ACATTTCGTAGCTTAC-1,SA1035X5XB03021_ACATTTCGTAGCTTAC-1,SA1035X5XB03021,A
.cache/TENX076/filtered_feature_bc_matrix,ACCAAACAGCCACCGT-1,SA1035X5XB03021_ACCAAACAGCCACCGT-1,SA1035X5XB03021,A
.cache/TENX076/filtered_feature_bc_matrix,ACCACAACATAAGCAA-1,SA1035X5XB03021_ACCACAACATAAGCAA-1,SA1035X5XB03021,B
.cache/TENX076/filtered_feature_bc_matrix,ACCTACCGTTGCTCAA-1,SA1035X5XB03021_ACCTACCGTTGCTCAA-1,SA1035X5XB03021,H
.cache/TENX076/filtered_feature_bc_matrix,ACGGTTATCATCCTGC-1,SA1035X5XB03021_ACGGTTATCATCCTGC-1,SA1035X5XB03021,A
.cache/TENX076/filtered_feature_bc_matrix,ACGTAACAGCACCTGC-1,SA1035X5XB03021_ACGTAACAGCACCTGC-1,SA1035X5XB03021,A
.cache/TENX076/filtered_feature_bc_matrix,ACTATCTTCAAACCTG-1,SA1035X5XB03021_ACTATCTTCAAACCTG-1,SA1035X5XB03021,A
.cache/TENX076/filtered_feature_bc_matrix,ACTATGGCACTACACA-1,SA1035X5XB03021_ACTATGGCACTACACA-1,SA1035X5XB03021,B
.cache/TENX076/filtered_feature_bc_matrix,ACTATGGCACTTGTGA-1,SA1035X5XB03021_ACTATGGCACTTGTGA-1,SA1035X5XB03021,A
.cache/TENX076/filtered_feature_bc_matrix,ACTATTCTCGGCCAAC-1,SA1035X5XB03021_ACTATTCTCGGCCAAC-1,SA1035X5XB03021,B
.cache/TENX076/filtered_feature_bc_matrix,ACTCCCATCATAGAGA-1,SA1035X5XB03021_ACTCCCATCATAGAGA-1,SA1035X5XB03021,E
.cache/TENX076/filtered_feature_bc_matrix,ACTCTCGGTGCCCAGT-1,SA1035X5XB03021_ACTCTCGGTGCCCAGT-1,SA1035X5XB03021,A
.cache/TENX076/filtered_feature_bc_matrix,ACTCTCGTCCACTTCG-1,SA1035X5XB03021_ACTCTCGTCCACTTCG-1,SA1035X5XB03021,A
.cache/TENX076/filtered_feature_bc_matrix,ACTGCAATCTCATGGA-1,SA1035X5XB03021_ACTGCAATCTCATGGA-1,SA1035X5XB03021,H
.cache/TENX076/filtered_feature_bc_matrix,ACTTCGCGTGTCCGGT-1,SA1035X5XB03021_ACTTCGCGTGTCCGGT-1,SA1035X5XB03021,E
.cache/TENX076/filtered_feature_bc_matrix,AGAACAACATCTTTCA-1,SA1035X5XB03021_AGAACAACATCTTTCA-1,SA1035X5XB03021,H
.cache/TENX076/filtered_feature_bc_matrix,AGAACCTAGTTGCTGT-1,SA1035X5XB03021_AGAACCTAGTTGCTGT-1,SA1035X5XB03021,C
.cache/TENX076/filtered_feature_bc_matrix,AGACAGGGTACCCGCA-1,SA1035X5XB03021_AGACAGGGTACCCGCA-1,SA1035X5XB03021,A
.cache/TENX076/filtered_feature_bc_matrix,AGACCATGTAACACCT-1,SA1035X5XB03021_AGACCATGTAACACCT-1,SA1035X5XB03021,E
.cache/TENX076/filtered_feature_bc_matrix,AGACCATGTCACCACG-1,SA1035X5XB03021_AGACCATGTCACCACG-1,SA1035X5XB03021,A
.cache/TENX076/filtered_feature_bc_matrix,AGACTCAGTACTTCCC-1,SA1035X5XB03021_AGACTCAGTACTTCCC-1,SA1035X5XB03021,unassigned
.cache/TENX076/filtered_feature_bc_matrix,AGAGAATCAATTTCTC-1,SA1035X5XB03021_AGAGAATCAATTTCTC-1,SA1035X5XB03021,A
.cache/TENX076/filtered_feature_bc_matrix,AGATCGTTCATCCCGT-1,SA1035X5XB03021_AGATCGTTCATCCCGT-1,SA1035X5XB03021,E
.cache/TENX076/filtered_feature_bc_matrix,AGCCACGCAATAGGAT-1,SA1035X5XB03021_AGCCACGCAATAGGAT-1,SA1035X5XB03021,B
.cache/TENX076/filtered_feature_bc_matrix,AGCCACGGTGTCACAT-1,SA1035X5XB03021_AGCCACGGTGTCACAT-1,SA1035X5XB03021,A
.cache/TENX076/filtered_feature_bc_matrix,AGCCAGCCAAACGTGG-1,SA1035X5XB03021_AGCCAGCCAAACGTGG-1,SA1035X5XB03021,B
.cache/TENX076/filtered_feature_bc_matrix,AGCCAGCGTATCCTTT-1,SA1035X5XB03021_AGCCAGCGTATCCTTT-1,SA1035X5XB03021,C
.cache/TENX076/filtered_feature_bc_matrix,AGCGTATAGTCGCCCA-1,SA1035X5XB03021_AGCGTATAGTCGCCCA-1,SA1035X5XB03021,H
.cache/TENX076/filtered_feature_bc_matrix,AGCTACACACCAACAT-1,SA1035X5XB03021_AGCTACACACCAACAT-1,SA1035X5XB03021,H
.cache/TENX076/filtered_feature_bc_matrix,AGCTCAACATCCTTCG-1,SA1035X5XB03021_AGCTCAACATCCTTCG-1,SA1035X5XB03021,E
.cache/TENX076/filtered_feature_bc_matrix,AGGACGACAACCGACC-1,SA1035X5XB03021_AGGACGACAACCGACC-1,SA1035X5XB03021,H
.cache/TENX076/filtered_feature_bc_matrix,AGGACGACACGGTCTG-1,SA1035X5XB03021_AGGACGACACGGTCTG-1,SA1035X5XB03021,E
.cache/TENX076/filtered_feature_bc_matrix,AGGATAATCGCTTAAG-1,SA1035X5XB03021_AGGATAATCGCTTAAG-1,SA1035X5XB03021,B
.cache/TENX076/filtered_feature_bc_matrix,AGGATCTAGTTAGAAC-1,SA1035X5XB03021_AGGATCTAGTTAGAAC-1,SA1035X5XB03021,B
.cache/TENX076/filtered_feature_bc_matrix,AGGATCTCAGACATCT-1,SA1035X5XB03021_AGGATCTCAGACATCT-1,SA1035X5XB03021,H
.cache/TENX076/filtered_feature_bc_matrix,AGGCTGCAGATGAAGG-1,SA1035X5XB03021_AGGCTGCAGATGAAGG-1,SA1035X5XB03021,E
.cache/TENX076/filtered_feature_bc_matrix,AGGGCCTAGGCAGGTT-1,SA1035X5XB03021_AGGGCCTAGGCAGGTT-1,SA1035X5XB03021,A
.cache/TENX076/filtered_feature_bc_matrix,AGGGCTCCAGAAATTG-1,SA1035X5XB03021_AGGGCTCCAGAAATTG-1,SA1035X5XB03021,A
.cache/TENX076/filtered_feature_bc_matrix,AGGGTGATCGACCAAT-1,SA1035X5XB03021_AGGGTGATCGACCAAT-1,SA1035X5XB03021,A
.cache/TENX076/filtered_feature_bc_matrix,AGGTGTTTCGTAGTCA-1,SA1035X5XB03021_AGGTGTTTCGTAGTCA-1,SA1035X5XB03021,H
.cache/TENX076/filtered_feature_bc_matrix,AGTAGTCGTTGGGTTT-1,SA1035X5XB03021_AGTAGTCGTTGGGTTT-1,SA1035X5XB03021,H
.cache/TENX076/filtered_feature_bc_matrix,AGTCATGTCAGACCTA-1,SA1035X5XB03021_AGTCATGTCAGACCTA-1,SA1035X5XB03021,unassigned
.cache/TENX076/filtered_feature_bc_matrix,AGTGATCCACGCTGTG-1,SA1035X5XB03021_AGTGATCCACGCTGTG-1,SA1035X5XB03021,H
.cache/TENX076/filtered_feature_bc_matrix,AGTGCCGCAGACACAG-1,SA1035X5XB03021_AGTGCCGCAGACACAG-1,SA1035X5XB03021,unassigned
.cache/TENX076/filtered_feature_bc_matrix,AGTGCCGGTCACCACG-1,SA1035X5XB03021_AGTGCCGGTCACCACG-1,SA1035X5XB03021,A
.cache/TENX076/filtered_feature_bc_matrix,AGTGCCGGTTGCAACT-1,SA1035X5XB03021_AGTGCCGGTTGCAACT-1,SA1035X5XB03021,A
.cache/TENX076/filtered_feature_bc_matrix,AGTGCCGTCACATACG-1,SA1035X5XB03021_AGTGCCGTCACATACG-1,SA1035X5XB03021,A
.cache/TENX076/filtered_feature_bc_matrix,AGTTAGCAGCTACTAC-1,SA1035X5XB03021_AGTTAGCAGCTACTAC-1,SA1035X5XB03021,A
.cache/TENX076/filtered_feature_bc_matrix,AGTTCGAGTTTGGCTA-1,SA1035X5XB03021_AGTTCGAGTTTGGCTA-1,SA1035X5XB03021,A
.cache/TENX076/filtered_feature_bc_matrix,ATAGACCTCATTGCGA-1,SA1035X5XB03021_ATAGACCTCATTGCGA-1,SA1035X5XB03021,B
.cache/TENX076/filtered_feature_bc_matrix,ATCACGAAGCGACAGT-1,SA1035X5XB03021_ATCACGAAGCGACAGT-1,SA1035X5XB03021,unassigned
.cache/TENX076/filtered_feature_bc_matrix,ATCACTTTCCCGAGTG-1,SA1035X5XB03021_ATCACTTTCCCGAGTG-1,SA1035X5XB03021,C
.cache/TENX076/filtered_feature_bc_matrix,ATCCACCAGTAGACCG-1,SA1035X5XB03021_ATCCACCAGTAGACCG-1,SA1035X5XB03021,E
.cache/TENX076/filtered_feature_bc_matrix,ATCCCTGCAAAGCAAT-1,SA1035X5XB03021_ATCCCTGCAAAGCAAT-1,SA1035X5XB03021,H
.cache/TENX076/filtered_feature_bc_matrix,ATCCCTGCACGCAAAG-1,SA1035X5XB03021_ATCCCTGCACGCAAAG-1,SA1035X5XB03021,unassigned
.cache/TENX076/filtered_feature_bc_matrix,ATCGCCTTCTTAGCCC-1,SA1035X5XB03021_ATCGCCTTCTTAGCCC-1,SA1035X5XB03021,A
.cache/TENX076/filtered_feature_bc_matrix,ATCTCTATCAACCCGG-1,SA1035X5XB03021_ATCTCTATCAACCCGG-1,SA1035X5XB03021,unassigned
.cache/TENX076/filtered_feature_bc_matrix,ATGCATGCAGTCAGTT-1,SA1035X5XB03021_ATGCATGCAGTCAGTT-1,SA1035X5XB03021,A
.cache/TENX076/filtered_feature_bc_matrix,ATGCATGTCTAACGGT-1,SA1035X5XB03021_ATGCATGTCTAACGGT-1,SA1035X5XB03021,B
.cache/TENX076/filtered_feature_bc_matrix,ATGCCTCTCCTTCTAA-1,SA1035X5XB03021_ATGCCTCTCCTTCTAA-1,SA1035X5XB03021,A
.cache/TENX076/filtered_feature_bc_matrix,ATGCGATGTTGCATAC-1,SA1035X5XB03021_ATGCGATGTTGCATAC-1,SA1035X5XB03021,B
.cache/TENX076/filtered_feature_bc_matrix,ATGGGTTAGTCTGGTT-1,SA1035X5XB03021_ATGGGTTAGTCTGGTT-1,SA1035X5XB03021,A
.cache/TENX076/filtered_feature_bc_matrix,ATGGGTTTCCTGCCAT-1,SA1035X5XB03021_ATGGGTTTCCTGCCAT-1,SA1035X5XB03021,A
.cache/TENX076/filtered_feature_bc_matrix,ATGTCCCCACTGCGAC-1,SA1035X5XB03021_ATGTCCCCACTGCGAC-1,SA1035X5XB03021,H
.cache/TENX076/filtered_feature_bc_matrix,ATGTCTTCATCTGTTT-1,SA1035X5XB03021_ATGTCTTCATCTGTTT-1,SA1035X5XB03021,H
.cache/TENX076/filtered_feature_bc_matrix,ATTACCTAGCTCGAAG-1,SA1035X5XB03021_ATTACCTAGCTCGAAG-1,SA1035X5XB03021,H
.cache/TENX076/filtered_feature_bc_matrix,ATTATCCTCGTAACAC-1,SA1035X5XB03021_ATTATCCTCGTAACAC-1,SA1035X5XB03021,C
.cache/TENX076/filtered_feature_bc_matrix,ATTCAGGTCGTCAAAC-1,SA1035X5XB03021_ATTCAGGTCGTCAAAC-1,SA1035X5XB03021,A
.cache/TENX076/filtered_feature_bc_matrix,ATTCATCGTTAATCGC-1,SA1035X5XB03021_ATTCATCGTTAATCGC-1,SA1035X5XB03021,unassigned
.cache/TENX076/filtered_feature_bc_matrix,ATTCATCTCGGTCGGT-1,SA1035X5XB03021_ATTCATCTCGGTCGGT-1,SA1035X5XB03021,B
.cache/TENX076/filtered_feature_bc_matrix,ATTCCCGAGAAGATCT-1,SA1035X5XB03021_ATTCCCGAGAAGATCT-1,SA1035X5XB03021,A
.cache/TENX076/filtered_feature_bc_matrix,ATTCTTGGTGATAGTA-1,SA1035X5XB03021_ATTCTTGGTGATAGTA-1,SA1035X5XB03021,A
.cache/TENX076/filtered_feature_bc_matrix,ATTTACCCAATCCAGT-1,SA1035X5XB03021_ATTTACCCAATCCAGT-1,SA1035X5XB03021,A
.cache/TENX076/filtered_feature_bc_matrix,ATTTACCTCGCTGTCT-1,SA1035X5XB03021_ATTTACCTCGCTGTCT-1,SA1035X5XB03021,A
.cache/TENX076/filtered_feature_bc_matrix,ATTTCACGTCCAATCA-1,SA1035X5XB03021_ATTTCACGTCCAATCA-1,SA1035X5XB03021,H
.cache/TENX076/filtered_feature_bc_matrix,CAAAGAAAGACGTCCC-1,SA1035X5XB03021_CAAAGAAAGACGTCCC-1,SA1035X5XB03021,A
.cache/TENX076/filtered_feature_bc_matrix,CAACAACTCTATCGCC-1,SA1035X5XB03021_CAACAACTCTATCGCC-1,SA1035X5XB03021,A
.cache/TENX076/filtered_feature_bc_matrix,CAACAGTTCCTAAGTG-1,SA1035X5XB03021_CAACAGTTCCTAAGTG-1,SA1035X5XB03021,H
.cache/TENX076/filtered_feature_bc_matrix,CAACCAAAGGTTGGAC-1,SA1035X5XB03021_CAACCAAAGGTTGGAC-1,SA1035X5XB03021,B
.cache/TENX076/filtered_feature_bc_matrix,CAACGGCGTTAAGTCC-1,SA1035X5XB03021_CAACGGCGTTAAGTCC-1,SA1035X5XB03021,A
.cache/TENX076/filtered_feature_bc_matrix,CAAGGGACATCGCTGG-1,SA1035X5XB03021_CAAGGGACATCGCTGG-1,SA1035X5XB03021,B
.cache/TENX076/filtered_feature_bc_matrix,CAATCGACAGTTGGTT-1,SA1035X5XB03021_CAATCGACAGTTGGTT-1,SA1035X5XB03021,C
.cache/TENX076/filtered_feature_bc_matrix,CAATTTCCACTAAACC-1,SA1035X5XB03021_CAATTTCCACTAAACC-1,SA1035X5XB03021,H
.cache/TENX076/filtered_feature_bc_matrix,CAATTTCTCTTGGTCC-1,SA1035X5XB03021_CAATTTCTCTTGGTCC-1,SA1035X5XB03021,A
.cache/TENX076/filtered_feature_bc_matrix,CACACAAAGACTTCAC-1,SA1035X5XB03021_CACACAAAGACTTCAC-1,SA1035X5XB03021,H
.cache/TENX076/filtered_feature_bc_matrix,CACAGATGTTCAATCG-1,SA1035X5XB03021_CACAGATGTTCAATCG-1,SA1035X5XB03021,H
.cache/TENX076/filtered_feature_bc_matrix,CACAGGCCATCGAGCC-1,SA1035X5XB03021_CACAGGCCATCGAGCC-1,SA1035X5XB03021,A
.cache/TENX076/filtered_feature_bc_matrix,CACGAATCATTGCTTT-1,SA1035X5XB03021_CACGAATCATTGCTTT-1,SA1035X5XB03021,A
.cache/TENX076/filtered_feature_bc_matrix,CACGTGGGTTCATCTT-1,SA1035X5XB03021_CACGTGGGTTCATCTT-1,SA1035X5XB03021,A
.cache/TENX076/filtered_feature_bc_matrix,CACGTGGGTTTAGACC-1,SA1035X5XB03021_CACGTGGGTTTAGACC-1,SA1035X5XB03021,H
.cache/TENX076/filtered_feature_bc_matrix,CACTGGGAGTATGATG-1,SA1035X5XB03021_CACTGGGAGTATGATG-1,SA1035X5XB03021,unassigned
.cache/TENX076/filtered_feature_bc_matrix,CACTGGGGTCGCCACA-1,SA1035X5XB03021_CACTGGGGTCGCCACA-1,SA1035X5XB03021,A
.cache/TENX076/filtered_feature_bc_matrix,CAGATCACATCGAACT-1,SA1035X5XB03021_CAGATCACATCGAACT-1,SA1035X5XB03021,unassigned
.cache/TENX076/filtered_feature_bc_matrix,CAGCACGCAAATGGCG-1,SA1035X5XB03021_CAGCACGCAAATGGCG-1,SA1035X5XB03021,C
.cache/TENX076/filtered_feature_bc_matrix,CAGCCAGGTTTACTTC-1,SA1035X5XB03021_CAGCCAGGTTTACTTC-1,SA1035X5XB03021,E
.cache/TENX076/filtered_feature_bc_matrix,CAGCCAGTCTATACTC-1,SA1035X5XB03021_CAGCCAGTCTATACTC-1,SA1035X5XB03021,A
.cache/TENX076/filtered_feature_bc_matrix,CAGCGTGAGCCATATC-1,SA1035X5XB03021_CAGCGTGAGCCATATC-1,SA1035X5XB03021,H
.cache/TENX076/filtered_feature_bc_matrix,CAGTGCGCACTTCATT-1,SA1035X5XB03021_CAGTGCGCACTTCATT-1,SA1035X5XB03021,E
.cache/TENX076/filtered_feature_bc_matrix,CATAGACTCAGCTGTA-1,SA1035X5XB03021_CATAGACTCAGCTGTA-1,SA1035X5XB03021,A
.cache/TENX076/filtered_feature_bc_matrix,CATCAAGTCATTTGCT-1,SA1035X5XB03021_CATCAAGTCATTTGCT-1,SA1035X5XB03021,A
.cache/TENX076/filtered_feature_bc_matrix,CATCCGTTCGCCTATC-1,SA1035X5XB03021_CATCCGTTCGCCTATC-1,SA1035X5XB03021,E
.cache/TENX076/filtered_feature_bc_matrix,CATCGTCCATGTCAGT-1,SA1035X5XB03021_CATCGTCCATGTCAGT-1,SA1035X5XB03021,A
.cache/TENX076/filtered_feature_bc_matrix,CATTCTAAGCACTCAT-1,SA1035X5XB03021_CATTCTAAGCACTCAT-1,SA1035X5XB03021,A
.cache/TENX076/filtered_feature_bc_matrix,CATTCTATCTGGGCAC-1,SA1035X5XB03021_CATTCTATCTGGGCAC-1,SA1035X5XB03021,A
.cache/TENX076/filtered_feature_bc_matrix,CATTGTTAGCTCCGAC-1,SA1035X5XB03021_CATTGTTAGCTCCGAC-1,SA1035X5XB03021,A
.cache/TENX076/filtered_feature_bc_matrix,CATTGTTAGTGATCGG-1,SA1035X5XB03021_CATTGTTAGTGATCGG-1,SA1035X5XB03021,C
.cache/TENX076/filtered_feature_bc_matrix,CATTTCATCCGAGATT-1,SA1035X5XB03021_CATTTCATCCGAGATT-1,SA1035X5XB03021,C
.cache/TENX076/filtered_feature_bc_matrix,CCAAGCGCATGGGTCC-1,SA1035X5XB03021_CCAAGCGCATGGGTCC-1,SA1035X5XB03021,H
.cache/TENX076/filtered_feature_bc_matrix,CCAATTTGTAGTGGCA-1,SA1035X5XB03021_CCAATTTGTAGTGGCA-1,SA1035X5XB03021,A
.cache/TENX076/filtered_feature_bc_matrix,CCACAAAAGCCGGATA-1,SA1035X5XB03021_CCACAAAAGCCGGATA-1,SA1035X5XB03021,A
.cache/TENX076/filtered_feature_bc_matrix,CCACCATAGGCCGCTT-1,SA1035X5XB03021_CCACCATAGGCCGCTT-1,SA1035X5XB03021,unassigned
.cache/TENX076/filtered_feature_bc_matrix,CCACTTGGTTAACAGA-1,SA1035X5XB03021_CCACTTGGTTAACAGA-1,SA1035X5XB03021,E
.cache/TENX076/filtered_feature_bc_matrix,CCATAAGCATTCCTAT-1,SA1035X5XB03021_CCATAAGCATTCCTAT-1,SA1035X5XB03021,H
.cache/TENX076/filtered_feature_bc_matrix,CCATCACCATGGTACT-1,SA1035X5XB03021_CCATCACCATGGTACT-1,SA1035X5XB03021,B
.cache/TENX076/filtered_feature_bc_matrix,CCCAACTAGGTCATAA-1,SA1035X5XB03021_CCCAACTAGGTCATAA-1,SA1035X5XB03021,A
.cache/TENX076/filtered_feature_bc_matrix,CCCTTAGGTGTATTGC-1,SA1035X5XB03021_CCCTTAGGTGTATTGC-1,SA1035X5XB03021,H
.cache/TENX076/filtered_feature_bc_matrix,CCGATGGCACGTGAGA-1,SA1035X5XB03021_CCGATGGCACGTGAGA-1,SA1035X5XB03021,A
.cache/TENX076/filtered_feature_bc_matrix,CCGATGGGTATCGGTT-1,SA1035X5XB03021_CCGATGGGTATCGGTT-1,SA1035X5XB03021,B
.cache/TENX076/filtered_feature_bc_matrix,CCGGGTATCGCTACAA-1,SA1035X5XB03021_CCGGGTATCGCTACAA-1,SA1035X5XB03021,A
.cache/TENX076/filtered_feature_bc_matrix,CCGGTAGGTTTCAGAC-1,SA1035X5XB03021_CCGGTAGGTTTCAGAC-1,SA1035X5XB03021,unassigned
.cache/TENX076/filtered_feature_bc_matrix,CCTCAACCAGTCTCTC-1,SA1035X5XB03021_CCTCAACCAGTCTCTC-1,SA1035X5XB03021,H
.cache/TENX076/filtered_feature_bc_matrix,CCTCAACCATAAGATG-1,SA1035X5XB03021_CCTCAACCATAAGATG-1,SA1035X5XB03021,B
.cache/TENX076/filtered_feature_bc_matrix,CCTCACATCATTCGTT-1,SA1035X5XB03021_CCTCACATCATTCGTT-1,SA1035X5XB03021,E
.cache/TENX076/filtered_feature_bc_matrix,CCTCCTCCACTTTAGG-1,SA1035X5XB03021_CCTCCTCCACTTTAGG-1,SA1035X5XB03021,E
.cache/TENX076/filtered_feature_bc_matrix,CCTCCTCTCGCAGAGA-1,SA1035X5XB03021_CCTCCTCTCGCAGAGA-1,SA1035X5XB03021,A
.cache/TENX076/filtered_feature_bc_matrix,CCTCTCCAGGTGTGAC-1,SA1035X5XB03021_CCTCTCCAGGTGTGAC-1,SA1035X5XB03021,H
.cache/TENX076/filtered_feature_bc_matrix,CCTGCATTCTGTAACG-1,SA1035X5XB03021_CCTGCATTCTGTAACG-1,SA1035X5XB03021,unassigned
.cache/TENX076/filtered_feature_bc_matrix,CGAGTGCAGTGGAAGA-1,SA1035X5XB03021_CGAGTGCAGTGGAAGA-1,SA1035X5XB03021,unassigned
.cache/TENX076/filtered_feature_bc_matrix,CGATGCGGTCGCGTTG-1,SA1035X5XB03021_CGATGCGGTCGCGTTG-1,SA1035X5XB03021,A
.cache/TENX076/filtered_feature_bc_matrix,CGCATGGAGCAGCACA-1,SA1035X5XB03021_CGCATGGAGCAGCACA-1,SA1035X5XB03021,H
.cache/TENX076/filtered_feature_bc_matrix,CGCATGGCAACATCGT-1,SA1035X5XB03021_CGCATGGCAACATCGT-1,SA1035X5XB03021,C
.cache/TENX076/filtered_feature_bc_matrix,CGCATGGCACCGCTGA-1,SA1035X5XB03021_CGCATGGCACCGCTGA-1,SA1035X5XB03021,E
.cache/TENX076/filtered_feature_bc_matrix,CGCCAGAAGCCTTTCC-1,SA1035X5XB03021_CGCCAGAAGCCTTTCC-1,SA1035X5XB03021,A
.cache/TENX076/filtered_feature_bc_matrix,CGGAATTGTGTCACAT-1,SA1035X5XB03021_CGGAATTGTGTCACAT-1,SA1035X5XB03021,A
.cache/TENX076/filtered_feature_bc_matrix,CGGAGAATCGAGTGAG-1,SA1035X5XB03021_CGGAGAATCGAGTGAG-1,SA1035X5XB03021,A
.cache/TENX076/filtered_feature_bc_matrix,CGGGTGTAGCATCCCG-1,SA1035X5XB03021_CGGGTGTAGCATCCCG-1,SA1035X5XB03021,A
.cache/TENX076/filtered_feature_bc_matrix,CGGGTGTGTGATTCTG-1,SA1035X5XB03021_CGGGTGTGTGATTCTG-1,SA1035X5XB03021,A
.cache/TENX076/filtered_feature_bc_matrix,CTAACCCGTTGGATCT-1,SA1035X5XB03021_CTAACCCGTTGGATCT-1,SA1035X5XB03021,A
.cache/TENX076/filtered_feature_bc_matrix,CTAACCCTCTGTGCGG-1,SA1035X5XB03021_CTAACCCTCTGTGCGG-1,SA1035X5XB03021,E
.cache/TENX076/filtered_feature_bc_matrix,CTACCTGCACAAATGA-1,SA1035X5XB03021_CTACCTGCACAAATGA-1,SA1035X5XB03021,H
.cache/TENX076/filtered_feature_bc_matrix,CTACCTGGTACGTGAG-1,SA1035X5XB03021_CTACCTGGTACGTGAG-1,SA1035X5XB03021,A
.cache/TENX076/filtered_feature_bc_matrix,CTACGGGAGGTTAAAC-1,SA1035X5XB03021_CTACGGGAGGTTAAAC-1,SA1035X5XB03021,A
.cache/TENX076/filtered_feature_bc_matrix,CTATCCGCACTCCCTA-1,SA1035X5XB03021_CTATCCGCACTCCCTA-1,SA1035X5XB03021,C
.cache/TENX076/filtered_feature_bc_matrix,CTCAACCCAGAACGCA-1,SA1035X5XB03021_CTCAACCCAGAACGCA-1,SA1035X5XB03021,unassigned
.cache/TENX076/filtered_feature_bc_matrix,CTCAACCTCCTAGAGT-1,SA1035X5XB03021_CTCAACCTCCTAGAGT-1,SA1035X5XB03021,A
.cache/TENX076/filtered_feature_bc_matrix,CTCACTGGTGGAACCA-1,SA1035X5XB03021_CTCACTGGTGGAACCA-1,SA1035X5XB03021,H
.cache/TENX076/filtered_feature_bc_matrix,CTCAGAAAGTTACGGG-1,SA1035X5XB03021_CTCAGAAAGTTACGGG-1,SA1035X5XB03021,A
.cache/TENX076/filtered_feature_bc_matrix,CTCAGAATCCAACACA-1,SA1035X5XB03021_CTCAGAATCCAACACA-1,SA1035X5XB03021,E
.cache/TENX076/filtered_feature_bc_matrix,CTCATCGAGGGTTGCA-1,SA1035X5XB03021_CTCATCGAGGGTTGCA-1,SA1035X5XB03021,A
.cache/TENX076/filtered_feature_bc_matrix,CTCATTAAGGGTGAAA-1,SA1035X5XB03021_CTCATTAAGGGTGAAA-1,SA1035X5XB03021,H
.cache/TENX076/filtered_feature_bc_matrix,CTCATTATCATTTCGT-1,SA1035X5XB03021_CTCATTATCATTTCGT-1,SA1035X5XB03021,E
.cache/TENX076/filtered_feature_bc_matrix,CTCCACACAGGCGATA-1,SA1035X5XB03021_CTCCACACAGGCGATA-1,SA1035X5XB03021,H
.cache/TENX076/filtered_feature_bc_matrix,CTCCATGCAAGCTACT-1,SA1035X5XB03021_CTCCATGCAAGCTACT-1,SA1035X5XB03021,H
.cache/TENX076/filtered_feature_bc_matrix,CTCCATGTCGGAATGG-1,SA1035X5XB03021_CTCCATGTCGGAATGG-1,SA1035X5XB03021,unassigned
.cache/TENX076/filtered_feature_bc_matrix,CTCCGATAGCGTATAA-1,SA1035X5XB03021_CTCCGATAGCGTATAA-1,SA1035X5XB03021,H
.cache/TENX076/filtered_feature_bc_matrix,CTCCTCCGTTGCGTAT-1,SA1035X5XB03021_CTCCTCCGTTGCGTAT-1,SA1035X5XB03021,A
.cache/TENX076/filtered_feature_bc_matrix,CTCCTCCTCCGACAGC-1,SA1035X5XB03021_CTCCTCCTCCGACAGC-1,SA1035X5XB03021,unassigned
.cache/TENX076/filtered_feature_bc_matrix,CTCCTTTTCGCCTATC-1,SA1035X5XB03021_CTCCTTTTCGCCTATC-1,SA1035X5XB03021,H
.cache/TENX076/filtered_feature_bc_matrix,CTCGAGGGTATCTCGA-1,SA1035X5XB03021_CTCGAGGGTATCTCGA-1,SA1035X5XB03021,A
.cache/TENX076/filtered_feature_bc_matrix,CTCTCAGAGCGGACAT-1,SA1035X5XB03021_CTCTCAGAGCGGACAT-1,SA1035X5XB03021,unassigned
.cache/TENX076/filtered_feature_bc_matrix,CTCTCAGAGGCAGGGA-1,SA1035X5XB03021_CTCTCAGAGGCAGGGA-1,SA1035X5XB03021,unassigned
.cache/TENX076/filtered_feature_bc_matrix,CTCTCAGAGTAGTCTC-1,SA1035X5XB03021_CTCTCAGAGTAGTCTC-1,SA1035X5XB03021,A
.cache/TENX076/filtered_feature_bc_matrix,CTCTCAGAGTCAATCC-1,SA1035X5XB03021_CTCTCAGAGTCAATCC-1,SA1035X5XB03021,A
.cache/TENX076/filtered_feature_bc_matrix,CTCTCGATCCGTCCTA-1,SA1035X5XB03021_CTCTCGATCCGTCCTA-1,SA1035X5XB03021,A
.cache/TENX076/filtered_feature_bc_matrix,CTGAATGTCGTAACAC-1,SA1035X5XB03021_CTGAATGTCGTAACAC-1,SA1035X5XB03021,A
.cache/TENX076/filtered_feature_bc_matrix,CTGAGGCGTATCTCTT-1,SA1035X5XB03021_CTGAGGCGTATCTCTT-1,SA1035X5XB03021,A
.cache/TENX076/filtered_feature_bc_matrix,CTGCCATAGCAGTAAT-1,SA1035X5XB03021_CTGCCATAGCAGTAAT-1,SA1035X5XB03021,H
.cache/TENX076/filtered_feature_bc_matrix,CTGCGAGGTTGGCTAT-1,SA1035X5XB03021_CTGCGAGGTTGGCTAT-1,SA1035X5XB03021,E
.cache/TENX076/filtered_feature_bc_matrix,CTGGACGGTGAGTTGG-1,SA1035X5XB03021_CTGGACGGTGAGTTGG-1,SA1035X5XB03021,A
.cache/TENX076/filtered_feature_bc_matrix,CTGGTCTAGCAATAAC-1,SA1035X5XB03021_CTGGTCTAGCAATAAC-1,SA1035X5XB03021,A
.cache/TENX076/filtered_feature_bc_matrix,CTGGTCTCAATGAAAC-1,SA1035X5XB03021_CTGGTCTCAATGAAAC-1,SA1035X5XB03021,unassigned
.cache/TENX076/filtered_feature_bc_matrix,CTGGTCTTCGGAACTT-1,SA1035X5XB03021_CTGGTCTTCGGAACTT-1,SA1035X5XB03021,A
.cache/TENX076/filtered_feature_bc_matrix,CTGTATTCATCGGATT-1,SA1035X5XB03021_CTGTATTCATCGGATT-1,SA1035X5XB03021,A
.cache/TENX076/filtered_feature_bc_matrix,CTGTATTGTGGAAGTC-1,SA1035X5XB03021_CTGTATTGTGGAAGTC-1,SA1035X5XB03021,H
.cache/TENX076/filtered_feature_bc_matrix,CTGTCGTAGAGACAAG-1,SA1035X5XB03021_CTGTCGTAGAGACAAG-1,SA1035X5XB03021,unassigned
.cache/TENX076/filtered_feature_bc_matrix,CTGTCGTCAAGCCATT-1,SA1035X5XB03021_CTGTCGTCAAGCCATT-1,SA1035X5XB03021,B
.cache/TENX076/filtered_feature_bc_matrix,CTGTCGTTCAATGCAC-1,SA1035X5XB03021_CTGTCGTTCAATGCAC-1,SA1035X5XB03021,E
.cache/TENX076/filtered_feature_bc_matrix,CTGTGAAGTGGCTTAT-1,SA1035X5XB03021_CTGTGAAGTGGCTTAT-1,SA1035X5XB03021,A
.cache/TENX076/filtered_feature_bc_matrix,CTGTGAATCCAACTGA-1,SA1035X5XB03021_CTGTGAATCCAACTGA-1,SA1035X5XB03021,A
.cache/TENX076/filtered_feature_bc_matrix,CTTCAATCAGTTAGAA-1,SA1035X5XB03021_CTTCAATCAGTTAGAA-1,SA1035X5XB03021,H
.cache/TENX076/filtered_feature_bc_matrix,CTTCAATGTGAAGCTG-1,SA1035X5XB03021_CTTCAATGTGAAGCTG-1,SA1035X5XB03021,C
.cache/TENX076/filtered_feature_bc_matrix,CTTCCGATCATTCCTA-1,SA1035X5XB03021_CTTCCGATCATTCCTA-1,SA1035X5XB03021,H
.cache/TENX076/filtered_feature_bc_matrix,CTTCGGTTCCACCTGT-1,SA1035X5XB03021_CTTCGGTTCCACCTGT-1,SA1035X5XB03021,A
.cache/TENX076/filtered_feature_bc_matrix,CTTCTCTGTATCGAGG-1,SA1035X5XB03021_CTTCTCTGTATCGAGG-1,SA1035X5XB03021,H
.cache/TENX076/filtered_feature_bc_matrix,CTTGATTTCAGCTTCC-1,SA1035X5XB03021_CTTGATTTCAGCTTCC-1,SA1035X5XB03021,B
.cache/TENX076/filtered_feature_bc_matrix,GAAACCTAGCTCGCAC-1,SA1035X5XB03021_GAAACCTAGCTCGCAC-1,SA1035X5XB03021,A
.cache/TENX076/filtered_feature_bc_matrix,GAACTGTCACACGGTC-1,SA1035X5XB03021_GAACTGTCACACGGTC-1,SA1035X5XB03021,A
.cache/TENX076/filtered_feature_bc_matrix,GAACTGTCAGTTGTCA-1,SA1035X5XB03021_GAACTGTCAGTTGTCA-1,SA1035X5XB03021,A
.cache/TENX076/filtered_feature_bc_matrix,GAAGAATCACGACGCT-1,SA1035X5XB03021_GAAGAATCACGACGCT-1,SA1035X5XB03021,A
.cache/TENX076/filtered_feature_bc_matrix,GAAGGACGTTCGTTCC-1,SA1035X5XB03021_GAAGGACGTTCGTTCC-1,SA1035X5XB03021,A
.cache/TENX076/filtered_feature_bc_matrix,GAATAGACACCCTGAG-1,SA1035X5XB03021_GAATAGACACCCTGAG-1,SA1035X5XB03021,B
.cache/TENX076/filtered_feature_bc_matrix,GAATCACAGTAAACGT-1,SA1035X5XB03021_GAATCACAGTAAACGT-1,SA1035X5XB03021,H
.cache/TENX076/filtered_feature_bc_matrix,GACCAATCAAATTGCC-1,SA1035X5XB03021_GACCAATCAAATTGCC-1,SA1035X5XB03021,unassigned
.cache/TENX076/filtered_feature_bc_matrix,GACCAATTCCATCTAT-1,SA1035X5XB03021_GACCAATTCCATCTAT-1,SA1035X5XB03021,H
.cache/TENX076/filtered_feature_bc_matrix,GACCCAGTCAGCAATC-1,SA1035X5XB03021_GACCCAGTCAGCAATC-1,SA1035X5XB03021,A
.cache/TENX076/filtered_feature_bc_matrix,GACCCTTAGACGCTCC-1,SA1035X5XB03021_GACCCTTAGACGCTCC-1,SA1035X5XB03021,H
.cache/TENX076/filtered_feature_bc_matrix,GACCCTTCAACAGCCC-1,SA1035X5XB03021_GACCCTTCAACAGCCC-1,SA1035X5XB03021,unassigned
.cache/TENX076/filtered_feature_bc_matrix,GACCGTGTCAATCAGC-1,SA1035X5XB03021_GACCGTGTCAATCAGC-1,SA1035X5XB03021,unassigned
.cache/TENX076/filtered_feature_bc_matrix,GACCTTCTCAATCCAG-1,SA1035X5XB03021_GACCTTCTCAATCCAG-1,SA1035X5XB03021,unassigned
.cache/TENX076/filtered_feature_bc_matrix,GACGCTGTCCATTCGC-1,SA1035X5XB03021_GACGCTGTCCATTCGC-1,SA1035X5XB03021,B
.cache/TENX076/filtered_feature_bc_matrix,GACTATGAGTGCTACT-1,SA1035X5XB03021_GACTATGAGTGCTACT-1,SA1035X5XB03021,E
.cache/TENX076/filtered_feature_bc_matrix,GACTCAAGTTCCGGTG-1,SA1035X5XB03021_GACTCAAGTTCCGGTG-1,SA1035X5XB03021,E
.cache/TENX076/filtered_feature_bc_matrix,GACTTCCGTCATACCA-1,SA1035X5XB03021_GACTTCCGTCATACCA-1,SA1035X5XB03021,A
.cache/TENX076/filtered_feature_bc_matrix,GAGACTTGTGGCTACC-1,SA1035X5XB03021_GAGACTTGTGGCTACC-1,SA1035X5XB03021,H
.cache/TENX076/filtered_feature_bc_matrix,GAGACTTGTGGTTCTA-1,SA1035X5XB03021_GAGACTTGTGGTTCTA-1,SA1035X5XB03021,B
.cache/TENX076/filtered_feature_bc_matrix,GAGATGGCAAGATTGA-1,SA1035X5XB03021_GAGATGGCAAGATTGA-1,SA1035X5XB03021,E
.cache/TENX076/filtered_feature_bc_matrix,GAGATGGCATATGAAG-1,SA1035X5XB03021_GAGATGGCATATGAAG-1,SA1035X5XB03021,A
.cache/TENX076/filtered_feature_bc_matrix,GAGATGGGTCAATGGG-1,SA1035X5XB03021_GAGATGGGTCAATGGG-1,SA1035X5XB03021,A
.cache/TENX076/filtered_feature_bc_matrix,GAGCCTGAGATCCCAT-1,SA1035X5XB03021_GAGCCTGAGATCCCAT-1,SA1035X5XB03021,A
.cache/TENX076/filtered_feature_bc_matrix,GAGCTGCTCATTGTTC-1,SA1035X5XB03021_GAGCTGCTCATTGTTC-1,SA1035X5XB03021,A
.cache/TENX076/filtered_feature_bc_matrix,GAGGGATGTGGAATGC-1,SA1035X5XB03021_GAGGGATGTGGAATGC-1,SA1035X5XB03021,H
.cache/TENX076/filtered_feature_bc_matrix,GAGTGAGTCACTGCTC-1,SA1035X5XB03021_GAGTGAGTCACTGCTC-1,SA1035X5XB03021,H
.cache/TENX076/filtered_feature_bc_matrix,GAGTTACGTTGCTCGG-1,SA1035X5XB03021_GAGTTACGTTGCTCGG-1,SA1035X5XB03021,A
.cache/TENX076/filtered_feature_bc_matrix,GAGTTGTGTCCGGATC-1,SA1035X5XB03021_GAGTTGTGTCCGGATC-1,SA1035X5XB03021,A
.cache/TENX076/filtered_feature_bc_matrix,GATAGCTTCTCCTGCA-1,SA1035X5XB03021_GATAGCTTCTCCTGCA-1,SA1035X5XB03021,A
.cache/TENX076/filtered_feature_bc_matrix,GATCACAAGGTTCTAC-1,SA1035X5XB03021_GATCACAAGGTTCTAC-1,SA1035X5XB03021,A
.cache/TENX076/filtered_feature_bc_matrix,GATCAGTTCTGTGCTC-1,SA1035X5XB03021_GATCAGTTCTGTGCTC-1,SA1035X5XB03021,A
.cache/TENX076/filtered_feature_bc_matrix,GATCATGCACTGGCCA-1,SA1035X5XB03021_GATCATGCACTGGCCA-1,SA1035X5XB03021,A
.cache/TENX076/filtered_feature_bc_matrix,GATCATGCATTGCCTC-1,SA1035X5XB03021_GATCATGCATTGCCTC-1,SA1035X5XB03021,H
.cache/TENX076/filtered_feature_bc_matrix,GATCGTATCCAGCAAT-1,SA1035X5XB03021_GATCGTATCCAGCAAT-1,SA1035X5XB03021,A
.cache/TENX076/filtered_feature_bc_matrix,GATGATCCAAGTTCGT-1,SA1035X5XB03021_GATGATCCAAGTTCGT-1,SA1035X5XB03021,A
.cache/TENX076/filtered_feature_bc_matrix,GATTCTTTCTGGTCAA-1,SA1035X5XB03021_GATTCTTTCTGGTCAA-1,SA1035X5XB03021,unassigned
.cache/TENX076/filtered_feature_bc_matrix,GATTTCTCACGGTGCT-1,SA1035X5XB03021_GATTTCTCACGGTGCT-1,SA1035X5XB03021,B
.cache/TENX076/filtered_feature_bc_matrix,GCACATACAGCGGTTC-1,SA1035X5XB03021_GCACATACAGCGGTTC-1,SA1035X5XB03021,A
.cache/TENX076/filtered_feature_bc_matrix,GCAGCTGAGGTCCTGC-1,SA1035X5XB03021_GCAGCTGAGGTCCTGC-1,SA1035X5XB03021,unassigned
.cache/TENX076/filtered_feature_bc_matrix,GCAGGCTTCGGCATCG-1,SA1035X5XB03021_GCAGGCTTCGGCATCG-1,SA1035X5XB03021,H
.cache/TENX076/filtered_feature_bc_matrix,GCATCGGAGAGGGTCT-1,SA1035X5XB03021_GCATCGGAGAGGGTCT-1,SA1035X5XB03021,A
.cache/TENX076/filtered_feature_bc_matrix,GCATCGGAGGTCCGAA-1,SA1035X5XB03021_GCATCGGAGGTCCGAA-1,SA1035X5XB03021,H
.cache/TENX076/filtered_feature_bc_matrix,GCATCTCTCACAATGC-1,SA1035X5XB03021_GCATCTCTCACAATGC-1,SA1035X5XB03021,B
.cache/TENX076/filtered_feature_bc_matrix,GCATCTCTCGACACCG-1,SA1035X5XB03021_GCATCTCTCGACACCG-1,SA1035X5XB03021,C
.cache/TENX076/filtered_feature_bc_matrix,GCATCTCTCTATCGCC-1,SA1035X5XB03021_GCATCTCTCTATCGCC-1,SA1035X5XB03021,unassigned
.cache/TENX076/filtered_feature_bc_matrix,GCCAACGCAGTAACCT-1,SA1035X5XB03021_GCCAACGCAGTAACCT-1,SA1035X5XB03021,E
.cache/TENX076/filtered_feature_bc_matrix,GCCAACGGTGTACAGG-1,SA1035X5XB03021_GCCAACGGTGTACAGG-1,SA1035X5XB03021,unassigned
.cache/TENX076/filtered_feature_bc_matrix,GCCATGGCATACTGAC-1,SA1035X5XB03021_GCCATGGCATACTGAC-1,SA1035X5XB03021,H
.cache/TENX076/filtered_feature_bc_matrix,GCCATGGTCCGTCAAA-1,SA1035X5XB03021_GCCATGGTCCGTCAAA-1,SA1035X5XB03021,C
.cache/TENX076/filtered_feature_bc_matrix,GCCTGTTGTCCGGTGT-1,SA1035X5XB03021_GCCTGTTGTCCGGTGT-1,SA1035X5XB03021,A
.cache/TENX076/filtered_feature_bc_matrix,GCTACAAAGGCATGCA-1,SA1035X5XB03021_GCTACAAAGGCATGCA-1,SA1035X5XB03021,A
.cache/TENX076/filtered_feature_bc_matrix,GCTTCACAGTGCCCGT-1,SA1035X5XB03021_GCTTCACAGTGCCCGT-1,SA1035X5XB03021,C
.cache/TENX076/filtered_feature_bc_matrix,GCTTCACGTCGCAACC-1,SA1035X5XB03021_GCTTCACGTCGCAACC-1,SA1035X5XB03021,E
.cache/TENX076/filtered_feature_bc_matrix,GCTTGGGGTGCAAGAC-1,SA1035X5XB03021_GCTTGGGGTGCAAGAC-1,SA1035X5XB03021,A
.cache/TENX076/filtered_feature_bc_matrix,GGAATCTAGCCGCTTG-1,SA1035X5XB03021_GGAATCTAGCCGCTTG-1,SA1035X5XB03021,unassigned
.cache/TENX076/filtered_feature_bc_matrix,GGAGAACTCGAACGCC-1,SA1035X5XB03021_GGAGAACTCGAACGCC-1,SA1035X5XB03021,H
.cache/TENX076/filtered_feature_bc_matrix,GGAGATGAGTAGGTTA-1,SA1035X5XB03021_GGAGATGAGTAGGTTA-1,SA1035X5XB03021,E
.cache/TENX076/filtered_feature_bc_matrix,GGAGGTAAGCATGAAT-1,SA1035X5XB03021_GGAGGTAAGCATGAAT-1,SA1035X5XB03021,H
.cache/TENX076/filtered_feature_bc_matrix,GGCAGTCGTTAAAGTG-1,SA1035X5XB03021_GGCAGTCGTTAAAGTG-1,SA1035X5XB03021,H
.cache/TENX076/filtered_feature_bc_matrix,GGCGTCATCAAGCCAT-1,SA1035X5XB03021_GGCGTCATCAAGCCAT-1,SA1035X5XB03021,E
.cache/TENX076/filtered_feature_bc_matrix,GGCTTTCAGGTTCACT-1,SA1035X5XB03021_GGCTTTCAGGTTCACT-1,SA1035X5XB03021,A
.cache/TENX076/filtered_feature_bc_matrix,GGCTTTCGTGAGTAGC-1,SA1035X5XB03021_GGCTTTCGTGAGTAGC-1,SA1035X5XB03021,A
.cache/TENX076/filtered_feature_bc_matrix,GGGAAGTAGCCACTCG-1,SA1035X5XB03021_GGGAAGTAGCCACTCG-1,SA1035X5XB03021,A
.cache/TENX076/filtered_feature_bc_matrix,GGGAAGTTCACCGCTT-1,SA1035X5XB03021_GGGAAGTTCACCGCTT-1,SA1035X5XB03021,A
.cache/TENX076/filtered_feature_bc_matrix,GGGACCTAGAGTGTTA-1,SA1035X5XB03021_GGGACCTAGAGTGTTA-1,SA1035X5XB03021,H
.cache/TENX076/filtered_feature_bc_matrix,GGGCTCATCGCTGTTC-1,SA1035X5XB03021_GGGCTCATCGCTGTTC-1,SA1035X5XB03021,B
.cache/TENX076/filtered_feature_bc_matrix,GGTAACTCACTCACTC-1,SA1035X5XB03021_GGTAACTCACTCACTC-1,SA1035X5XB03021,H
.cache/TENX076/filtered_feature_bc_matrix,GGTTGTAGTCGAACGA-1,SA1035X5XB03021_GGTTGTAGTCGAACGA-1,SA1035X5XB03021,H
.cache/TENX076/filtered_feature_bc_matrix,GTAACCAGTAGAATAC-1,SA1035X5XB03021_GTAACCAGTAGAATAC-1,SA1035X5XB03021,A
.cache/TENX076/filtered_feature_bc_matrix,GTACAGTAGGTGCATG-1,SA1035X5XB03021_GTACAGTAGGTGCATG-1,SA1035X5XB03021,unassigned
.cache/TENX076/filtered_feature_bc_matrix,GTAGCTACACAAACGG-1,SA1035X5XB03021_GTAGCTACACAAACGG-1,SA1035X5XB03021,B
.cache/TENX076/filtered_feature_bc_matrix,GTAGCTACACTGTGTA-1,SA1035X5XB03021_GTAGCTACACTGTGTA-1,SA1035X5XB03021,H
.cache/TENX076/filtered_feature_bc_matrix,GTAGTACCAGGTGACA-1,SA1035X5XB03021_GTAGTACCAGGTGACA-1,SA1035X5XB03021,A
.cache/TENX076/filtered_feature_bc_matrix,GTCAAGTCACATATGC-1,SA1035X5XB03021_GTCAAGTCACATATGC-1,SA1035X5XB03021,A
.cache/TENX076/filtered_feature_bc_matrix,GTCATGAGTTTGCAGT-1,SA1035X5XB03021_GTCATGAGTTTGCAGT-1,SA1035X5XB03021,B
.cache/TENX076/filtered_feature_bc_matrix,GTCCACTTCCGATAGT-1,SA1035X5XB03021_GTCCACTTCCGATAGT-1,SA1035X5XB03021,H
.cache/TENX076/filtered_feature_bc_matrix,GTCCTCAGTTGCGGCT-1,SA1035X5XB03021_GTCCTCAGTTGCGGCT-1,SA1035X5XB03021,A
.cache/TENX076/filtered_feature_bc_matrix,GTCTACCTCAGTGTCA-1,SA1035X5XB03021_GTCTACCTCAGTGTCA-1,SA1035X5XB03021,A
.cache/TENX076/filtered_feature_bc_matrix,GTGCAGCGTGGCTGAA-1,SA1035X5XB03021_GTGCAGCGTGGCTGAA-1,SA1035X5XB03021,H
.cache/TENX076/filtered_feature_bc_matrix,GTGCAGCTCGACCACG-1,SA1035X5XB03021_GTGCAGCTCGACCACG-1,SA1035X5XB03021,B
.cache/TENX076/filtered_feature_bc_matrix,GTGCTGGAGATCACCT-1,SA1035X5XB03021_GTGCTGGAGATCACCT-1,SA1035X5XB03021,A
.cache/TENX076/filtered_feature_bc_matrix,GTGCTGGGTAACTGCT-1,SA1035X5XB03021_GTGCTGGGTAACTGCT-1,SA1035X5XB03021,E
.cache/TENX076/filtered_feature_bc_matrix,GTGCTGGTCGCAGTTA-1,SA1035X5XB03021_GTGCTGGTCGCAGTTA-1,SA1035X5XB03021,A
.cache/TENX076/filtered_feature_bc_matrix,GTGGAAGAGTAACCGG-1,SA1035X5XB03021_GTGGAAGAGTAACCGG-1,SA1035X5XB03021,B
.cache/TENX076/filtered_feature_bc_matrix,GTGGAAGCAGTGGGTA-1,SA1035X5XB03021_GTGGAAGCAGTGGGTA-1,SA1035X5XB03021,A
.cache/TENX076/filtered_feature_bc_matrix,GTGTAACCAATGCAGG-1,SA1035X5XB03021_GTGTAACCAATGCAGG-1,SA1035X5XB03021,B
.cache/TENX076/filtered_feature_bc_matrix,GTGTTAGAGTAGTCCT-1,SA1035X5XB03021_GTGTTAGAGTAGTCCT-1,SA1035X5XB03021,H
.cache/TENX076/filtered_feature_bc_matrix,GTGTTCCCAGCATGCC-1,SA1035X5XB03021_GTGTTCCCAGCATGCC-1,SA1035X5XB03021,unassigned
.cache/TENX076/filtered_feature_bc_matrix,GTGTTCCTCAACTACG-1,SA1035X5XB03021_GTGTTCCTCAACTACG-1,SA1035X5XB03021,H
.cache/TENX076/filtered_feature_bc_matrix,GTTACGACAAGACGGT-1,SA1035X5XB03021_GTTACGACAAGACGGT-1,SA1035X5XB03021,A
.cache/TENX076/filtered_feature_bc_matrix,GTTAGACCATCTCCCA-1,SA1035X5XB03021_GTTAGACCATCTCCCA-1,SA1035X5XB03021,A
.cache/TENX076/filtered_feature_bc_matrix,GTTCGCTCATCCGTTC-1,SA1035X5XB03021_GTTCGCTCATCCGTTC-1,SA1035X5XB03021,A
.cache/TENX076/filtered_feature_bc_matrix,GTTGAACCACAGTATC-1,SA1035X5XB03021_GTTGAACCACAGTATC-1,SA1035X5XB03021,A
.cache/TENX076/filtered_feature_bc_matrix,GTTGAACCAGATTCGT-1,SA1035X5XB03021_GTTGAACCAGATTCGT-1,SA1035X5XB03021,A
.cache/TENX076/filtered_feature_bc_matrix,GTTGCTCCAACGATCT-1,SA1035X5XB03021_GTTGCTCCAACGATCT-1,SA1035X5XB03021,H
.cache/TENX076/filtered_feature_bc_matrix,GTTGTAGAGCGCATCC-1,SA1035X5XB03021_GTTGTAGAGCGCATCC-1,SA1035X5XB03021,A
.cache/TENX076/filtered_feature_bc_matrix,GTTTACTCAAAGAGTT-1,SA1035X5XB03021_GTTTACTCAAAGAGTT-1,SA1035X5XB03021,H
.cache/TENX076/filtered_feature_bc_matrix,GTTTGGACACGGTGCT-1,SA1035X5XB03021_GTTTGGACACGGTGCT-1,SA1035X5XB03021,A
.cache/TENX076/filtered_feature_bc_matrix,TAACACGTCACTGGTA-1,SA1035X5XB03021_TAACACGTCACTGGTA-1,SA1035X5XB03021,E
.cache/TENX076/filtered_feature_bc_matrix,TAACGACGTGCCTAAT-1,SA1035X5XB03021_TAACGACGTGCCTAAT-1,SA1035X5XB03021,A
.cache/TENX076/filtered_feature_bc_matrix,TAAGCCAGTGGCGTAA-1,SA1035X5XB03021_TAAGCCAGTGGCGTAA-1,SA1035X5XB03021,H
.cache/TENX076/filtered_feature_bc_matrix,TAAGTCGGTACCTAAC-1,SA1035X5XB03021_TAAGTCGGTACCTAAC-1,SA1035X5XB03021,A
.cache/TENX076/filtered_feature_bc_matrix,TAATTCCAGGCGAAGG-1,SA1035X5XB03021_TAATTCCAGGCGAAGG-1,SA1035X5XB03021,A
.cache/TENX076/filtered_feature_bc_matrix,TACACCCGTTGCATAC-1,SA1035X5XB03021_TACACCCGTTGCATAC-1,SA1035X5XB03021,H
.cache/TENX076/filtered_feature_bc_matrix,TACAGGTGTTCAGTAC-1,SA1035X5XB03021_TACAGGTGTTCAGTAC-1,SA1035X5XB03021,H
.cache/TENX076/filtered_feature_bc_matrix,TACCGAATCCATGCAA-1,SA1035X5XB03021_TACCGAATCCATGCAA-1,SA1035X5XB03021,A
.cache/TENX076/filtered_feature_bc_matrix,TACCGAATCCCATAGA-1,SA1035X5XB03021_TACCGAATCCCATAGA-1,SA1035X5XB03021,unassigned
.cache/TENX076/filtered_feature_bc_matrix,TACCTGCTCCCGAGGT-1,SA1035X5XB03021_TACCTGCTCCCGAGGT-1,SA1035X5XB03021,A
.cache/TENX076/filtered_feature_bc_matrix,TACGCTCTCCCGATCT-1,SA1035X5XB03021_TACGCTCTCCCGATCT-1,SA1035X5XB03021,H
.cache/TENX076/filtered_feature_bc_matrix,TACTTGTAGAGCATCG-1,SA1035X5XB03021_TACTTGTAGAGCATCG-1,SA1035X5XB03021,A
.cache/TENX076/filtered_feature_bc_matrix,TACTTGTTCAACCGAT-1,SA1035X5XB03021_TACTTGTTCAACCGAT-1,SA1035X5XB03021,H
.cache/TENX076/filtered_feature_bc_matrix,TAGACCACAACAGATA-1,SA1035X5XB03021_TAGACCACAACAGATA-1,SA1035X5XB03021,H
.cache/TENX076/filtered_feature_bc_matrix,TAGACTGGTCACGTGC-1,SA1035X5XB03021_TAGACTGGTCACGTGC-1,SA1035X5XB03021,E
.cache/TENX076/filtered_feature_bc_matrix,TAGAGTCTCAAGAGGC-1,SA1035X5XB03021_TAGAGTCTCAAGAGGC-1,SA1035X5XB03021,A
.cache/TENX076/filtered_feature_bc_matrix,TAGGAGGTCGCTGCGA-1,SA1035X5XB03021_TAGGAGGTCGCTGCGA-1,SA1035X5XB03021,H
.cache/TENX076/filtered_feature_bc_matrix,TAGTGCAAGACATAAC-1,SA1035X5XB03021_TAGTGCAAGACATAAC-1,SA1035X5XB03021,A
.cache/TENX076/filtered_feature_bc_matrix,TATATCCAGAGCATAT-1,SA1035X5XB03021_TATATCCAGAGCATAT-1,SA1035X5XB03021,A
.cache/TENX076/filtered_feature_bc_matrix,TATCAGGCAGCGTACC-1,SA1035X5XB03021_TATCAGGCAGCGTACC-1,SA1035X5XB03021,A
.cache/TENX076/filtered_feature_bc_matrix,TATGTTCAGTTGTCAC-1,SA1035X5XB03021_TATGTTCAGTTGTCAC-1,SA1035X5XB03021,H
.cache/TENX076/filtered_feature_bc_matrix,TATTGCTCATACCATG-1,SA1035X5XB03021_TATTGCTCATACCATG-1,SA1035X5XB03021,A
.cache/TENX076/filtered_feature_bc_matrix,TCAAGACAGAAAGCGA-1,SA1035X5XB03021_TCAAGACAGAAAGCGA-1,SA1035X5XB03021,unassigned
.cache/TENX076/filtered_feature_bc_matrix,TCAAGACGTCGTTGCG-1,SA1035X5XB03021_TCAAGACGTCGTTGCG-1,SA1035X5XB03021,A
.cache/TENX076/filtered_feature_bc_matrix,TCAAGACTCACTGTTT-1,SA1035X5XB03021_TCAAGACTCACTGTTT-1,SA1035X5XB03021,H
.cache/TENX076/filtered_feature_bc_matrix,TCAAGCACAGCGAACA-1,SA1035X5XB03021_TCAAGCACAGCGAACA-1,SA1035X5XB03021,H
.cache/TENX076/filtered_feature_bc_matrix,TCACACCAGACATAAC-1,SA1035X5XB03021_TCACACCAGACATAAC-1,SA1035X5XB03021,B
.cache/TENX076/filtered_feature_bc_matrix,TCACATTCAGTCTTCC-1,SA1035X5XB03021_TCACATTCAGTCTTCC-1,SA1035X5XB03021,H
.cache/TENX076/filtered_feature_bc_matrix,TCACGCTAGGTTAAAC-1,SA1035X5XB03021_TCACGCTAGGTTAAAC-1,SA1035X5XB03021,A
.cache/TENX076/filtered_feature_bc_matrix,TCACTCGAGGTAGACC-1,SA1035X5XB03021_TCACTCGAGGTAGACC-1,SA1035X5XB03021,A
.cache/TENX076/filtered_feature_bc_matrix,TCACTCGCAATGCAAA-1,SA1035X5XB03021_TCACTCGCAATGCAAA-1,SA1035X5XB03021,unassigned
.cache/TENX076/filtered_feature_bc_matrix,TCAGTTTCAGCCGTCA-1,SA1035X5XB03021_TCAGTTTCAGCCGTCA-1,SA1035X5XB03021,A
.cache/TENX076/filtered_feature_bc_matrix,TCATATCTCGGCATTA-1,SA1035X5XB03021_TCATATCTCGGCATTA-1,SA1035X5XB03021,H
.cache/TENX076/filtered_feature_bc_matrix,TCATGAGCAGACCGCT-1,SA1035X5XB03021_TCATGAGCAGACCGCT-1,SA1035X5XB03021,B
.cache/TENX076/filtered_feature_bc_matrix,TCATGCCCAAATGGTA-1,SA1035X5XB03021_TCATGCCCAAATGGTA-1,SA1035X5XB03021,E
.cache/TENX076/filtered_feature_bc_matrix,TCATGCCGTCCATCTC-1,SA1035X5XB03021_TCATGCCGTCCATCTC-1,SA1035X5XB03021,H
.cache/TENX076/filtered_feature_bc_matrix,TCATGTTCAACGATTC-1,SA1035X5XB03021_TCATGTTCAACGATTC-1,SA1035X5XB03021,B
.cache/TENX076/filtered_feature_bc_matrix,TCATTCACACGGTAGA-1,SA1035X5XB03021_TCATTCACACGGTAGA-1,SA1035X5XB03021,A
.cache/TENX076/filtered_feature_bc_matrix,TCCATCGTCGAGAGCA-1,SA1035X5XB03021_TCCATCGTCGAGAGCA-1,SA1035X5XB03021,A
.cache/TENX076/filtered_feature_bc_matrix,TCCATGCCAGCGTACC-1,SA1035X5XB03021_TCCATGCCAGCGTACC-1,SA1035X5XB03021,E
.cache/TENX076/filtered_feature_bc_matrix,TCCCACACACACGGTC-1,SA1035X5XB03021_TCCCACACACACGGTC-1,SA1035X5XB03021,E
.cache/TENX076/filtered_feature_bc_matrix,TCCCACAGTGTCATCA-1,SA1035X5XB03021_TCCCACAGTGTCATCA-1,SA1035X5XB03021,B
.cache/TENX076/filtered_feature_bc_matrix,TCCGAAAAGGAACTAT-1,SA1035X5XB03021_TCCGAAAAGGAACTAT-1,SA1035X5XB03021,A
.cache/TENX076/filtered_feature_bc_matrix,TCCTAATAGGTGCTGA-1,SA1035X5XB03021_TCCTAATAGGTGCTGA-1,SA1035X5XB03021,unassigned
.cache/TENX076/filtered_feature_bc_matrix,TCCTCCCGTCACCACG-1,SA1035X5XB03021_TCCTCCCGTCACCACG-1,SA1035X5XB03021,A
.cache/TENX076/filtered_feature_bc_matrix,TCCTCTTCACGGTGCT-1,SA1035X5XB03021_TCCTCTTCACGGTGCT-1,SA1035X5XB03021,A
.cache/TENX076/filtered_feature_bc_matrix,TCCTCTTCATTCAGCA-1,SA1035X5XB03021_TCCTCTTCATTCAGCA-1,SA1035X5XB03021,H
.cache/TENX076/filtered_feature_bc_matrix,TCCTGCATCTCTATGT-1,SA1035X5XB03021_TCCTGCATCTCTATGT-1,SA1035X5XB03021,H
.cache/TENX076/filtered_feature_bc_matrix,TCCTTTCTCACGATAC-1,SA1035X5XB03021_TCCTTTCTCACGATAC-1,SA1035X5XB03021,A
.cache/TENX076/filtered_feature_bc_matrix,TCGAAGTTCATGAGAA-1,SA1035X5XB03021_TCGAAGTTCATGAGAA-1,SA1035X5XB03021,unassigned
.cache/TENX076/filtered_feature_bc_matrix,TCGACGGGTTCTGACA-1,SA1035X5XB03021_TCGACGGGTTCTGACA-1,SA1035X5XB03021,H
.cache/TENX076/filtered_feature_bc_matrix,TCGCAGGTCAAGCTGT-1,SA1035X5XB03021_TCGCAGGTCAAGCTGT-1,SA1035X5XB03021,B
.cache/TENX076/filtered_feature_bc_matrix,TCGCAGGTCGGTTGTA-1,SA1035X5XB03021_TCGCAGGTCGGTTGTA-1,SA1035X5XB03021,H
.cache/TENX076/filtered_feature_bc_matrix,TCGCTCATCTACTCAT-1,SA1035X5XB03021_TCGCTCATCTACTCAT-1,SA1035X5XB03021,A
.cache/TENX076/filtered_feature_bc_matrix,TCGCTCATCTTACACT-1,SA1035X5XB03021_TCGCTCATCTTACACT-1,SA1035X5XB03021,A
.cache/TENX076/filtered_feature_bc_matrix,TCGGTCTGTGTCATTG-1,SA1035X5XB03021_TCGGTCTGTGTCATTG-1,SA1035X5XB03021,E
.cache/TENX076/filtered_feature_bc_matrix,TCGTAGACACATCCCT-1,SA1035X5XB03021_TCGTAGACACATCCCT-1,SA1035X5XB03021,H
.cache/TENX076/filtered_feature_bc_matrix,TCTAACTGTCGCATTA-1,SA1035X5XB03021_TCTAACTGTCGCATTA-1,SA1035X5XB03021,E
.cache/TENX076/filtered_feature_bc_matrix,TCTACATCAGGTTCGC-1,SA1035X5XB03021_TCTACATCAGGTTCGC-1,SA1035X5XB03021,E
.cache/TENX076/filtered_feature_bc_matrix,TCTATACTCATGTCTT-1,SA1035X5XB03021_TCTATACTCATGTCTT-1,SA1035X5XB03021,A
.cache/TENX076/filtered_feature_bc_matrix,TCTCAGCAGCAGCCCT-1,SA1035X5XB03021_TCTCAGCAGCAGCCCT-1,SA1035X5XB03021,H
.cache/TENX076/filtered_feature_bc_matrix,TCTCCGAAGTTTAGGA-1,SA1035X5XB03021_TCTCCGAAGTTTAGGA-1,SA1035X5XB03021,A
.cache/TENX076/filtered_feature_bc_matrix,TCTCTGGCAGAGGCTA-1,SA1035X5XB03021_TCTCTGGCAGAGGCTA-1,SA1035X5XB03021,unassigned
.cache/TENX076/filtered_feature_bc_matrix,TCTGTCGCAGACAAAT-1,SA1035X5XB03021_TCTGTCGCAGACAAAT-1,SA1035X5XB03021,A
.cache/TENX076/filtered_feature_bc_matrix,TCTTAGTAGCTGGCTC-1,SA1035X5XB03021_TCTTAGTAGCTGGCTC-1,SA1035X5XB03021,C
.cache/TENX076/filtered_feature_bc_matrix,TCTTCCTGTGGTACAG-1,SA1035X5XB03021_TCTTCCTGTGGTACAG-1,SA1035X5XB03021,A
.cache/TENX076/filtered_feature_bc_matrix,TGAACGTTCAACGTGT-1,SA1035X5XB03021_TGAACGTTCAACGTGT-1,SA1035X5XB03021,unassigned
.cache/TENX076/filtered_feature_bc_matrix,TGACCCTGTCAGGTAG-1,SA1035X5XB03021_TGACCCTGTCAGGTAG-1,SA1035X5XB03021,A
.cache/TENX076/filtered_feature_bc_matrix,TGAGGTTTCTCTCAAT-1,SA1035X5XB03021_TGAGGTTTCTCTCAAT-1,SA1035X5XB03021,A
.cache/TENX076/filtered_feature_bc_matrix,TGATGCAAGGTATAGT-1,SA1035X5XB03021_TGATGCAAGGTATAGT-1,SA1035X5XB03021,A
.cache/TENX076/filtered_feature_bc_matrix,TGCAGGCTCTCGAACA-1,SA1035X5XB03021_TGCAGGCTCTCGAACA-1,SA1035X5XB03021,E
.cache/TENX076/filtered_feature_bc_matrix,TGCATCCAGATGAAGG-1,SA1035X5XB03021_TGCATCCAGATGAAGG-1,SA1035X5XB03021,E
.cache/TENX076/filtered_feature_bc_matrix,TGCATGATCCCATTCG-1,SA1035X5XB03021_TGCATGATCCCATTCG-1,SA1035X5XB03021,B
.cache/TENX076/filtered_feature_bc_matrix,TGCCGAGAGCGGGTTA-1,SA1035X5XB03021_TGCCGAGAGCGGGTTA-1,SA1035X5XB03021,A
.cache/TENX076/filtered_feature_bc_matrix,TGCGATAAGTCAGCGA-1,SA1035X5XB03021_TGCGATAAGTCAGCGA-1,SA1035X5XB03021,H
.cache/TENX076/filtered_feature_bc_matrix,TGCGATAGTTTATGCG-1,SA1035X5XB03021_TGCGATAGTTTATGCG-1,SA1035X5XB03021,H
.cache/TENX076/filtered_feature_bc_matrix,TGCGGGTAGCTGAAAT-1,SA1035X5XB03021_TGCGGGTAGCTGAAAT-1,SA1035X5XB03021,A
.cache/TENX076/filtered_feature_bc_matrix,TGCTCGTTCCGGTAAT-1,SA1035X5XB03021_TGCTCGTTCCGGTAAT-1,SA1035X5XB03021,A
.cache/TENX076/filtered_feature_bc_matrix,TGCTGAAGTGCTCCGA-1,SA1035X5XB03021_TGCTGAAGTGCTCCGA-1,SA1035X5XB03021,E
.cache/TENX076/filtered_feature_bc_matrix,TGCTTGCCAGACTGCC-1,SA1035X5XB03021_TGCTTGCCAGACTGCC-1,SA1035X5XB03021,H
.cache/TENX076/filtered_feature_bc_matrix,TGCTTGCTCCAAGCAT-1,SA1035X5XB03021_TGCTTGCTCCAAGCAT-1,SA1035X5XB03021,A
.cache/TENX076/filtered_feature_bc_matrix,TGGAACTAGCCATCCG-1,SA1035X5XB03021_TGGAACTAGCCATCCG-1,SA1035X5XB03021,C
.cache/TENX076/filtered_feature_bc_matrix,TGGAGAGTCTGGACTA-1,SA1035X5XB03021_TGGAGAGTCTGGACTA-1,SA1035X5XB03021,A
.cache/TENX076/filtered_feature_bc_matrix,TGGATCAAGTATCTGC-1,SA1035X5XB03021_TGGATCAAGTATCTGC-1,SA1035X5XB03021,H
.cache/TENX076/filtered_feature_bc_matrix,TGGATCAAGTGTTGTC-1,SA1035X5XB03021_TGGATCAAGTGTTGTC-1,SA1035X5XB03021,B
.cache/TENX076/filtered_feature_bc_matrix,TGGGAGATCAGACCCG-1,SA1035X5XB03021_TGGGAGATCAGACCCG-1,SA1035X5XB03021,A
.cache/TENX076/filtered_feature_bc_matrix,TGGGATTGTTCGGGTC-1,SA1035X5XB03021_TGGGATTGTTCGGGTC-1,SA1035X5XB03021,H
.cache/TENX076/filtered_feature_bc_matrix,TGGTACATCGAGTCCG-1,SA1035X5XB03021_TGGTACATCGAGTCCG-1,SA1035X5XB03021,H
.cache/TENX076/filtered_feature_bc_matrix,TGTGAGTCATGACTAC-1,SA1035X5XB03021_TGTGAGTCATGACTAC-1,SA1035X5XB03021,B
.cache/TENX076/filtered_feature_bc_matrix,TGTGCGGGTAGTTACC-1,SA1035X5XB03021_TGTGCGGGTAGTTACC-1,SA1035X5XB03021,A
.cache/TENX076/filtered_feature_bc_matrix,TGTTCATAGCCTTCTC-1,SA1035X5XB03021_TGTTCATAGCCTTCTC-1,SA1035X5XB03021,E
.cache/TENX076/filtered_feature_bc_matrix,TGTTGAGGTACTCCCT-1,SA1035X5XB03021_TGTTGAGGTACTCCCT-1,SA1035X5XB03021,E
.cache/TENX076/filtered_feature_bc_matrix,TTAATCCGTCTCGCGA-1,SA1035X5XB03021_TTAATCCGTCTCGCGA-1,SA1035X5XB03021,unassigned
.cache/TENX076/filtered_feature_bc_matrix,TTACAGGAGGATGTTA-1,SA1035X5XB03021_TTACAGGAGGATGTTA-1,SA1035X5XB03021,A
.cache/TENX076/filtered_feature_bc_matrix,TTACAGGGTCCCAAAT-1,SA1035X5XB03021_TTACAGGGTCCCAAAT-1,SA1035X5XB03021,E
.cache/TENX076/filtered_feature_bc_matrix,TTACCATCAGGTTCAT-1,SA1035X5XB03021_TTACCATCAGGTTCAT-1,SA1035X5XB03021,A
.cache/TENX076/filtered_feature_bc_matrix,TTACCGCTCAAGCCTA-1,SA1035X5XB03021_TTACCGCTCAAGCCTA-1,SA1035X5XB03021,B
.cache/TENX076/filtered_feature_bc_matrix,TTACGCCGTATTCCTT-1,SA1035X5XB03021_TTACGCCGTATTCCTT-1,SA1035X5XB03021,B
.cache/TENX076/filtered_feature_bc_matrix,TTACTGTTCGTAGTGT-1,SA1035X5XB03021_TTACTGTTCGTAGTGT-1,SA1035X5XB03021,A
.cache/TENX076/filtered_feature_bc_matrix,TTAGGCACAAGGACAC-1,SA1035X5XB03021_TTAGGCACAAGGACAC-1,SA1035X5XB03021,A
.cache/TENX076/filtered_feature_bc_matrix,TTATTGCAGCCTCAAT-1,SA1035X5XB03021_TTATTGCAGCCTCAAT-1,SA1035X5XB03021,A
.cache/TENX076/filtered_feature_bc_matrix,TTCAGGAAGGGAGGGT-1,SA1035X5XB03021_TTCAGGAAGGGAGGGT-1,SA1035X5XB03021,H
.cache/TENX076/filtered_feature_bc_matrix,TTCCAATGTCTTACTT-1,SA1035X5XB03021_TTCCAATGTCTTACTT-1,SA1035X5XB03021,A
.cache/TENX076/filtered_feature_bc_matrix,TTCCAATTCCACTGAA-1,SA1035X5XB03021_TTCCAATTCCACTGAA-1,SA1035X5XB03021,A
.cache/TENX076/filtered_feature_bc_matrix,TTCCGGTTCGGACTTA-1,SA1035X5XB03021_TTCCGGTTCGGACTTA-1,SA1035X5XB03021,A
.cache/TENX076/filtered_feature_bc_matrix,TTCCTCTGTCGCAACC-1,SA1035X5XB03021_TTCCTCTGTCGCAACC-1,SA1035X5XB03021,A
.cache/TENX076/filtered_feature_bc_matrix,TTCCTTCAGAAGGCTC-1,SA1035X5XB03021_TTCCTTCAGAAGGCTC-1,SA1035X5XB03021,A
.cache/TENX076/filtered_feature_bc_matrix,TTCCTTCCACGCTGAC-1,SA1035X5XB03021_TTCCTTCCACGCTGAC-1,SA1035X5XB03021,B
.cache/TENX076/filtered_feature_bc_matrix,TTCTAACAGCCAACCC-1,SA1035X5XB03021_TTCTAACAGCCAACCC-1,SA1035X5XB03021,E
.cache/TENX076/filtered_feature_bc_matrix,TTCTCTCAGCATGTTC-1,SA1035X5XB03021_TTCTCTCAGCATGTTC-1,SA1035X5XB03021,H
.cache/TENX076/filtered_feature_bc_matrix,TTCTCTCTCCTCTAAT-1,SA1035X5XB03021_TTCTCTCTCCTCTAAT-1,SA1035X5XB03021,A
.cache/TENX076/filtered_feature_bc_matrix,TTGACCCCATGCCGAC-1,SA1035X5XB03021_TTGACCCCATGCCGAC-1,SA1035X5XB03021,H
.cache/TENX076/filtered_feature_bc_matrix,TTGACCCGTCATAGTC-1,SA1035X5XB03021_TTGACCCGTCATAGTC-1,SA1035X5XB03021,unassigned
.cache/TENX076/filtered_feature_bc_matrix,TTGAGTGGTTGTCCCT-1,SA1035X5XB03021_TTGAGTGGTTGTCCCT-1,SA1035X5XB03021,A
.cache/TENX076/filtered_feature_bc_matrix,TTGCCTGGTATCCTCC-1,SA1035X5XB03021_TTGCCTGGTATCCTCC-1,SA1035X5XB03021,H
.cache/TENX076/filtered_feature_bc_matrix,TTGCCTGTCCTGTTAT-1,SA1035X5XB03021_TTGCCTGTCCTGTTAT-1,SA1035X5XB03021,unassigned
.cache/TENX076/filtered_feature_bc_matrix,TTGCTGCTCCACCTCA-1,SA1035X5XB03021_TTGCTGCTCCACCTCA-1,SA1035X5XB03021,unassigned
.cache/TENX076/filtered_feature_bc_matrix,TTGGATGCAGTCACGC-1,SA1035X5XB03021_TTGGATGCAGTCACGC-1,SA1035X5XB03021,H
.cache/TENX076/filtered_feature_bc_matrix,TTGGGATCACATAGCT-1,SA1035X5XB03021_TTGGGATCACATAGCT-1,SA1035X5XB03021,E
.cache/TENX076/filtered_feature_bc_matrix,TTGGGCGGTGGGCTCT-1,SA1035X5XB03021_TTGGGCGGTGGGCTCT-1,SA1035X5XB03021,H
.cache/TENX076/filtered_feature_bc_matrix,TTGGGCGGTGTATTGC-1,SA1035X5XB03021_TTGGGCGGTGTATTGC-1,SA1035X5XB03021,H
.cache/TENX076/filtered_feature_bc_matrix,TTGGGTAAGTGTACAA-1,SA1035X5XB03021_TTGGGTAAGTGTACAA-1,SA1035X5XB03021,C
.cache/TENX076/filtered_feature_bc_matrix,TTGGTTTCACTACGGC-1,SA1035X5XB03021_TTGGTTTCACTACGGC-1,SA1035X5XB03021,B
.cache/TENX076/filtered_feature_bc_matrix,TTGGTTTTCTATCCAT-1,SA1035X5XB03021_TTGGTTTTCTATCCAT-1,SA1035X5XB03021,A
.cache/TENX076/filtered_feature_bc_matrix,TTGTGTTCAAGCACAG-1,SA1035X5XB03021_TTGTGTTCAAGCACAG-1,SA1035X5XB03021,E
.cache/TENX076/filtered_feature_bc_matrix,TTGTTCATCGAGAGAC-1,SA1035X5XB03021_TTGTTCATCGAGAGAC-1,SA1035X5XB03021,A
.cache/TENX076/filtered_feature_bc_matrix,TTGTTTGCAATGCAGG-1,SA1035X5XB03021_TTGTTTGCAATGCAGG-1,SA1035X5XB03021,H
.cache/TENX076/filtered_feature_bc_matrix,TTTATGCCAAGCTCTA-1,SA1035X5XB03021_TTTATGCCAAGCTCTA-1,SA1035X5XB03021,B
.cache/TENX076/filtered_feature_bc_matrix,TTTATGCGTGAAAGTT-1,SA1035X5XB03021_TTTATGCGTGAAAGTT-1,SA1035X5XB03021,E
.cache/TENX076/filtered_feature_bc_matrix,TTTCACAGTTTGGAAA-1,SA1035X5XB03021_TTTCACAGTTTGGAAA-1,SA1035X5XB03021,A
.cache/TENX076/filtered_feature_bc_matrix,TTTGTTGAGACCCTTA-1,SA1035X5XB03021_TTTGTTGAGACCCTTA-1,SA1035X5XB03021,H
.cache/TENX076/filtered_feature_bc_matrix,TTTGTTGGTTGGGACA-1,SA1035X5XB03021_TTTGTTGGTTGGGACA-1,SA1035X5XB03021,H
