Sample,Barcode,cell_id,id,clone
.cache/SCRNA10X_SA_CHIP0162_002/filtered_feature_bc_matrix,AAACCCAAGAGTCTTC-1,SA1035X7XB03502_AAACCCAAGAGTCTTC-1,SA1035X7XB03502,E
.cache/SCRNA10X_SA_CHIP0162_002/filtered_feature_bc_matrix,AAACCCAAGATGGTCG-1,SA1035X7XB03502_AAACCCAAGATGGTCG-1,SA1035X7XB03502,E
.cache/SCRNA10X_SA_CHIP0162_002/filtered_feature_bc_matrix,AAACGAAGTTGCCAAT-1,SA1035X7XB03502_AAACGAAGTTGCCAAT-1,SA1035X7XB03502,E
.cache/SCRNA10X_SA_CHIP0162_002/filtered_feature_bc_matrix,AAACGCTAGTCGCTAT-1,SA1035X7XB03502_AAACGCTAGTCGCTAT-1,SA1035X7XB03502,B
.cache/SCRNA10X_SA_CHIP0162_002/filtered_feature_bc_matrix,AAACGCTGTACCGTGC-1,SA1035X7XB03502_AAACGCTGTACCGTGC-1,SA1035X7XB03502,C
.cache/SCRNA10X_SA_CHIP0162_002/filtered_feature_bc_matrix,AAAGGGCGTATTAAGG-1,SA1035X7XB03502_AAAGGGCGTATTAAGG-1,SA1035X7XB03502,C
.cache/SCRNA10X_SA_CHIP0162_002/filtered_feature_bc_matrix,AAAGTCCGTTTACCAG-1,SA1035X7XB03502_AAAGTCCGTTTACCAG-1,SA1035X7XB03502,D
.cache/SCRNA10X_SA_CHIP0162_002/filtered_feature_bc_matrix,AACAAAGGTTACAGCT-1,SA1035X7XB03502_AACAAAGGTTACAGCT-1,SA1035X7XB03502,E
.cache/SCRNA10X_SA_CHIP0162_002/filtered_feature_bc_matrix,AACAAAGTCGACCTAA-1,SA1035X7XB03502_AACAAAGTCGACCTAA-1,SA1035X7XB03502,B
.cache/SCRNA10X_SA_CHIP0162_002/filtered_feature_bc_matrix,AACAAAGTCGTCAAAC-1,SA1035X7XB03502_AACAAAGTCGTCAAAC-1,SA1035X7XB03502,B
.cache/SCRNA10X_SA_CHIP0162_002/filtered_feature_bc_matrix,AACAACCCAGAAGTGC-1,SA1035X7XB03502_AACAACCCAGAAGTGC-1,SA1035X7XB03502,E
.cache/SCRNA10X_SA_CHIP0162_002/filtered_feature_bc_matrix,AACAACCCAGGATCTT-1,SA1035X7XB03502_AACAACCCAGGATCTT-1,SA1035X7XB03502,E
.cache/SCRNA10X_SA_CHIP0162_002/filtered_feature_bc_matrix,AACAAGACAATTGCAC-1,SA1035X7XB03502_AACAAGACAATTGCAC-1,SA1035X7XB03502,D
.cache/SCRNA10X_SA_CHIP0162_002/filtered_feature_bc_matrix,AACAGGGAGAGAGCCT-1,SA1035X7XB03502_AACAGGGAGAGAGCCT-1,SA1035X7XB03502,E
.cache/SCRNA10X_SA_CHIP0162_002/filtered_feature_bc_matrix,AACCACACACCAGGTC-1,SA1035X7XB03502_AACCACACACCAGGTC-1,SA1035X7XB03502,E
.cache/SCRNA10X_SA_CHIP0162_002/filtered_feature_bc_matrix,AACCACACAGTTACCA-1,SA1035X7XB03502_AACCACACAGTTACCA-1,SA1035X7XB03502,D
.cache/SCRNA10X_SA_CHIP0162_002/filtered_feature_bc_matrix,AACCCAACACCGTACG-1,SA1035X7XB03502_AACCCAACACCGTACG-1,SA1035X7XB03502,D
.cache/SCRNA10X_SA_CHIP0162_002/filtered_feature_bc_matrix,AACCTGAAGCCTCAGC-1,SA1035X7XB03502_AACCTGAAGCCTCAGC-1,SA1035X7XB03502,C
.cache/SCRNA10X_SA_CHIP0162_002/filtered_feature_bc_matrix,AACCTTTAGACTCCGC-1,SA1035X7XB03502_AACCTTTAGACTCCGC-1,SA1035X7XB03502,D
.cache/SCRNA10X_SA_CHIP0162_002/filtered_feature_bc_matrix,AACCTTTAGTATAGAC-1,SA1035X7XB03502_AACCTTTAGTATAGAC-1,SA1035X7XB03502,D
.cache/SCRNA10X_SA_CHIP0162_002/filtered_feature_bc_matrix,AACGAAAAGCTGAAAT-1,SA1035X7XB03502_AACGAAAAGCTGAAAT-1,SA1035X7XB03502,D
.cache/SCRNA10X_SA_CHIP0162_002/filtered_feature_bc_matrix,AAGAACAAGTTGCGAG-1,SA1035X7XB03502_AAGAACAAGTTGCGAG-1,SA1035X7XB03502,C
.cache/SCRNA10X_SA_CHIP0162_002/filtered_feature_bc_matrix,AAGAACAGTCTGATCA-1,SA1035X7XB03502_AAGAACAGTCTGATCA-1,SA1035X7XB03502,D
.cache/SCRNA10X_SA_CHIP0162_002/filtered_feature_bc_matrix,AAGACTCAGCTCATAC-1,SA1035X7XB03502_AAGACTCAGCTCATAC-1,SA1035X7XB03502,E
.cache/SCRNA10X_SA_CHIP0162_002/filtered_feature_bc_matrix,AAGACTCCATGATCTG-1,SA1035X7XB03502_AAGACTCCATGATCTG-1,SA1035X7XB03502,D
.cache/SCRNA10X_SA_CHIP0162_002/filtered_feature_bc_matrix,AAGATAGCAGACATCT-1,SA1035X7XB03502_AAGATAGCAGACATCT-1,SA1035X7XB03502,B
.cache/SCRNA10X_SA_CHIP0162_002/filtered_feature_bc_matrix,AAGATAGTCGAAGCCC-1,SA1035X7XB03502_AAGATAGTCGAAGCCC-1,SA1035X7XB03502,B
.cache/SCRNA10X_SA_CHIP0162_002/filtered_feature_bc_matrix,AAGCATCTCCCTTTGG-1,SA1035X7XB03502_AAGCATCTCCCTTTGG-1,SA1035X7XB03502,D
.cache/SCRNA10X_SA_CHIP0162_002/filtered_feature_bc_matrix,AAGCATCTCTTGTGCC-1,SA1035X7XB03502_AAGCATCTCTTGTGCC-1,SA1035X7XB03502,C
.cache/SCRNA10X_SA_CHIP0162_002/filtered_feature_bc_matrix,AAGCGAGTCCATTGTT-1,SA1035X7XB03502_AAGCGAGTCCATTGTT-1,SA1035X7XB03502,B
.cache/SCRNA10X_SA_CHIP0162_002/filtered_feature_bc_matrix,AAGCGTTCAGAAATCA-1,SA1035X7XB03502_AAGCGTTCAGAAATCA-1,SA1035X7XB03502,E
.cache/SCRNA10X_SA_CHIP0162_002/filtered_feature_bc_matrix,AAGTTCGAGATGAATC-1,SA1035X7XB03502_AAGTTCGAGATGAATC-1,SA1035X7XB03502,E
.cache/SCRNA10X_SA_CHIP0162_002/filtered_feature_bc_matrix,AATAGAGTCGGTCACG-1,SA1035X7XB03502_AATAGAGTCGGTCACG-1,SA1035X7XB03502,E
.cache/SCRNA10X_SA_CHIP0162_002/filtered_feature_bc_matrix,AATCGACCACTGTTCC-1,SA1035X7XB03502_AATCGACCACTGTTCC-1,SA1035X7XB03502,B
.cache/SCRNA10X_SA_CHIP0162_002/filtered_feature_bc_matrix,AATCGACGTCGAATTC-1,SA1035X7XB03502_AATCGACGTCGAATTC-1,SA1035X7XB03502,B
.cache/SCRNA10X_SA_CHIP0162_002/filtered_feature_bc_matrix,AATGAAGAGATTAGAC-1,SA1035X7XB03502_AATGAAGAGATTAGAC-1,SA1035X7XB03502,E
.cache/SCRNA10X_SA_CHIP0162_002/filtered_feature_bc_matrix,AATGACCTCCACGAAT-1,SA1035X7XB03502_AATGACCTCCACGAAT-1,SA1035X7XB03502,E
.cache/SCRNA10X_SA_CHIP0162_002/filtered_feature_bc_matrix,AATGGCTGTGCGGATA-1,SA1035X7XB03502_AATGGCTGTGCGGATA-1,SA1035X7XB03502,E
.cache/SCRNA10X_SA_CHIP0162_002/filtered_feature_bc_matrix,AATGGCTGTGGTTTGT-1,SA1035X7XB03502_AATGGCTGTGGTTTGT-1,SA1035X7XB03502,B
.cache/SCRNA10X_SA_CHIP0162_002/filtered_feature_bc_matrix,AATTCCTGTCCGATCG-1,SA1035X7XB03502_AATTCCTGTCCGATCG-1,SA1035X7XB03502,C
.cache/SCRNA10X_SA_CHIP0162_002/filtered_feature_bc_matrix,AATTTCCCAGCTATAC-1,SA1035X7XB03502_AATTTCCCAGCTATAC-1,SA1035X7XB03502,E
.cache/SCRNA10X_SA_CHIP0162_002/filtered_feature_bc_matrix,ACAAAGAAGATCCTAC-1,SA1035X7XB03502_ACAAAGAAGATCCTAC-1,SA1035X7XB03502,B
.cache/SCRNA10X_SA_CHIP0162_002/filtered_feature_bc_matrix,ACACAGTAGTCCCGGT-1,SA1035X7XB03502_ACACAGTAGTCCCGGT-1,SA1035X7XB03502,E
.cache/SCRNA10X_SA_CHIP0162_002/filtered_feature_bc_matrix,ACACCAAAGGGAGATA-1,SA1035X7XB03502_ACACCAAAGGGAGATA-1,SA1035X7XB03502,E
.cache/SCRNA10X_SA_CHIP0162_002/filtered_feature_bc_matrix,ACACGCGCAAGGTTGG-1,SA1035X7XB03502_ACACGCGCAAGGTTGG-1,SA1035X7XB03502,B
.cache/SCRNA10X_SA_CHIP0162_002/filtered_feature_bc_matrix,ACACTGAAGGTTCAGG-1,SA1035X7XB03502_ACACTGAAGGTTCAGG-1,SA1035X7XB03502,D
.cache/SCRNA10X_SA_CHIP0162_002/filtered_feature_bc_matrix,ACAGCCGAGCGAGAAA-1,SA1035X7XB03502_ACAGCCGAGCGAGAAA-1,SA1035X7XB03502,D
.cache/SCRNA10X_SA_CHIP0162_002/filtered_feature_bc_matrix,ACAGGGACATGTACGT-1,SA1035X7XB03502_ACAGGGACATGTACGT-1,SA1035X7XB03502,B
.cache/SCRNA10X_SA_CHIP0162_002/filtered_feature_bc_matrix,ACATCCCGTCGAATTC-1,SA1035X7XB03502_ACATCCCGTCGAATTC-1,SA1035X7XB03502,B
.cache/SCRNA10X_SA_CHIP0162_002/filtered_feature_bc_matrix,ACATGCATCACCATGA-1,SA1035X7XB03502_ACATGCATCACCATGA-1,SA1035X7XB03502,D
.cache/SCRNA10X_SA_CHIP0162_002/filtered_feature_bc_matrix,ACCAACAAGTTGCCTA-1,SA1035X7XB03502_ACCAACAAGTTGCCTA-1,SA1035X7XB03502,D
.cache/SCRNA10X_SA_CHIP0162_002/filtered_feature_bc_matrix,ACCACAACAAACAGGC-1,SA1035X7XB03502_ACCACAACAAACAGGC-1,SA1035X7XB03502,D
.cache/SCRNA10X_SA_CHIP0162_002/filtered_feature_bc_matrix,ACCATTTAGCTGACTT-1,SA1035X7XB03502_ACCATTTAGCTGACTT-1,SA1035X7XB03502,E
.cache/SCRNA10X_SA_CHIP0162_002/filtered_feature_bc_matrix,ACCATTTAGTGCACCC-1,SA1035X7XB03502_ACCATTTAGTGCACCC-1,SA1035X7XB03502,E
.cache/SCRNA10X_SA_CHIP0162_002/filtered_feature_bc_matrix,ACCCAAATCGAAGCCC-1,SA1035X7XB03502_ACCCAAATCGAAGCCC-1,SA1035X7XB03502,E
.cache/SCRNA10X_SA_CHIP0162_002/filtered_feature_bc_matrix,ACCTACCAGAGTACCG-1,SA1035X7XB03502_ACCTACCAGAGTACCG-1,SA1035X7XB03502,B
.cache/SCRNA10X_SA_CHIP0162_002/filtered_feature_bc_matrix,ACCTACCCATCATGAC-1,SA1035X7XB03502_ACCTACCCATCATGAC-1,SA1035X7XB03502,D
.cache/SCRNA10X_SA_CHIP0162_002/filtered_feature_bc_matrix,ACCTGAAAGGGCCTCT-1,SA1035X7XB03502_ACCTGAAAGGGCCTCT-1,SA1035X7XB03502,E
.cache/SCRNA10X_SA_CHIP0162_002/filtered_feature_bc_matrix,ACCTGAATCTAGGCCG-1,SA1035X7XB03502_ACCTGAATCTAGGCCG-1,SA1035X7XB03502,B
.cache/SCRNA10X_SA_CHIP0162_002/filtered_feature_bc_matrix,ACGATGTGTCTATGAC-1,SA1035X7XB03502_ACGATGTGTCTATGAC-1,SA1035X7XB03502,D
.cache/SCRNA10X_SA_CHIP0162_002/filtered_feature_bc_matrix,ACGATGTTCTTCGGTC-1,SA1035X7XB03502_ACGATGTTCTTCGGTC-1,SA1035X7XB03502,C
.cache/SCRNA10X_SA_CHIP0162_002/filtered_feature_bc_matrix,ACGCACGAGAGCAGTC-1,SA1035X7XB03502_ACGCACGAGAGCAGTC-1,SA1035X7XB03502,B
.cache/SCRNA10X_SA_CHIP0162_002/filtered_feature_bc_matrix,ACGGAAGTCAAGCCAT-1,SA1035X7XB03502_ACGGAAGTCAAGCCAT-1,SA1035X7XB03502,E
.cache/SCRNA10X_SA_CHIP0162_002/filtered_feature_bc_matrix,ACGGTCGGTAAGACCG-1,SA1035X7XB03502_ACGGTCGGTAAGACCG-1,SA1035X7XB03502,E
.cache/SCRNA10X_SA_CHIP0162_002/filtered_feature_bc_matrix,ACGTAACCAAACGGCA-1,SA1035X7XB03502_ACGTAACCAAACGGCA-1,SA1035X7XB03502,E
.cache/SCRNA10X_SA_CHIP0162_002/filtered_feature_bc_matrix,ACGTAGTCAACCGCCA-1,SA1035X7XB03502_ACGTAGTCAACCGCCA-1,SA1035X7XB03502,C
.cache/SCRNA10X_SA_CHIP0162_002/filtered_feature_bc_matrix,ACGTAGTTCCCGTGTT-1,SA1035X7XB03502_ACGTAGTTCCCGTGTT-1,SA1035X7XB03502,D
.cache/SCRNA10X_SA_CHIP0162_002/filtered_feature_bc_matrix,ACGTAGTTCGCACTCT-1,SA1035X7XB03502_ACGTAGTTCGCACTCT-1,SA1035X7XB03502,E
.cache/SCRNA10X_SA_CHIP0162_002/filtered_feature_bc_matrix,ACGTAGTTCGGCACTG-1,SA1035X7XB03502_ACGTAGTTCGGCACTG-1,SA1035X7XB03502,C
.cache/SCRNA10X_SA_CHIP0162_002/filtered_feature_bc_matrix,ACGTCCTGTGTTAACC-1,SA1035X7XB03502_ACGTCCTGTGTTAACC-1,SA1035X7XB03502,E
.cache/SCRNA10X_SA_CHIP0162_002/filtered_feature_bc_matrix,ACGTTCCGTCACCGAC-1,SA1035X7XB03502_ACGTTCCGTCACCGAC-1,SA1035X7XB03502,B
.cache/SCRNA10X_SA_CHIP0162_002/filtered_feature_bc_matrix,ACTATCTCAATTGTGC-1,SA1035X7XB03502_ACTATCTCAATTGTGC-1,SA1035X7XB03502,E
.cache/SCRNA10X_SA_CHIP0162_002/filtered_feature_bc_matrix,ACTATGGTCACCGCTT-1,SA1035X7XB03502_ACTATGGTCACCGCTT-1,SA1035X7XB03502,B
.cache/SCRNA10X_SA_CHIP0162_002/filtered_feature_bc_matrix,ACTCTCGTCTCCAAGA-1,SA1035X7XB03502_ACTCTCGTCTCCAAGA-1,SA1035X7XB03502,B
.cache/SCRNA10X_SA_CHIP0162_002/filtered_feature_bc_matrix,ACTGATGTCGGCACTG-1,SA1035X7XB03502_ACTGATGTCGGCACTG-1,SA1035X7XB03502,B
.cache/SCRNA10X_SA_CHIP0162_002/filtered_feature_bc_matrix,ACTGCAAAGGGAACAA-1,SA1035X7XB03502_ACTGCAAAGGGAACAA-1,SA1035X7XB03502,E
.cache/SCRNA10X_SA_CHIP0162_002/filtered_feature_bc_matrix,ACTGTGATCTTACTGT-1,SA1035X7XB03502_ACTGTGATCTTACTGT-1,SA1035X7XB03502,C
.cache/SCRNA10X_SA_CHIP0162_002/filtered_feature_bc_matrix,ACTTTCAGTGCGACAA-1,SA1035X7XB03502_ACTTTCAGTGCGACAA-1,SA1035X7XB03502,C
.cache/SCRNA10X_SA_CHIP0162_002/filtered_feature_bc_matrix,ACTTTGTGTATCTCGA-1,SA1035X7XB03502_ACTTTGTGTATCTCGA-1,SA1035X7XB03502,E
.cache/SCRNA10X_SA_CHIP0162_002/filtered_feature_bc_matrix,AGAAATGCATTATGCG-1,SA1035X7XB03502_AGAAATGCATTATGCG-1,SA1035X7XB03502,E
.cache/SCRNA10X_SA_CHIP0162_002/filtered_feature_bc_matrix,AGAACAATCGAACGGA-1,SA1035X7XB03502_AGAACAATCGAACGGA-1,SA1035X7XB03502,C
.cache/SCRNA10X_SA_CHIP0162_002/filtered_feature_bc_matrix,AGAACCTCACCTGCGA-1,SA1035X7XB03502_AGAACCTCACCTGCGA-1,SA1035X7XB03502,C
.cache/SCRNA10X_SA_CHIP0162_002/filtered_feature_bc_matrix,AGAAGCGCAAACCATC-1,SA1035X7XB03502_AGAAGCGCAAACCATC-1,SA1035X7XB03502,B
.cache/SCRNA10X_SA_CHIP0162_002/filtered_feature_bc_matrix,AGAAGCGCACACCGCA-1,SA1035X7XB03502_AGAAGCGCACACCGCA-1,SA1035X7XB03502,E
.cache/SCRNA10X_SA_CHIP0162_002/filtered_feature_bc_matrix,AGAAGCGGTCACTTAG-1,SA1035X7XB03502_AGAAGCGGTCACTTAG-1,SA1035X7XB03502,B
.cache/SCRNA10X_SA_CHIP0162_002/filtered_feature_bc_matrix,AGACACTTCACGAGGA-1,SA1035X7XB03502_AGACACTTCACGAGGA-1,SA1035X7XB03502,E
.cache/SCRNA10X_SA_CHIP0162_002/filtered_feature_bc_matrix,AGACCCGTCTCGTCAC-1,SA1035X7XB03502_AGACCCGTCTCGTCAC-1,SA1035X7XB03502,D
.cache/SCRNA10X_SA_CHIP0162_002/filtered_feature_bc_matrix,AGACTCATCTAGCCTC-1,SA1035X7XB03502_AGACTCATCTAGCCTC-1,SA1035X7XB03502,C
.cache/SCRNA10X_SA_CHIP0162_002/filtered_feature_bc_matrix,AGAGAATGTCTGTAGT-1,SA1035X7XB03502_AGAGAATGTCTGTAGT-1,SA1035X7XB03502,B
.cache/SCRNA10X_SA_CHIP0162_002/filtered_feature_bc_matrix,AGAGCAGCAAGACGAC-1,SA1035X7XB03502_AGAGCAGCAAGACGAC-1,SA1035X7XB03502,E
.cache/SCRNA10X_SA_CHIP0162_002/filtered_feature_bc_matrix,AGAGCAGCAGGCACAA-1,SA1035X7XB03502_AGAGCAGCAGGCACAA-1,SA1035X7XB03502,D
.cache/SCRNA10X_SA_CHIP0162_002/filtered_feature_bc_matrix,AGATGAAGTATAGCTC-1,SA1035X7XB03502_AGATGAAGTATAGCTC-1,SA1035X7XB03502,B
.cache/SCRNA10X_SA_CHIP0162_002/filtered_feature_bc_matrix,AGATGCTGTTCCTAGA-1,SA1035X7XB03502_AGATGCTGTTCCTAGA-1,SA1035X7XB03502,E
.cache/SCRNA10X_SA_CHIP0162_002/filtered_feature_bc_matrix,AGCATCACACGGCGTT-1,SA1035X7XB03502_AGCATCACACGGCGTT-1,SA1035X7XB03502,B
.cache/SCRNA10X_SA_CHIP0162_002/filtered_feature_bc_matrix,AGCCAATAGCACCTGC-1,SA1035X7XB03502_AGCCAATAGCACCTGC-1,SA1035X7XB03502,E
.cache/SCRNA10X_SA_CHIP0162_002/filtered_feature_bc_matrix,AGCCAATAGGGTTGCA-1,SA1035X7XB03502_AGCCAATAGGGTTGCA-1,SA1035X7XB03502,E
.cache/SCRNA10X_SA_CHIP0162_002/filtered_feature_bc_matrix,AGCGCTGGTGTCCACG-1,SA1035X7XB03502_AGCGCTGGTGTCCACG-1,SA1035X7XB03502,E
.cache/SCRNA10X_SA_CHIP0162_002/filtered_feature_bc_matrix,AGCGCTGTCTGTGTGA-1,SA1035X7XB03502_AGCGCTGTCTGTGTGA-1,SA1035X7XB03502,E
.cache/SCRNA10X_SA_CHIP0162_002/filtered_feature_bc_matrix,AGCGTCGCATTACGGT-1,SA1035X7XB03502_AGCGTCGCATTACGGT-1,SA1035X7XB03502,E
.cache/SCRNA10X_SA_CHIP0162_002/filtered_feature_bc_matrix,AGGAATAGTCGAACAG-1,SA1035X7XB03502_AGGAATAGTCGAACAG-1,SA1035X7XB03502,B
.cache/SCRNA10X_SA_CHIP0162_002/filtered_feature_bc_matrix,AGGACTTGTGCAAGAC-1,SA1035X7XB03502_AGGACTTGTGCAAGAC-1,SA1035X7XB03502,B
.cache/SCRNA10X_SA_CHIP0162_002/filtered_feature_bc_matrix,AGGATAACATATACCG-1,SA1035X7XB03502_AGGATAACATATACCG-1,SA1035X7XB03502,E
.cache/SCRNA10X_SA_CHIP0162_002/filtered_feature_bc_matrix,AGGATAACATGAATAG-1,SA1035X7XB03502_AGGATAACATGAATAG-1,SA1035X7XB03502,E
.cache/SCRNA10X_SA_CHIP0162_002/filtered_feature_bc_matrix,AGGCATTTCGCGGTAC-1,SA1035X7XB03502_AGGCATTTCGCGGTAC-1,SA1035X7XB03502,E
.cache/SCRNA10X_SA_CHIP0162_002/filtered_feature_bc_matrix,AGGGAGTAGAGTTGAT-1,SA1035X7XB03502_AGGGAGTAGAGTTGAT-1,SA1035X7XB03502,E
.cache/SCRNA10X_SA_CHIP0162_002/filtered_feature_bc_matrix,AGGGAGTGTATCGCGC-1,SA1035X7XB03502_AGGGAGTGTATCGCGC-1,SA1035X7XB03502,E
.cache/SCRNA10X_SA_CHIP0162_002/filtered_feature_bc_matrix,AGGGTCCTCAAGATAG-1,SA1035X7XB03502_AGGGTCCTCAAGATAG-1,SA1035X7XB03502,B
.cache/SCRNA10X_SA_CHIP0162_002/filtered_feature_bc_matrix,AGGGTCCTCTTCCCGA-1,SA1035X7XB03502_AGGGTCCTCTTCCCGA-1,SA1035X7XB03502,E
.cache/SCRNA10X_SA_CHIP0162_002/filtered_feature_bc_matrix,AGGGTGAAGCAGCCTC-1,SA1035X7XB03502_AGGGTGAAGCAGCCTC-1,SA1035X7XB03502,B
.cache/SCRNA10X_SA_CHIP0162_002/filtered_feature_bc_matrix,AGGTAGGAGCTGCCAC-1,SA1035X7XB03502_AGGTAGGAGCTGCCAC-1,SA1035X7XB03502,B
.cache/SCRNA10X_SA_CHIP0162_002/filtered_feature_bc_matrix,AGGTCATGTCAAGCCC-1,SA1035X7XB03502_AGGTCATGTCAAGCCC-1,SA1035X7XB03502,E
.cache/SCRNA10X_SA_CHIP0162_002/filtered_feature_bc_matrix,AGGTGTTAGCCTTCTC-1,SA1035X7XB03502_AGGTGTTAGCCTTCTC-1,SA1035X7XB03502,E
.cache/SCRNA10X_SA_CHIP0162_002/filtered_feature_bc_matrix,AGGTGTTAGGTACTGG-1,SA1035X7XB03502_AGGTGTTAGGTACTGG-1,SA1035X7XB03502,E
.cache/SCRNA10X_SA_CHIP0162_002/filtered_feature_bc_matrix,AGGTGTTGTTTCCATT-1,SA1035X7XB03502_AGGTGTTGTTTCCATT-1,SA1035X7XB03502,B
.cache/SCRNA10X_SA_CHIP0162_002/filtered_feature_bc_matrix,AGGTTACTCATGCCCT-1,SA1035X7XB03502_AGGTTACTCATGCCCT-1,SA1035X7XB03502,D
.cache/SCRNA10X_SA_CHIP0162_002/filtered_feature_bc_matrix,AGTAACCAGTGGCCTC-1,SA1035X7XB03502_AGTAACCAGTGGCCTC-1,SA1035X7XB03502,E
.cache/SCRNA10X_SA_CHIP0162_002/filtered_feature_bc_matrix,AGTAGTCCACTTGGCG-1,SA1035X7XB03502_AGTAGTCCACTTGGCG-1,SA1035X7XB03502,E
.cache/SCRNA10X_SA_CHIP0162_002/filtered_feature_bc_matrix,AGTCAACAGTCGGCCT-1,SA1035X7XB03502_AGTCAACAGTCGGCCT-1,SA1035X7XB03502,E
.cache/SCRNA10X_SA_CHIP0162_002/filtered_feature_bc_matrix,AGTCAACTCCGTCAAA-1,SA1035X7XB03502_AGTCAACTCCGTCAAA-1,SA1035X7XB03502,C
.cache/SCRNA10X_SA_CHIP0162_002/filtered_feature_bc_matrix,AGTGCCGTCGAGTGAG-1,SA1035X7XB03502_AGTGCCGTCGAGTGAG-1,SA1035X7XB03502,B
.cache/SCRNA10X_SA_CHIP0162_002/filtered_feature_bc_matrix,AGTGCCGTCTTCCCGA-1,SA1035X7XB03502_AGTGCCGTCTTCCCGA-1,SA1035X7XB03502,E
.cache/SCRNA10X_SA_CHIP0162_002/filtered_feature_bc_matrix,AGTTAGCAGCTTCATG-1,SA1035X7XB03502_AGTTAGCAGCTTCATG-1,SA1035X7XB03502,D
.cache/SCRNA10X_SA_CHIP0162_002/filtered_feature_bc_matrix,AGTTAGCAGGGTACGT-1,SA1035X7XB03502_AGTTAGCAGGGTACGT-1,SA1035X7XB03502,C
.cache/SCRNA10X_SA_CHIP0162_002/filtered_feature_bc_matrix,AGTTCCCCAAAGACGC-1,SA1035X7XB03502_AGTTCCCCAAAGACGC-1,SA1035X7XB03502,E
.cache/SCRNA10X_SA_CHIP0162_002/filtered_feature_bc_matrix,AGTTCGAGTGTCGCTG-1,SA1035X7XB03502_AGTTCGAGTGTCGCTG-1,SA1035X7XB03502,E
.cache/SCRNA10X_SA_CHIP0162_002/filtered_feature_bc_matrix,ATACCGACACCAGACC-1,SA1035X7XB03502_ATACCGACACCAGACC-1,SA1035X7XB03502,B
.cache/SCRNA10X_SA_CHIP0162_002/filtered_feature_bc_matrix,ATACCTTCAATACCTG-1,SA1035X7XB03502_ATACCTTCAATACCTG-1,SA1035X7XB03502,E
.cache/SCRNA10X_SA_CHIP0162_002/filtered_feature_bc_matrix,ATACCTTTCCCAGGCA-1,SA1035X7XB03502_ATACCTTTCCCAGGCA-1,SA1035X7XB03502,D
.cache/SCRNA10X_SA_CHIP0162_002/filtered_feature_bc_matrix,ATAGAGATCACAAGGG-1,SA1035X7XB03502_ATAGAGATCACAAGGG-1,SA1035X7XB03502,E
.cache/SCRNA10X_SA_CHIP0162_002/filtered_feature_bc_matrix,ATATCCTGTGTCCATA-1,SA1035X7XB03502_ATATCCTGTGTCCATA-1,SA1035X7XB03502,E
.cache/SCRNA10X_SA_CHIP0162_002/filtered_feature_bc_matrix,ATATCCTTCTGTCTCG-1,SA1035X7XB03502_ATATCCTTCTGTCTCG-1,SA1035X7XB03502,E
.cache/SCRNA10X_SA_CHIP0162_002/filtered_feature_bc_matrix,ATCACAGTCGTTCGCT-1,SA1035X7XB03502_ATCACAGTCGTTCGCT-1,SA1035X7XB03502,B
.cache/SCRNA10X_SA_CHIP0162_002/filtered_feature_bc_matrix,ATCATTCGTATGCGGA-1,SA1035X7XB03502_ATCATTCGTATGCGGA-1,SA1035X7XB03502,D
.cache/SCRNA10X_SA_CHIP0162_002/filtered_feature_bc_matrix,ATCCATTGTCCAGCCA-1,SA1035X7XB03502_ATCCATTGTCCAGCCA-1,SA1035X7XB03502,E
.cache/SCRNA10X_SA_CHIP0162_002/filtered_feature_bc_matrix,ATCCCTGCATACCATG-1,SA1035X7XB03502_ATCCCTGCATACCATG-1,SA1035X7XB03502,E
.cache/SCRNA10X_SA_CHIP0162_002/filtered_feature_bc_matrix,ATCCCTGGTGGACCAA-1,SA1035X7XB03502_ATCCCTGGTGGACCAA-1,SA1035X7XB03502,E
.cache/SCRNA10X_SA_CHIP0162_002/filtered_feature_bc_matrix,ATCCCTGTCCTCGCAT-1,SA1035X7XB03502_ATCCCTGTCCTCGCAT-1,SA1035X7XB03502,E
.cache/SCRNA10X_SA_CHIP0162_002/filtered_feature_bc_matrix,ATCCTATTCGTTCCCA-1,SA1035X7XB03502_ATCCTATTCGTTCCCA-1,SA1035X7XB03502,E
.cache/SCRNA10X_SA_CHIP0162_002/filtered_feature_bc_matrix,ATCGATGCAATAGTCC-1,SA1035X7XB03502_ATCGATGCAATAGTCC-1,SA1035X7XB03502,D
.cache/SCRNA10X_SA_CHIP0162_002/filtered_feature_bc_matrix,ATCGCCTGTTGCATTG-1,SA1035X7XB03502_ATCGCCTGTTGCATTG-1,SA1035X7XB03502,E
.cache/SCRNA10X_SA_CHIP0162_002/filtered_feature_bc_matrix,ATCGGCGGTAGGACCA-1,SA1035X7XB03502_ATCGGCGGTAGGACCA-1,SA1035X7XB03502,D
.cache/SCRNA10X_SA_CHIP0162_002/filtered_feature_bc_matrix,ATCGTAGAGAACTGAT-1,SA1035X7XB03502_ATCGTAGAGAACTGAT-1,SA1035X7XB03502,B
.cache/SCRNA10X_SA_CHIP0162_002/filtered_feature_bc_matrix,ATCGTCCCACAGAGCA-1,SA1035X7XB03502_ATCGTCCCACAGAGCA-1,SA1035X7XB03502,E
.cache/SCRNA10X_SA_CHIP0162_002/filtered_feature_bc_matrix,ATGAAAGAGCGGTATG-1,SA1035X7XB03502_ATGAAAGAGCGGTATG-1,SA1035X7XB03502,C
.cache/SCRNA10X_SA_CHIP0162_002/filtered_feature_bc_matrix,ATGACCAAGAACCGCA-1,SA1035X7XB03502_ATGACCAAGAACCGCA-1,SA1035X7XB03502,E
.cache/SCRNA10X_SA_CHIP0162_002/filtered_feature_bc_matrix,ATGACCACAATGAGCG-1,SA1035X7XB03502_ATGACCACAATGAGCG-1,SA1035X7XB03502,B
.cache/SCRNA10X_SA_CHIP0162_002/filtered_feature_bc_matrix,ATGACCACAGGAAGTC-1,SA1035X7XB03502_ATGACCACAGGAAGTC-1,SA1035X7XB03502,unassigned
.cache/SCRNA10X_SA_CHIP0162_002/filtered_feature_bc_matrix,ATGCATGTCTGAACGT-1,SA1035X7XB03502_ATGCATGTCTGAACGT-1,SA1035X7XB03502,C
.cache/SCRNA10X_SA_CHIP0162_002/filtered_feature_bc_matrix,ATGCGATGTAGAGCTG-1,SA1035X7XB03502_ATGCGATGTAGAGCTG-1,SA1035X7XB03502,C
.cache/SCRNA10X_SA_CHIP0162_002/filtered_feature_bc_matrix,ATGGATCCAGGATCTT-1,SA1035X7XB03502_ATGGATCCAGGATCTT-1,SA1035X7XB03502,E
.cache/SCRNA10X_SA_CHIP0162_002/filtered_feature_bc_matrix,ATGTCCCAGCTAGATA-1,SA1035X7XB03502_ATGTCCCAGCTAGATA-1,SA1035X7XB03502,D
.cache/SCRNA10X_SA_CHIP0162_002/filtered_feature_bc_matrix,ATGTCCCGTGTCCAAT-1,SA1035X7XB03502_ATGTCCCGTGTCCAAT-1,SA1035X7XB03502,E
.cache/SCRNA10X_SA_CHIP0162_002/filtered_feature_bc_matrix,ATGTCTTGTACCGTGC-1,SA1035X7XB03502_ATGTCTTGTACCGTGC-1,SA1035X7XB03502,E
.cache/SCRNA10X_SA_CHIP0162_002/filtered_feature_bc_matrix,ATTACCTCAAGACGAC-1,SA1035X7XB03502_ATTACCTCAAGACGAC-1,SA1035X7XB03502,D
.cache/SCRNA10X_SA_CHIP0162_002/filtered_feature_bc_matrix,ATTACTCAGAAGGTAG-1,SA1035X7XB03502_ATTACTCAGAAGGTAG-1,SA1035X7XB03502,E
.cache/SCRNA10X_SA_CHIP0162_002/filtered_feature_bc_matrix,ATTATCCCACTCGATA-1,SA1035X7XB03502_ATTATCCCACTCGATA-1,SA1035X7XB03502,E
.cache/SCRNA10X_SA_CHIP0162_002/filtered_feature_bc_matrix,ATTATCCCATTGTGCA-1,SA1035X7XB03502_ATTATCCCATTGTGCA-1,SA1035X7XB03502,B
.cache/SCRNA10X_SA_CHIP0162_002/filtered_feature_bc_matrix,ATTCACTAGAAACCAT-1,SA1035X7XB03502_ATTCACTAGAAACCAT-1,SA1035X7XB03502,D
.cache/SCRNA10X_SA_CHIP0162_002/filtered_feature_bc_matrix,ATTCACTTCCATTTGT-1,SA1035X7XB03502_ATTCACTTCCATTTGT-1,SA1035X7XB03502,E
.cache/SCRNA10X_SA_CHIP0162_002/filtered_feature_bc_matrix,ATTCCTACAAGGTCGA-1,SA1035X7XB03502_ATTCCTACAAGGTCGA-1,SA1035X7XB03502,B
.cache/SCRNA10X_SA_CHIP0162_002/filtered_feature_bc_matrix,ATTCTACCACCCTCTA-1,SA1035X7XB03502_ATTCTACCACCCTCTA-1,SA1035X7XB03502,E
.cache/SCRNA10X_SA_CHIP0162_002/filtered_feature_bc_matrix,ATTCTACTCGAACTCA-1,SA1035X7XB03502_ATTCTACTCGAACTCA-1,SA1035X7XB03502,D
.cache/SCRNA10X_SA_CHIP0162_002/filtered_feature_bc_matrix,ATTGGGTTCCTGATAG-1,SA1035X7XB03502_ATTGGGTTCCTGATAG-1,SA1035X7XB03502,E
.cache/SCRNA10X_SA_CHIP0162_002/filtered_feature_bc_matrix,ATTTACCAGAAACCCG-1,SA1035X7XB03502_ATTTACCAGAAACCCG-1,SA1035X7XB03502,unassigned
.cache/SCRNA10X_SA_CHIP0162_002/filtered_feature_bc_matrix,ATTTCACAGTTCCAGT-1,SA1035X7XB03502_ATTTCACAGTTCCAGT-1,SA1035X7XB03502,E
.cache/SCRNA10X_SA_CHIP0162_002/filtered_feature_bc_matrix,ATTTCACGTGGGATTG-1,SA1035X7XB03502_ATTTCACGTGGGATTG-1,SA1035X7XB03502,D
.cache/SCRNA10X_SA_CHIP0162_002/filtered_feature_bc_matrix,ATTTCTGAGCGTGCTC-1,SA1035X7XB03502_ATTTCTGAGCGTGCTC-1,SA1035X7XB03502,B
.cache/SCRNA10X_SA_CHIP0162_002/filtered_feature_bc_matrix,CAAAGAAGTTGGCTAT-1,SA1035X7XB03502_CAAAGAAGTTGGCTAT-1,SA1035X7XB03502,B
.cache/SCRNA10X_SA_CHIP0162_002/filtered_feature_bc_matrix,CAACCAATCCCAAGCG-1,SA1035X7XB03502_CAACCAATCCCAAGCG-1,SA1035X7XB03502,E
.cache/SCRNA10X_SA_CHIP0162_002/filtered_feature_bc_matrix,CAACCTCTCCACATAG-1,SA1035X7XB03502_CAACCTCTCCACATAG-1,SA1035X7XB03502,D
.cache/SCRNA10X_SA_CHIP0162_002/filtered_feature_bc_matrix,CAACGGCGTCCGACGT-1,SA1035X7XB03502_CAACGGCGTCCGACGT-1,SA1035X7XB03502,D
.cache/SCRNA10X_SA_CHIP0162_002/filtered_feature_bc_matrix,CAAGCTAAGGCTGAAC-1,SA1035X7XB03502_CAAGCTAAGGCTGAAC-1,SA1035X7XB03502,D
.cache/SCRNA10X_SA_CHIP0162_002/filtered_feature_bc_matrix,CAAGGGATCACCTGGG-1,SA1035X7XB03502_CAAGGGATCACCTGGG-1,SA1035X7XB03502,D
.cache/SCRNA10X_SA_CHIP0162_002/filtered_feature_bc_matrix,CAATTTCAGAGGGTCT-1,SA1035X7XB03502_CAATTTCAGAGGGTCT-1,SA1035X7XB03502,E
.cache/SCRNA10X_SA_CHIP0162_002/filtered_feature_bc_matrix,CACAACATCTACACAG-1,SA1035X7XB03502_CACAACATCTACACAG-1,SA1035X7XB03502,E
.cache/SCRNA10X_SA_CHIP0162_002/filtered_feature_bc_matrix,CACACAAAGTACTGTC-1,SA1035X7XB03502_CACACAAAGTACTGTC-1,SA1035X7XB03502,D
.cache/SCRNA10X_SA_CHIP0162_002/filtered_feature_bc_matrix,CACAGATAGCAATTCC-1,SA1035X7XB03502_CACAGATAGCAATTCC-1,SA1035X7XB03502,D
.cache/SCRNA10X_SA_CHIP0162_002/filtered_feature_bc_matrix,CACAGATGTCTGTCCT-1,SA1035X7XB03502_CACAGATGTCTGTCCT-1,SA1035X7XB03502,D
.cache/SCRNA10X_SA_CHIP0162_002/filtered_feature_bc_matrix,CACAGGCTCGAATCCA-1,SA1035X7XB03502_CACAGGCTCGAATCCA-1,SA1035X7XB03502,E
.cache/SCRNA10X_SA_CHIP0162_002/filtered_feature_bc_matrix,CACCAAAAGATACCAA-1,SA1035X7XB03502_CACCAAAAGATACCAA-1,SA1035X7XB03502,E
.cache/SCRNA10X_SA_CHIP0162_002/filtered_feature_bc_matrix,CACCAAAAGCAACAAT-1,SA1035X7XB03502_CACCAAAAGCAACAAT-1,SA1035X7XB03502,B
.cache/SCRNA10X_SA_CHIP0162_002/filtered_feature_bc_matrix,CACCAAAGTATAGGGC-1,SA1035X7XB03502_CACCAAAGTATAGGGC-1,SA1035X7XB03502,E
.cache/SCRNA10X_SA_CHIP0162_002/filtered_feature_bc_matrix,CACGTTCCACGAAAGC-1,SA1035X7XB03502_CACGTTCCACGAAAGC-1,SA1035X7XB03502,B
.cache/SCRNA10X_SA_CHIP0162_002/filtered_feature_bc_matrix,CACTAAGCAAGTGGGT-1,SA1035X7XB03502_CACTAAGCAAGTGGGT-1,SA1035X7XB03502,D
.cache/SCRNA10X_SA_CHIP0162_002/filtered_feature_bc_matrix,CACTGTCAGTCTAGAA-1,SA1035X7XB03502_CACTGTCAGTCTAGAA-1,SA1035X7XB03502,B
.cache/SCRNA10X_SA_CHIP0162_002/filtered_feature_bc_matrix,CACTTCGCAAATAGCA-1,SA1035X7XB03502_CACTTCGCAAATAGCA-1,SA1035X7XB03502,E
.cache/SCRNA10X_SA_CHIP0162_002/filtered_feature_bc_matrix,CAGAGCCGTCCTACGG-1,SA1035X7XB03502_CAGAGCCGTCCTACGG-1,SA1035X7XB03502,E
.cache/SCRNA10X_SA_CHIP0162_002/filtered_feature_bc_matrix,CAGATCAAGAAACTAC-1,SA1035X7XB03502_CAGATCAAGAAACTAC-1,SA1035X7XB03502,B
.cache/SCRNA10X_SA_CHIP0162_002/filtered_feature_bc_matrix,CAGGGCTCAACGACTT-1,SA1035X7XB03502_CAGGGCTCAACGACTT-1,SA1035X7XB03502,E
.cache/SCRNA10X_SA_CHIP0162_002/filtered_feature_bc_matrix,CAGGGCTGTGTGAGCA-1,SA1035X7XB03502_CAGGGCTGTGTGAGCA-1,SA1035X7XB03502,B
.cache/SCRNA10X_SA_CHIP0162_002/filtered_feature_bc_matrix,CAGTGCGAGAGAGGGC-1,SA1035X7XB03502_CAGTGCGAGAGAGGGC-1,SA1035X7XB03502,B
.cache/SCRNA10X_SA_CHIP0162_002/filtered_feature_bc_matrix,CATACAGAGAGCGACT-1,SA1035X7XB03502_CATACAGAGAGCGACT-1,SA1035X7XB03502,D
.cache/SCRNA10X_SA_CHIP0162_002/filtered_feature_bc_matrix,CATACTTGTGAAAGTT-1,SA1035X7XB03502_CATACTTGTGAAAGTT-1,SA1035X7XB03502,D
.cache/SCRNA10X_SA_CHIP0162_002/filtered_feature_bc_matrix,CATAGACCAAAGTGTA-1,SA1035X7XB03502_CATAGACCAAAGTGTA-1,SA1035X7XB03502,E
.cache/SCRNA10X_SA_CHIP0162_002/filtered_feature_bc_matrix,CATCAAGGTCCACAGC-1,SA1035X7XB03502_CATCAAGGTCCACAGC-1,SA1035X7XB03502,E
.cache/SCRNA10X_SA_CHIP0162_002/filtered_feature_bc_matrix,CATCAAGTCTACTATC-1,SA1035X7XB03502_CATCAAGTCTACTATC-1,SA1035X7XB03502,B
.cache/SCRNA10X_SA_CHIP0162_002/filtered_feature_bc_matrix,CATCCGTAGTATTGCC-1,SA1035X7XB03502_CATCCGTAGTATTGCC-1,SA1035X7XB03502,B
.cache/SCRNA10X_SA_CHIP0162_002/filtered_feature_bc_matrix,CATCGGGAGTAAACAC-1,SA1035X7XB03502_CATCGGGAGTAAACAC-1,SA1035X7XB03502,E
.cache/SCRNA10X_SA_CHIP0162_002/filtered_feature_bc_matrix,CATCGTCTCGTACACA-1,SA1035X7XB03502_CATCGTCTCGTACACA-1,SA1035X7XB03502,E
.cache/SCRNA10X_SA_CHIP0162_002/filtered_feature_bc_matrix,CATGAGTAGAACGCGT-1,SA1035X7XB03502_CATGAGTAGAACGCGT-1,SA1035X7XB03502,C
.cache/SCRNA10X_SA_CHIP0162_002/filtered_feature_bc_matrix,CATGAGTTCTTAGCAG-1,SA1035X7XB03502_CATGAGTTCTTAGCAG-1,SA1035X7XB03502,D
.cache/SCRNA10X_SA_CHIP0162_002/filtered_feature_bc_matrix,CATGCAATCATCGACA-1,SA1035X7XB03502_CATGCAATCATCGACA-1,SA1035X7XB03502,B
.cache/SCRNA10X_SA_CHIP0162_002/filtered_feature_bc_matrix,CATGCAATCCGAGTGC-1,SA1035X7XB03502_CATGCAATCCGAGTGC-1,SA1035X7XB03502,C
.cache/SCRNA10X_SA_CHIP0162_002/filtered_feature_bc_matrix,CATGCTCTCGGCTGTG-1,SA1035X7XB03502_CATGCTCTCGGCTGTG-1,SA1035X7XB03502,E
.cache/SCRNA10X_SA_CHIP0162_002/filtered_feature_bc_matrix,CATGGATCACTGAGGA-1,SA1035X7XB03502_CATGGATCACTGAGGA-1,SA1035X7XB03502,B
.cache/SCRNA10X_SA_CHIP0162_002/filtered_feature_bc_matrix,CATGGATGTTCGTACA-1,SA1035X7XB03502_CATGGATGTTCGTACA-1,SA1035X7XB03502,E
.cache/SCRNA10X_SA_CHIP0162_002/filtered_feature_bc_matrix,CATTCTATCGTCCTTG-1,SA1035X7XB03502_CATTCTATCGTCCTTG-1,SA1035X7XB03502,E
.cache/SCRNA10X_SA_CHIP0162_002/filtered_feature_bc_matrix,CATTGAGAGGTCATCT-1,SA1035X7XB03502_CATTGAGAGGTCATCT-1,SA1035X7XB03502,E
.cache/SCRNA10X_SA_CHIP0162_002/filtered_feature_bc_matrix,CATTGAGGTCACAGTT-1,SA1035X7XB03502_CATTGAGGTCACAGTT-1,SA1035X7XB03502,B
.cache/SCRNA10X_SA_CHIP0162_002/filtered_feature_bc_matrix,CATTGTTAGTCTCCTC-1,SA1035X7XB03502_CATTGTTAGTCTCCTC-1,SA1035X7XB03502,E
.cache/SCRNA10X_SA_CHIP0162_002/filtered_feature_bc_matrix,CATTTCATCAAGCCGC-1,SA1035X7XB03502_CATTTCATCAAGCCGC-1,SA1035X7XB03502,E
.cache/SCRNA10X_SA_CHIP0162_002/filtered_feature_bc_matrix,CCAAGCGCAGGCACAA-1,SA1035X7XB03502_CCAAGCGCAGGCACAA-1,SA1035X7XB03502,E
.cache/SCRNA10X_SA_CHIP0162_002/filtered_feature_bc_matrix,CCAATGATCTAGCAAC-1,SA1035X7XB03502_CCAATGATCTAGCAAC-1,SA1035X7XB03502,C
.cache/SCRNA10X_SA_CHIP0162_002/filtered_feature_bc_matrix,CCACAAAGTGTAACGG-1,SA1035X7XB03502_CCACAAAGTGTAACGG-1,SA1035X7XB03502,D
.cache/SCRNA10X_SA_CHIP0162_002/filtered_feature_bc_matrix,CCACACTGTCTGATAC-1,SA1035X7XB03502_CCACACTGTCTGATAC-1,SA1035X7XB03502,E
.cache/SCRNA10X_SA_CHIP0162_002/filtered_feature_bc_matrix,CCACACTGTTAGAGTA-1,SA1035X7XB03502_CCACACTGTTAGAGTA-1,SA1035X7XB03502,E
.cache/SCRNA10X_SA_CHIP0162_002/filtered_feature_bc_matrix,CCACGTTCAAAGCGTG-1,SA1035X7XB03502_CCACGTTCAAAGCGTG-1,SA1035X7XB03502,B
.cache/SCRNA10X_SA_CHIP0162_002/filtered_feature_bc_matrix,CCACTTGCAACCGATT-1,SA1035X7XB03502_CCACTTGCAACCGATT-1,SA1035X7XB03502,E
.cache/SCRNA10X_SA_CHIP0162_002/filtered_feature_bc_matrix,CCATAAGCACGCTGCA-1,SA1035X7XB03502_CCATAAGCACGCTGCA-1,SA1035X7XB03502,E
.cache/SCRNA10X_SA_CHIP0162_002/filtered_feature_bc_matrix,CCATAAGCATATCGGT-1,SA1035X7XB03502_CCATAAGCATATCGGT-1,SA1035X7XB03502,E
.cache/SCRNA10X_SA_CHIP0162_002/filtered_feature_bc_matrix,CCATAAGTCCTTACCG-1,SA1035X7XB03502_CCATAAGTCCTTACCG-1,SA1035X7XB03502,E
.cache/SCRNA10X_SA_CHIP0162_002/filtered_feature_bc_matrix,CCATCACGTGAATGTA-1,SA1035X7XB03502_CCATCACGTGAATGTA-1,SA1035X7XB03502,E
.cache/SCRNA10X_SA_CHIP0162_002/filtered_feature_bc_matrix,CCCAACTGTACTCCGG-1,SA1035X7XB03502_CCCAACTGTACTCCGG-1,SA1035X7XB03502,E
.cache/SCRNA10X_SA_CHIP0162_002/filtered_feature_bc_matrix,CCCATTGGTCGATTAC-1,SA1035X7XB03502_CCCATTGGTCGATTAC-1,SA1035X7XB03502,D
.cache/SCRNA10X_SA_CHIP0162_002/filtered_feature_bc_matrix,CCCTCAATCGTACCTC-1,SA1035X7XB03502_CCCTCAATCGTACCTC-1,SA1035X7XB03502,D
.cache/SCRNA10X_SA_CHIP0162_002/filtered_feature_bc_matrix,CCCTCTCCACATCCCT-1,SA1035X7XB03502_CCCTCTCCACATCCCT-1,SA1035X7XB03502,B
.cache/SCRNA10X_SA_CHIP0162_002/filtered_feature_bc_matrix,CCCTGATCATTACTCT-1,SA1035X7XB03502_CCCTGATCATTACTCT-1,SA1035X7XB03502,E
.cache/SCRNA10X_SA_CHIP0162_002/filtered_feature_bc_matrix,CCGATGGAGGCCTTCG-1,SA1035X7XB03502_CCGATGGAGGCCTTCG-1,SA1035X7XB03502,E
.cache/SCRNA10X_SA_CHIP0162_002/filtered_feature_bc_matrix,CCGATGGTCTGAGATC-1,SA1035X7XB03502_CCGATGGTCTGAGATC-1,SA1035X7XB03502,E
.cache/SCRNA10X_SA_CHIP0162_002/filtered_feature_bc_matrix,CCGGTAGGTAGAATAC-1,SA1035X7XB03502_CCGGTAGGTAGAATAC-1,SA1035X7XB03502,E
.cache/SCRNA10X_SA_CHIP0162_002/filtered_feature_bc_matrix,CCGTTCACAGAGGGTT-1,SA1035X7XB03502_CCGTTCACAGAGGGTT-1,SA1035X7XB03502,B
.cache/SCRNA10X_SA_CHIP0162_002/filtered_feature_bc_matrix,CCTAAGAAGGTTACAA-1,SA1035X7XB03502_CCTAAGAAGGTTACAA-1,SA1035X7XB03502,B
.cache/SCRNA10X_SA_CHIP0162_002/filtered_feature_bc_matrix,CCTAAGACAACCCTAA-1,SA1035X7XB03502_CCTAAGACAACCCTAA-1,SA1035X7XB03502,B
.cache/SCRNA10X_SA_CHIP0162_002/filtered_feature_bc_matrix,CCTAAGATCTTCTCAA-1,SA1035X7XB03502_CCTAAGATCTTCTCAA-1,SA1035X7XB03502,B
.cache/SCRNA10X_SA_CHIP0162_002/filtered_feature_bc_matrix,CCTCCTCAGCACCTGC-1,SA1035X7XB03502_CCTCCTCAGCACCTGC-1,SA1035X7XB03502,E
.cache/SCRNA10X_SA_CHIP0162_002/filtered_feature_bc_matrix,CCTCTAGCAGACCCGT-1,SA1035X7XB03502_CCTCTAGCAGACCCGT-1,SA1035X7XB03502,E
.cache/SCRNA10X_SA_CHIP0162_002/filtered_feature_bc_matrix,CCTCTAGTCATCGTAG-1,SA1035X7XB03502_CCTCTAGTCATCGTAG-1,SA1035X7XB03502,B
.cache/SCRNA10X_SA_CHIP0162_002/filtered_feature_bc_matrix,CCTGTTGCATGTGGCC-1,SA1035X7XB03502_CCTGTTGCATGTGGCC-1,SA1035X7XB03502,C
.cache/SCRNA10X_SA_CHIP0162_002/filtered_feature_bc_matrix,CGAAGGACATCATCCC-1,SA1035X7XB03502_CGAAGGACATCATCCC-1,SA1035X7XB03502,C
.cache/SCRNA10X_SA_CHIP0162_002/filtered_feature_bc_matrix,CGAAGGATCCTCTTTC-1,SA1035X7XB03502_CGAAGGATCCTCTTTC-1,SA1035X7XB03502,D
.cache/SCRNA10X_SA_CHIP0162_002/filtered_feature_bc_matrix,CGACAGCGTCTGGTTA-1,SA1035X7XB03502_CGACAGCGTCTGGTTA-1,SA1035X7XB03502,C
.cache/SCRNA10X_SA_CHIP0162_002/filtered_feature_bc_matrix,CGAGAAGCAGCGTATT-1,SA1035X7XB03502_CGAGAAGCAGCGTATT-1,SA1035X7XB03502,D
.cache/SCRNA10X_SA_CHIP0162_002/filtered_feature_bc_matrix,CGAGGAACAACACGTT-1,SA1035X7XB03502_CGAGGAACAACACGTT-1,SA1035X7XB03502,E
.cache/SCRNA10X_SA_CHIP0162_002/filtered_feature_bc_matrix,CGCAGGTAGCGAGTAC-1,SA1035X7XB03502_CGCAGGTAGCGAGTAC-1,SA1035X7XB03502,D
.cache/SCRNA10X_SA_CHIP0162_002/filtered_feature_bc_matrix,CGCAGGTCACCCATAA-1,SA1035X7XB03502_CGCAGGTCACCCATAA-1,SA1035X7XB03502,B
.cache/SCRNA10X_SA_CHIP0162_002/filtered_feature_bc_matrix,CGCCAGACAAACACGG-1,SA1035X7XB03502_CGCCAGACAAACACGG-1,SA1035X7XB03502,C
.cache/SCRNA10X_SA_CHIP0162_002/filtered_feature_bc_matrix,CGCGTGAGTAGCGAGT-1,SA1035X7XB03502_CGCGTGAGTAGCGAGT-1,SA1035X7XB03502,B
.cache/SCRNA10X_SA_CHIP0162_002/filtered_feature_bc_matrix,CGCGTGAGTTAAGACA-1,SA1035X7XB03502_CGCGTGAGTTAAGACA-1,SA1035X7XB03502,D
.cache/SCRNA10X_SA_CHIP0162_002/filtered_feature_bc_matrix,CGGAACCTCGGATTAC-1,SA1035X7XB03502_CGGAACCTCGGATTAC-1,SA1035X7XB03502,B
.cache/SCRNA10X_SA_CHIP0162_002/filtered_feature_bc_matrix,CGGACACGTGTGTCCG-1,SA1035X7XB03502_CGGACACGTGTGTCCG-1,SA1035X7XB03502,C
.cache/SCRNA10X_SA_CHIP0162_002/filtered_feature_bc_matrix,CGGGCATAGTTAGTAG-1,SA1035X7XB03502_CGGGCATAGTTAGTAG-1,SA1035X7XB03502,D
.cache/SCRNA10X_SA_CHIP0162_002/filtered_feature_bc_matrix,CGGGCATCAACTGTGT-1,SA1035X7XB03502_CGGGCATCAACTGTGT-1,SA1035X7XB03502,D
.cache/SCRNA10X_SA_CHIP0162_002/filtered_feature_bc_matrix,CGGGTCAGTACCTTCC-1,SA1035X7XB03502_CGGGTCAGTACCTTCC-1,SA1035X7XB03502,E
.cache/SCRNA10X_SA_CHIP0162_002/filtered_feature_bc_matrix,CGGGTGTAGTTGGAGC-1,SA1035X7XB03502_CGGGTGTAGTTGGAGC-1,SA1035X7XB03502,B
.cache/SCRNA10X_SA_CHIP0162_002/filtered_feature_bc_matrix,CGGTCAGTCCATACAG-1,SA1035X7XB03502_CGGTCAGTCCATACAG-1,SA1035X7XB03502,E
.cache/SCRNA10X_SA_CHIP0162_002/filtered_feature_bc_matrix,CGTAATGGTATAGCTC-1,SA1035X7XB03502_CGTAATGGTATAGCTC-1,SA1035X7XB03502,E
.cache/SCRNA10X_SA_CHIP0162_002/filtered_feature_bc_matrix,CGTGAATGTATCGCAT-1,SA1035X7XB03502_CGTGAATGTATCGCAT-1,SA1035X7XB03502,B
.cache/SCRNA10X_SA_CHIP0162_002/filtered_feature_bc_matrix,CGTGAATTCTTAGCTT-1,SA1035X7XB03502_CGTGAATTCTTAGCTT-1,SA1035X7XB03502,E
.cache/SCRNA10X_SA_CHIP0162_002/filtered_feature_bc_matrix,CGTGATAAGATAGCAT-1,SA1035X7XB03502_CGTGATAAGATAGCAT-1,SA1035X7XB03502,E
.cache/SCRNA10X_SA_CHIP0162_002/filtered_feature_bc_matrix,CGTTCTGAGATGGGCT-1,SA1035X7XB03502_CGTTCTGAGATGGGCT-1,SA1035X7XB03502,E
.cache/SCRNA10X_SA_CHIP0162_002/filtered_feature_bc_matrix,CTAACCCAGATGAAGG-1,SA1035X7XB03502_CTAACCCAGATGAAGG-1,SA1035X7XB03502,C
.cache/SCRNA10X_SA_CHIP0162_002/filtered_feature_bc_matrix,CTAACTTGTTCTCCTG-1,SA1035X7XB03502_CTAACTTGTTCTCCTG-1,SA1035X7XB03502,C
.cache/SCRNA10X_SA_CHIP0162_002/filtered_feature_bc_matrix,CTACAGACACTACCCT-1,SA1035X7XB03502_CTACAGACACTACCCT-1,SA1035X7XB03502,B
.cache/SCRNA10X_SA_CHIP0162_002/filtered_feature_bc_matrix,CTACAGAGTGGCTCTG-1,SA1035X7XB03502_CTACAGAGTGGCTCTG-1,SA1035X7XB03502,D
.cache/SCRNA10X_SA_CHIP0162_002/filtered_feature_bc_matrix,CTACCCACACTTGAAC-1,SA1035X7XB03502_CTACCCACACTTGAAC-1,SA1035X7XB03502,E
.cache/SCRNA10X_SA_CHIP0162_002/filtered_feature_bc_matrix,CTACCCAGTTGCAAGG-1,SA1035X7XB03502_CTACCCAGTTGCAAGG-1,SA1035X7XB03502,E
.cache/SCRNA10X_SA_CHIP0162_002/filtered_feature_bc_matrix,CTACCCATCGTCTACC-1,SA1035X7XB03502_CTACCCATCGTCTACC-1,SA1035X7XB03502,E
.cache/SCRNA10X_SA_CHIP0162_002/filtered_feature_bc_matrix,CTACCTGTCATGGTAC-1,SA1035X7XB03502_CTACCTGTCATGGTAC-1,SA1035X7XB03502,B
.cache/SCRNA10X_SA_CHIP0162_002/filtered_feature_bc_matrix,CTACCTGTCGTCTCAC-1,SA1035X7XB03502_CTACCTGTCGTCTCAC-1,SA1035X7XB03502,E
.cache/SCRNA10X_SA_CHIP0162_002/filtered_feature_bc_matrix,CTAGACACAACACAAA-1,SA1035X7XB03502_CTAGACACAACACAAA-1,SA1035X7XB03502,D
.cache/SCRNA10X_SA_CHIP0162_002/filtered_feature_bc_matrix,CTATAGGGTCACTGAT-1,SA1035X7XB03502_CTATAGGGTCACTGAT-1,SA1035X7XB03502,E
.cache/SCRNA10X_SA_CHIP0162_002/filtered_feature_bc_matrix,CTATAGGGTTCGAACT-1,SA1035X7XB03502_CTATAGGGTTCGAACT-1,SA1035X7XB03502,D
.cache/SCRNA10X_SA_CHIP0162_002/filtered_feature_bc_matrix,CTATAGGTCGCGAAGA-1,SA1035X7XB03502_CTATAGGTCGCGAAGA-1,SA1035X7XB03502,E
.cache/SCRNA10X_SA_CHIP0162_002/filtered_feature_bc_matrix,CTCAACCCAAGTTTGC-1,SA1035X7XB03502_CTCAACCCAAGTTTGC-1,SA1035X7XB03502,E
.cache/SCRNA10X_SA_CHIP0162_002/filtered_feature_bc_matrix,CTCAATTAGTCATAGA-1,SA1035X7XB03502_CTCAATTAGTCATAGA-1,SA1035X7XB03502,E
.cache/SCRNA10X_SA_CHIP0162_002/filtered_feature_bc_matrix,CTCAATTGTGAATTAG-1,SA1035X7XB03502_CTCAATTGTGAATTAG-1,SA1035X7XB03502,B
.cache/SCRNA10X_SA_CHIP0162_002/filtered_feature_bc_matrix,CTCACTGTCTGTTGGA-1,SA1035X7XB03502_CTCACTGTCTGTTGGA-1,SA1035X7XB03502,E
.cache/SCRNA10X_SA_CHIP0162_002/filtered_feature_bc_matrix,CTCAGGGCAAACAGGC-1,SA1035X7XB03502_CTCAGGGCAAACAGGC-1,SA1035X7XB03502,C
.cache/SCRNA10X_SA_CHIP0162_002/filtered_feature_bc_matrix,CTCAGGGCAAGCCCAC-1,SA1035X7XB03502_CTCAGGGCAAGCCCAC-1,SA1035X7XB03502,E
.cache/SCRNA10X_SA_CHIP0162_002/filtered_feature_bc_matrix,CTCAGGGTCGATTCCC-1,SA1035X7XB03502_CTCAGGGTCGATTCCC-1,SA1035X7XB03502,D
.cache/SCRNA10X_SA_CHIP0162_002/filtered_feature_bc_matrix,CTCATCGGTGTTAACC-1,SA1035X7XB03502_CTCATCGGTGTTAACC-1,SA1035X7XB03502,D
.cache/SCRNA10X_SA_CHIP0162_002/filtered_feature_bc_matrix,CTCATTAAGAAGTCTA-1,SA1035X7XB03502_CTCATTAAGAAGTCTA-1,SA1035X7XB03502,E
.cache/SCRNA10X_SA_CHIP0162_002/filtered_feature_bc_matrix,CTCCATGCAATGCTCA-1,SA1035X7XB03502_CTCCATGCAATGCTCA-1,SA1035X7XB03502,E
.cache/SCRNA10X_SA_CHIP0162_002/filtered_feature_bc_matrix,CTCGAGGTCTAGTGTG-1,SA1035X7XB03502_CTCGAGGTCTAGTGTG-1,SA1035X7XB03502,B
.cache/SCRNA10X_SA_CHIP0162_002/filtered_feature_bc_matrix,CTCTCAGCAGGTTCCG-1,SA1035X7XB03502_CTCTCAGCAGGTTCCG-1,SA1035X7XB03502,B
.cache/SCRNA10X_SA_CHIP0162_002/filtered_feature_bc_matrix,CTCTCAGGTTGTACGT-1,SA1035X7XB03502_CTCTCAGGTTGTACGT-1,SA1035X7XB03502,E
.cache/SCRNA10X_SA_CHIP0162_002/filtered_feature_bc_matrix,CTGAATGCACTACTTT-1,SA1035X7XB03502_CTGAATGCACTACTTT-1,SA1035X7XB03502,C
.cache/SCRNA10X_SA_CHIP0162_002/filtered_feature_bc_matrix,CTGAGCGTCTAGATCG-1,SA1035X7XB03502_CTGAGCGTCTAGATCG-1,SA1035X7XB03502,C
.cache/SCRNA10X_SA_CHIP0162_002/filtered_feature_bc_matrix,CTGAGGCGTTACCCAA-1,SA1035X7XB03502_CTGAGGCGTTACCCAA-1,SA1035X7XB03502,E
.cache/SCRNA10X_SA_CHIP0162_002/filtered_feature_bc_matrix,CTGCCATGTGACTATC-1,SA1035X7XB03502_CTGCCATGTGACTATC-1,SA1035X7XB03502,C
.cache/SCRNA10X_SA_CHIP0162_002/filtered_feature_bc_matrix,CTGCCTAAGCAGCAGT-1,SA1035X7XB03502_CTGCCTAAGCAGCAGT-1,SA1035X7XB03502,E
.cache/SCRNA10X_SA_CHIP0162_002/filtered_feature_bc_matrix,CTGCGAGAGATTGAGT-1,SA1035X7XB03502_CTGCGAGAGATTGAGT-1,SA1035X7XB03502,D
.cache/SCRNA10X_SA_CHIP0162_002/filtered_feature_bc_matrix,CTGTACCAGGCTAGCA-1,SA1035X7XB03502_CTGTACCAGGCTAGCA-1,SA1035X7XB03502,D
.cache/SCRNA10X_SA_CHIP0162_002/filtered_feature_bc_matrix,CTGTACCGTCGAGCAA-1,SA1035X7XB03502_CTGTACCGTCGAGCAA-1,SA1035X7XB03502,E
.cache/SCRNA10X_SA_CHIP0162_002/filtered_feature_bc_matrix,CTGTAGAGTGAACTAA-1,SA1035X7XB03502_CTGTAGAGTGAACTAA-1,SA1035X7XB03502,E
.cache/SCRNA10X_SA_CHIP0162_002/filtered_feature_bc_matrix,CTGTCGTTCGTCAACA-1,SA1035X7XB03502_CTGTCGTTCGTCAACA-1,SA1035X7XB03502,E
.cache/SCRNA10X_SA_CHIP0162_002/filtered_feature_bc_matrix,CTGTCGTTCTGTCCCA-1,SA1035X7XB03502_CTGTCGTTCTGTCCCA-1,SA1035X7XB03502,E
.cache/SCRNA10X_SA_CHIP0162_002/filtered_feature_bc_matrix,CTGTGAACAGATGCGA-1,SA1035X7XB03502_CTGTGAACAGATGCGA-1,SA1035X7XB03502,D
.cache/SCRNA10X_SA_CHIP0162_002/filtered_feature_bc_matrix,CTGTGAATCTCCGTGT-1,SA1035X7XB03502_CTGTGAATCTCCGTGT-1,SA1035X7XB03502,E
.cache/SCRNA10X_SA_CHIP0162_002/filtered_feature_bc_matrix,CTTAGGACATCTGGGC-1,SA1035X7XB03502_CTTAGGACATCTGGGC-1,SA1035X7XB03502,D
.cache/SCRNA10X_SA_CHIP0162_002/filtered_feature_bc_matrix,CTTAGGATCATTTCCA-1,SA1035X7XB03502_CTTAGGATCATTTCCA-1,SA1035X7XB03502,D
.cache/SCRNA10X_SA_CHIP0162_002/filtered_feature_bc_matrix,CTTCCGATCCTTCTAA-1,SA1035X7XB03502_CTTCCGATCCTTCTAA-1,SA1035X7XB03502,D
.cache/SCRNA10X_SA_CHIP0162_002/filtered_feature_bc_matrix,CTTCCTTGTCGAGCTC-1,SA1035X7XB03502_CTTCCTTGTCGAGCTC-1,SA1035X7XB03502,B
.cache/SCRNA10X_SA_CHIP0162_002/filtered_feature_bc_matrix,GAAACCTGTGGCGTAA-1,SA1035X7XB03502_GAAACCTGTGGCGTAA-1,SA1035X7XB03502,E
.cache/SCRNA10X_SA_CHIP0162_002/filtered_feature_bc_matrix,GAAACCTGTGTTCCAA-1,SA1035X7XB03502_GAAACCTGTGTTCCAA-1,SA1035X7XB03502,E
.cache/SCRNA10X_SA_CHIP0162_002/filtered_feature_bc_matrix,GAACGTTAGCCGGATA-1,SA1035X7XB03502_GAACGTTAGCCGGATA-1,SA1035X7XB03502,E
.cache/SCRNA10X_SA_CHIP0162_002/filtered_feature_bc_matrix,GAAGAATAGCTATCTG-1,SA1035X7XB03502_GAAGAATAGCTATCTG-1,SA1035X7XB03502,E
.cache/SCRNA10X_SA_CHIP0162_002/filtered_feature_bc_matrix,GAAGCCCGTTACGGAG-1,SA1035X7XB03502_GAAGCCCGTTACGGAG-1,SA1035X7XB03502,E
.cache/SCRNA10X_SA_CHIP0162_002/filtered_feature_bc_matrix,GAAGCCCTCAAAGGTA-1,SA1035X7XB03502_GAAGCCCTCAAAGGTA-1,SA1035X7XB03502,C
.cache/SCRNA10X_SA_CHIP0162_002/filtered_feature_bc_matrix,GAAGGACCAACGGCCT-1,SA1035X7XB03502_GAAGGACCAACGGCCT-1,SA1035X7XB03502,B
.cache/SCRNA10X_SA_CHIP0162_002/filtered_feature_bc_matrix,GAAGGGTCACAGTCCG-1,SA1035X7XB03502_GAAGGGTCACAGTCCG-1,SA1035X7XB03502,E
.cache/SCRNA10X_SA_CHIP0162_002/filtered_feature_bc_matrix,GAAGTAAAGCAATTCC-1,SA1035X7XB03502_GAAGTAAAGCAATTCC-1,SA1035X7XB03502,C
.cache/SCRNA10X_SA_CHIP0162_002/filtered_feature_bc_matrix,GAATAGAAGCAAGCCA-1,SA1035X7XB03502_GAATAGAAGCAAGCCA-1,SA1035X7XB03502,E
.cache/SCRNA10X_SA_CHIP0162_002/filtered_feature_bc_matrix,GAATAGATCTGCGGGT-1,SA1035X7XB03502_GAATAGATCTGCGGGT-1,SA1035X7XB03502,E
.cache/SCRNA10X_SA_CHIP0162_002/filtered_feature_bc_matrix,GACATCAAGCATCCTA-1,SA1035X7XB03502_GACATCAAGCATCCTA-1,SA1035X7XB03502,D
.cache/SCRNA10X_SA_CHIP0162_002/filtered_feature_bc_matrix,GACCCAGCAATGAACA-1,SA1035X7XB03502_GACCCAGCAATGAACA-1,SA1035X7XB03502,D
.cache/SCRNA10X_SA_CHIP0162_002/filtered_feature_bc_matrix,GACCCTTAGGTCCGAA-1,SA1035X7XB03502_GACCCTTAGGTCCGAA-1,SA1035X7XB03502,E
.cache/SCRNA10X_SA_CHIP0162_002/filtered_feature_bc_matrix,GACGCTGAGTGCTCAT-1,SA1035X7XB03502_GACGCTGAGTGCTCAT-1,SA1035X7XB03502,E
.cache/SCRNA10X_SA_CHIP0162_002/filtered_feature_bc_matrix,GACTTCCGTGGCTAGA-1,SA1035X7XB03502_GACTTCCGTGGCTAGA-1,SA1035X7XB03502,C
.cache/SCRNA10X_SA_CHIP0162_002/filtered_feature_bc_matrix,GAGAAATTCCTCTAAT-1,SA1035X7XB03502_GAGAAATTCCTCTAAT-1,SA1035X7XB03502,E
.cache/SCRNA10X_SA_CHIP0162_002/filtered_feature_bc_matrix,GAGACCCGTTCTTGTT-1,SA1035X7XB03502_GAGACCCGTTCTTGTT-1,SA1035X7XB03502,E
.cache/SCRNA10X_SA_CHIP0162_002/filtered_feature_bc_matrix,GAGCTGCCACCGTGAC-1,SA1035X7XB03502_GAGCTGCCACCGTGAC-1,SA1035X7XB03502,E
.cache/SCRNA10X_SA_CHIP0162_002/filtered_feature_bc_matrix,GAGGCAAAGCTGAAGC-1,SA1035X7XB03502_GAGGCAAAGCTGAAGC-1,SA1035X7XB03502,E
.cache/SCRNA10X_SA_CHIP0162_002/filtered_feature_bc_matrix,GAGGGATTCTCGGCTT-1,SA1035X7XB03502_GAGGGATTCTCGGCTT-1,SA1035X7XB03502,D
.cache/SCRNA10X_SA_CHIP0162_002/filtered_feature_bc_matrix,GAGGGTAAGGAGCTGT-1,SA1035X7XB03502_GAGGGTAAGGAGCTGT-1,SA1035X7XB03502,D
.cache/SCRNA10X_SA_CHIP0162_002/filtered_feature_bc_matrix,GAGTCTACACCGTACG-1,SA1035X7XB03502_GAGTCTACACCGTACG-1,SA1035X7XB03502,E
.cache/SCRNA10X_SA_CHIP0162_002/filtered_feature_bc_matrix,GAGTGAGGTACTAGCT-1,SA1035X7XB03502_GAGTGAGGTACTAGCT-1,SA1035X7XB03502,E
.cache/SCRNA10X_SA_CHIP0162_002/filtered_feature_bc_matrix,GAGTGAGTCCGTGTCT-1,SA1035X7XB03502_GAGTGAGTCCGTGTCT-1,SA1035X7XB03502,E
.cache/SCRNA10X_SA_CHIP0162_002/filtered_feature_bc_matrix,GAGTGTTTCAAATGCC-1,SA1035X7XB03502_GAGTGTTTCAAATGCC-1,SA1035X7XB03502,E
.cache/SCRNA10X_SA_CHIP0162_002/filtered_feature_bc_matrix,GATCACACACGTGAGA-1,SA1035X7XB03502_GATCACACACGTGAGA-1,SA1035X7XB03502,E
.cache/SCRNA10X_SA_CHIP0162_002/filtered_feature_bc_matrix,GATCATGCAACGGTAG-1,SA1035X7XB03502_GATCATGCAACGGTAG-1,SA1035X7XB03502,E
.cache/SCRNA10X_SA_CHIP0162_002/filtered_feature_bc_matrix,GATGACTTCCGAGTGC-1,SA1035X7XB03502_GATGACTTCCGAGTGC-1,SA1035X7XB03502,E
.cache/SCRNA10X_SA_CHIP0162_002/filtered_feature_bc_matrix,GATGTTGTCCAAGGGA-1,SA1035X7XB03502_GATGTTGTCCAAGGGA-1,SA1035X7XB03502,E
.cache/SCRNA10X_SA_CHIP0162_002/filtered_feature_bc_matrix,GATTGGTCACTACACA-1,SA1035X7XB03502_GATTGGTCACTACACA-1,SA1035X7XB03502,B
.cache/SCRNA10X_SA_CHIP0162_002/filtered_feature_bc_matrix,GCAACCGAGACAGCTG-1,SA1035X7XB03502_GCAACCGAGACAGCTG-1,SA1035X7XB03502,B
.cache/SCRNA10X_SA_CHIP0162_002/filtered_feature_bc_matrix,GCACGGTTCTCCTGAC-1,SA1035X7XB03502_GCACGGTTCTCCTGAC-1,SA1035X7XB03502,D
.cache/SCRNA10X_SA_CHIP0162_002/filtered_feature_bc_matrix,GCAGCTGTCGTGGTAT-1,SA1035X7XB03502_GCAGCTGTCGTGGTAT-1,SA1035X7XB03502,E
.cache/SCRNA10X_SA_CHIP0162_002/filtered_feature_bc_matrix,GCATCGGAGGTCATAA-1,SA1035X7XB03502_GCATCGGAGGTCATAA-1,SA1035X7XB03502,D
.cache/SCRNA10X_SA_CHIP0162_002/filtered_feature_bc_matrix,GCATCGGCACTTGTCC-1,SA1035X7XB03502_GCATCGGCACTTGTCC-1,SA1035X7XB03502,E
.cache/SCRNA10X_SA_CHIP0162_002/filtered_feature_bc_matrix,GCATCGGGTGATACCT-1,SA1035X7XB03502_GCATCGGGTGATACCT-1,SA1035X7XB03502,E
.cache/SCRNA10X_SA_CHIP0162_002/filtered_feature_bc_matrix,GCATCTCAGTCACAGG-1,SA1035X7XB03502_GCATCTCAGTCACAGG-1,SA1035X7XB03502,B
.cache/SCRNA10X_SA_CHIP0162_002/filtered_feature_bc_matrix,GCATTAGAGCTGAAAT-1,SA1035X7XB03502_GCATTAGAGCTGAAAT-1,SA1035X7XB03502,D
.cache/SCRNA10X_SA_CHIP0162_002/filtered_feature_bc_matrix,GCATTAGAGGGTACGT-1,SA1035X7XB03502_GCATTAGAGGGTACGT-1,SA1035X7XB03502,E
.cache/SCRNA10X_SA_CHIP0162_002/filtered_feature_bc_matrix,GCATTAGAGTATGAGT-1,SA1035X7XB03502_GCATTAGAGTATGAGT-1,SA1035X7XB03502,D
.cache/SCRNA10X_SA_CHIP0162_002/filtered_feature_bc_matrix,GCCAACGTCGCCATAA-1,SA1035X7XB03502_GCCAACGTCGCCATAA-1,SA1035X7XB03502,D
.cache/SCRNA10X_SA_CHIP0162_002/filtered_feature_bc_matrix,GCCAGCATCATGGCCG-1,SA1035X7XB03502_GCCAGCATCATGGCCG-1,SA1035X7XB03502,D
.cache/SCRNA10X_SA_CHIP0162_002/filtered_feature_bc_matrix,GCCAGCATCTACTTCA-1,SA1035X7XB03502_GCCAGCATCTACTTCA-1,SA1035X7XB03502,C
.cache/SCRNA10X_SA_CHIP0162_002/filtered_feature_bc_matrix,GCCGTGATCGCGCTGA-1,SA1035X7XB03502_GCCGTGATCGCGCTGA-1,SA1035X7XB03502,E
.cache/SCRNA10X_SA_CHIP0162_002/filtered_feature_bc_matrix,GCCTGTTAGCGTGAGT-1,SA1035X7XB03502_GCCTGTTAGCGTGAGT-1,SA1035X7XB03502,E
.cache/SCRNA10X_SA_CHIP0162_002/filtered_feature_bc_matrix,GCCTGTTTCCTGGGAC-1,SA1035X7XB03502_GCCTGTTTCCTGGGAC-1,SA1035X7XB03502,E
.cache/SCRNA10X_SA_CHIP0162_002/filtered_feature_bc_matrix,GCGAGAACAGCTGTCG-1,SA1035X7XB03502_GCGAGAACAGCTGTCG-1,SA1035X7XB03502,B
.cache/SCRNA10X_SA_CHIP0162_002/filtered_feature_bc_matrix,GCGAGAACATACTGTG-1,SA1035X7XB03502_GCGAGAACATACTGTG-1,SA1035X7XB03502,E
.cache/SCRNA10X_SA_CHIP0162_002/filtered_feature_bc_matrix,GCGGAAACATCATCTT-1,SA1035X7XB03502_GCGGAAACATCATCTT-1,SA1035X7XB03502,E
.cache/SCRNA10X_SA_CHIP0162_002/filtered_feature_bc_matrix,GCGGAAAGTTGGCTAT-1,SA1035X7XB03502_GCGGAAAGTTGGCTAT-1,SA1035X7XB03502,D
.cache/SCRNA10X_SA_CHIP0162_002/filtered_feature_bc_matrix,GCGGAAATCAGCTAGT-1,SA1035X7XB03502_GCGGAAATCAGCTAGT-1,SA1035X7XB03502,E
.cache/SCRNA10X_SA_CHIP0162_002/filtered_feature_bc_matrix,GCGTGCACAGACAATA-1,SA1035X7XB03502_GCGTGCACAGACAATA-1,SA1035X7XB03502,B
.cache/SCRNA10X_SA_CHIP0162_002/filtered_feature_bc_matrix,GCGTTTCCAATCAGCT-1,SA1035X7XB03502_GCGTTTCCAATCAGCT-1,SA1035X7XB03502,E
.cache/SCRNA10X_SA_CHIP0162_002/filtered_feature_bc_matrix,GCTACCTCACCTTCGT-1,SA1035X7XB03502_GCTACCTCACCTTCGT-1,SA1035X7XB03502,D
.cache/SCRNA10X_SA_CHIP0162_002/filtered_feature_bc_matrix,GCTGGGTAGACTTCCA-1,SA1035X7XB03502_GCTGGGTAGACTTCCA-1,SA1035X7XB03502,D
.cache/SCRNA10X_SA_CHIP0162_002/filtered_feature_bc_matrix,GCTTGGGCACGAAGAC-1,SA1035X7XB03502_GCTTGGGCACGAAGAC-1,SA1035X7XB03502,E
.cache/SCRNA10X_SA_CHIP0162_002/filtered_feature_bc_matrix,GCTTGGGTCATCACCC-1,SA1035X7XB03502_GCTTGGGTCATCACCC-1,SA1035X7XB03502,E
.cache/SCRNA10X_SA_CHIP0162_002/filtered_feature_bc_matrix,GGAATCTTCAGGTGTT-1,SA1035X7XB03502_GGAATCTTCAGGTGTT-1,SA1035X7XB03502,C
.cache/SCRNA10X_SA_CHIP0162_002/filtered_feature_bc_matrix,GGACGTCTCTACCCAC-1,SA1035X7XB03502_GGACGTCTCTACCCAC-1,SA1035X7XB03502,C
.cache/SCRNA10X_SA_CHIP0162_002/filtered_feature_bc_matrix,GGAGAACGTCGATTTG-1,SA1035X7XB03502_GGAGAACGTCGATTTG-1,SA1035X7XB03502,E
.cache/SCRNA10X_SA_CHIP0162_002/filtered_feature_bc_matrix,GGAGAACGTTATCTTC-1,SA1035X7XB03502_GGAGAACGTTATCTTC-1,SA1035X7XB03502,E
.cache/SCRNA10X_SA_CHIP0162_002/filtered_feature_bc_matrix,GGAGCAACAGAACTCT-1,SA1035X7XB03502_GGAGCAACAGAACTCT-1,SA1035X7XB03502,E
.cache/SCRNA10X_SA_CHIP0162_002/filtered_feature_bc_matrix,GGAGGATTCGATGCTA-1,SA1035X7XB03502_GGAGGATTCGATGCTA-1,SA1035X7XB03502,E
.cache/SCRNA10X_SA_CHIP0162_002/filtered_feature_bc_matrix,GGCACGTCAAGGTCTT-1,SA1035X7XB03502_GGCACGTCAAGGTCTT-1,SA1035X7XB03502,E
.cache/SCRNA10X_SA_CHIP0162_002/filtered_feature_bc_matrix,GGCACGTTCAGACCGC-1,SA1035X7XB03502_GGCACGTTCAGACCGC-1,SA1035X7XB03502,C
.cache/SCRNA10X_SA_CHIP0162_002/filtered_feature_bc_matrix,GGCTTGGCATTCAGGT-1,SA1035X7XB03502_GGCTTGGCATTCAGGT-1,SA1035X7XB03502,B
.cache/SCRNA10X_SA_CHIP0162_002/filtered_feature_bc_matrix,GGCTTTCCACCGTACG-1,SA1035X7XB03502_GGCTTTCCACCGTACG-1,SA1035X7XB03502,E
.cache/SCRNA10X_SA_CHIP0162_002/filtered_feature_bc_matrix,GGGACCTTCGCCATAA-1,SA1035X7XB03502_GGGACCTTCGCCATAA-1,SA1035X7XB03502,E
.cache/SCRNA10X_SA_CHIP0162_002/filtered_feature_bc_matrix,GGGAGTAAGACAACAT-1,SA1035X7XB03502_GGGAGTAAGACAACAT-1,SA1035X7XB03502,B
.cache/SCRNA10X_SA_CHIP0162_002/filtered_feature_bc_matrix,GGGCCATTCCCATAGA-1,SA1035X7XB03502_GGGCCATTCCCATAGA-1,SA1035X7XB03502,E
.cache/SCRNA10X_SA_CHIP0162_002/filtered_feature_bc_matrix,GGGCTACAGGTCCCGT-1,SA1035X7XB03502_GGGCTACAGGTCCCGT-1,SA1035X7XB03502,E
.cache/SCRNA10X_SA_CHIP0162_002/filtered_feature_bc_matrix,GGGCTCACATCCCGTT-1,SA1035X7XB03502_GGGCTCACATCCCGTT-1,SA1035X7XB03502,B
.cache/SCRNA10X_SA_CHIP0162_002/filtered_feature_bc_matrix,GGGCTCATCTCCAAGA-1,SA1035X7XB03502_GGGCTCATCTCCAAGA-1,SA1035X7XB03502,B
.cache/SCRNA10X_SA_CHIP0162_002/filtered_feature_bc_matrix,GGGTATTAGAACTTCC-1,SA1035X7XB03502_GGGTATTAGAACTTCC-1,SA1035X7XB03502,E
.cache/SCRNA10X_SA_CHIP0162_002/filtered_feature_bc_matrix,GGGTATTCATAGTCAC-1,SA1035X7XB03502_GGGTATTCATAGTCAC-1,SA1035X7XB03502,C
.cache/SCRNA10X_SA_CHIP0162_002/filtered_feature_bc_matrix,GGGTATTTCTCGGCTT-1,SA1035X7XB03502_GGGTATTTCTCGGCTT-1,SA1035X7XB03502,E
.cache/SCRNA10X_SA_CHIP0162_002/filtered_feature_bc_matrix,GGGTCTGGTCAGACGA-1,SA1035X7XB03502_GGGTCTGGTCAGACGA-1,SA1035X7XB03502,E
.cache/SCRNA10X_SA_CHIP0162_002/filtered_feature_bc_matrix,GGGTGAAGTGGCAGAT-1,SA1035X7XB03502_GGGTGAAGTGGCAGAT-1,SA1035X7XB03502,B
.cache/SCRNA10X_SA_CHIP0162_002/filtered_feature_bc_matrix,GGTCACGTCGTGCTCT-1,SA1035X7XB03502_GGTCACGTCGTGCTCT-1,SA1035X7XB03502,E
.cache/SCRNA10X_SA_CHIP0162_002/filtered_feature_bc_matrix,GGTCTGGAGGCACTAG-1,SA1035X7XB03502_GGTCTGGAGGCACTAG-1,SA1035X7XB03502,C
.cache/SCRNA10X_SA_CHIP0162_002/filtered_feature_bc_matrix,GGTCTGGCATTGCAAC-1,SA1035X7XB03502_GGTCTGGCATTGCAAC-1,SA1035X7XB03502,C
.cache/SCRNA10X_SA_CHIP0162_002/filtered_feature_bc_matrix,GGTCTGGGTAGACGGT-1,SA1035X7XB03502_GGTCTGGGTAGACGGT-1,SA1035X7XB03502,E
.cache/SCRNA10X_SA_CHIP0162_002/filtered_feature_bc_matrix,GGTGGCTTCCACCTCA-1,SA1035X7XB03502_GGTGGCTTCCACCTCA-1,SA1035X7XB03502,E
.cache/SCRNA10X_SA_CHIP0162_002/filtered_feature_bc_matrix,GGTGTTACACTGCTTC-1,SA1035X7XB03502_GGTGTTACACTGCTTC-1,SA1035X7XB03502,C
.cache/SCRNA10X_SA_CHIP0162_002/filtered_feature_bc_matrix,GGTTCTCCATAAGATG-1,SA1035X7XB03502_GGTTCTCCATAAGATG-1,SA1035X7XB03502,B
.cache/SCRNA10X_SA_CHIP0162_002/filtered_feature_bc_matrix,GTAACCATCCCGTAAA-1,SA1035X7XB03502_GTAACCATCCCGTAAA-1,SA1035X7XB03502,D
.cache/SCRNA10X_SA_CHIP0162_002/filtered_feature_bc_matrix,GTAACCATCTACTTCA-1,SA1035X7XB03502_GTAACCATCTACTTCA-1,SA1035X7XB03502,B
.cache/SCRNA10X_SA_CHIP0162_002/filtered_feature_bc_matrix,GTACAACCAAACCGGA-1,SA1035X7XB03502_GTACAACCAAACCGGA-1,SA1035X7XB03502,D
.cache/SCRNA10X_SA_CHIP0162_002/filtered_feature_bc_matrix,GTAGATCGTAGCGTCC-1,SA1035X7XB03502_GTAGATCGTAGCGTCC-1,SA1035X7XB03502,E
.cache/SCRNA10X_SA_CHIP0162_002/filtered_feature_bc_matrix,GTAGTACCAGCGACCT-1,SA1035X7XB03502_GTAGTACCAGCGACCT-1,SA1035X7XB03502,E
.cache/SCRNA10X_SA_CHIP0162_002/filtered_feature_bc_matrix,GTAGTACTCAATCTTC-1,SA1035X7XB03502_GTAGTACTCAATCTTC-1,SA1035X7XB03502,C
.cache/SCRNA10X_SA_CHIP0162_002/filtered_feature_bc_matrix,GTCAAACGTGTCTTAG-1,SA1035X7XB03502_GTCAAACGTGTCTTAG-1,SA1035X7XB03502,E
.cache/SCRNA10X_SA_CHIP0162_002/filtered_feature_bc_matrix,GTCAAACTCAGTGATC-1,SA1035X7XB03502_GTCAAACTCAGTGATC-1,SA1035X7XB03502,B
.cache/SCRNA10X_SA_CHIP0162_002/filtered_feature_bc_matrix,GTCAAGTAGTGCGTCC-1,SA1035X7XB03502_GTCAAGTAGTGCGTCC-1,SA1035X7XB03502,E
.cache/SCRNA10X_SA_CHIP0162_002/filtered_feature_bc_matrix,GTCAAGTCAGGATTCT-1,SA1035X7XB03502_GTCAAGTCAGGATTCT-1,SA1035X7XB03502,E
.cache/SCRNA10X_SA_CHIP0162_002/filtered_feature_bc_matrix,GTCACTCCAGTTTGGT-1,SA1035X7XB03502_GTCACTCCAGTTTGGT-1,SA1035X7XB03502,D
.cache/SCRNA10X_SA_CHIP0162_002/filtered_feature_bc_matrix,GTCCCATTCTATCCAT-1,SA1035X7XB03502_GTCCCATTCTATCCAT-1,SA1035X7XB03502,C
.cache/SCRNA10X_SA_CHIP0162_002/filtered_feature_bc_matrix,GTCTGTCAGCGCCTCA-1,SA1035X7XB03502_GTCTGTCAGCGCCTCA-1,SA1035X7XB03502,E
.cache/SCRNA10X_SA_CHIP0162_002/filtered_feature_bc_matrix,GTGCACGAGGGTTAAT-1,SA1035X7XB03502_GTGCACGAGGGTTAAT-1,SA1035X7XB03502,B
.cache/SCRNA10X_SA_CHIP0162_002/filtered_feature_bc_matrix,GTGCAGCGTATAGGAT-1,SA1035X7XB03502_GTGCAGCGTATAGGAT-1,SA1035X7XB03502,B
.cache/SCRNA10X_SA_CHIP0162_002/filtered_feature_bc_matrix,GTGCTTCCAGTGGTGA-1,SA1035X7XB03502_GTGCTTCCAGTGGTGA-1,SA1035X7XB03502,E
.cache/SCRNA10X_SA_CHIP0162_002/filtered_feature_bc_matrix,GTGGAAGCAGCTCATA-1,SA1035X7XB03502_GTGGAAGCAGCTCATA-1,SA1035X7XB03502,E
.cache/SCRNA10X_SA_CHIP0162_002/filtered_feature_bc_matrix,GTGGAGACAAGAAACT-1,SA1035X7XB03502_GTGGAGACAAGAAACT-1,SA1035X7XB03502,B
.cache/SCRNA10X_SA_CHIP0162_002/filtered_feature_bc_matrix,GTGTGATTCCACTTTA-1,SA1035X7XB03502_GTGTGATTCCACTTTA-1,SA1035X7XB03502,E
.cache/SCRNA10X_SA_CHIP0162_002/filtered_feature_bc_matrix,GTGTGGCAGGGAACAA-1,SA1035X7XB03502_GTGTGGCAGGGAACAA-1,SA1035X7XB03502,E
.cache/SCRNA10X_SA_CHIP0162_002/filtered_feature_bc_matrix,GTGTTCCAGCTCGAAG-1,SA1035X7XB03502_GTGTTCCAGCTCGAAG-1,SA1035X7XB03502,E
.cache/SCRNA10X_SA_CHIP0162_002/filtered_feature_bc_matrix,GTTACAGCACATAGCT-1,SA1035X7XB03502_GTTACAGCACATAGCT-1,SA1035X7XB03502,B
.cache/SCRNA10X_SA_CHIP0162_002/filtered_feature_bc_matrix,GTTACAGTCTCGTTTA-1,SA1035X7XB03502_GTTACAGTCTCGTTTA-1,SA1035X7XB03502,C
.cache/SCRNA10X_SA_CHIP0162_002/filtered_feature_bc_matrix,GTTAGACCATGGCCAC-1,SA1035X7XB03502_GTTAGACCATGGCCAC-1,SA1035X7XB03502,D
.cache/SCRNA10X_SA_CHIP0162_002/filtered_feature_bc_matrix,GTTAGACTCAACTACG-1,SA1035X7XB03502_GTTAGACTCAACTACG-1,SA1035X7XB03502,B
.cache/SCRNA10X_SA_CHIP0162_002/filtered_feature_bc_matrix,GTTAGACTCATATGGC-1,SA1035X7XB03502_GTTAGACTCATATGGC-1,SA1035X7XB03502,B
.cache/SCRNA10X_SA_CHIP0162_002/filtered_feature_bc_matrix,GTTATGGCAAATGCGG-1,SA1035X7XB03502_GTTATGGCAAATGCGG-1,SA1035X7XB03502,E
.cache/SCRNA10X_SA_CHIP0162_002/filtered_feature_bc_matrix,GTTATGGGTCTAGTGT-1,SA1035X7XB03502_GTTATGGGTCTAGTGT-1,SA1035X7XB03502,C
.cache/SCRNA10X_SA_CHIP0162_002/filtered_feature_bc_matrix,GTTATGGGTGTTGAGG-1,SA1035X7XB03502_GTTATGGGTGTTGAGG-1,SA1035X7XB03502,C
.cache/SCRNA10X_SA_CHIP0162_002/filtered_feature_bc_matrix,GTTCTATCAACCTAAC-1,SA1035X7XB03502_GTTCTATCAACCTAAC-1,SA1035X7XB03502,E
.cache/SCRNA10X_SA_CHIP0162_002/filtered_feature_bc_matrix,GTTGCGGGTAATTGGA-1,SA1035X7XB03502_GTTGCGGGTAATTGGA-1,SA1035X7XB03502,D
.cache/SCRNA10X_SA_CHIP0162_002/filtered_feature_bc_matrix,GTTGCTCCATTGAGCT-1,SA1035X7XB03502_GTTGCTCCATTGAGCT-1,SA1035X7XB03502,E
.cache/SCRNA10X_SA_CHIP0162_002/filtered_feature_bc_matrix,GTTGTGAGTCAAACGG-1,SA1035X7XB03502_GTTGTGAGTCAAACGG-1,SA1035X7XB03502,E
.cache/SCRNA10X_SA_CHIP0162_002/filtered_feature_bc_matrix,TAACACGCAAAGACGC-1,SA1035X7XB03502_TAACACGCAAAGACGC-1,SA1035X7XB03502,E
.cache/SCRNA10X_SA_CHIP0162_002/filtered_feature_bc_matrix,TAACACGGTTCTCACC-1,SA1035X7XB03502_TAACACGGTTCTCACC-1,SA1035X7XB03502,E
.cache/SCRNA10X_SA_CHIP0162_002/filtered_feature_bc_matrix,TAACCAGTCCGTGGCA-1,SA1035X7XB03502_TAACCAGTCCGTGGCA-1,SA1035X7XB03502,B
.cache/SCRNA10X_SA_CHIP0162_002/filtered_feature_bc_matrix,TAACGACAGTAGGAAG-1,SA1035X7XB03502_TAACGACAGTAGGAAG-1,SA1035X7XB03502,E
.cache/SCRNA10X_SA_CHIP0162_002/filtered_feature_bc_matrix,TAACGACAGTCTAGAA-1,SA1035X7XB03502_TAACGACAGTCTAGAA-1,SA1035X7XB03502,E
.cache/SCRNA10X_SA_CHIP0162_002/filtered_feature_bc_matrix,TAACGACAGTGCAGGT-1,SA1035X7XB03502_TAACGACAGTGCAGGT-1,SA1035X7XB03502,E
.cache/SCRNA10X_SA_CHIP0162_002/filtered_feature_bc_matrix,TAACGACCATCCTATT-1,SA1035X7XB03502_TAACGACCATCCTATT-1,SA1035X7XB03502,C
.cache/SCRNA10X_SA_CHIP0162_002/filtered_feature_bc_matrix,TAACTTCAGCATGCGA-1,SA1035X7XB03502_TAACTTCAGCATGCGA-1,SA1035X7XB03502,E
.cache/SCRNA10X_SA_CHIP0162_002/filtered_feature_bc_matrix,TAACTTCCAGTGCCTG-1,SA1035X7XB03502_TAACTTCCAGTGCCTG-1,SA1035X7XB03502,E
.cache/SCRNA10X_SA_CHIP0162_002/filtered_feature_bc_matrix,TAAGCCAGTTGCTGAT-1,SA1035X7XB03502_TAAGCCAGTTGCTGAT-1,SA1035X7XB03502,E
.cache/SCRNA10X_SA_CHIP0162_002/filtered_feature_bc_matrix,TAAGTCGAGAAACTAC-1,SA1035X7XB03502_TAAGTCGAGAAACTAC-1,SA1035X7XB03502,D
.cache/SCRNA10X_SA_CHIP0162_002/filtered_feature_bc_matrix,TAAGTCGAGTACCCTA-1,SA1035X7XB03502_TAAGTCGAGTACCCTA-1,SA1035X7XB03502,D
.cache/SCRNA10X_SA_CHIP0162_002/filtered_feature_bc_matrix,TAAGTCGTCGCAGATT-1,SA1035X7XB03502_TAAGTCGTCGCAGATT-1,SA1035X7XB03502,E
.cache/SCRNA10X_SA_CHIP0162_002/filtered_feature_bc_matrix,TAATCTCTCTGAGAGG-1,SA1035X7XB03502_TAATCTCTCTGAGAGG-1,SA1035X7XB03502,C
.cache/SCRNA10X_SA_CHIP0162_002/filtered_feature_bc_matrix,TAATTCCCAATCGCAT-1,SA1035X7XB03502_TAATTCCCAATCGCAT-1,SA1035X7XB03502,E
.cache/SCRNA10X_SA_CHIP0162_002/filtered_feature_bc_matrix,TAATTCCTCGAAACAA-1,SA1035X7XB03502_TAATTCCTCGAAACAA-1,SA1035X7XB03502,E
.cache/SCRNA10X_SA_CHIP0162_002/filtered_feature_bc_matrix,TACACCCTCTAGGCAT-1,SA1035X7XB03502_TACACCCTCTAGGCAT-1,SA1035X7XB03502,E
.cache/SCRNA10X_SA_CHIP0162_002/filtered_feature_bc_matrix,TACAGGTCAAGGTCGA-1,SA1035X7XB03502_TACAGGTCAAGGTCGA-1,SA1035X7XB03502,C
.cache/SCRNA10X_SA_CHIP0162_002/filtered_feature_bc_matrix,TACCCACCACCACATA-1,SA1035X7XB03502_TACCCACCACCACATA-1,SA1035X7XB03502,D
.cache/SCRNA10X_SA_CHIP0162_002/filtered_feature_bc_matrix,TACCGAAAGGTGCATG-1,SA1035X7XB03502_TACCGAAAGGTGCATG-1,SA1035X7XB03502,B
.cache/SCRNA10X_SA_CHIP0162_002/filtered_feature_bc_matrix,TACCGGGAGATCCGAG-1,SA1035X7XB03502_TACCGGGAGATCCGAG-1,SA1035X7XB03502,E
.cache/SCRNA10X_SA_CHIP0162_002/filtered_feature_bc_matrix,TACCTCGTCTCCGAAA-1,SA1035X7XB03502_TACCTCGTCTCCGAAA-1,SA1035X7XB03502,D
.cache/SCRNA10X_SA_CHIP0162_002/filtered_feature_bc_matrix,TACGGGCAGGTAGGCT-1,SA1035X7XB03502_TACGGGCAGGTAGGCT-1,SA1035X7XB03502,E
.cache/SCRNA10X_SA_CHIP0162_002/filtered_feature_bc_matrix,TACGGGCTCCCTCATG-1,SA1035X7XB03502_TACGGGCTCCCTCATG-1,SA1035X7XB03502,E
.cache/SCRNA10X_SA_CHIP0162_002/filtered_feature_bc_matrix,TACGGTACATCGGAGA-1,SA1035X7XB03502_TACGGTACATCGGAGA-1,SA1035X7XB03502,E
.cache/SCRNA10X_SA_CHIP0162_002/filtered_feature_bc_matrix,TACTTCAGTGGTCTCG-1,SA1035X7XB03502_TACTTCAGTGGTCTCG-1,SA1035X7XB03502,B
.cache/SCRNA10X_SA_CHIP0162_002/filtered_feature_bc_matrix,TACTTGTCACTCAGAT-1,SA1035X7XB03502_TACTTGTCACTCAGAT-1,SA1035X7XB03502,D
.cache/SCRNA10X_SA_CHIP0162_002/filtered_feature_bc_matrix,TACTTGTGTCCACTCT-1,SA1035X7XB03502_TACTTGTGTCCACTCT-1,SA1035X7XB03502,E
.cache/SCRNA10X_SA_CHIP0162_002/filtered_feature_bc_matrix,TAGAGTCGTCACCGAC-1,SA1035X7XB03502_TAGAGTCGTCACCGAC-1,SA1035X7XB03502,B
.cache/SCRNA10X_SA_CHIP0162_002/filtered_feature_bc_matrix,TAGATCGGTCTATGAC-1,SA1035X7XB03502_TAGATCGGTCTATGAC-1,SA1035X7XB03502,C
.cache/SCRNA10X_SA_CHIP0162_002/filtered_feature_bc_matrix,TAGCACACAACCTAAC-1,SA1035X7XB03502_TAGCACACAACCTAAC-1,SA1035X7XB03502,E
.cache/SCRNA10X_SA_CHIP0162_002/filtered_feature_bc_matrix,TAGCACACATCCCGTT-1,SA1035X7XB03502_TAGCACACATCCCGTT-1,SA1035X7XB03502,B
.cache/SCRNA10X_SA_CHIP0162_002/filtered_feature_bc_matrix,TAGGAGGGTGTGTGTT-1,SA1035X7XB03502_TAGGAGGGTGTGTGTT-1,SA1035X7XB03502,B
.cache/SCRNA10X_SA_CHIP0162_002/filtered_feature_bc_matrix,TAGGAGGTCCGTGTCT-1,SA1035X7XB03502_TAGGAGGTCCGTGTCT-1,SA1035X7XB03502,E
.cache/SCRNA10X_SA_CHIP0162_002/filtered_feature_bc_matrix,TAGGTACTCCTCACCA-1,SA1035X7XB03502_TAGGTACTCCTCACCA-1,SA1035X7XB03502,C
.cache/SCRNA10X_SA_CHIP0162_002/filtered_feature_bc_matrix,TAGGTTGAGGCTGAAC-1,SA1035X7XB03502_TAGGTTGAGGCTGAAC-1,SA1035X7XB03502,D
.cache/SCRNA10X_SA_CHIP0162_002/filtered_feature_bc_matrix,TATCCTACAAGCGCTC-1,SA1035X7XB03502_TATCCTACAAGCGCTC-1,SA1035X7XB03502,B
.cache/SCRNA10X_SA_CHIP0162_002/filtered_feature_bc_matrix,TATCGCCAGCAATAAC-1,SA1035X7XB03502_TATCGCCAGCAATAAC-1,SA1035X7XB03502,unassigned
.cache/SCRNA10X_SA_CHIP0162_002/filtered_feature_bc_matrix,TATCGCCCACATTCTT-1,SA1035X7XB03502_TATCGCCCACATTCTT-1,SA1035X7XB03502,C
.cache/SCRNA10X_SA_CHIP0162_002/filtered_feature_bc_matrix,TATCGCCCACTGTTCC-1,SA1035X7XB03502_TATCGCCCACTGTTCC-1,SA1035X7XB03502,B
.cache/SCRNA10X_SA_CHIP0162_002/filtered_feature_bc_matrix,TATCGCCCACTTTATC-1,SA1035X7XB03502_TATCGCCCACTTTATC-1,SA1035X7XB03502,E
.cache/SCRNA10X_SA_CHIP0162_002/filtered_feature_bc_matrix,TATCTGTGTCCGACGT-1,SA1035X7XB03502_TATCTGTGTCCGACGT-1,SA1035X7XB03502,E
.cache/SCRNA10X_SA_CHIP0162_002/filtered_feature_bc_matrix,TATCTGTTCCCTGGTT-1,SA1035X7XB03502_TATCTGTTCCCTGGTT-1,SA1035X7XB03502,D
.cache/SCRNA10X_SA_CHIP0162_002/filtered_feature_bc_matrix,TATCTTGCATCGGTTA-1,SA1035X7XB03502_TATCTTGCATCGGTTA-1,SA1035X7XB03502,E
.cache/SCRNA10X_SA_CHIP0162_002/filtered_feature_bc_matrix,TATGTTCAGATCCCAT-1,SA1035X7XB03502_TATGTTCAGATCCCAT-1,SA1035X7XB03502,B
.cache/SCRNA10X_SA_CHIP0162_002/filtered_feature_bc_matrix,TATTGCTAGAGATCGC-1,SA1035X7XB03502_TATTGCTAGAGATCGC-1,SA1035X7XB03502,C
.cache/SCRNA10X_SA_CHIP0162_002/filtered_feature_bc_matrix,TATTGCTCAAGACCGA-1,SA1035X7XB03502_TATTGCTCAAGACCGA-1,SA1035X7XB03502,E
.cache/SCRNA10X_SA_CHIP0162_002/filtered_feature_bc_matrix,TATTTCGCATAGGTTC-1,SA1035X7XB03502_TATTTCGCATAGGTTC-1,SA1035X7XB03502,E
.cache/SCRNA10X_SA_CHIP0162_002/filtered_feature_bc_matrix,TCAAGACTCCACACAA-1,SA1035X7XB03502_TCAAGACTCCACACAA-1,SA1035X7XB03502,E
.cache/SCRNA10X_SA_CHIP0162_002/filtered_feature_bc_matrix,TCAAGCACACTCTAGA-1,SA1035X7XB03502_TCAAGCACACTCTAGA-1,SA1035X7XB03502,C
.cache/SCRNA10X_SA_CHIP0162_002/filtered_feature_bc_matrix,TCAATCTTCCCGAGGT-1,SA1035X7XB03502_TCAATCTTCCCGAGGT-1,SA1035X7XB03502,E
.cache/SCRNA10X_SA_CHIP0162_002/filtered_feature_bc_matrix,TCACATTTCTAAGCGT-1,SA1035X7XB03502_TCACATTTCTAAGCGT-1,SA1035X7XB03502,E
.cache/SCRNA10X_SA_CHIP0162_002/filtered_feature_bc_matrix,TCAGCAATCCATCTAT-1,SA1035X7XB03502_TCAGCAATCCATCTAT-1,SA1035X7XB03502,C
.cache/SCRNA10X_SA_CHIP0162_002/filtered_feature_bc_matrix,TCAGCCTCAAAGAACT-1,SA1035X7XB03502_TCAGCCTCAAAGAACT-1,SA1035X7XB03502,E
.cache/SCRNA10X_SA_CHIP0162_002/filtered_feature_bc_matrix,TCAGGGCTCATTGTTC-1,SA1035X7XB03502_TCAGGGCTCATTGTTC-1,SA1035X7XB03502,unassigned
.cache/SCRNA10X_SA_CHIP0162_002/filtered_feature_bc_matrix,TCAGGTATCGACGAGA-1,SA1035X7XB03502_TCAGGTATCGACGAGA-1,SA1035X7XB03502,E
.cache/SCRNA10X_SA_CHIP0162_002/filtered_feature_bc_matrix,TCAGTCCCATCAGCTA-1,SA1035X7XB03502_TCAGTCCCATCAGCTA-1,SA1035X7XB03502,B
.cache/SCRNA10X_SA_CHIP0162_002/filtered_feature_bc_matrix,TCAGTCCGTCTGCCTT-1,SA1035X7XB03502_TCAGTCCGTCTGCCTT-1,SA1035X7XB03502,B
.cache/SCRNA10X_SA_CHIP0162_002/filtered_feature_bc_matrix,TCAGTGAAGACCCTTA-1,SA1035X7XB03502_TCAGTGAAGACCCTTA-1,SA1035X7XB03502,C
.cache/SCRNA10X_SA_CHIP0162_002/filtered_feature_bc_matrix,TCAGTGAAGTGGTTAA-1,SA1035X7XB03502_TCAGTGAAGTGGTTAA-1,SA1035X7XB03502,C
.cache/SCRNA10X_SA_CHIP0162_002/filtered_feature_bc_matrix,TCAGTTTCACGCTGTG-1,SA1035X7XB03502_TCAGTTTCACGCTGTG-1,SA1035X7XB03502,B
.cache/SCRNA10X_SA_CHIP0162_002/filtered_feature_bc_matrix,TCATACTGTGTCCGGT-1,SA1035X7XB03502_TCATACTGTGTCCGGT-1,SA1035X7XB03502,D
.cache/SCRNA10X_SA_CHIP0162_002/filtered_feature_bc_matrix,TCATATCGTTGACGGA-1,SA1035X7XB03502_TCATATCGTTGACGGA-1,SA1035X7XB03502,B
.cache/SCRNA10X_SA_CHIP0162_002/filtered_feature_bc_matrix,TCATCATCACTCCTGT-1,SA1035X7XB03502_TCATCATCACTCCTGT-1,SA1035X7XB03502,B
.cache/SCRNA10X_SA_CHIP0162_002/filtered_feature_bc_matrix,TCATCATTCACGGGAA-1,SA1035X7XB03502_TCATCATTCACGGGAA-1,SA1035X7XB03502,D
.cache/SCRNA10X_SA_CHIP0162_002/filtered_feature_bc_matrix,TCATCCGAGTACAGAT-1,SA1035X7XB03502_TCATCCGAGTACAGAT-1,SA1035X7XB03502,E
.cache/SCRNA10X_SA_CHIP0162_002/filtered_feature_bc_matrix,TCATCCGGTCCCTCAT-1,SA1035X7XB03502_TCATCCGGTCCCTCAT-1,SA1035X7XB03502,E
.cache/SCRNA10X_SA_CHIP0162_002/filtered_feature_bc_matrix,TCATGCCTCGAACGCC-1,SA1035X7XB03502_TCATGCCTCGAACGCC-1,SA1035X7XB03502,D
.cache/SCRNA10X_SA_CHIP0162_002/filtered_feature_bc_matrix,TCATTACGTCCACTCT-1,SA1035X7XB03502_TCATTACGTCCACTCT-1,SA1035X7XB03502,B
.cache/SCRNA10X_SA_CHIP0162_002/filtered_feature_bc_matrix,TCATTCAGTAATACCC-1,SA1035X7XB03502_TCATTCAGTAATACCC-1,SA1035X7XB03502,E
.cache/SCRNA10X_SA_CHIP0162_002/filtered_feature_bc_matrix,TCATTCATCCGTAGTA-1,SA1035X7XB03502_TCATTCATCCGTAGTA-1,SA1035X7XB03502,C
.cache/SCRNA10X_SA_CHIP0162_002/filtered_feature_bc_matrix,TCATTGTCACTGTCCT-1,SA1035X7XB03502_TCATTGTCACTGTCCT-1,SA1035X7XB03502,D
.cache/SCRNA10X_SA_CHIP0162_002/filtered_feature_bc_matrix,TCATTGTTCAGCTGAT-1,SA1035X7XB03502_TCATTGTTCAGCTGAT-1,SA1035X7XB03502,D
.cache/SCRNA10X_SA_CHIP0162_002/filtered_feature_bc_matrix,TCATTTGAGTAGGAAG-1,SA1035X7XB03502_TCATTTGAGTAGGAAG-1,SA1035X7XB03502,E
.cache/SCRNA10X_SA_CHIP0162_002/filtered_feature_bc_matrix,TCCACCACAACCGCCA-1,SA1035X7XB03502_TCCACCACAACCGCCA-1,SA1035X7XB03502,C
.cache/SCRNA10X_SA_CHIP0162_002/filtered_feature_bc_matrix,TCCACCACAGACCAAG-1,SA1035X7XB03502_TCCACCACAGACCAAG-1,SA1035X7XB03502,C
.cache/SCRNA10X_SA_CHIP0162_002/filtered_feature_bc_matrix,TCCATGCCAAACGGCA-1,SA1035X7XB03502_TCCATGCCAAACGGCA-1,SA1035X7XB03502,E
.cache/SCRNA10X_SA_CHIP0162_002/filtered_feature_bc_matrix,TCCCACATCGCTCTCA-1,SA1035X7XB03502_TCCCACATCGCTCTCA-1,SA1035X7XB03502,C
.cache/SCRNA10X_SA_CHIP0162_002/filtered_feature_bc_matrix,TCCGATCAGGTAAGTT-1,SA1035X7XB03502_TCCGATCAGGTAAGTT-1,SA1035X7XB03502,E
.cache/SCRNA10X_SA_CHIP0162_002/filtered_feature_bc_matrix,TCCGATCAGTCAATCC-1,SA1035X7XB03502_TCCGATCAGTCAATCC-1,SA1035X7XB03502,E
.cache/SCRNA10X_SA_CHIP0162_002/filtered_feature_bc_matrix,TCCGATCTCGGCCAAC-1,SA1035X7XB03502_TCCGATCTCGGCCAAC-1,SA1035X7XB03502,E
.cache/SCRNA10X_SA_CHIP0162_002/filtered_feature_bc_matrix,TCCGATCTCTTGCAAG-1,SA1035X7XB03502_TCCGATCTCTTGCAAG-1,SA1035X7XB03502,D
.cache/SCRNA10X_SA_CHIP0162_002/filtered_feature_bc_matrix,TCCGGGAAGGTGCATG-1,SA1035X7XB03502_TCCGGGAAGGTGCATG-1,SA1035X7XB03502,B
.cache/SCRNA10X_SA_CHIP0162_002/filtered_feature_bc_matrix,TCCTCCCTCGTGCAGC-1,SA1035X7XB03502_TCCTCCCTCGTGCAGC-1,SA1035X7XB03502,E
.cache/SCRNA10X_SA_CHIP0162_002/filtered_feature_bc_matrix,TCCTCGATCGGTAGGA-1,SA1035X7XB03502_TCCTCGATCGGTAGGA-1,SA1035X7XB03502,B
.cache/SCRNA10X_SA_CHIP0162_002/filtered_feature_bc_matrix,TCCTCTTAGTCTCTGA-1,SA1035X7XB03502_TCCTCTTAGTCTCTGA-1,SA1035X7XB03502,E
.cache/SCRNA10X_SA_CHIP0162_002/filtered_feature_bc_matrix,TCCTTTCGTCCATACA-1,SA1035X7XB03502_TCCTTTCGTCCATACA-1,SA1035X7XB03502,E
.cache/SCRNA10X_SA_CHIP0162_002/filtered_feature_bc_matrix,TCGAACATCAGCTGAT-1,SA1035X7XB03502_TCGAACATCAGCTGAT-1,SA1035X7XB03502,C
.cache/SCRNA10X_SA_CHIP0162_002/filtered_feature_bc_matrix,TCGAAGTCATCCTTGC-1,SA1035X7XB03502_TCGAAGTCATCCTTGC-1,SA1035X7XB03502,C
.cache/SCRNA10X_SA_CHIP0162_002/filtered_feature_bc_matrix,TCGAAGTGTGAATATG-1,SA1035X7XB03502_TCGAAGTGTGAATATG-1,SA1035X7XB03502,E
.cache/SCRNA10X_SA_CHIP0162_002/filtered_feature_bc_matrix,TCGAAGTGTTGACGGA-1,SA1035X7XB03502_TCGAAGTGTTGACGGA-1,SA1035X7XB03502,C
.cache/SCRNA10X_SA_CHIP0162_002/filtered_feature_bc_matrix,TCGCACTAGAGATCGC-1,SA1035X7XB03502_TCGCACTAGAGATCGC-1,SA1035X7XB03502,D
.cache/SCRNA10X_SA_CHIP0162_002/filtered_feature_bc_matrix,TCGCACTCATTGAAGA-1,SA1035X7XB03502_TCGCACTCATTGAAGA-1,SA1035X7XB03502,E
.cache/SCRNA10X_SA_CHIP0162_002/filtered_feature_bc_matrix,TCGCTCAGTACTGTTG-1,SA1035X7XB03502_TCGCTCAGTACTGTTG-1,SA1035X7XB03502,E
.cache/SCRNA10X_SA_CHIP0162_002/filtered_feature_bc_matrix,TCGCTCAGTCTGCATA-1,SA1035X7XB03502_TCGCTCAGTCTGCATA-1,SA1035X7XB03502,E
.cache/SCRNA10X_SA_CHIP0162_002/filtered_feature_bc_matrix,TCGCTCAGTTCCAAAC-1,SA1035X7XB03502_TCGCTCAGTTCCAAAC-1,SA1035X7XB03502,E
.cache/SCRNA10X_SA_CHIP0162_002/filtered_feature_bc_matrix,TCGCTTGAGACAACTA-1,SA1035X7XB03502_TCGCTTGAGACAACTA-1,SA1035X7XB03502,B
.cache/SCRNA10X_SA_CHIP0162_002/filtered_feature_bc_matrix,TCGGGTGTCGCGAAGA-1,SA1035X7XB03502_TCGGGTGTCGCGAAGA-1,SA1035X7XB03502,E
.cache/SCRNA10X_SA_CHIP0162_002/filtered_feature_bc_matrix,TCGTAGACAAAGAACT-1,SA1035X7XB03502_TCGTAGACAAAGAACT-1,SA1035X7XB03502,E
.cache/SCRNA10X_SA_CHIP0162_002/filtered_feature_bc_matrix,TCGTAGACACCTCTAC-1,SA1035X7XB03502_TCGTAGACACCTCTAC-1,SA1035X7XB03502,E
.cache/SCRNA10X_SA_CHIP0162_002/filtered_feature_bc_matrix,TCGTAGACAGTGGGTA-1,SA1035X7XB03502_TCGTAGACAGTGGGTA-1,SA1035X7XB03502,E
.cache/SCRNA10X_SA_CHIP0162_002/filtered_feature_bc_matrix,TCGTCCATCCCAGGCA-1,SA1035X7XB03502_TCGTCCATCCCAGGCA-1,SA1035X7XB03502,E
.cache/SCRNA10X_SA_CHIP0162_002/filtered_feature_bc_matrix,TCGTGGGCATATCGGT-1,SA1035X7XB03502_TCGTGGGCATATCGGT-1,SA1035X7XB03502,C
.cache/SCRNA10X_SA_CHIP0162_002/filtered_feature_bc_matrix,TCTACATAGCACCGTC-1,SA1035X7XB03502_TCTACATAGCACCGTC-1,SA1035X7XB03502,C
.cache/SCRNA10X_SA_CHIP0162_002/filtered_feature_bc_matrix,TCTACATCACATATGC-1,SA1035X7XB03502_TCTACATCACATATGC-1,SA1035X7XB03502,C
.cache/SCRNA10X_SA_CHIP0162_002/filtered_feature_bc_matrix,TCTACATCAGTTTCGA-1,SA1035X7XB03502_TCTACATCAGTTTCGA-1,SA1035X7XB03502,E
.cache/SCRNA10X_SA_CHIP0162_002/filtered_feature_bc_matrix,TCTACCGGTTCAGCGC-1,SA1035X7XB03502_TCTACCGGTTCAGCGC-1,SA1035X7XB03502,E
.cache/SCRNA10X_SA_CHIP0162_002/filtered_feature_bc_matrix,TCTACCGGTTCTCAGA-1,SA1035X7XB03502_TCTACCGGTTCTCAGA-1,SA1035X7XB03502,unassigned
.cache/SCRNA10X_SA_CHIP0162_002/filtered_feature_bc_matrix,TCTATCAAGTACCGGA-1,SA1035X7XB03502_TCTATCAAGTACCGGA-1,SA1035X7XB03502,B
.cache/SCRNA10X_SA_CHIP0162_002/filtered_feature_bc_matrix,TCTATCAGTCATCACA-1,SA1035X7XB03502_TCTATCAGTCATCACA-1,SA1035X7XB03502,E
.cache/SCRNA10X_SA_CHIP0162_002/filtered_feature_bc_matrix,TCTCACGCAACAGCCC-1,SA1035X7XB03502_TCTCACGCAACAGCCC-1,SA1035X7XB03502,E
.cache/SCRNA10X_SA_CHIP0162_002/filtered_feature_bc_matrix,TCTCACGTCAAGCCGC-1,SA1035X7XB03502_TCTCACGTCAAGCCGC-1,SA1035X7XB03502,C
.cache/SCRNA10X_SA_CHIP0162_002/filtered_feature_bc_matrix,TCTTAGTCAATCCTAG-1,SA1035X7XB03502_TCTTAGTCAATCCTAG-1,SA1035X7XB03502,E
.cache/SCRNA10X_SA_CHIP0162_002/filtered_feature_bc_matrix,TCTTAGTCATCACAGT-1,SA1035X7XB03502_TCTTAGTCATCACAGT-1,SA1035X7XB03502,E
.cache/SCRNA10X_SA_CHIP0162_002/filtered_feature_bc_matrix,TCTTCCTTCTGCCTCA-1,SA1035X7XB03502_TCTTCCTTCTGCCTCA-1,SA1035X7XB03502,D
.cache/SCRNA10X_SA_CHIP0162_002/filtered_feature_bc_matrix,TCTTTGAGTGATATAG-1,SA1035X7XB03502_TCTTTGAGTGATATAG-1,SA1035X7XB03502,D
.cache/SCRNA10X_SA_CHIP0162_002/filtered_feature_bc_matrix,TGACAGTCACTCCTGT-1,SA1035X7XB03502_TGACAGTCACTCCTGT-1,SA1035X7XB03502,C
.cache/SCRNA10X_SA_CHIP0162_002/filtered_feature_bc_matrix,TGACAGTGTGCCCGTA-1,SA1035X7XB03502_TGACAGTGTGCCCGTA-1,SA1035X7XB03502,E
.cache/SCRNA10X_SA_CHIP0162_002/filtered_feature_bc_matrix,TGAGCATCAGAAGTGC-1,SA1035X7XB03502_TGAGCATCAGAAGTGC-1,SA1035X7XB03502,E
.cache/SCRNA10X_SA_CHIP0162_002/filtered_feature_bc_matrix,TGAGGTTCAAGCTCTA-1,SA1035X7XB03502_TGAGGTTCAAGCTCTA-1,SA1035X7XB03502,E
.cache/SCRNA10X_SA_CHIP0162_002/filtered_feature_bc_matrix,TGATGCACACACAGAG-1,SA1035X7XB03502_TGATGCACACACAGAG-1,SA1035X7XB03502,E
.cache/SCRNA10X_SA_CHIP0162_002/filtered_feature_bc_matrix,TGATTCTAGCATGCAG-1,SA1035X7XB03502_TGATTCTAGCATGCAG-1,SA1035X7XB03502,E
.cache/SCRNA10X_SA_CHIP0162_002/filtered_feature_bc_matrix,TGATTCTAGCCTTGAT-1,SA1035X7XB03502_TGATTCTAGCCTTGAT-1,SA1035X7XB03502,E
.cache/SCRNA10X_SA_CHIP0162_002/filtered_feature_bc_matrix,TGATTCTCATACCGTA-1,SA1035X7XB03502_TGATTCTCATACCGTA-1,SA1035X7XB03502,B
.cache/SCRNA10X_SA_CHIP0162_002/filtered_feature_bc_matrix,TGCACGGTCAAGTGGG-1,SA1035X7XB03502_TGCACGGTCAAGTGGG-1,SA1035X7XB03502,E
.cache/SCRNA10X_SA_CHIP0162_002/filtered_feature_bc_matrix,TGCATCCTCGAACCTA-1,SA1035X7XB03502_TGCATCCTCGAACCTA-1,SA1035X7XB03502,E
.cache/SCRNA10X_SA_CHIP0162_002/filtered_feature_bc_matrix,TGCATGACAGCGACCT-1,SA1035X7XB03502_TGCATGACAGCGACCT-1,SA1035X7XB03502,E
.cache/SCRNA10X_SA_CHIP0162_002/filtered_feature_bc_matrix,TGCCGAGGTGTAGTGG-1,SA1035X7XB03502_TGCCGAGGTGTAGTGG-1,SA1035X7XB03502,E
.cache/SCRNA10X_SA_CHIP0162_002/filtered_feature_bc_matrix,TGCCGAGTCAACTTTC-1,SA1035X7XB03502_TGCCGAGTCAACTTTC-1,SA1035X7XB03502,unassigned
.cache/SCRNA10X_SA_CHIP0162_002/filtered_feature_bc_matrix,TGCGACGGTCAGTCCG-1,SA1035X7XB03502_TGCGACGGTCAGTCCG-1,SA1035X7XB03502,E
.cache/SCRNA10X_SA_CHIP0162_002/filtered_feature_bc_matrix,TGCGATAAGGTCACCC-1,SA1035X7XB03502_TGCGATAAGGTCACCC-1,SA1035X7XB03502,E
.cache/SCRNA10X_SA_CHIP0162_002/filtered_feature_bc_matrix,TGCTCGTTCCTATTGT-1,SA1035X7XB03502_TGCTCGTTCCTATTGT-1,SA1035X7XB03502,D
.cache/SCRNA10X_SA_CHIP0162_002/filtered_feature_bc_matrix,TGCTGAATCTGATTCT-1,SA1035X7XB03502_TGCTGAATCTGATTCT-1,SA1035X7XB03502,E
.cache/SCRNA10X_SA_CHIP0162_002/filtered_feature_bc_matrix,TGCTTGCAGCCGGAAT-1,SA1035X7XB03502_TGCTTGCAGCCGGAAT-1,SA1035X7XB03502,D
.cache/SCRNA10X_SA_CHIP0162_002/filtered_feature_bc_matrix,TGCTTGCCAGAGTTCT-1,SA1035X7XB03502_TGCTTGCCAGAGTTCT-1,SA1035X7XB03502,C
.cache/SCRNA10X_SA_CHIP0162_002/filtered_feature_bc_matrix,TGGAACTTCGCACTCT-1,SA1035X7XB03502_TGGAACTTCGCACTCT-1,SA1035X7XB03502,E
.cache/SCRNA10X_SA_CHIP0162_002/filtered_feature_bc_matrix,TGGAGAGCAGGCTTGC-1,SA1035X7XB03502_TGGAGAGCAGGCTTGC-1,SA1035X7XB03502,E
.cache/SCRNA10X_SA_CHIP0162_002/filtered_feature_bc_matrix,TGGAGGAAGAGTTGTA-1,SA1035X7XB03502_TGGAGGAAGAGTTGTA-1,SA1035X7XB03502,E
.cache/SCRNA10X_SA_CHIP0162_002/filtered_feature_bc_matrix,TGGAGGATCGAAGGAC-1,SA1035X7XB03502_TGGAGGATCGAAGGAC-1,SA1035X7XB03502,D
.cache/SCRNA10X_SA_CHIP0162_002/filtered_feature_bc_matrix,TGGGAAGTCTACGCGG-1,SA1035X7XB03502_TGGGAAGTCTACGCGG-1,SA1035X7XB03502,D
.cache/SCRNA10X_SA_CHIP0162_002/filtered_feature_bc_matrix,TGGGCGTCACACAGAG-1,SA1035X7XB03502_TGGGCGTCACACAGAG-1,SA1035X7XB03502,E
.cache/SCRNA10X_SA_CHIP0162_002/filtered_feature_bc_matrix,TGGTAGTTCATTCGTT-1,SA1035X7XB03502_TGGTAGTTCATTCGTT-1,SA1035X7XB03502,E
.cache/SCRNA10X_SA_CHIP0162_002/filtered_feature_bc_matrix,TGGTTAGCAAGCGCTC-1,SA1035X7XB03502_TGGTTAGCAAGCGCTC-1,SA1035X7XB03502,D
.cache/SCRNA10X_SA_CHIP0162_002/filtered_feature_bc_matrix,TGTACAGTCGGCTATA-1,SA1035X7XB03502_TGTACAGTCGGCTATA-1,SA1035X7XB03502,D
.cache/SCRNA10X_SA_CHIP0162_002/filtered_feature_bc_matrix,TGTAGACCATATACCG-1,SA1035X7XB03502_TGTAGACCATATACCG-1,SA1035X7XB03502,D
.cache/SCRNA10X_SA_CHIP0162_002/filtered_feature_bc_matrix,TGTCCCAAGCGGTAAC-1,SA1035X7XB03502_TGTCCCAAGCGGTAAC-1,SA1035X7XB03502,C
.cache/SCRNA10X_SA_CHIP0162_002/filtered_feature_bc_matrix,TGTTACTAGACCATGG-1,SA1035X7XB03502_TGTTACTAGACCATGG-1,SA1035X7XB03502,C
.cache/SCRNA10X_SA_CHIP0162_002/filtered_feature_bc_matrix,TGTTCATAGTATAACG-1,SA1035X7XB03502_TGTTCATAGTATAACG-1,SA1035X7XB03502,D
.cache/SCRNA10X_SA_CHIP0162_002/filtered_feature_bc_matrix,TGTTGAGCACCAGTTA-1,SA1035X7XB03502_TGTTGAGCACCAGTTA-1,SA1035X7XB03502,E
.cache/SCRNA10X_SA_CHIP0162_002/filtered_feature_bc_matrix,TTAATCCGTCAACCAT-1,SA1035X7XB03502_TTAATCCGTCAACCAT-1,SA1035X7XB03502,D
.cache/SCRNA10X_SA_CHIP0162_002/filtered_feature_bc_matrix,TTACCGCCACGGGCTT-1,SA1035X7XB03502_TTACCGCCACGGGCTT-1,SA1035X7XB03502,D
.cache/SCRNA10X_SA_CHIP0162_002/filtered_feature_bc_matrix,TTACCGCTCTCGTTTA-1,SA1035X7XB03502_TTACCGCTCTCGTTTA-1,SA1035X7XB03502,E
.cache/SCRNA10X_SA_CHIP0162_002/filtered_feature_bc_matrix,TTACGCCCAGAGGTTG-1,SA1035X7XB03502_TTACGCCCAGAGGTTG-1,SA1035X7XB03502,D
.cache/SCRNA10X_SA_CHIP0162_002/filtered_feature_bc_matrix,TTACGTTAGTATGCAA-1,SA1035X7XB03502_TTACGTTAGTATGCAA-1,SA1035X7XB03502,B
.cache/SCRNA10X_SA_CHIP0162_002/filtered_feature_bc_matrix,TTACGTTTCGAGAAGC-1,SA1035X7XB03502_TTACGTTTCGAGAAGC-1,SA1035X7XB03502,C
.cache/SCRNA10X_SA_CHIP0162_002/filtered_feature_bc_matrix,TTACTGTAGTGCTCAT-1,SA1035X7XB03502_TTACTGTAGTGCTCAT-1,SA1035X7XB03502,E
.cache/SCRNA10X_SA_CHIP0162_002/filtered_feature_bc_matrix,TTAGGGTGTGATCGTT-1,SA1035X7XB03502_TTAGGGTGTGATCGTT-1,SA1035X7XB03502,D
.cache/SCRNA10X_SA_CHIP0162_002/filtered_feature_bc_matrix,TTAGGGTTCAGGACAG-1,SA1035X7XB03502_TTAGGGTTCAGGACAG-1,SA1035X7XB03502,E
.cache/SCRNA10X_SA_CHIP0162_002/filtered_feature_bc_matrix,TTATTGCTCGGTCTAA-1,SA1035X7XB03502_TTATTGCTCGGTCTAA-1,SA1035X7XB03502,E
.cache/SCRNA10X_SA_CHIP0162_002/filtered_feature_bc_matrix,TTCAGGACATCATCTT-1,SA1035X7XB03502_TTCAGGACATCATCTT-1,SA1035X7XB03502,E
.cache/SCRNA10X_SA_CHIP0162_002/filtered_feature_bc_matrix,TTCAGGACATGTGACT-1,SA1035X7XB03502_TTCAGGACATGTGACT-1,SA1035X7XB03502,E
.cache/SCRNA10X_SA_CHIP0162_002/filtered_feature_bc_matrix,TTCATTGCACCGCTGA-1,SA1035X7XB03502_TTCATTGCACCGCTGA-1,SA1035X7XB03502,C
.cache/SCRNA10X_SA_CHIP0162_002/filtered_feature_bc_matrix,TTCCACGAGTTCCTGA-1,SA1035X7XB03502_TTCCACGAGTTCCTGA-1,SA1035X7XB03502,E
.cache/SCRNA10X_SA_CHIP0162_002/filtered_feature_bc_matrix,TTCCACGTCGGACCAC-1,SA1035X7XB03502_TTCCACGTCGGACCAC-1,SA1035X7XB03502,E
.cache/SCRNA10X_SA_CHIP0162_002/filtered_feature_bc_matrix,TTCCGGTGTACGAGCA-1,SA1035X7XB03502_TTCCGGTGTACGAGCA-1,SA1035X7XB03502,B
.cache/SCRNA10X_SA_CHIP0162_002/filtered_feature_bc_matrix,TTCCGTGCACACAGAG-1,SA1035X7XB03502_TTCCGTGCACACAGAG-1,SA1035X7XB03502,B
.cache/SCRNA10X_SA_CHIP0162_002/filtered_feature_bc_matrix,TTCCTAATCGTTCGCT-1,SA1035X7XB03502_TTCCTAATCGTTCGCT-1,SA1035X7XB03502,E
.cache/SCRNA10X_SA_CHIP0162_002/filtered_feature_bc_matrix,TTCCTTCAGTTCCTGA-1,SA1035X7XB03502_TTCCTTCAGTTCCTGA-1,SA1035X7XB03502,E
.cache/SCRNA10X_SA_CHIP0162_002/filtered_feature_bc_matrix,TTCCTTCGTCCTACGG-1,SA1035X7XB03502_TTCCTTCGTCCTACGG-1,SA1035X7XB03502,D
.cache/SCRNA10X_SA_CHIP0162_002/filtered_feature_bc_matrix,TTCTAGTGTCATCAGT-1,SA1035X7XB03502_TTCTAGTGTCATCAGT-1,SA1035X7XB03502,E
.cache/SCRNA10X_SA_CHIP0162_002/filtered_feature_bc_matrix,TTCTCTCGTCCACTCT-1,SA1035X7XB03502_TTCTCTCGTCCACTCT-1,SA1035X7XB03502,E
.cache/SCRNA10X_SA_CHIP0162_002/filtered_feature_bc_matrix,TTCTCTCTCCGAACGC-1,SA1035X7XB03502_TTCTCTCTCCGAACGC-1,SA1035X7XB03502,B
.cache/SCRNA10X_SA_CHIP0162_002/filtered_feature_bc_matrix,TTGACCCAGCAATAAC-1,SA1035X7XB03502_TTGACCCAGCAATAAC-1,SA1035X7XB03502,C
.cache/SCRNA10X_SA_CHIP0162_002/filtered_feature_bc_matrix,TTGACCCAGGTTCACT-1,SA1035X7XB03502_TTGACCCAGGTTCACT-1,SA1035X7XB03502,E
.cache/SCRNA10X_SA_CHIP0162_002/filtered_feature_bc_matrix,TTGACCCGTCCCGCAA-1,SA1035X7XB03502_TTGACCCGTCCCGCAA-1,SA1035X7XB03502,E
.cache/SCRNA10X_SA_CHIP0162_002/filtered_feature_bc_matrix,TTGAGTGGTTATTCCT-1,SA1035X7XB03502_TTGAGTGGTTATTCCT-1,SA1035X7XB03502,B
.cache/SCRNA10X_SA_CHIP0162_002/filtered_feature_bc_matrix,TTGCTGCAGAATCGCG-1,SA1035X7XB03502_TTGCTGCAGAATCGCG-1,SA1035X7XB03502,E
.cache/SCRNA10X_SA_CHIP0162_002/filtered_feature_bc_matrix,TTGGATGTCAAACTGC-1,SA1035X7XB03502_TTGGATGTCAAACTGC-1,SA1035X7XB03502,C
.cache/SCRNA10X_SA_CHIP0162_002/filtered_feature_bc_matrix,TTGGGATTCTCCCATG-1,SA1035X7XB03502_TTGGGATTCTCCCATG-1,SA1035X7XB03502,E
.cache/SCRNA10X_SA_CHIP0162_002/filtered_feature_bc_matrix,TTGGGCGGTGATACAA-1,SA1035X7XB03502_TTGGGCGGTGATACAA-1,SA1035X7XB03502,E
.cache/SCRNA10X_SA_CHIP0162_002/filtered_feature_bc_matrix,TTGTGGATCCAGCCTT-1,SA1035X7XB03502_TTGTGGATCCAGCCTT-1,SA1035X7XB03502,B
.cache/SCRNA10X_SA_CHIP0162_002/filtered_feature_bc_matrix,TTGTGGATCCGTTGAA-1,SA1035X7XB03502_TTGTGGATCCGTTGAA-1,SA1035X7XB03502,E
.cache/SCRNA10X_SA_CHIP0162_002/filtered_feature_bc_matrix,TTGTTCATCGCATTAG-1,SA1035X7XB03502_TTGTTCATCGCATTAG-1,SA1035X7XB03502,B
.cache/SCRNA10X_SA_CHIP0162_002/filtered_feature_bc_matrix,TTGTTGTAGTGTACAA-1,SA1035X7XB03502_TTGTTGTAGTGTACAA-1,SA1035X7XB03502,C
.cache/SCRNA10X_SA_CHIP0162_002/filtered_feature_bc_matrix,TTTACGTAGCAGAAAG-1,SA1035X7XB03502_TTTACGTAGCAGAAAG-1,SA1035X7XB03502,E
.cache/SCRNA10X_SA_CHIP0162_002/filtered_feature_bc_matrix,TTTACGTCATTCTCCG-1,SA1035X7XB03502_TTTACGTCATTCTCCG-1,SA1035X7XB03502,E
.cache/SCRNA10X_SA_CHIP0162_002/filtered_feature_bc_matrix,TTTACTGAGATCCCGC-1,SA1035X7XB03502_TTTACTGAGATCCCGC-1,SA1035X7XB03502,D
.cache/SCRNA10X_SA_CHIP0162_002/filtered_feature_bc_matrix,TTTATGCCACACACTA-1,SA1035X7XB03502_TTTATGCCACACACTA-1,SA1035X7XB03502,E
.cache/SCRNA10X_SA_CHIP0162_002/filtered_feature_bc_matrix,TTTCACAAGCGCCTTG-1,SA1035X7XB03502_TTTCACAAGCGCCTTG-1,SA1035X7XB03502,E
.cache/SCRNA10X_SA_CHIP0162_002/filtered_feature_bc_matrix,TTTCAGTAGAAGCTGC-1,SA1035X7XB03502_TTTCAGTAGAAGCTGC-1,SA1035X7XB03502,C
.cache/SCRNA10X_SA_CHIP0162_002/filtered_feature_bc_matrix,TTTGATCGTTCCTAAG-1,SA1035X7XB03502_TTTGATCGTTCCTAAG-1,SA1035X7XB03502,E
.cache/SCRNA10X_SA_CHIP0162_002/filtered_feature_bc_matrix,TTTGGTTAGCTGGTGA-1,SA1035X7XB03502_TTTGGTTAGCTGGTGA-1,SA1035X7XB03502,C
