Sample,Barcode,cell_id,id,clone
.cache/SCRNA10X_SA_CHIP0142_002/filtered_feature_bc_matrix,AAACGCTAGCAATAGT-1,SA1035X4XB02879_AAACGCTAGCAATAGT-1,SA1035X4XB02879,B
.cache/SCRNA10X_SA_CHIP0142_002/filtered_feature_bc_matrix,AACACACAGTTGGCTT-1,SA1035X4XB02879_AACACACAGTTGGCTT-1,SA1035X4XB02879,A_I
.cache/SCRNA10X_SA_CHIP0142_002/filtered_feature_bc_matrix,ACATCCCAGGTCGACA-1,SA1035X4XB02879_ACATCCCAGGTCGACA-1,SA1035X4XB02879,H_K
.cache/SCRNA10X_SA_CHIP0142_002/filtered_feature_bc_matrix,ACATCGATCCAATCCC-1,SA1035X4XB02879_ACATCGATCCAATCCC-1,SA1035X4XB02879,C
.cache/SCRNA10X_SA_CHIP0142_002/filtered_feature_bc_matrix,ACCCTTGTCATTGTGG-1,SA1035X4XB02879_ACCCTTGTCATTGTGG-1,SA1035X4XB02879,H_K
.cache/SCRNA10X_SA_CHIP0142_002/filtered_feature_bc_matrix,ACGATCAGTGCCGAAA-1,SA1035X4XB02879_ACGATCAGTGCCGAAA-1,SA1035X4XB02879,C
.cache/SCRNA10X_SA_CHIP0142_002/filtered_feature_bc_matrix,ACGGTCGTCGTGTGAT-1,SA1035X4XB02879_ACGGTCGTCGTGTGAT-1,SA1035X4XB02879,C
.cache/SCRNA10X_SA_CHIP0142_002/filtered_feature_bc_matrix,ACGTAACCACTGCACG-1,SA1035X4XB02879_ACGTAACCACTGCACG-1,SA1035X4XB02879,H_K
.cache/SCRNA10X_SA_CHIP0142_002/filtered_feature_bc_matrix,ACTACGACAGAGGACT-1,SA1035X4XB02879_ACTACGACAGAGGACT-1,SA1035X4XB02879,H_K
.cache/SCRNA10X_SA_CHIP0142_002/filtered_feature_bc_matrix,ACTGTGATCAGTCAGT-1,SA1035X4XB02879_ACTGTGATCAGTCAGT-1,SA1035X4XB02879,B
.cache/SCRNA10X_SA_CHIP0142_002/filtered_feature_bc_matrix,AGAGCCCAGTAGGCCA-1,SA1035X4XB02879_AGAGCCCAGTAGGCCA-1,SA1035X4XB02879,A_I
.cache/SCRNA10X_SA_CHIP0142_002/filtered_feature_bc_matrix,AGCGTATAGGAACTAT-1,SA1035X4XB02879_AGCGTATAGGAACTAT-1,SA1035X4XB02879,H_K
.cache/SCRNA10X_SA_CHIP0142_002/filtered_feature_bc_matrix,AGGTAGGGTCTCAAGT-1,SA1035X4XB02879_AGGTAGGGTCTCAAGT-1,SA1035X4XB02879,B
.cache/SCRNA10X_SA_CHIP0142_002/filtered_feature_bc_matrix,AGGTGTTTCGTTAGTG-1,SA1035X4XB02879_AGGTGTTTCGTTAGTG-1,SA1035X4XB02879,B
.cache/SCRNA10X_SA_CHIP0142_002/filtered_feature_bc_matrix,AGTACTGTCTCAGGCG-1,SA1035X4XB02879_AGTACTGTCTCAGGCG-1,SA1035X4XB02879,A_I
.cache/SCRNA10X_SA_CHIP0142_002/filtered_feature_bc_matrix,AGTGCCGGTGGGACAT-1,SA1035X4XB02879_AGTGCCGGTGGGACAT-1,SA1035X4XB02879,C
.cache/SCRNA10X_SA_CHIP0142_002/filtered_feature_bc_matrix,ATACTTCCAGGAAGTC-1,SA1035X4XB02879_ATACTTCCAGGAAGTC-1,SA1035X4XB02879,C
.cache/SCRNA10X_SA_CHIP0142_002/filtered_feature_bc_matrix,ATCGCCTTCCTGTACC-1,SA1035X4XB02879_ATCGCCTTCCTGTACC-1,SA1035X4XB02879,unassigned
.cache/SCRNA10X_SA_CHIP0142_002/filtered_feature_bc_matrix,ATGAGGGCACTTGACA-1,SA1035X4XB02879_ATGAGGGCACTTGACA-1,SA1035X4XB02879,unassigned
.cache/SCRNA10X_SA_CHIP0142_002/filtered_feature_bc_matrix,ATTACTCTCAGTCACA-1,SA1035X4XB02879_ATTACTCTCAGTCACA-1,SA1035X4XB02879,A_I
.cache/SCRNA10X_SA_CHIP0142_002/filtered_feature_bc_matrix,ATTCCTAGTTAAACCC-1,SA1035X4XB02879_ATTCCTAGTTAAACCC-1,SA1035X4XB02879,B
.cache/SCRNA10X_SA_CHIP0142_002/filtered_feature_bc_matrix,ATTCGTTGTCGAATTC-1,SA1035X4XB02879_ATTCGTTGTCGAATTC-1,SA1035X4XB02879,H_K
.cache/SCRNA10X_SA_CHIP0142_002/filtered_feature_bc_matrix,CAATACGGTCCTTGTC-1,SA1035X4XB02879_CAATACGGTCCTTGTC-1,SA1035X4XB02879,A_I
.cache/SCRNA10X_SA_CHIP0142_002/filtered_feature_bc_matrix,CAATGACCAATTTCCT-1,SA1035X4XB02879_CAATGACCAATTTCCT-1,SA1035X4XB02879,H_K
.cache/SCRNA10X_SA_CHIP0142_002/filtered_feature_bc_matrix,CAGCGTGTCGGTAAGG-1,SA1035X4XB02879_CAGCGTGTCGGTAAGG-1,SA1035X4XB02879,H_K
.cache/SCRNA10X_SA_CHIP0142_002/filtered_feature_bc_matrix,CATACTTTCGAACTCA-1,SA1035X4XB02879_CATACTTTCGAACTCA-1,SA1035X4XB02879,B
.cache/SCRNA10X_SA_CHIP0142_002/filtered_feature_bc_matrix,CATGGATGTACGGTTT-1,SA1035X4XB02879_CATGGATGTACGGTTT-1,SA1035X4XB02879,A_I
.cache/SCRNA10X_SA_CHIP0142_002/filtered_feature_bc_matrix,CCACAAACACTCAGAT-1,SA1035X4XB02879_CCACAAACACTCAGAT-1,SA1035X4XB02879,H_K
.cache/SCRNA10X_SA_CHIP0142_002/filtered_feature_bc_matrix,CCATCACTCGTAACCA-1,SA1035X4XB02879_CCATCACTCGTAACCA-1,SA1035X4XB02879,B
.cache/SCRNA10X_SA_CHIP0142_002/filtered_feature_bc_matrix,CCCGGAATCTCATGCC-1,SA1035X4XB02879_CCCGGAATCTCATGCC-1,SA1035X4XB02879,B
.cache/SCRNA10X_SA_CHIP0142_002/filtered_feature_bc_matrix,CCTGCATAGGTGCCTC-1,SA1035X4XB02879_CCTGCATAGGTGCCTC-1,SA1035X4XB02879,A_I
.cache/SCRNA10X_SA_CHIP0142_002/filtered_feature_bc_matrix,CGCGTGAAGTACCATC-1,SA1035X4XB02879_CGCGTGAAGTACCATC-1,SA1035X4XB02879,A_I
.cache/SCRNA10X_SA_CHIP0142_002/filtered_feature_bc_matrix,CGCGTGAGTCCCTGTT-1,SA1035X4XB02879_CGCGTGAGTCCCTGTT-1,SA1035X4XB02879,H_K
.cache/SCRNA10X_SA_CHIP0142_002/filtered_feature_bc_matrix,CGGCAGTCATGAGGGT-1,SA1035X4XB02879_CGGCAGTCATGAGGGT-1,SA1035X4XB02879,H_K
.cache/SCRNA10X_SA_CHIP0142_002/filtered_feature_bc_matrix,CGTCCATGTCACTAGT-1,SA1035X4XB02879_CGTCCATGTCACTAGT-1,SA1035X4XB02879,B
.cache/SCRNA10X_SA_CHIP0142_002/filtered_feature_bc_matrix,CTACAGAAGAGAGAAC-1,SA1035X4XB02879_CTACAGAAGAGAGAAC-1,SA1035X4XB02879,A_I
.cache/SCRNA10X_SA_CHIP0142_002/filtered_feature_bc_matrix,CTCAACCAGAAGCGCT-1,SA1035X4XB02879_CTCAACCAGAAGCGCT-1,SA1035X4XB02879,A_I
.cache/SCRNA10X_SA_CHIP0142_002/filtered_feature_bc_matrix,CTCAGAACAGGCTCTG-1,SA1035X4XB02879_CTCAGAACAGGCTCTG-1,SA1035X4XB02879,B
.cache/SCRNA10X_SA_CHIP0142_002/filtered_feature_bc_matrix,CTGATCCCACGCTTAA-1,SA1035X4XB02879_CTGATCCCACGCTTAA-1,SA1035X4XB02879,H_K
.cache/SCRNA10X_SA_CHIP0142_002/filtered_feature_bc_matrix,CTTCAATCATGTCAGT-1,SA1035X4XB02879_CTTCAATCATGTCAGT-1,SA1035X4XB02879,H_K
.cache/SCRNA10X_SA_CHIP0142_002/filtered_feature_bc_matrix,CTTTCAACACCCTGTT-1,SA1035X4XB02879_CTTTCAACACCCTGTT-1,SA1035X4XB02879,B
.cache/SCRNA10X_SA_CHIP0142_002/filtered_feature_bc_matrix,GACATCACAGCCCACA-1,SA1035X4XB02879_GACATCACAGCCCACA-1,SA1035X4XB02879,A_I
.cache/SCRNA10X_SA_CHIP0142_002/filtered_feature_bc_matrix,GACTCTCCACTCACTC-1,SA1035X4XB02879_GACTCTCCACTCACTC-1,SA1035X4XB02879,A_I
.cache/SCRNA10X_SA_CHIP0142_002/filtered_feature_bc_matrix,GATAGCTAGACTTCCA-1,SA1035X4XB02879_GATAGCTAGACTTCCA-1,SA1035X4XB02879,A_I
.cache/SCRNA10X_SA_CHIP0142_002/filtered_feature_bc_matrix,GATCACACAAGAATGT-1,SA1035X4XB02879_GATCACACAAGAATGT-1,SA1035X4XB02879,H_K
.cache/SCRNA10X_SA_CHIP0142_002/filtered_feature_bc_matrix,GATGTTGTCGATCCAA-1,SA1035X4XB02879_GATGTTGTCGATCCAA-1,SA1035X4XB02879,C
.cache/SCRNA10X_SA_CHIP0142_002/filtered_feature_bc_matrix,GCAACCGTCTGTCGTC-1,SA1035X4XB02879_GCAACCGTCTGTCGTC-1,SA1035X4XB02879,C
.cache/SCRNA10X_SA_CHIP0142_002/filtered_feature_bc_matrix,GCATGATAGTGTCATC-1,SA1035X4XB02879_GCATGATAGTGTCATC-1,SA1035X4XB02879,C
.cache/SCRNA10X_SA_CHIP0142_002/filtered_feature_bc_matrix,GCCAACGAGCCATTGT-1,SA1035X4XB02879_GCCAACGAGCCATTGT-1,SA1035X4XB02879,C
.cache/SCRNA10X_SA_CHIP0142_002/filtered_feature_bc_matrix,GGCTTTCAGCCTATCA-1,SA1035X4XB02879_GGCTTTCAGCCTATCA-1,SA1035X4XB02879,H_K
.cache/SCRNA10X_SA_CHIP0142_002/filtered_feature_bc_matrix,GGGAAGTGTGAGATTA-1,SA1035X4XB02879_GGGAAGTGTGAGATTA-1,SA1035X4XB02879,C
.cache/SCRNA10X_SA_CHIP0142_002/filtered_feature_bc_matrix,GGGATCCCAGGCACTC-1,SA1035X4XB02879_GGGATCCCAGGCACTC-1,SA1035X4XB02879,unassigned
.cache/SCRNA10X_SA_CHIP0142_002/filtered_feature_bc_matrix,GGGCTACCACTACGGC-1,SA1035X4XB02879_GGGCTACCACTACGGC-1,SA1035X4XB02879,A_I
.cache/SCRNA10X_SA_CHIP0142_002/filtered_feature_bc_matrix,GGTAGAGTCAGCTCTC-1,SA1035X4XB02879_GGTAGAGTCAGCTCTC-1,SA1035X4XB02879,A_I
.cache/SCRNA10X_SA_CHIP0142_002/filtered_feature_bc_matrix,GGTTGTATCATGAAAG-1,SA1035X4XB02879_GGTTGTATCATGAAAG-1,SA1035X4XB02879,A_I
.cache/SCRNA10X_SA_CHIP0142_002/filtered_feature_bc_matrix,GTAACCATCGTTCCTG-1,SA1035X4XB02879_GTAACCATCGTTCCTG-1,SA1035X4XB02879,A_I
.cache/SCRNA10X_SA_CHIP0142_002/filtered_feature_bc_matrix,GTCTCACAGCCTGTGC-1,SA1035X4XB02879_GTCTCACAGCCTGTGC-1,SA1035X4XB02879,B
.cache/SCRNA10X_SA_CHIP0142_002/filtered_feature_bc_matrix,GTGGGAAGTTTACCAG-1,SA1035X4XB02879_GTGGGAAGTTTACCAG-1,SA1035X4XB02879,unassigned
.cache/SCRNA10X_SA_CHIP0142_002/filtered_feature_bc_matrix,GTGTAACTCCGAAGGA-1,SA1035X4XB02879_GTGTAACTCCGAAGGA-1,SA1035X4XB02879,B
.cache/SCRNA10X_SA_CHIP0142_002/filtered_feature_bc_matrix,GTTACCCAGCTCCATA-1,SA1035X4XB02879_GTTACCCAGCTCCATA-1,SA1035X4XB02879,A_I
.cache/SCRNA10X_SA_CHIP0142_002/filtered_feature_bc_matrix,GTTAGACCACCAGACC-1,SA1035X4XB02879_GTTAGACCACCAGACC-1,SA1035X4XB02879,B
.cache/SCRNA10X_SA_CHIP0142_002/filtered_feature_bc_matrix,GTTATGGGTAGGGAGG-1,SA1035X4XB02879_GTTATGGGTAGGGAGG-1,SA1035X4XB02879,B
.cache/SCRNA10X_SA_CHIP0142_002/filtered_feature_bc_matrix,TAATCTCAGCCGTAAG-1,SA1035X4XB02879_TAATCTCAGCCGTAAG-1,SA1035X4XB02879,C
.cache/SCRNA10X_SA_CHIP0142_002/filtered_feature_bc_matrix,TACCGAACATATTCGG-1,SA1035X4XB02879_TACCGAACATATTCGG-1,SA1035X4XB02879,A_I
.cache/SCRNA10X_SA_CHIP0142_002/filtered_feature_bc_matrix,TACGCTCCACTGAGGA-1,SA1035X4XB02879_TACGCTCCACTGAGGA-1,SA1035X4XB02879,B
.cache/SCRNA10X_SA_CHIP0142_002/filtered_feature_bc_matrix,TACTTCAAGAAGGGAT-1,SA1035X4XB02879_TACTTCAAGAAGGGAT-1,SA1035X4XB02879,unassigned
.cache/SCRNA10X_SA_CHIP0142_002/filtered_feature_bc_matrix,TACTTCACATCCGATA-1,SA1035X4XB02879_TACTTCACATCCGATA-1,SA1035X4XB02879,B
.cache/SCRNA10X_SA_CHIP0142_002/filtered_feature_bc_matrix,TCAGTGACAAATTAGG-1,SA1035X4XB02879_TCAGTGACAAATTAGG-1,SA1035X4XB02879,A_I
.cache/SCRNA10X_SA_CHIP0142_002/filtered_feature_bc_matrix,TCAGTTTAGGCGATAC-1,SA1035X4XB02879_TCAGTTTAGGCGATAC-1,SA1035X4XB02879,B
.cache/SCRNA10X_SA_CHIP0142_002/filtered_feature_bc_matrix,TCATACTAGAACTTCC-1,SA1035X4XB02879_TCATACTAGAACTTCC-1,SA1035X4XB02879,H_K
.cache/SCRNA10X_SA_CHIP0142_002/filtered_feature_bc_matrix,TCATATCGTACATTGC-1,SA1035X4XB02879_TCATATCGTACATTGC-1,SA1035X4XB02879,A_I
.cache/SCRNA10X_SA_CHIP0142_002/filtered_feature_bc_matrix,TCGTGCTCATGTACGT-1,SA1035X4XB02879_TCGTGCTCATGTACGT-1,SA1035X4XB02879,H_K
.cache/SCRNA10X_SA_CHIP0142_002/filtered_feature_bc_matrix,TCTATACCATGTTCGA-1,SA1035X4XB02879_TCTATACCATGTTCGA-1,SA1035X4XB02879,C
.cache/SCRNA10X_SA_CHIP0142_002/filtered_feature_bc_matrix,TCTGTCGTCAACGAGG-1,SA1035X4XB02879_TCTGTCGTCAACGAGG-1,SA1035X4XB02879,A_I
.cache/SCRNA10X_SA_CHIP0142_002/filtered_feature_bc_matrix,TGACCCTTCTTGGAAC-1,SA1035X4XB02879_TGACCCTTCTTGGAAC-1,SA1035X4XB02879,B
.cache/SCRNA10X_SA_CHIP0142_002/filtered_feature_bc_matrix,TGAGGGAAGCTGTGCC-1,SA1035X4XB02879_TGAGGGAAGCTGTGCC-1,SA1035X4XB02879,H_K
.cache/SCRNA10X_SA_CHIP0142_002/filtered_feature_bc_matrix,TTCACCGCAACTGAAA-1,SA1035X4XB02879_TTCACCGCAACTGAAA-1,SA1035X4XB02879,H_K
.cache/SCRNA10X_SA_CHIP0142_002/filtered_feature_bc_matrix,TTCTAGTCAACGGCTC-1,SA1035X4XB02879_TTCTAGTCAACGGCTC-1,SA1035X4XB02879,B
.cache/SCRNA10X_SA_CHIP0142_002/filtered_feature_bc_matrix,TTCTGTACAGAAACCG-1,SA1035X4XB02879_TTCTGTACAGAAACCG-1,SA1035X4XB02879,C
.cache/SCRNA10X_SA_CHIP0142_002/filtered_feature_bc_matrix,TTCTTCCAGAAGTCCG-1,SA1035X4XB02879_TTCTTCCAGAAGTCCG-1,SA1035X4XB02879,A_I
.cache/SCRNA10X_SA_CHIP0142_002/filtered_feature_bc_matrix,TTGTGTTTCCCGTTCA-1,SA1035X4XB02879_TTGTGTTTCCCGTTCA-1,SA1035X4XB02879,C
