Sample,Barcode,cell_id,id,clone
.cache/SCRNA10X_SA_CHIP0151_001/filtered_feature_bc_matrix,AAAGGTAGTCGCATTA-1,SA1035X8XB03425_AAAGGTAGTCGCATTA-1,SA1035X8XB03425,K
.cache/SCRNA10X_SA_CHIP0151_001/filtered_feature_bc_matrix,AAAGGTATCGGCATAT-1,SA1035X8XB03425_AAAGGTATCGGCATAT-1,SA1035X8XB03425,H
.cache/SCRNA10X_SA_CHIP0151_001/filtered_feature_bc_matrix,AAAGTCCAGGAATTAC-1,SA1035X8XB03425_AAAGTCCAGGAATTAC-1,SA1035X8XB03425,I
.cache/SCRNA10X_SA_CHIP0151_001/filtered_feature_bc_matrix,AACAAAGAGTCACGAG-1,SA1035X8XB03425_AACAAAGAGTCACGAG-1,SA1035X8XB03425,G
.cache/SCRNA10X_SA_CHIP0151_001/filtered_feature_bc_matrix,AACAACCTCTAGTACG-1,SA1035X8XB03425_AACAACCTCTAGTACG-1,SA1035X8XB03425,G
.cache/SCRNA10X_SA_CHIP0151_001/filtered_feature_bc_matrix,AACAAGACACCCTAAA-1,SA1035X8XB03425_AACAAGACACCCTAAA-1,SA1035X8XB03425,H
.cache/SCRNA10X_SA_CHIP0151_001/filtered_feature_bc_matrix,AACCAACCAACAAAGT-1,SA1035X8XB03425_AACCAACCAACAAAGT-1,SA1035X8XB03425,B
.cache/SCRNA10X_SA_CHIP0151_001/filtered_feature_bc_matrix,AACCATGAGAGGCCAT-1,SA1035X8XB03425_AACCATGAGAGGCCAT-1,SA1035X8XB03425,K
.cache/SCRNA10X_SA_CHIP0151_001/filtered_feature_bc_matrix,AACCTTTTCACTTGGA-1,SA1035X8XB03425_AACCTTTTCACTTGGA-1,SA1035X8XB03425,G
.cache/SCRNA10X_SA_CHIP0151_001/filtered_feature_bc_matrix,AACGAAACAGTGGCTC-1,SA1035X8XB03425_AACGAAACAGTGGCTC-1,SA1035X8XB03425,H
.cache/SCRNA10X_SA_CHIP0151_001/filtered_feature_bc_matrix,AAGAACACATCCGGCA-1,SA1035X8XB03425_AAGAACACATCCGGCA-1,SA1035X8XB03425,G
.cache/SCRNA10X_SA_CHIP0151_001/filtered_feature_bc_matrix,AAGACAAAGAATCTAG-1,SA1035X8XB03425_AAGACAAAGAATCTAG-1,SA1035X8XB03425,I
.cache/SCRNA10X_SA_CHIP0151_001/filtered_feature_bc_matrix,AAGCATCGTAGCCCTG-1,SA1035X8XB03425_AAGCATCGTAGCCCTG-1,SA1035X8XB03425,C
.cache/SCRNA10X_SA_CHIP0151_001/filtered_feature_bc_matrix,AAGCGAGAGAGGACTC-1,SA1035X8XB03425_AAGCGAGAGAGGACTC-1,SA1035X8XB03425,I
.cache/SCRNA10X_SA_CHIP0151_001/filtered_feature_bc_matrix,AAGCGAGCAGAATGTA-1,SA1035X8XB03425_AAGCGAGCAGAATGTA-1,SA1035X8XB03425,H
.cache/SCRNA10X_SA_CHIP0151_001/filtered_feature_bc_matrix,AAGCGAGTCACTAGCA-1,SA1035X8XB03425_AAGCGAGTCACTAGCA-1,SA1035X8XB03425,G
.cache/SCRNA10X_SA_CHIP0151_001/filtered_feature_bc_matrix,AAGCGTTGTCGCCACA-1,SA1035X8XB03425_AAGCGTTGTCGCCACA-1,SA1035X8XB03425,unassigned
.cache/SCRNA10X_SA_CHIP0151_001/filtered_feature_bc_matrix,AAGGAATAGTTTGTCG-1,SA1035X8XB03425_AAGGAATAGTTTGTCG-1,SA1035X8XB03425,G
.cache/SCRNA10X_SA_CHIP0151_001/filtered_feature_bc_matrix,AAGGAATTCAGTCTTT-1,SA1035X8XB03425_AAGGAATTCAGTCTTT-1,SA1035X8XB03425,G
.cache/SCRNA10X_SA_CHIP0151_001/filtered_feature_bc_matrix,AAGTACCCACGGCGTT-1,SA1035X8XB03425_AAGTACCCACGGCGTT-1,SA1035X8XB03425,C
.cache/SCRNA10X_SA_CHIP0151_001/filtered_feature_bc_matrix,AAGTCGTCATACCAGT-1,SA1035X8XB03425_AAGTCGTCATACCAGT-1,SA1035X8XB03425,G
.cache/SCRNA10X_SA_CHIP0151_001/filtered_feature_bc_matrix,AAGTTCGTCTACACTT-1,SA1035X8XB03425_AAGTTCGTCTACACTT-1,SA1035X8XB03425,H
.cache/SCRNA10X_SA_CHIP0151_001/filtered_feature_bc_matrix,AATGAAGCATGCCGCA-1,SA1035X8XB03425_AATGAAGCATGCCGCA-1,SA1035X8XB03425,G
.cache/SCRNA10X_SA_CHIP0151_001/filtered_feature_bc_matrix,AATGCCATCTTTCTAG-1,SA1035X8XB03425_AATGCCATCTTTCTAG-1,SA1035X8XB03425,H
.cache/SCRNA10X_SA_CHIP0151_001/filtered_feature_bc_matrix,AATTTCCCAACACGTT-1,SA1035X8XB03425_AATTTCCCAACACGTT-1,SA1035X8XB03425,G
.cache/SCRNA10X_SA_CHIP0151_001/filtered_feature_bc_matrix,ACAACCAAGCTTTGTG-1,SA1035X8XB03425_ACAACCAAGCTTTGTG-1,SA1035X8XB03425,B
.cache/SCRNA10X_SA_CHIP0151_001/filtered_feature_bc_matrix,ACAAGCTCAAATGGTA-1,SA1035X8XB03425_ACAAGCTCAAATGGTA-1,SA1035X8XB03425,H
.cache/SCRNA10X_SA_CHIP0151_001/filtered_feature_bc_matrix,ACATGCAAGGTCACTT-1,SA1035X8XB03425_ACATGCAAGGTCACTT-1,SA1035X8XB03425,G
.cache/SCRNA10X_SA_CHIP0151_001/filtered_feature_bc_matrix,ACCAAACTCCCTCGTA-1,SA1035X8XB03425_ACCAAACTCCCTCGTA-1,SA1035X8XB03425,H
.cache/SCRNA10X_SA_CHIP0151_001/filtered_feature_bc_matrix,ACCCAAACAAACCATC-1,SA1035X8XB03425_ACCCAAACAAACCATC-1,SA1035X8XB03425,H
.cache/SCRNA10X_SA_CHIP0151_001/filtered_feature_bc_matrix,ACGATGTAGATCCTAC-1,SA1035X8XB03425_ACGATGTAGATCCTAC-1,SA1035X8XB03425,H
.cache/SCRNA10X_SA_CHIP0151_001/filtered_feature_bc_matrix,ACGATGTGTAGCTGTT-1,SA1035X8XB03425_ACGATGTGTAGCTGTT-1,SA1035X8XB03425,H
.cache/SCRNA10X_SA_CHIP0151_001/filtered_feature_bc_matrix,ACGTAACTCTGAGGCC-1,SA1035X8XB03425_ACGTAACTCTGAGGCC-1,SA1035X8XB03425,G
.cache/SCRNA10X_SA_CHIP0151_001/filtered_feature_bc_matrix,ACGTACAGTGCACGCT-1,SA1035X8XB03425_ACGTACAGTGCACGCT-1,SA1035X8XB03425,G
.cache/SCRNA10X_SA_CHIP0151_001/filtered_feature_bc_matrix,ACTACGAAGCTGTTAC-1,SA1035X8XB03425_ACTACGAAGCTGTTAC-1,SA1035X8XB03425,G
.cache/SCRNA10X_SA_CHIP0151_001/filtered_feature_bc_matrix,ACTATCTTCCTTACCG-1,SA1035X8XB03425_ACTATCTTCCTTACCG-1,SA1035X8XB03425,G
.cache/SCRNA10X_SA_CHIP0151_001/filtered_feature_bc_matrix,ACTATTCCAATGAGCG-1,SA1035X8XB03425_ACTATTCCAATGAGCG-1,SA1035X8XB03425,I
.cache/SCRNA10X_SA_CHIP0151_001/filtered_feature_bc_matrix,ACTCCCACACACCTAA-1,SA1035X8XB03425_ACTCCCACACACCTAA-1,SA1035X8XB03425,G
.cache/SCRNA10X_SA_CHIP0151_001/filtered_feature_bc_matrix,ACTGCAATCTGTGCGG-1,SA1035X8XB03425_ACTGCAATCTGTGCGG-1,SA1035X8XB03425,G
.cache/SCRNA10X_SA_CHIP0151_001/filtered_feature_bc_matrix,ACTGTCCGTCAGTCCG-1,SA1035X8XB03425_ACTGTCCGTCAGTCCG-1,SA1035X8XB03425,I
.cache/SCRNA10X_SA_CHIP0151_001/filtered_feature_bc_matrix,ACTTCGCTCAGCGCAC-1,SA1035X8XB03425_ACTTCGCTCAGCGCAC-1,SA1035X8XB03425,C
.cache/SCRNA10X_SA_CHIP0151_001/filtered_feature_bc_matrix,AGAACAATCGCGCCAA-1,SA1035X8XB03425_AGAACAATCGCGCCAA-1,SA1035X8XB03425,H
.cache/SCRNA10X_SA_CHIP0151_001/filtered_feature_bc_matrix,AGAAGTATCACTACTT-1,SA1035X8XB03425_AGAAGTATCACTACTT-1,SA1035X8XB03425,G
.cache/SCRNA10X_SA_CHIP0151_001/filtered_feature_bc_matrix,AGACAGGCAAGGATGC-1,SA1035X8XB03425_AGACAGGCAAGGATGC-1,SA1035X8XB03425,G
.cache/SCRNA10X_SA_CHIP0151_001/filtered_feature_bc_matrix,AGACCCGCATATTCGG-1,SA1035X8XB03425_AGACCCGCATATTCGG-1,SA1035X8XB03425,H
.cache/SCRNA10X_SA_CHIP0151_001/filtered_feature_bc_matrix,AGAGAATTCTGAGGTT-1,SA1035X8XB03425_AGAGAATTCTGAGGTT-1,SA1035X8XB03425,G
.cache/SCRNA10X_SA_CHIP0151_001/filtered_feature_bc_matrix,AGAGAGCTCCGTATAG-1,SA1035X8XB03425_AGAGAGCTCCGTATAG-1,SA1035X8XB03425,G
.cache/SCRNA10X_SA_CHIP0151_001/filtered_feature_bc_matrix,AGAGAGCTCGAGCACC-1,SA1035X8XB03425_AGAGAGCTCGAGCACC-1,SA1035X8XB03425,G
.cache/SCRNA10X_SA_CHIP0151_001/filtered_feature_bc_matrix,AGATCCATCTCATTAC-1,SA1035X8XB03425_AGATCCATCTCATTAC-1,SA1035X8XB03425,C
.cache/SCRNA10X_SA_CHIP0151_001/filtered_feature_bc_matrix,AGATGAAAGGGAGGAC-1,SA1035X8XB03425_AGATGAAAGGGAGGAC-1,SA1035X8XB03425,B
.cache/SCRNA10X_SA_CHIP0151_001/filtered_feature_bc_matrix,AGATGAACAAGGATGC-1,SA1035X8XB03425_AGATGAACAAGGATGC-1,SA1035X8XB03425,C
.cache/SCRNA10X_SA_CHIP0151_001/filtered_feature_bc_matrix,AGATGAAGTGAGCTCC-1,SA1035X8XB03425_AGATGAAGTGAGCTCC-1,SA1035X8XB03425,G
.cache/SCRNA10X_SA_CHIP0151_001/filtered_feature_bc_matrix,AGCATCAGTGCCTGCA-1,SA1035X8XB03425_AGCATCAGTGCCTGCA-1,SA1035X8XB03425,H
.cache/SCRNA10X_SA_CHIP0151_001/filtered_feature_bc_matrix,AGCGATTCAAATACAG-1,SA1035X8XB03425_AGCGATTCAAATACAG-1,SA1035X8XB03425,H
.cache/SCRNA10X_SA_CHIP0151_001/filtered_feature_bc_matrix,AGCGATTCATATAGCC-1,SA1035X8XB03425_AGCGATTCATATAGCC-1,SA1035X8XB03425,H
.cache/SCRNA10X_SA_CHIP0151_001/filtered_feature_bc_matrix,AGCTCAACAGCTGCCA-1,SA1035X8XB03425_AGCTCAACAGCTGCCA-1,SA1035X8XB03425,B
.cache/SCRNA10X_SA_CHIP0151_001/filtered_feature_bc_matrix,AGGAATAGTAGACGGT-1,SA1035X8XB03425_AGGAATAGTAGACGGT-1,SA1035X8XB03425,G
.cache/SCRNA10X_SA_CHIP0151_001/filtered_feature_bc_matrix,AGGACTTCAATCGTCA-1,SA1035X8XB03425_AGGACTTCAATCGTCA-1,SA1035X8XB03425,I
.cache/SCRNA10X_SA_CHIP0151_001/filtered_feature_bc_matrix,AGGATCTAGATGGTCG-1,SA1035X8XB03425_AGGATCTAGATGGTCG-1,SA1035X8XB03425,H
.cache/SCRNA10X_SA_CHIP0151_001/filtered_feature_bc_matrix,AGGATCTTCTTTCTAG-1,SA1035X8XB03425_AGGATCTTCTTTCTAG-1,SA1035X8XB03425,H
.cache/SCRNA10X_SA_CHIP0151_001/filtered_feature_bc_matrix,AGGGCCTTCTGCAGCG-1,SA1035X8XB03425_AGGGCCTTCTGCAGCG-1,SA1035X8XB03425,H
.cache/SCRNA10X_SA_CHIP0151_001/filtered_feature_bc_matrix,AGGGTGATCAACCCGG-1,SA1035X8XB03425_AGGGTGATCAACCCGG-1,SA1035X8XB03425,G
.cache/SCRNA10X_SA_CHIP0151_001/filtered_feature_bc_matrix,AGTCTCCCATATTCGG-1,SA1035X8XB03425_AGTCTCCCATATTCGG-1,SA1035X8XB03425,B
.cache/SCRNA10X_SA_CHIP0151_001/filtered_feature_bc_matrix,AGTGCCGCATCTTTCA-1,SA1035X8XB03425_AGTGCCGCATCTTTCA-1,SA1035X8XB03425,I
.cache/SCRNA10X_SA_CHIP0151_001/filtered_feature_bc_matrix,AGTGCCGTCCTGGTCT-1,SA1035X8XB03425_AGTGCCGTCCTGGTCT-1,SA1035X8XB03425,H
.cache/SCRNA10X_SA_CHIP0151_001/filtered_feature_bc_matrix,AGTGTTGCATTGACTG-1,SA1035X8XB03425_AGTGTTGCATTGACTG-1,SA1035X8XB03425,H
.cache/SCRNA10X_SA_CHIP0151_001/filtered_feature_bc_matrix,AGTTCGATCCCTATTA-1,SA1035X8XB03425_AGTTCGATCCCTATTA-1,SA1035X8XB03425,I
.cache/SCRNA10X_SA_CHIP0151_001/filtered_feature_bc_matrix,ATACTTCTCTTCTGGC-1,SA1035X8XB03425_ATACTTCTCTTCTGGC-1,SA1035X8XB03425,C
.cache/SCRNA10X_SA_CHIP0151_001/filtered_feature_bc_matrix,ATAGAGACATACCAGT-1,SA1035X8XB03425_ATAGAGACATACCAGT-1,SA1035X8XB03425,H
.cache/SCRNA10X_SA_CHIP0151_001/filtered_feature_bc_matrix,ATAGGCTGTCTTAGTG-1,SA1035X8XB03425_ATAGGCTGTCTTAGTG-1,SA1035X8XB03425,H
.cache/SCRNA10X_SA_CHIP0151_001/filtered_feature_bc_matrix,ATCATTCGTTTGGCTA-1,SA1035X8XB03425_ATCATTCGTTTGGCTA-1,SA1035X8XB03425,G
.cache/SCRNA10X_SA_CHIP0151_001/filtered_feature_bc_matrix,ATCCACCGTCGGCCTA-1,SA1035X8XB03425_ATCCACCGTCGGCCTA-1,SA1035X8XB03425,G
.cache/SCRNA10X_SA_CHIP0151_001/filtered_feature_bc_matrix,ATGATCGAGGCGAAGG-1,SA1035X8XB03425_ATGATCGAGGCGAAGG-1,SA1035X8XB03425,G
.cache/SCRNA10X_SA_CHIP0151_001/filtered_feature_bc_matrix,ATGATCGTCGGCAGTC-1,SA1035X8XB03425_ATGATCGTCGGCAGTC-1,SA1035X8XB03425,G
.cache/SCRNA10X_SA_CHIP0151_001/filtered_feature_bc_matrix,ATGGAGGAGTTTGAGA-1,SA1035X8XB03425_ATGGAGGAGTTTGAGA-1,SA1035X8XB03425,G
.cache/SCRNA10X_SA_CHIP0151_001/filtered_feature_bc_matrix,ATGGATCGTAGTAAGT-1,SA1035X8XB03425_ATGGATCGTAGTAAGT-1,SA1035X8XB03425,H
.cache/SCRNA10X_SA_CHIP0151_001/filtered_feature_bc_matrix,ATGGGAGTCCTGGCTT-1,SA1035X8XB03425_ATGGGAGTCCTGGCTT-1,SA1035X8XB03425,C
.cache/SCRNA10X_SA_CHIP0151_001/filtered_feature_bc_matrix,ATTCACTTCAAACTGC-1,SA1035X8XB03425_ATTCACTTCAAACTGC-1,SA1035X8XB03425,G
.cache/SCRNA10X_SA_CHIP0151_001/filtered_feature_bc_matrix,ATTCCCGTCCCGAACG-1,SA1035X8XB03425_ATTCCCGTCCCGAACG-1,SA1035X8XB03425,G
.cache/SCRNA10X_SA_CHIP0151_001/filtered_feature_bc_matrix,ATTCCTAGTGATTCAC-1,SA1035X8XB03425_ATTCCTAGTGATTCAC-1,SA1035X8XB03425,K
.cache/SCRNA10X_SA_CHIP0151_001/filtered_feature_bc_matrix,ATTGGGTTCCATTTGT-1,SA1035X8XB03425_ATTGGGTTCCATTTGT-1,SA1035X8XB03425,I
.cache/SCRNA10X_SA_CHIP0151_001/filtered_feature_bc_matrix,ATTGTTCTCCGTGGCA-1,SA1035X8XB03425_ATTGTTCTCCGTGGCA-1,SA1035X8XB03425,H
.cache/SCRNA10X_SA_CHIP0151_001/filtered_feature_bc_matrix,CAAAGAAGTACATACC-1,SA1035X8XB03425_CAAAGAAGTACATACC-1,SA1035X8XB03425,H
.cache/SCRNA10X_SA_CHIP0151_001/filtered_feature_bc_matrix,CAACAACGTGGGCTCT-1,SA1035X8XB03425_CAACAACGTGGGCTCT-1,SA1035X8XB03425,B
.cache/SCRNA10X_SA_CHIP0151_001/filtered_feature_bc_matrix,CAAGCTAAGCTACTGT-1,SA1035X8XB03425_CAAGCTAAGCTACTGT-1,SA1035X8XB03425,B
.cache/SCRNA10X_SA_CHIP0151_001/filtered_feature_bc_matrix,CAAGGGACACCAATTG-1,SA1035X8XB03425_CAAGGGACACCAATTG-1,SA1035X8XB03425,H
.cache/SCRNA10X_SA_CHIP0151_001/filtered_feature_bc_matrix,CAATACGAGCAGGCAT-1,SA1035X8XB03425_CAATACGAGCAGGCAT-1,SA1035X8XB03425,G
.cache/SCRNA10X_SA_CHIP0151_001/filtered_feature_bc_matrix,CAATGACGTAACGTTC-1,SA1035X8XB03425_CAATGACGTAACGTTC-1,SA1035X8XB03425,C
.cache/SCRNA10X_SA_CHIP0151_001/filtered_feature_bc_matrix,CACCAAACAAGGCGTA-1,SA1035X8XB03425_CACCAAACAAGGCGTA-1,SA1035X8XB03425,C
.cache/SCRNA10X_SA_CHIP0151_001/filtered_feature_bc_matrix,CACGGGTGTGGTATGG-1,SA1035X8XB03425_CACGGGTGTGGTATGG-1,SA1035X8XB03425,I
.cache/SCRNA10X_SA_CHIP0151_001/filtered_feature_bc_matrix,CACTGGGCATACCGTA-1,SA1035X8XB03425_CACTGGGCATACCGTA-1,SA1035X8XB03425,G
.cache/SCRNA10X_SA_CHIP0151_001/filtered_feature_bc_matrix,CACTGTCAGCCATATC-1,SA1035X8XB03425_CACTGTCAGCCATATC-1,SA1035X8XB03425,I
.cache/SCRNA10X_SA_CHIP0151_001/filtered_feature_bc_matrix,CAGGTATAGAAGCCAC-1,SA1035X8XB03425_CAGGTATAGAAGCCAC-1,SA1035X8XB03425,H
.cache/SCRNA10X_SA_CHIP0151_001/filtered_feature_bc_matrix,CATACCCAGATGGGCT-1,SA1035X8XB03425_CATACCCAGATGGGCT-1,SA1035X8XB03425,G
.cache/SCRNA10X_SA_CHIP0151_001/filtered_feature_bc_matrix,CATACTTGTGTGTGGA-1,SA1035X8XB03425_CATACTTGTGTGTGGA-1,SA1035X8XB03425,G
.cache/SCRNA10X_SA_CHIP0151_001/filtered_feature_bc_matrix,CATCCACTCAACACCA-1,SA1035X8XB03425_CATCCACTCAACACCA-1,SA1035X8XB03425,H
.cache/SCRNA10X_SA_CHIP0151_001/filtered_feature_bc_matrix,CATCCCAGTGGACCTC-1,SA1035X8XB03425_CATCCCAGTGGACCTC-1,SA1035X8XB03425,B
.cache/SCRNA10X_SA_CHIP0151_001/filtered_feature_bc_matrix,CATCCGTCAAATCAAG-1,SA1035X8XB03425_CATCCGTCAAATCAAG-1,SA1035X8XB03425,I
.cache/SCRNA10X_SA_CHIP0151_001/filtered_feature_bc_matrix,CATGCAACAATAGGAT-1,SA1035X8XB03425_CATGCAACAATAGGAT-1,SA1035X8XB03425,B
.cache/SCRNA10X_SA_CHIP0151_001/filtered_feature_bc_matrix,CATGCCTAGGAATGTT-1,SA1035X8XB03425_CATGCCTAGGAATGTT-1,SA1035X8XB03425,H
.cache/SCRNA10X_SA_CHIP0151_001/filtered_feature_bc_matrix,CATTCATCAGCCTATA-1,SA1035X8XB03425_CATTCATCAGCCTATA-1,SA1035X8XB03425,H
.cache/SCRNA10X_SA_CHIP0151_001/filtered_feature_bc_matrix,CATTGTTGTAAGATCA-1,SA1035X8XB03425_CATTGTTGTAAGATCA-1,SA1035X8XB03425,G
.cache/SCRNA10X_SA_CHIP0151_001/filtered_feature_bc_matrix,CATTTCAAGCAATAGT-1,SA1035X8XB03425_CATTTCAAGCAATAGT-1,SA1035X8XB03425,G
.cache/SCRNA10X_SA_CHIP0151_001/filtered_feature_bc_matrix,CCACCATCAAGAGGTC-1,SA1035X8XB03425_CCACCATCAAGAGGTC-1,SA1035X8XB03425,G
.cache/SCRNA10X_SA_CHIP0151_001/filtered_feature_bc_matrix,CCACGAGCAATATCCG-1,SA1035X8XB03425_CCACGAGCAATATCCG-1,SA1035X8XB03425,unassigned
.cache/SCRNA10X_SA_CHIP0151_001/filtered_feature_bc_matrix,CCATCACCATTCCTCG-1,SA1035X8XB03425_CCATCACCATTCCTCG-1,SA1035X8XB03425,C
.cache/SCRNA10X_SA_CHIP0151_001/filtered_feature_bc_matrix,CCCGAAGGTGAGACGT-1,SA1035X8XB03425_CCCGAAGGTGAGACGT-1,SA1035X8XB03425,I
.cache/SCRNA10X_SA_CHIP0151_001/filtered_feature_bc_matrix,CCCTAACTCCGCAAAT-1,SA1035X8XB03425_CCCTAACTCCGCAAAT-1,SA1035X8XB03425,H
.cache/SCRNA10X_SA_CHIP0151_001/filtered_feature_bc_matrix,CCCTCAAAGACTACCT-1,SA1035X8XB03425_CCCTCAAAGACTACCT-1,SA1035X8XB03425,H
.cache/SCRNA10X_SA_CHIP0151_001/filtered_feature_bc_matrix,CCCTCAATCCAATCCC-1,SA1035X8XB03425_CCCTCAATCCAATCCC-1,SA1035X8XB03425,I
.cache/SCRNA10X_SA_CHIP0151_001/filtered_feature_bc_matrix,CCCTCTCCAAGTCCAT-1,SA1035X8XB03425_CCCTCTCCAAGTCCAT-1,SA1035X8XB03425,I
.cache/SCRNA10X_SA_CHIP0151_001/filtered_feature_bc_matrix,CCCTGATAGGATGCGT-1,SA1035X8XB03425_CCCTGATAGGATGCGT-1,SA1035X8XB03425,H
.cache/SCRNA10X_SA_CHIP0151_001/filtered_feature_bc_matrix,CCGCAAGGTTCGTTCC-1,SA1035X8XB03425_CCGCAAGGTTCGTTCC-1,SA1035X8XB03425,G
.cache/SCRNA10X_SA_CHIP0151_001/filtered_feature_bc_matrix,CCTAACCAGCTAGTTC-1,SA1035X8XB03425_CCTAACCAGCTAGTTC-1,SA1035X8XB03425,I
.cache/SCRNA10X_SA_CHIP0151_001/filtered_feature_bc_matrix,CCTCAGTGTCACGACC-1,SA1035X8XB03425_CCTCAGTGTCACGACC-1,SA1035X8XB03425,G
.cache/SCRNA10X_SA_CHIP0151_001/filtered_feature_bc_matrix,CCTCATGTCATCGCTC-1,SA1035X8XB03425_CCTCATGTCATCGCTC-1,SA1035X8XB03425,H
.cache/SCRNA10X_SA_CHIP0151_001/filtered_feature_bc_matrix,CCTCTAGTCGTTACCC-1,SA1035X8XB03425_CCTCTAGTCGTTACCC-1,SA1035X8XB03425,G
.cache/SCRNA10X_SA_CHIP0151_001/filtered_feature_bc_matrix,CCTCTCCCATCTTAGG-1,SA1035X8XB03425_CCTCTCCCATCTTAGG-1,SA1035X8XB03425,C
.cache/SCRNA10X_SA_CHIP0151_001/filtered_feature_bc_matrix,CGAAGGACACGGCGTT-1,SA1035X8XB03425_CGAAGGACACGGCGTT-1,SA1035X8XB03425,unassigned
.cache/SCRNA10X_SA_CHIP0151_001/filtered_feature_bc_matrix,CGACAGCCACTGGACC-1,SA1035X8XB03425_CGACAGCCACTGGACC-1,SA1035X8XB03425,H
.cache/SCRNA10X_SA_CHIP0151_001/filtered_feature_bc_matrix,CGAGGAAAGCATGATA-1,SA1035X8XB03425_CGAGGAAAGCATGATA-1,SA1035X8XB03425,G
.cache/SCRNA10X_SA_CHIP0151_001/filtered_feature_bc_matrix,CGCATAAAGCGTGAGT-1,SA1035X8XB03425_CGCATAAAGCGTGAGT-1,SA1035X8XB03425,G
.cache/SCRNA10X_SA_CHIP0151_001/filtered_feature_bc_matrix,CGCCAGACAGCTGAAG-1,SA1035X8XB03425_CGCCAGACAGCTGAAG-1,SA1035X8XB03425,H
.cache/SCRNA10X_SA_CHIP0151_001/filtered_feature_bc_matrix,CGCCATTTCATTTGTC-1,SA1035X8XB03425_CGCCATTTCATTTGTC-1,SA1035X8XB03425,G
.cache/SCRNA10X_SA_CHIP0151_001/filtered_feature_bc_matrix,CGCGTGACAAGTCCAT-1,SA1035X8XB03425_CGCGTGACAAGTCCAT-1,SA1035X8XB03425,H
.cache/SCRNA10X_SA_CHIP0151_001/filtered_feature_bc_matrix,CGCGTGATCATCCCGT-1,SA1035X8XB03425_CGCGTGATCATCCCGT-1,SA1035X8XB03425,G
.cache/SCRNA10X_SA_CHIP0151_001/filtered_feature_bc_matrix,CGGAATTCACCGCTGA-1,SA1035X8XB03425_CGGAATTCACCGCTGA-1,SA1035X8XB03425,H
.cache/SCRNA10X_SA_CHIP0151_001/filtered_feature_bc_matrix,CGGCAGTTCTGAGCAT-1,SA1035X8XB03425_CGGCAGTTCTGAGCAT-1,SA1035X8XB03425,H
.cache/SCRNA10X_SA_CHIP0151_001/filtered_feature_bc_matrix,CGGGCATAGAGAGAAC-1,SA1035X8XB03425_CGGGCATAGAGAGAAC-1,SA1035X8XB03425,H
.cache/SCRNA10X_SA_CHIP0151_001/filtered_feature_bc_matrix,CGTAAGTGTCAATGGG-1,SA1035X8XB03425_CGTAAGTGTCAATGGG-1,SA1035X8XB03425,B
.cache/SCRNA10X_SA_CHIP0151_001/filtered_feature_bc_matrix,CGTGAATTCCCGATCT-1,SA1035X8XB03425_CGTGAATTCCCGATCT-1,SA1035X8XB03425,H
.cache/SCRNA10X_SA_CHIP0151_001/filtered_feature_bc_matrix,CGTTGGGCAATACCCA-1,SA1035X8XB03425_CGTTGGGCAATACCCA-1,SA1035X8XB03425,I
.cache/SCRNA10X_SA_CHIP0151_001/filtered_feature_bc_matrix,CTAACTTAGACCCTTA-1,SA1035X8XB03425_CTAACTTAGACCCTTA-1,SA1035X8XB03425,I
.cache/SCRNA10X_SA_CHIP0151_001/filtered_feature_bc_matrix,CTAAGTGGTAGCACAG-1,SA1035X8XB03425_CTAAGTGGTAGCACAG-1,SA1035X8XB03425,H
.cache/SCRNA10X_SA_CHIP0151_001/filtered_feature_bc_matrix,CTACATTTCAACACGT-1,SA1035X8XB03425_CTACATTTCAACACGT-1,SA1035X8XB03425,G
.cache/SCRNA10X_SA_CHIP0151_001/filtered_feature_bc_matrix,CTACGGGAGGAAGTGA-1,SA1035X8XB03425_CTACGGGAGGAAGTGA-1,SA1035X8XB03425,G
.cache/SCRNA10X_SA_CHIP0151_001/filtered_feature_bc_matrix,CTACTATTCGGTTAGT-1,SA1035X8XB03425_CTACTATTCGGTTAGT-1,SA1035X8XB03425,H
.cache/SCRNA10X_SA_CHIP0151_001/filtered_feature_bc_matrix,CTATCCGCAACCGCCA-1,SA1035X8XB03425_CTATCCGCAACCGCCA-1,SA1035X8XB03425,H
.cache/SCRNA10X_SA_CHIP0151_001/filtered_feature_bc_matrix,CTATCCGCATTCTCCG-1,SA1035X8XB03425_CTATCCGCATTCTCCG-1,SA1035X8XB03425,H
.cache/SCRNA10X_SA_CHIP0151_001/filtered_feature_bc_matrix,CTATCCGGTCGGAAAC-1,SA1035X8XB03425_CTATCCGGTCGGAAAC-1,SA1035X8XB03425,C
.cache/SCRNA10X_SA_CHIP0151_001/filtered_feature_bc_matrix,CTCAACCTCCCAAGTA-1,SA1035X8XB03425_CTCAACCTCCCAAGTA-1,SA1035X8XB03425,G
.cache/SCRNA10X_SA_CHIP0151_001/filtered_feature_bc_matrix,CTCAATTGTATTTCGG-1,SA1035X8XB03425_CTCAATTGTATTTCGG-1,SA1035X8XB03425,G
.cache/SCRNA10X_SA_CHIP0151_001/filtered_feature_bc_matrix,CTCCCAATCCACGGGT-1,SA1035X8XB03425_CTCCCAATCCACGGGT-1,SA1035X8XB03425,H
.cache/SCRNA10X_SA_CHIP0151_001/filtered_feature_bc_matrix,CTCCCTCTCATGCATG-1,SA1035X8XB03425_CTCCCTCTCATGCATG-1,SA1035X8XB03425,H
.cache/SCRNA10X_SA_CHIP0151_001/filtered_feature_bc_matrix,CTCGAGGGTTGCGGCT-1,SA1035X8XB03425_CTCGAGGGTTGCGGCT-1,SA1035X8XB03425,unassigned
.cache/SCRNA10X_SA_CHIP0151_001/filtered_feature_bc_matrix,CTGAATGCATCGCCTT-1,SA1035X8XB03425_CTGAATGCATCGCCTT-1,SA1035X8XB03425,H
.cache/SCRNA10X_SA_CHIP0151_001/filtered_feature_bc_matrix,CTGCAGGCACCGCTGA-1,SA1035X8XB03425_CTGCAGGCACCGCTGA-1,SA1035X8XB03425,H
.cache/SCRNA10X_SA_CHIP0151_001/filtered_feature_bc_matrix,CTGCCTATCACCCTCA-1,SA1035X8XB03425_CTGCCTATCACCCTCA-1,SA1035X8XB03425,B
.cache/SCRNA10X_SA_CHIP0151_001/filtered_feature_bc_matrix,CTGCTCATCTTTCCAA-1,SA1035X8XB03425_CTGCTCATCTTTCCAA-1,SA1035X8XB03425,I
.cache/SCRNA10X_SA_CHIP0151_001/filtered_feature_bc_matrix,CTGGCAGAGGTGCGAT-1,SA1035X8XB03425_CTGGCAGAGGTGCGAT-1,SA1035X8XB03425,B
.cache/SCRNA10X_SA_CHIP0151_001/filtered_feature_bc_matrix,CTGGCAGTCCGACAGC-1,SA1035X8XB03425_CTGGCAGTCCGACAGC-1,SA1035X8XB03425,G
.cache/SCRNA10X_SA_CHIP0151_001/filtered_feature_bc_matrix,CTGGTCTGTACAACGG-1,SA1035X8XB03425_CTGGTCTGTACAACGG-1,SA1035X8XB03425,K
.cache/SCRNA10X_SA_CHIP0151_001/filtered_feature_bc_matrix,CTGTCGTCATGACAGG-1,SA1035X8XB03425_CTGTCGTCATGACAGG-1,SA1035X8XB03425,K
.cache/SCRNA10X_SA_CHIP0151_001/filtered_feature_bc_matrix,CTGTCGTTCCGACATA-1,SA1035X8XB03425_CTGTCGTTCCGACATA-1,SA1035X8XB03425,G
.cache/SCRNA10X_SA_CHIP0151_001/filtered_feature_bc_matrix,CTGTGAAAGTTTCAGC-1,SA1035X8XB03425_CTGTGAAAGTTTCAGC-1,SA1035X8XB03425,C
.cache/SCRNA10X_SA_CHIP0151_001/filtered_feature_bc_matrix,CTTAGGAGTATGACAA-1,SA1035X8XB03425_CTTAGGAGTATGACAA-1,SA1035X8XB03425,I
.cache/SCRNA10X_SA_CHIP0151_001/filtered_feature_bc_matrix,CTTCCGAGTCTTCTAT-1,SA1035X8XB03425_CTTCCGAGTCTTCTAT-1,SA1035X8XB03425,H
.cache/SCRNA10X_SA_CHIP0151_001/filtered_feature_bc_matrix,CTTCCTTAGAAGGCTC-1,SA1035X8XB03425_CTTCCTTAGAAGGCTC-1,SA1035X8XB03425,G
.cache/SCRNA10X_SA_CHIP0151_001/filtered_feature_bc_matrix,CTTCTAAGTGTCTTGA-1,SA1035X8XB03425_CTTCTAAGTGTCTTGA-1,SA1035X8XB03425,H
.cache/SCRNA10X_SA_CHIP0151_001/filtered_feature_bc_matrix,GAAACCTGTCCCAAAT-1,SA1035X8XB03425_GAAACCTGTCCCAAAT-1,SA1035X8XB03425,H
.cache/SCRNA10X_SA_CHIP0151_001/filtered_feature_bc_matrix,GAAATGACAGGACTTT-1,SA1035X8XB03425_GAAATGACAGGACTTT-1,SA1035X8XB03425,G
.cache/SCRNA10X_SA_CHIP0151_001/filtered_feature_bc_matrix,GAACACTCAAGACCTT-1,SA1035X8XB03425_GAACACTCAAGACCTT-1,SA1035X8XB03425,G
.cache/SCRNA10X_SA_CHIP0151_001/filtered_feature_bc_matrix,GAACTGTGTGCCTAAT-1,SA1035X8XB03425_GAACTGTGTGCCTAAT-1,SA1035X8XB03425,G
.cache/SCRNA10X_SA_CHIP0151_001/filtered_feature_bc_matrix,GAAGAATGTGGCCTCA-1,SA1035X8XB03425_GAAGAATGTGGCCTCA-1,SA1035X8XB03425,C
.cache/SCRNA10X_SA_CHIP0151_001/filtered_feature_bc_matrix,GAATAGAAGGCTAGCA-1,SA1035X8XB03425_GAATAGAAGGCTAGCA-1,SA1035X8XB03425,H
.cache/SCRNA10X_SA_CHIP0151_001/filtered_feature_bc_matrix,GACACGCGTACCCAGC-1,SA1035X8XB03425_GACACGCGTACCCAGC-1,SA1035X8XB03425,B
.cache/SCRNA10X_SA_CHIP0151_001/filtered_feature_bc_matrix,GACCAATAGAGACAAG-1,SA1035X8XB03425_GACCAATAGAGACAAG-1,SA1035X8XB03425,H
.cache/SCRNA10X_SA_CHIP0151_001/filtered_feature_bc_matrix,GACCAATTCTGGAGAG-1,SA1035X8XB03425_GACCAATTCTGGAGAG-1,SA1035X8XB03425,G
.cache/SCRNA10X_SA_CHIP0151_001/filtered_feature_bc_matrix,GACCGTGTCTCATTGT-1,SA1035X8XB03425_GACCGTGTCTCATTGT-1,SA1035X8XB03425,G
.cache/SCRNA10X_SA_CHIP0151_001/filtered_feature_bc_matrix,GACGCTGTCGAGCACC-1,SA1035X8XB03425_GACGCTGTCGAGCACC-1,SA1035X8XB03425,G
.cache/SCRNA10X_SA_CHIP0151_001/filtered_feature_bc_matrix,GACTATGCATAACAGA-1,SA1035X8XB03425_GACTATGCATAACAGA-1,SA1035X8XB03425,H
.cache/SCRNA10X_SA_CHIP0151_001/filtered_feature_bc_matrix,GACTCAACAATGTCAC-1,SA1035X8XB03425_GACTCAACAATGTCAC-1,SA1035X8XB03425,H
.cache/SCRNA10X_SA_CHIP0151_001/filtered_feature_bc_matrix,GACTCAATCACGATCA-1,SA1035X8XB03425_GACTCAATCACGATCA-1,SA1035X8XB03425,H
.cache/SCRNA10X_SA_CHIP0151_001/filtered_feature_bc_matrix,GACTTCCAGTAGTGCG-1,SA1035X8XB03425_GACTTCCAGTAGTGCG-1,SA1035X8XB03425,G
.cache/SCRNA10X_SA_CHIP0151_001/filtered_feature_bc_matrix,GACTTCCTCCACACCT-1,SA1035X8XB03425_GACTTCCTCCACACCT-1,SA1035X8XB03425,G
.cache/SCRNA10X_SA_CHIP0151_001/filtered_feature_bc_matrix,GAGAAATCAACGGCTC-1,SA1035X8XB03425_GAGAAATCAACGGCTC-1,SA1035X8XB03425,G
.cache/SCRNA10X_SA_CHIP0151_001/filtered_feature_bc_matrix,GAGAAATCACCGTCTT-1,SA1035X8XB03425_GAGAAATCACCGTCTT-1,SA1035X8XB03425,C
.cache/SCRNA10X_SA_CHIP0151_001/filtered_feature_bc_matrix,GAGAAATGTCGATTCA-1,SA1035X8XB03425_GAGAAATGTCGATTCA-1,SA1035X8XB03425,H
.cache/SCRNA10X_SA_CHIP0151_001/filtered_feature_bc_matrix,GAGATGGTCCGAAGGA-1,SA1035X8XB03425_GAGATGGTCCGAAGGA-1,SA1035X8XB03425,I
.cache/SCRNA10X_SA_CHIP0151_001/filtered_feature_bc_matrix,GAGCTGCAGACGGTCA-1,SA1035X8XB03425_GAGCTGCAGACGGTCA-1,SA1035X8XB03425,H
.cache/SCRNA10X_SA_CHIP0151_001/filtered_feature_bc_matrix,GAGCTGCCACTCCCTA-1,SA1035X8XB03425_GAGCTGCCACTCCCTA-1,SA1035X8XB03425,C
.cache/SCRNA10X_SA_CHIP0151_001/filtered_feature_bc_matrix,GAGGCAACAGAACATA-1,SA1035X8XB03425_GAGGCAACAGAACATA-1,SA1035X8XB03425,H
.cache/SCRNA10X_SA_CHIP0151_001/filtered_feature_bc_matrix,GAGGGATCAGTTCTAG-1,SA1035X8XB03425_GAGGGATCAGTTCTAG-1,SA1035X8XB03425,H
.cache/SCRNA10X_SA_CHIP0151_001/filtered_feature_bc_matrix,GAGGGATTCCTCTCGA-1,SA1035X8XB03425_GAGGGATTCCTCTCGA-1,SA1035X8XB03425,H
.cache/SCRNA10X_SA_CHIP0151_001/filtered_feature_bc_matrix,GAGGGTAAGATGGCAC-1,SA1035X8XB03425_GAGGGTAAGATGGCAC-1,SA1035X8XB03425,G
.cache/SCRNA10X_SA_CHIP0151_001/filtered_feature_bc_matrix,GAGTCATAGCGCCTAC-1,SA1035X8XB03425_GAGTCATAGCGCCTAC-1,SA1035X8XB03425,C
.cache/SCRNA10X_SA_CHIP0151_001/filtered_feature_bc_matrix,GAGTGAGGTCTTAGTG-1,SA1035X8XB03425_GAGTGAGGTCTTAGTG-1,SA1035X8XB03425,G
.cache/SCRNA10X_SA_CHIP0151_001/filtered_feature_bc_matrix,GAGTTGTCACCCTGTT-1,SA1035X8XB03425_GAGTTGTCACCCTGTT-1,SA1035X8XB03425,I
.cache/SCRNA10X_SA_CHIP0151_001/filtered_feature_bc_matrix,GAGTTGTGTATCACCA-1,SA1035X8XB03425_GAGTTGTGTATCACCA-1,SA1035X8XB03425,B
.cache/SCRNA10X_SA_CHIP0151_001/filtered_feature_bc_matrix,GAGTTGTTCCGCTAGG-1,SA1035X8XB03425_GAGTTGTTCCGCTAGG-1,SA1035X8XB03425,H
.cache/SCRNA10X_SA_CHIP0151_001/filtered_feature_bc_matrix,GAGTTTGTCTACACTT-1,SA1035X8XB03425_GAGTTTGTCTACACTT-1,SA1035X8XB03425,H
.cache/SCRNA10X_SA_CHIP0151_001/filtered_feature_bc_matrix,GATCATGTCAATCCGA-1,SA1035X8XB03425_GATCATGTCAATCCGA-1,SA1035X8XB03425,B
.cache/SCRNA10X_SA_CHIP0151_001/filtered_feature_bc_matrix,GATCCCTCATCAGTCA-1,SA1035X8XB03425_GATCCCTCATCAGTCA-1,SA1035X8XB03425,G
.cache/SCRNA10X_SA_CHIP0151_001/filtered_feature_bc_matrix,GATCGTAGTCGTCGGT-1,SA1035X8XB03425_GATCGTAGTCGTCGGT-1,SA1035X8XB03425,I
.cache/SCRNA10X_SA_CHIP0151_001/filtered_feature_bc_matrix,GATGACTTCTGGCCGA-1,SA1035X8XB03425_GATGACTTCTGGCCGA-1,SA1035X8XB03425,B
.cache/SCRNA10X_SA_CHIP0151_001/filtered_feature_bc_matrix,GATGATCGTATTGCCA-1,SA1035X8XB03425_GATGATCGTATTGCCA-1,SA1035X8XB03425,B
.cache/SCRNA10X_SA_CHIP0151_001/filtered_feature_bc_matrix,GATGCTATCTCACTCG-1,SA1035X8XB03425_GATGCTATCTCACTCG-1,SA1035X8XB03425,H
.cache/SCRNA10X_SA_CHIP0151_001/filtered_feature_bc_matrix,GATGGAGGTGGAAATT-1,SA1035X8XB03425_GATGGAGGTGGAAATT-1,SA1035X8XB03425,G
.cache/SCRNA10X_SA_CHIP0151_001/filtered_feature_bc_matrix,GATGTTGTCTATGTGG-1,SA1035X8XB03425_GATGTTGTCTATGTGG-1,SA1035X8XB03425,K
.cache/SCRNA10X_SA_CHIP0151_001/filtered_feature_bc_matrix,GATTGGTTCGGATACT-1,SA1035X8XB03425_GATTGGTTCGGATACT-1,SA1035X8XB03425,G
.cache/SCRNA10X_SA_CHIP0151_001/filtered_feature_bc_matrix,GCAACCGGTAGAATAC-1,SA1035X8XB03425_GCAACCGGTAGAATAC-1,SA1035X8XB03425,G
.cache/SCRNA10X_SA_CHIP0151_001/filtered_feature_bc_matrix,GCACGGTGTAGTGCGA-1,SA1035X8XB03425_GCACGGTGTAGTGCGA-1,SA1035X8XB03425,H
.cache/SCRNA10X_SA_CHIP0151_001/filtered_feature_bc_matrix,GCACGGTGTTAGAGAT-1,SA1035X8XB03425_GCACGGTGTTAGAGAT-1,SA1035X8XB03425,H
.cache/SCRNA10X_SA_CHIP0151_001/filtered_feature_bc_matrix,GCAGCCAAGACAACTA-1,SA1035X8XB03425_GCAGCCAAGACAACTA-1,SA1035X8XB03425,H
.cache/SCRNA10X_SA_CHIP0151_001/filtered_feature_bc_matrix,GCAGGCTCAAGCCATT-1,SA1035X8XB03425_GCAGGCTCAAGCCATT-1,SA1035X8XB03425,G
.cache/SCRNA10X_SA_CHIP0151_001/filtered_feature_bc_matrix,GCATCTCTCTGCTGAA-1,SA1035X8XB03425_GCATCTCTCTGCTGAA-1,SA1035X8XB03425,G
.cache/SCRNA10X_SA_CHIP0151_001/filtered_feature_bc_matrix,GCCAGCAGTGCCTTCT-1,SA1035X8XB03425_GCCAGCAGTGCCTTCT-1,SA1035X8XB03425,G
.cache/SCRNA10X_SA_CHIP0151_001/filtered_feature_bc_matrix,GCCAGTGGTTGGAGGT-1,SA1035X8XB03425_GCCAGTGGTTGGAGGT-1,SA1035X8XB03425,B
.cache/SCRNA10X_SA_CHIP0151_001/filtered_feature_bc_matrix,GCCCAGAAGCCTCTCT-1,SA1035X8XB03425_GCCCAGAAGCCTCTCT-1,SA1035X8XB03425,H
.cache/SCRNA10X_SA_CHIP0151_001/filtered_feature_bc_matrix,GCCCGAAAGGATGGCT-1,SA1035X8XB03425_GCCCGAAAGGATGGCT-1,SA1035X8XB03425,H
.cache/SCRNA10X_SA_CHIP0151_001/filtered_feature_bc_matrix,GCCGTGACACCGGCTA-1,SA1035X8XB03425_GCCGTGACACCGGCTA-1,SA1035X8XB03425,I
.cache/SCRNA10X_SA_CHIP0151_001/filtered_feature_bc_matrix,GCGATCGTCAAGGCTT-1,SA1035X8XB03425_GCGATCGTCAAGGCTT-1,SA1035X8XB03425,B
.cache/SCRNA10X_SA_CHIP0151_001/filtered_feature_bc_matrix,GCGATCGTCGGCCTTT-1,SA1035X8XB03425_GCGATCGTCGGCCTTT-1,SA1035X8XB03425,H
.cache/SCRNA10X_SA_CHIP0151_001/filtered_feature_bc_matrix,GCGGAAATCCCATAAG-1,SA1035X8XB03425_GCGGAAATCCCATAAG-1,SA1035X8XB03425,C
.cache/SCRNA10X_SA_CHIP0151_001/filtered_feature_bc_matrix,GCGTGCAGTAGGAGTC-1,SA1035X8XB03425_GCGTGCAGTAGGAGTC-1,SA1035X8XB03425,G
.cache/SCRNA10X_SA_CHIP0151_001/filtered_feature_bc_matrix,GCTACCTTCTGTGCTC-1,SA1035X8XB03425_GCTACCTTCTGTGCTC-1,SA1035X8XB03425,B
.cache/SCRNA10X_SA_CHIP0151_001/filtered_feature_bc_matrix,GCTGAATTCTTCCCGA-1,SA1035X8XB03425_GCTGAATTCTTCCCGA-1,SA1035X8XB03425,G
.cache/SCRNA10X_SA_CHIP0151_001/filtered_feature_bc_matrix,GCTGGGTGTACGGTTT-1,SA1035X8XB03425_GCTGGGTGTACGGTTT-1,SA1035X8XB03425,H
.cache/SCRNA10X_SA_CHIP0151_001/filtered_feature_bc_matrix,GCTTGGGCACAGCTGC-1,SA1035X8XB03425_GCTTGGGCACAGCTGC-1,SA1035X8XB03425,H
.cache/SCRNA10X_SA_CHIP0151_001/filtered_feature_bc_matrix,GGAACCCCAGGCATGA-1,SA1035X8XB03425_GGAACCCCAGGCATGA-1,SA1035X8XB03425,G
.cache/SCRNA10X_SA_CHIP0151_001/filtered_feature_bc_matrix,GGAGATGGTAAGAACT-1,SA1035X8XB03425_GGAGATGGTAAGAACT-1,SA1035X8XB03425,I
.cache/SCRNA10X_SA_CHIP0151_001/filtered_feature_bc_matrix,GGCACGTTCGATGGAG-1,SA1035X8XB03425_GGCACGTTCGATGGAG-1,SA1035X8XB03425,G
.cache/SCRNA10X_SA_CHIP0151_001/filtered_feature_bc_matrix,GGCAGTCGTCGGCCTA-1,SA1035X8XB03425_GGCAGTCGTCGGCCTA-1,SA1035X8XB03425,G
.cache/SCRNA10X_SA_CHIP0151_001/filtered_feature_bc_matrix,GGCTTGGCAGCGTGCT-1,SA1035X8XB03425_GGCTTGGCAGCGTGCT-1,SA1035X8XB03425,C
.cache/SCRNA10X_SA_CHIP0151_001/filtered_feature_bc_matrix,GGGAAGTGTGCGTGCT-1,SA1035X8XB03425_GGGAAGTGTGCGTGCT-1,SA1035X8XB03425,G
.cache/SCRNA10X_SA_CHIP0151_001/filtered_feature_bc_matrix,GGGACAACAGCGTTTA-1,SA1035X8XB03425_GGGACAACAGCGTTTA-1,SA1035X8XB03425,H
.cache/SCRNA10X_SA_CHIP0151_001/filtered_feature_bc_matrix,GGGACTCGTCCAGCGT-1,SA1035X8XB03425_GGGACTCGTCCAGCGT-1,SA1035X8XB03425,G
.cache/SCRNA10X_SA_CHIP0151_001/filtered_feature_bc_matrix,GGGATGACACAAGTTC-1,SA1035X8XB03425_GGGATGACACAAGTTC-1,SA1035X8XB03425,G
.cache/SCRNA10X_SA_CHIP0151_001/filtered_feature_bc_matrix,GGGATGACATCTAGAC-1,SA1035X8XB03425_GGGATGACATCTAGAC-1,SA1035X8XB03425,H
.cache/SCRNA10X_SA_CHIP0151_001/filtered_feature_bc_matrix,GGGCCATGTGCTGTCG-1,SA1035X8XB03425_GGGCCATGTGCTGTCG-1,SA1035X8XB03425,H
.cache/SCRNA10X_SA_CHIP0151_001/filtered_feature_bc_matrix,GGGCGTTAGCGCAATG-1,SA1035X8XB03425_GGGCGTTAGCGCAATG-1,SA1035X8XB03425,G
.cache/SCRNA10X_SA_CHIP0151_001/filtered_feature_bc_matrix,GGGTATTTCTATTGTC-1,SA1035X8XB03425_GGGTATTTCTATTGTC-1,SA1035X8XB03425,H
.cache/SCRNA10X_SA_CHIP0151_001/filtered_feature_bc_matrix,GGGTTATAGACCTCAT-1,SA1035X8XB03425_GGGTTATAGACCTCAT-1,SA1035X8XB03425,H
.cache/SCRNA10X_SA_CHIP0151_001/filtered_feature_bc_matrix,GGGTTATAGACTCATC-1,SA1035X8XB03425_GGGTTATAGACTCATC-1,SA1035X8XB03425,K
.cache/SCRNA10X_SA_CHIP0151_001/filtered_feature_bc_matrix,GGGTTATAGTATAGAC-1,SA1035X8XB03425_GGGTTATAGTATAGAC-1,SA1035X8XB03425,I
.cache/SCRNA10X_SA_CHIP0151_001/filtered_feature_bc_matrix,GGTCTGGAGGAGCAAA-1,SA1035X8XB03425_GGTCTGGAGGAGCAAA-1,SA1035X8XB03425,C
.cache/SCRNA10X_SA_CHIP0151_001/filtered_feature_bc_matrix,GGTCTGGTCGTTCCCA-1,SA1035X8XB03425_GGTCTGGTCGTTCCCA-1,SA1035X8XB03425,C
.cache/SCRNA10X_SA_CHIP0151_001/filtered_feature_bc_matrix,GGTGATTTCCCAGGCA-1,SA1035X8XB03425_GGTGATTTCCCAGGCA-1,SA1035X8XB03425,H
.cache/SCRNA10X_SA_CHIP0151_001/filtered_feature_bc_matrix,GGTGTCGTCCTGGTCT-1,SA1035X8XB03425_GGTGTCGTCCTGGTCT-1,SA1035X8XB03425,C
.cache/SCRNA10X_SA_CHIP0151_001/filtered_feature_bc_matrix,GGTTGTAAGGAACATT-1,SA1035X8XB03425_GGTTGTAAGGAACATT-1,SA1035X8XB03425,H
.cache/SCRNA10X_SA_CHIP0151_001/filtered_feature_bc_matrix,GGTTGTATCACATACG-1,SA1035X8XB03425_GGTTGTATCACATACG-1,SA1035X8XB03425,unassigned
.cache/SCRNA10X_SA_CHIP0151_001/filtered_feature_bc_matrix,GTAAGTCGTCAACGCC-1,SA1035X8XB03425_GTAAGTCGTCAACGCC-1,SA1035X8XB03425,B
.cache/SCRNA10X_SA_CHIP0151_001/filtered_feature_bc_matrix,GTACAACTCGAGTCTA-1,SA1035X8XB03425_GTACAACTCGAGTCTA-1,SA1035X8XB03425,B
.cache/SCRNA10X_SA_CHIP0151_001/filtered_feature_bc_matrix,GTACAGTGTTTCCATT-1,SA1035X8XB03425_GTACAGTGTTTCCATT-1,SA1035X8XB03425,G
.cache/SCRNA10X_SA_CHIP0151_001/filtered_feature_bc_matrix,GTAGATCTCACAACCA-1,SA1035X8XB03425_GTAGATCTCACAACCA-1,SA1035X8XB03425,G
.cache/SCRNA10X_SA_CHIP0151_001/filtered_feature_bc_matrix,GTAGCTAAGTAAAGCT-1,SA1035X8XB03425_GTAGCTAAGTAAAGCT-1,SA1035X8XB03425,B
.cache/SCRNA10X_SA_CHIP0151_001/filtered_feature_bc_matrix,GTAGGAGGTCGAACGA-1,SA1035X8XB03425_GTAGGAGGTCGAACGA-1,SA1035X8XB03425,H
.cache/SCRNA10X_SA_CHIP0151_001/filtered_feature_bc_matrix,GTAGGTTAGTCACACT-1,SA1035X8XB03425_GTAGGTTAGTCACACT-1,SA1035X8XB03425,I
.cache/SCRNA10X_SA_CHIP0151_001/filtered_feature_bc_matrix,GTCAAACTCTACAGGT-1,SA1035X8XB03425_GTCAAACTCTACAGGT-1,SA1035X8XB03425,G
.cache/SCRNA10X_SA_CHIP0151_001/filtered_feature_bc_matrix,GTCAAGTAGGCTCTAT-1,SA1035X8XB03425_GTCAAGTAGGCTCTAT-1,SA1035X8XB03425,H
.cache/SCRNA10X_SA_CHIP0151_001/filtered_feature_bc_matrix,GTCACGGAGATTGCGG-1,SA1035X8XB03425_GTCACGGAGATTGCGG-1,SA1035X8XB03425,H
.cache/SCRNA10X_SA_CHIP0151_001/filtered_feature_bc_matrix,GTCAGCGCAGCTATTG-1,SA1035X8XB03425_GTCAGCGCAGCTATTG-1,SA1035X8XB03425,I
.cache/SCRNA10X_SA_CHIP0151_001/filtered_feature_bc_matrix,GTCATTTAGTGCGCTC-1,SA1035X8XB03425_GTCATTTAGTGCGCTC-1,SA1035X8XB03425,G
.cache/SCRNA10X_SA_CHIP0151_001/filtered_feature_bc_matrix,GTCATTTTCTCTTCAA-1,SA1035X8XB03425_GTCATTTTCTCTTCAA-1,SA1035X8XB03425,G
.cache/SCRNA10X_SA_CHIP0151_001/filtered_feature_bc_matrix,GTCCACTCATCATGAC-1,SA1035X8XB03425_GTCCACTCATCATGAC-1,SA1035X8XB03425,H
.cache/SCRNA10X_SA_CHIP0151_001/filtered_feature_bc_matrix,GTCTGTCAGCAGGTCA-1,SA1035X8XB03425_GTCTGTCAGCAGGTCA-1,SA1035X8XB03425,C
.cache/SCRNA10X_SA_CHIP0151_001/filtered_feature_bc_matrix,GTCTTTATCCACTGGG-1,SA1035X8XB03425_GTCTTTATCCACTGGG-1,SA1035X8XB03425,I
.cache/SCRNA10X_SA_CHIP0151_001/filtered_feature_bc_matrix,GTGACGCAGCTAATGA-1,SA1035X8XB03425_GTGACGCAGCTAATGA-1,SA1035X8XB03425,C
.cache/SCRNA10X_SA_CHIP0151_001/filtered_feature_bc_matrix,GTGAGTTAGTACCATC-1,SA1035X8XB03425_GTGAGTTAGTACCATC-1,SA1035X8XB03425,G
.cache/SCRNA10X_SA_CHIP0151_001/filtered_feature_bc_matrix,GTGAGTTTCGTTCATT-1,SA1035X8XB03425_GTGAGTTTCGTTCATT-1,SA1035X8XB03425,G
.cache/SCRNA10X_SA_CHIP0151_001/filtered_feature_bc_matrix,GTGATGTGTTATAGCC-1,SA1035X8XB03425_GTGATGTGTTATAGCC-1,SA1035X8XB03425,H
.cache/SCRNA10X_SA_CHIP0151_001/filtered_feature_bc_matrix,GTGCGTGAGGCTATCT-1,SA1035X8XB03425_GTGCGTGAGGCTATCT-1,SA1035X8XB03425,G
.cache/SCRNA10X_SA_CHIP0151_001/filtered_feature_bc_matrix,GTGGAAGTCTAACACG-1,SA1035X8XB03425_GTGGAAGTCTAACACG-1,SA1035X8XB03425,G
.cache/SCRNA10X_SA_CHIP0151_001/filtered_feature_bc_matrix,GTGGCGTTCGCGCCAA-1,SA1035X8XB03425_GTGGCGTTCGCGCCAA-1,SA1035X8XB03425,G
.cache/SCRNA10X_SA_CHIP0151_001/filtered_feature_bc_matrix,GTGGTTAGTAGCGCTC-1,SA1035X8XB03425_GTGGTTAGTAGCGCTC-1,SA1035X8XB03425,I
.cache/SCRNA10X_SA_CHIP0151_001/filtered_feature_bc_matrix,GTGTCCTTCGCAAGAG-1,SA1035X8XB03425_GTGTCCTTCGCAAGAG-1,SA1035X8XB03425,G
.cache/SCRNA10X_SA_CHIP0151_001/filtered_feature_bc_matrix,GTGTTCCGTAGTCCTA-1,SA1035X8XB03425_GTGTTCCGTAGTCCTA-1,SA1035X8XB03425,H
.cache/SCRNA10X_SA_CHIP0151_001/filtered_feature_bc_matrix,GTTCGCTGTACAGGTG-1,SA1035X8XB03425_GTTCGCTGTACAGGTG-1,SA1035X8XB03425,H
.cache/SCRNA10X_SA_CHIP0151_001/filtered_feature_bc_matrix,GTTGCGGCATCAGTGT-1,SA1035X8XB03425_GTTGCGGCATCAGTGT-1,SA1035X8XB03425,B
.cache/SCRNA10X_SA_CHIP0151_001/filtered_feature_bc_matrix,GTTGCGGGTAGGACTG-1,SA1035X8XB03425_GTTGCGGGTAGGACTG-1,SA1035X8XB03425,H
.cache/SCRNA10X_SA_CHIP0151_001/filtered_feature_bc_matrix,GTTGTGAGTAGTCACT-1,SA1035X8XB03425_GTTGTGAGTAGTCACT-1,SA1035X8XB03425,H
.cache/SCRNA10X_SA_CHIP0151_001/filtered_feature_bc_matrix,TAACCAGGTCTCAAGT-1,SA1035X8XB03425_TAACCAGGTCTCAAGT-1,SA1035X8XB03425,G
.cache/SCRNA10X_SA_CHIP0151_001/filtered_feature_bc_matrix,TACATTCAGATTGATG-1,SA1035X8XB03425_TACATTCAGATTGATG-1,SA1035X8XB03425,H
.cache/SCRNA10X_SA_CHIP0151_001/filtered_feature_bc_matrix,TACCCGTCAATTAGGA-1,SA1035X8XB03425_TACCCGTCAATTAGGA-1,SA1035X8XB03425,I
.cache/SCRNA10X_SA_CHIP0151_001/filtered_feature_bc_matrix,TACCTCGGTTTAGTCG-1,SA1035X8XB03425_TACCTCGGTTTAGTCG-1,SA1035X8XB03425,H
.cache/SCRNA10X_SA_CHIP0151_001/filtered_feature_bc_matrix,TACGGGCTCTGGTGCG-1,SA1035X8XB03425_TACGGGCTCTGGTGCG-1,SA1035X8XB03425,C
.cache/SCRNA10X_SA_CHIP0151_001/filtered_feature_bc_matrix,TAGCACAAGGCGTTGA-1,SA1035X8XB03425_TAGCACAAGGCGTTGA-1,SA1035X8XB03425,G
.cache/SCRNA10X_SA_CHIP0151_001/filtered_feature_bc_matrix,TAGCACATCGTTCTCG-1,SA1035X8XB03425_TAGCACATCGTTCTCG-1,SA1035X8XB03425,G
.cache/SCRNA10X_SA_CHIP0151_001/filtered_feature_bc_matrix,TAGGGTTAGTGCAACG-1,SA1035X8XB03425_TAGGGTTAGTGCAACG-1,SA1035X8XB03425,H
.cache/SCRNA10X_SA_CHIP0151_001/filtered_feature_bc_matrix,TATATCCCAAGAGGCT-1,SA1035X8XB03425_TATATCCCAAGAGGCT-1,SA1035X8XB03425,B
.cache/SCRNA10X_SA_CHIP0151_001/filtered_feature_bc_matrix,TATCGCCGTATGACAA-1,SA1035X8XB03425_TATCGCCGTATGACAA-1,SA1035X8XB03425,H
.cache/SCRNA10X_SA_CHIP0151_001/filtered_feature_bc_matrix,TATGTTCAGCCATATC-1,SA1035X8XB03425_TATGTTCAGCCATATC-1,SA1035X8XB03425,I
.cache/SCRNA10X_SA_CHIP0151_001/filtered_feature_bc_matrix,TATTGGGCAGTAGAAT-1,SA1035X8XB03425_TATTGGGCAGTAGAAT-1,SA1035X8XB03425,H
.cache/SCRNA10X_SA_CHIP0151_001/filtered_feature_bc_matrix,TCAAGACAGGGTTGCA-1,SA1035X8XB03425_TCAAGACAGGGTTGCA-1,SA1035X8XB03425,H
.cache/SCRNA10X_SA_CHIP0151_001/filtered_feature_bc_matrix,TCAAGACTCTGACAGT-1,SA1035X8XB03425_TCAAGACTCTGACAGT-1,SA1035X8XB03425,G
.cache/SCRNA10X_SA_CHIP0151_001/filtered_feature_bc_matrix,TCAATCTGTATCCTTT-1,SA1035X8XB03425_TCAATCTGTATCCTTT-1,SA1035X8XB03425,H
.cache/SCRNA10X_SA_CHIP0151_001/filtered_feature_bc_matrix,TCAATCTGTCGCGTCA-1,SA1035X8XB03425_TCAATCTGTCGCGTCA-1,SA1035X8XB03425,I
.cache/SCRNA10X_SA_CHIP0151_001/filtered_feature_bc_matrix,TCACATTCACGCAGTC-1,SA1035X8XB03425_TCACATTCACGCAGTC-1,SA1035X8XB03425,H
.cache/SCRNA10X_SA_CHIP0151_001/filtered_feature_bc_matrix,TCAGCAACATGCCGCA-1,SA1035X8XB03425_TCAGCAACATGCCGCA-1,SA1035X8XB03425,H
.cache/SCRNA10X_SA_CHIP0151_001/filtered_feature_bc_matrix,TCAGGGCAGCCAGACA-1,SA1035X8XB03425_TCAGGGCAGCCAGACA-1,SA1035X8XB03425,B
.cache/SCRNA10X_SA_CHIP0151_001/filtered_feature_bc_matrix,TCATACTTCCTTATCA-1,SA1035X8XB03425_TCATACTTCCTTATCA-1,SA1035X8XB03425,B
.cache/SCRNA10X_SA_CHIP0151_001/filtered_feature_bc_matrix,TCATCATTCGCGCTGA-1,SA1035X8XB03425_TCATCATTCGCGCTGA-1,SA1035X8XB03425,H
.cache/SCRNA10X_SA_CHIP0151_001/filtered_feature_bc_matrix,TCATGAGCAGACCTAT-1,SA1035X8XB03425_TCATGAGCAGACCTAT-1,SA1035X8XB03425,B
.cache/SCRNA10X_SA_CHIP0151_001/filtered_feature_bc_matrix,TCATGAGCATCTCATT-1,SA1035X8XB03425_TCATGAGCATCTCATT-1,SA1035X8XB03425,H
.cache/SCRNA10X_SA_CHIP0151_001/filtered_feature_bc_matrix,TCATGCCAGCATTGTC-1,SA1035X8XB03425_TCATGCCAGCATTGTC-1,SA1035X8XB03425,H
.cache/SCRNA10X_SA_CHIP0151_001/filtered_feature_bc_matrix,TCATGCCAGCGTTACT-1,SA1035X8XB03425_TCATGCCAGCGTTACT-1,SA1035X8XB03425,C
.cache/SCRNA10X_SA_CHIP0151_001/filtered_feature_bc_matrix,TCATGGATCAAAGGTA-1,SA1035X8XB03425_TCATGGATCAAAGGTA-1,SA1035X8XB03425,B
.cache/SCRNA10X_SA_CHIP0151_001/filtered_feature_bc_matrix,TCATGTTCAAGTTTGC-1,SA1035X8XB03425_TCATGTTCAAGTTTGC-1,SA1035X8XB03425,H
.cache/SCRNA10X_SA_CHIP0151_001/filtered_feature_bc_matrix,TCATTTGGTGCAATAA-1,SA1035X8XB03425_TCATTTGGTGCAATAA-1,SA1035X8XB03425,B
.cache/SCRNA10X_SA_CHIP0151_001/filtered_feature_bc_matrix,TCCACCACATCTTAGG-1,SA1035X8XB03425_TCCACCACATCTTAGG-1,SA1035X8XB03425,C
.cache/SCRNA10X_SA_CHIP0151_001/filtered_feature_bc_matrix,TCCATGCCAGGGTCTC-1,SA1035X8XB03425_TCCATGCCAGGGTCTC-1,SA1035X8XB03425,G
.cache/SCRNA10X_SA_CHIP0151_001/filtered_feature_bc_matrix,TCCCACAGTATCGTGT-1,SA1035X8XB03425_TCCCACAGTATCGTGT-1,SA1035X8XB03425,I
.cache/SCRNA10X_SA_CHIP0151_001/filtered_feature_bc_matrix,TCCCATGGTCTAGGCC-1,SA1035X8XB03425_TCCCATGGTCTAGGCC-1,SA1035X8XB03425,H
.cache/SCRNA10X_SA_CHIP0151_001/filtered_feature_bc_matrix,TCCGAAACAGCCATTA-1,SA1035X8XB03425_TCCGAAACAGCCATTA-1,SA1035X8XB03425,G
.cache/SCRNA10X_SA_CHIP0151_001/filtered_feature_bc_matrix,TCCGATCAGAGGGCGA-1,SA1035X8XB03425_TCCGATCAGAGGGCGA-1,SA1035X8XB03425,B
.cache/SCRNA10X_SA_CHIP0151_001/filtered_feature_bc_matrix,TCCTCCCCAGTTCCAA-1,SA1035X8XB03425_TCCTCCCCAGTTCCAA-1,SA1035X8XB03425,I
.cache/SCRNA10X_SA_CHIP0151_001/filtered_feature_bc_matrix,TCCTCCCGTGGAGGTT-1,SA1035X8XB03425_TCCTCCCGTGGAGGTT-1,SA1035X8XB03425,G
.cache/SCRNA10X_SA_CHIP0151_001/filtered_feature_bc_matrix,TCCTCGACAAGGCAAC-1,SA1035X8XB03425_TCCTCGACAAGGCAAC-1,SA1035X8XB03425,H
.cache/SCRNA10X_SA_CHIP0151_001/filtered_feature_bc_matrix,TCCTGCACAACAAAGT-1,SA1035X8XB03425_TCCTGCACAACAAAGT-1,SA1035X8XB03425,H
.cache/SCRNA10X_SA_CHIP0151_001/filtered_feature_bc_matrix,TCCTTCTCAAGCCTGC-1,SA1035X8XB03425_TCCTTCTCAAGCCTGC-1,SA1035X8XB03425,G
.cache/SCRNA10X_SA_CHIP0151_001/filtered_feature_bc_matrix,TCGAACATCAATGCAC-1,SA1035X8XB03425_TCGAACATCAATGCAC-1,SA1035X8XB03425,I
.cache/SCRNA10X_SA_CHIP0151_001/filtered_feature_bc_matrix,TCGATTTCAACCTATG-1,SA1035X8XB03425_TCGATTTCAACCTATG-1,SA1035X8XB03425,I
.cache/SCRNA10X_SA_CHIP0151_001/filtered_feature_bc_matrix,TCGCAGGCACTCCGGA-1,SA1035X8XB03425_TCGCAGGCACTCCGGA-1,SA1035X8XB03425,G
.cache/SCRNA10X_SA_CHIP0151_001/filtered_feature_bc_matrix,TCTACATAGTGGTGGT-1,SA1035X8XB03425_TCTACATAGTGGTGGT-1,SA1035X8XB03425,I
.cache/SCRNA10X_SA_CHIP0151_001/filtered_feature_bc_matrix,TCTCACGCAATCAGCT-1,SA1035X8XB03425_TCTCACGCAATCAGCT-1,SA1035X8XB03425,G
.cache/SCRNA10X_SA_CHIP0151_001/filtered_feature_bc_matrix,TCTCCGACACCGTCGA-1,SA1035X8XB03425_TCTCCGACACCGTCGA-1,SA1035X8XB03425,I
.cache/SCRNA10X_SA_CHIP0151_001/filtered_feature_bc_matrix,TCTTAGTGTATCTCTT-1,SA1035X8XB03425_TCTTAGTGTATCTCTT-1,SA1035X8XB03425,H
.cache/SCRNA10X_SA_CHIP0151_001/filtered_feature_bc_matrix,TCTTAGTGTCACTTAG-1,SA1035X8XB03425_TCTTAGTGTCACTTAG-1,SA1035X8XB03425,G
.cache/SCRNA10X_SA_CHIP0151_001/filtered_feature_bc_matrix,TGACAGTGTATCCCTC-1,SA1035X8XB03425_TGACAGTGTATCCCTC-1,SA1035X8XB03425,H
.cache/SCRNA10X_SA_CHIP0151_001/filtered_feature_bc_matrix,TGACGCGGTATTCCTT-1,SA1035X8XB03425_TGACGCGGTATTCCTT-1,SA1035X8XB03425,H
.cache/SCRNA10X_SA_CHIP0151_001/filtered_feature_bc_matrix,TGACTCCGTGACAGGT-1,SA1035X8XB03425_TGACTCCGTGACAGGT-1,SA1035X8XB03425,G
.cache/SCRNA10X_SA_CHIP0151_001/filtered_feature_bc_matrix,TGAGACTGTATATGGA-1,SA1035X8XB03425_TGAGACTGTATATGGA-1,SA1035X8XB03425,G
.cache/SCRNA10X_SA_CHIP0151_001/filtered_feature_bc_matrix,TGAGACTGTCATGACT-1,SA1035X8XB03425_TGAGACTGTCATGACT-1,SA1035X8XB03425,G
.cache/SCRNA10X_SA_CHIP0151_001/filtered_feature_bc_matrix,TGAGCGCCAGAACCGA-1,SA1035X8XB03425_TGAGCGCCAGAACCGA-1,SA1035X8XB03425,C
.cache/SCRNA10X_SA_CHIP0151_001/filtered_feature_bc_matrix,TGAGGTTAGCTAATGA-1,SA1035X8XB03425_TGAGGTTAGCTAATGA-1,SA1035X8XB03425,H
.cache/SCRNA10X_SA_CHIP0151_001/filtered_feature_bc_matrix,TGAGGTTCATAGACTC-1,SA1035X8XB03425_TGAGGTTCATAGACTC-1,SA1035X8XB03425,H
.cache/SCRNA10X_SA_CHIP0151_001/filtered_feature_bc_matrix,TGAGGTTTCTCTAGGA-1,SA1035X8XB03425_TGAGGTTTCTCTAGGA-1,SA1035X8XB03425,H
.cache/SCRNA10X_SA_CHIP0151_001/filtered_feature_bc_matrix,TGCAGGCGTAGTGATA-1,SA1035X8XB03425_TGCAGGCGTAGTGATA-1,SA1035X8XB03425,C
.cache/SCRNA10X_SA_CHIP0151_001/filtered_feature_bc_matrix,TGCATCCGTATAATGG-1,SA1035X8XB03425_TGCATCCGTATAATGG-1,SA1035X8XB03425,H
.cache/SCRNA10X_SA_CHIP0151_001/filtered_feature_bc_matrix,TGCGATAAGATTGATG-1,SA1035X8XB03425_TGCGATAAGATTGATG-1,SA1035X8XB03425,G
.cache/SCRNA10X_SA_CHIP0151_001/filtered_feature_bc_matrix,TGCTGAAAGACTTGTC-1,SA1035X8XB03425_TGCTGAAAGACTTGTC-1,SA1035X8XB03425,B
.cache/SCRNA10X_SA_CHIP0151_001/filtered_feature_bc_matrix,TGCTTGCTCGACCTAA-1,SA1035X8XB03425_TGCTTGCTCGACCTAA-1,SA1035X8XB03425,H
.cache/SCRNA10X_SA_CHIP0151_001/filtered_feature_bc_matrix,TGGAGAGGTTGTAAAG-1,SA1035X8XB03425_TGGAGAGGTTGTAAAG-1,SA1035X8XB03425,I
.cache/SCRNA10X_SA_CHIP0151_001/filtered_feature_bc_matrix,TGGATCAGTCGATTAC-1,SA1035X8XB03425_TGGATCAGTCGATTAC-1,SA1035X8XB03425,G
.cache/SCRNA10X_SA_CHIP0151_001/filtered_feature_bc_matrix,TGGGATTTCCACACAA-1,SA1035X8XB03425_TGGGATTTCCACACAA-1,SA1035X8XB03425,unassigned
.cache/SCRNA10X_SA_CHIP0151_001/filtered_feature_bc_matrix,TGGTACACACCCAATA-1,SA1035X8XB03425_TGGTACACACCCAATA-1,SA1035X8XB03425,H
.cache/SCRNA10X_SA_CHIP0151_001/filtered_feature_bc_matrix,TGTAACGTCGGCTCTT-1,SA1035X8XB03425_TGTAACGTCGGCTCTT-1,SA1035X8XB03425,H
.cache/SCRNA10X_SA_CHIP0151_001/filtered_feature_bc_matrix,TGTACAGCAAGACGGT-1,SA1035X8XB03425_TGTACAGCAAGACGGT-1,SA1035X8XB03425,H
.cache/SCRNA10X_SA_CHIP0151_001/filtered_feature_bc_matrix,TGTGTGATCATAGAGA-1,SA1035X8XB03425_TGTGTGATCATAGAGA-1,SA1035X8XB03425,C
.cache/SCRNA10X_SA_CHIP0151_001/filtered_feature_bc_matrix,TGTTACTTCATCAGTG-1,SA1035X8XB03425_TGTTACTTCATCAGTG-1,SA1035X8XB03425,G
.cache/SCRNA10X_SA_CHIP0151_001/filtered_feature_bc_matrix,TGTTACTTCCTCTTTC-1,SA1035X8XB03425_TGTTACTTCCTCTTTC-1,SA1035X8XB03425,H
.cache/SCRNA10X_SA_CHIP0151_001/filtered_feature_bc_matrix,TGTTACTTCCTTCGAC-1,SA1035X8XB03425_TGTTACTTCCTTCGAC-1,SA1035X8XB03425,C
.cache/SCRNA10X_SA_CHIP0151_001/filtered_feature_bc_matrix,TGTTCTAAGCTCCGAC-1,SA1035X8XB03425_TGTTCTAAGCTCCGAC-1,SA1035X8XB03425,H
.cache/SCRNA10X_SA_CHIP0151_001/filtered_feature_bc_matrix,TGTTGAGGTGGCTAGA-1,SA1035X8XB03425_TGTTGAGGTGGCTAGA-1,SA1035X8XB03425,G
.cache/SCRNA10X_SA_CHIP0151_001/filtered_feature_bc_matrix,TGTTGGAGTTCGGTAT-1,SA1035X8XB03425_TGTTGGAGTTCGGTAT-1,SA1035X8XB03425,H
.cache/SCRNA10X_SA_CHIP0151_001/filtered_feature_bc_matrix,TGTTGGATCTGGCTGG-1,SA1035X8XB03425_TGTTGGATCTGGCTGG-1,SA1035X8XB03425,B
.cache/SCRNA10X_SA_CHIP0151_001/filtered_feature_bc_matrix,TGTTTGTAGCTGAAAT-1,SA1035X8XB03425_TGTTTGTAGCTGAAAT-1,SA1035X8XB03425,I
.cache/SCRNA10X_SA_CHIP0151_001/filtered_feature_bc_matrix,TTAATCCCACGGATCC-1,SA1035X8XB03425_TTAATCCCACGGATCC-1,SA1035X8XB03425,B
.cache/SCRNA10X_SA_CHIP0151_001/filtered_feature_bc_matrix,TTACAGGCATGTGTCA-1,SA1035X8XB03425_TTACAGGCATGTGTCA-1,SA1035X8XB03425,G
.cache/SCRNA10X_SA_CHIP0151_001/filtered_feature_bc_matrix,TTACCATCACGAAAGC-1,SA1035X8XB03425_TTACCATCACGAAAGC-1,SA1035X8XB03425,B
.cache/SCRNA10X_SA_CHIP0151_001/filtered_feature_bc_matrix,TTACGCCAGGACTTCT-1,SA1035X8XB03425_TTACGCCAGGACTTCT-1,SA1035X8XB03425,H
.cache/SCRNA10X_SA_CHIP0151_001/filtered_feature_bc_matrix,TTAGGGTTCTCCAATT-1,SA1035X8XB03425_TTAGGGTTCTCCAATT-1,SA1035X8XB03425,I
.cache/SCRNA10X_SA_CHIP0151_001/filtered_feature_bc_matrix,TTAGTCTTCACAGAGG-1,SA1035X8XB03425_TTAGTCTTCACAGAGG-1,SA1035X8XB03425,G
.cache/SCRNA10X_SA_CHIP0151_001/filtered_feature_bc_matrix,TTCACGCAGCGGGTAT-1,SA1035X8XB03425_TTCACGCAGCGGGTAT-1,SA1035X8XB03425,G
.cache/SCRNA10X_SA_CHIP0151_001/filtered_feature_bc_matrix,TTCCGTGTCGCCTCTA-1,SA1035X8XB03425_TTCCGTGTCGCCTCTA-1,SA1035X8XB03425,G
.cache/SCRNA10X_SA_CHIP0151_001/filtered_feature_bc_matrix,TTCCTAAAGACAACTA-1,SA1035X8XB03425_TTCCTAAAGACAACTA-1,SA1035X8XB03425,I
.cache/SCRNA10X_SA_CHIP0151_001/filtered_feature_bc_matrix,TTCCTAAAGTCTGGTT-1,SA1035X8XB03425_TTCCTAAAGTCTGGTT-1,SA1035X8XB03425,H
.cache/SCRNA10X_SA_CHIP0151_001/filtered_feature_bc_matrix,TTCCTTCAGGCGAAGG-1,SA1035X8XB03425_TTCCTTCAGGCGAAGG-1,SA1035X8XB03425,H
.cache/SCRNA10X_SA_CHIP0151_001/filtered_feature_bc_matrix,TTCGGTCAGGTAAGTT-1,SA1035X8XB03425_TTCGGTCAGGTAAGTT-1,SA1035X8XB03425,H
.cache/SCRNA10X_SA_CHIP0151_001/filtered_feature_bc_matrix,TTGAACGCACACTTAG-1,SA1035X8XB03425_TTGAACGCACACTTAG-1,SA1035X8XB03425,H
.cache/SCRNA10X_SA_CHIP0151_001/filtered_feature_bc_matrix,TTGCCTGGTGGCTACC-1,SA1035X8XB03425_TTGCCTGGTGGCTACC-1,SA1035X8XB03425,H
.cache/SCRNA10X_SA_CHIP0151_001/filtered_feature_bc_matrix,TTGCTGCGTGTCTTAG-1,SA1035X8XB03425_TTGCTGCGTGTCTTAG-1,SA1035X8XB03425,G
.cache/SCRNA10X_SA_CHIP0151_001/filtered_feature_bc_matrix,TTGGGATGTACTAGCT-1,SA1035X8XB03425_TTGGGATGTACTAGCT-1,SA1035X8XB03425,I
.cache/SCRNA10X_SA_CHIP0151_001/filtered_feature_bc_matrix,TTGGGTAAGGTCCAGA-1,SA1035X8XB03425_TTGGGTAAGGTCCAGA-1,SA1035X8XB03425,H
.cache/SCRNA10X_SA_CHIP0151_001/filtered_feature_bc_matrix,TTGGGTATCCGATCTC-1,SA1035X8XB03425_TTGGGTATCCGATCTC-1,SA1035X8XB03425,H
.cache/SCRNA10X_SA_CHIP0151_001/filtered_feature_bc_matrix,TTGTGGACACAAACGG-1,SA1035X8XB03425_TTGTGGACACAAACGG-1,SA1035X8XB03425,H
.cache/SCRNA10X_SA_CHIP0151_001/filtered_feature_bc_matrix,TTGTGTTCACTGTGAT-1,SA1035X8XB03425_TTGTGTTCACTGTGAT-1,SA1035X8XB03425,G
.cache/SCRNA10X_SA_CHIP0151_001/filtered_feature_bc_matrix,TTGTTCAGTTGAATCC-1,SA1035X8XB03425_TTGTTCAGTTGAATCC-1,SA1035X8XB03425,B
.cache/SCRNA10X_SA_CHIP0151_001/filtered_feature_bc_matrix,TTGTTTGGTGGCTTGC-1,SA1035X8XB03425_TTGTTTGGTGGCTTGC-1,SA1035X8XB03425,G
.cache/SCRNA10X_SA_CHIP0151_001/filtered_feature_bc_matrix,TTGTTTGTCACTGGGC-1,SA1035X8XB03425_TTGTTTGTCACTGGGC-1,SA1035X8XB03425,G
.cache/SCRNA10X_SA_CHIP0151_001/filtered_feature_bc_matrix,TTTATGCAGCTACTAC-1,SA1035X8XB03425_TTTATGCAGCTACTAC-1,SA1035X8XB03425,H
.cache/SCRNA10X_SA_CHIP0151_001/filtered_feature_bc_matrix,TTTCCTCCAAATGATG-1,SA1035X8XB03425_TTTCCTCCAAATGATG-1,SA1035X8XB03425,G
.cache/SCRNA10X_SA_CHIP0151_001/filtered_feature_bc_matrix,TTTGACTTCAACGTGT-1,SA1035X8XB03425_TTTGACTTCAACGTGT-1,SA1035X8XB03425,C
.cache/SCRNA10X_SA_CHIP0151_001/filtered_feature_bc_matrix,TTTGGTTAGTTGGACG-1,SA1035X8XB03425_TTTGGTTAGTTGGACG-1,SA1035X8XB03425,H
.cache/SCRNA10X_SA_CHIP0151_001/filtered_feature_bc_matrix,TTTGGTTGTCTGTAAC-1,SA1035X8XB03425_TTTGGTTGTCTGTAAC-1,SA1035X8XB03425,G
