Sample,Barcode,cell_id,id,clone
.cache/SCRNA10X_SA_CHIP0175_002/filtered_feature_bc_matrix,AAACGAAAGTGAACAT-1,SA1035X8XB03631_AAACGAAAGTGAACAT-1,SA1035X8XB03631,E
.cache/SCRNA10X_SA_CHIP0175_002/filtered_feature_bc_matrix,AAACGAAGTCCGGTCA-1,SA1035X8XB03631_AAACGAAGTCCGGTCA-1,SA1035X8XB03631,E
.cache/SCRNA10X_SA_CHIP0175_002/filtered_feature_bc_matrix,AAACGAATCGCTAATG-1,SA1035X8XB03631_AAACGAATCGCTAATG-1,SA1035X8XB03631,B
.cache/SCRNA10X_SA_CHIP0175_002/filtered_feature_bc_matrix,AAAGAACGTTGCCGCA-1,SA1035X8XB03631_AAAGAACGTTGCCGCA-1,SA1035X8XB03631,E
.cache/SCRNA10X_SA_CHIP0175_002/filtered_feature_bc_matrix,AAAGGGCAGTATGGCG-1,SA1035X8XB03631_AAAGGGCAGTATGGCG-1,SA1035X8XB03631,E
.cache/SCRNA10X_SA_CHIP0175_002/filtered_feature_bc_matrix,AAAGGGCCAATGGCAG-1,SA1035X8XB03631_AAAGGGCCAATGGCAG-1,SA1035X8XB03631,E
.cache/SCRNA10X_SA_CHIP0175_002/filtered_feature_bc_matrix,AAAGGTACATACCATG-1,SA1035X8XB03631_AAAGGTACATACCATG-1,SA1035X8XB03631,E
.cache/SCRNA10X_SA_CHIP0175_002/filtered_feature_bc_matrix,AAAGTGAAGAAGATCT-1,SA1035X8XB03631_AAAGTGAAGAAGATCT-1,SA1035X8XB03631,E
.cache/SCRNA10X_SA_CHIP0175_002/filtered_feature_bc_matrix,AACAAAGAGTACAGCG-1,SA1035X8XB03631_AACAAAGAGTACAGCG-1,SA1035X8XB03631,D
.cache/SCRNA10X_SA_CHIP0175_002/filtered_feature_bc_matrix,AACAACCCATTGAGCT-1,SA1035X8XB03631_AACAACCCATTGAGCT-1,SA1035X8XB03631,E
.cache/SCRNA10X_SA_CHIP0175_002/filtered_feature_bc_matrix,AACAACCTCCGCTGTT-1,SA1035X8XB03631_AACAACCTCCGCTGTT-1,SA1035X8XB03631,E
.cache/SCRNA10X_SA_CHIP0175_002/filtered_feature_bc_matrix,AACAAGACACATATGC-1,SA1035X8XB03631_AACAAGACACATATGC-1,SA1035X8XB03631,E
.cache/SCRNA10X_SA_CHIP0175_002/filtered_feature_bc_matrix,AACACACCACTGGATT-1,SA1035X8XB03631_AACACACCACTGGATT-1,SA1035X8XB03631,E
.cache/SCRNA10X_SA_CHIP0175_002/filtered_feature_bc_matrix,AACACACGTTCAGGTT-1,SA1035X8XB03631_AACACACGTTCAGGTT-1,SA1035X8XB03631,B
.cache/SCRNA10X_SA_CHIP0175_002/filtered_feature_bc_matrix,AACACACTCGTGACTA-1,SA1035X8XB03631_AACACACTCGTGACTA-1,SA1035X8XB03631,E
.cache/SCRNA10X_SA_CHIP0175_002/filtered_feature_bc_matrix,AACCAACGTGGCTCTG-1,SA1035X8XB03631_AACCAACGTGGCTCTG-1,SA1035X8XB03631,B
.cache/SCRNA10X_SA_CHIP0175_002/filtered_feature_bc_matrix,AACCACATCACCTACC-1,SA1035X8XB03631_AACCACATCACCTACC-1,SA1035X8XB03631,E
.cache/SCRNA10X_SA_CHIP0175_002/filtered_feature_bc_matrix,AACCTGAAGTCTCCTC-1,SA1035X8XB03631_AACCTGAAGTCTCCTC-1,SA1035X8XB03631,E
.cache/SCRNA10X_SA_CHIP0175_002/filtered_feature_bc_matrix,AACCTTTCACGCACCA-1,SA1035X8XB03631_AACCTTTCACGCACCA-1,SA1035X8XB03631,E
.cache/SCRNA10X_SA_CHIP0175_002/filtered_feature_bc_matrix,AACCTTTGTTGACGGA-1,SA1035X8XB03631_AACCTTTGTTGACGGA-1,SA1035X8XB03631,E
.cache/SCRNA10X_SA_CHIP0175_002/filtered_feature_bc_matrix,AACCTTTGTTTGTGGT-1,SA1035X8XB03631_AACCTTTGTTTGTGGT-1,SA1035X8XB03631,E
.cache/SCRNA10X_SA_CHIP0175_002/filtered_feature_bc_matrix,AACGAAACAAGAATAC-1,SA1035X8XB03631_AACGAAACAAGAATAC-1,SA1035X8XB03631,E
.cache/SCRNA10X_SA_CHIP0175_002/filtered_feature_bc_matrix,AACGGGAAGATGCGAC-1,SA1035X8XB03631_AACGGGAAGATGCGAC-1,SA1035X8XB03631,E
.cache/SCRNA10X_SA_CHIP0175_002/filtered_feature_bc_matrix,AACGTCAAGCAAGTCG-1,SA1035X8XB03631_AACGTCAAGCAAGTCG-1,SA1035X8XB03631,E
.cache/SCRNA10X_SA_CHIP0175_002/filtered_feature_bc_matrix,AACGTCATCGACGCTG-1,SA1035X8XB03631_AACGTCATCGACGCTG-1,SA1035X8XB03631,E
.cache/SCRNA10X_SA_CHIP0175_002/filtered_feature_bc_matrix,AAGAACAGTTAACCTG-1,SA1035X8XB03631_AAGAACAGTTAACCTG-1,SA1035X8XB03631,E
.cache/SCRNA10X_SA_CHIP0175_002/filtered_feature_bc_matrix,AAGAACATCGATACTG-1,SA1035X8XB03631_AAGAACATCGATACTG-1,SA1035X8XB03631,C
.cache/SCRNA10X_SA_CHIP0175_002/filtered_feature_bc_matrix,AAGCGTTGTCTTCATT-1,SA1035X8XB03631_AAGCGTTGTCTTCATT-1,SA1035X8XB03631,E
.cache/SCRNA10X_SA_CHIP0175_002/filtered_feature_bc_matrix,AAGCGTTTCAAATGAG-1,SA1035X8XB03631_AAGCGTTTCAAATGAG-1,SA1035X8XB03631,B
.cache/SCRNA10X_SA_CHIP0175_002/filtered_feature_bc_matrix,AAGGAATAGGTTCTAC-1,SA1035X8XB03631_AAGGAATAGGTTCTAC-1,SA1035X8XB03631,E
.cache/SCRNA10X_SA_CHIP0175_002/filtered_feature_bc_matrix,AAGGAATTCGTTGCCT-1,SA1035X8XB03631_AAGGAATTCGTTGCCT-1,SA1035X8XB03631,E
.cache/SCRNA10X_SA_CHIP0175_002/filtered_feature_bc_matrix,AAGGAATTCTCAACCC-1,SA1035X8XB03631_AAGGAATTCTCAACCC-1,SA1035X8XB03631,B
.cache/SCRNA10X_SA_CHIP0175_002/filtered_feature_bc_matrix,AAGTACCAGTTGTCAC-1,SA1035X8XB03631_AAGTACCAGTTGTCAC-1,SA1035X8XB03631,E
.cache/SCRNA10X_SA_CHIP0175_002/filtered_feature_bc_matrix,AAGTACCCATAATGAG-1,SA1035X8XB03631_AAGTACCCATAATGAG-1,SA1035X8XB03631,E
.cache/SCRNA10X_SA_CHIP0175_002/filtered_feature_bc_matrix,AAGTGAATCCGATGCG-1,SA1035X8XB03631_AAGTGAATCCGATGCG-1,SA1035X8XB03631,C
.cache/SCRNA10X_SA_CHIP0175_002/filtered_feature_bc_matrix,AATAGAGGTTTCGCTC-1,SA1035X8XB03631_AATAGAGGTTTCGCTC-1,SA1035X8XB03631,B
.cache/SCRNA10X_SA_CHIP0175_002/filtered_feature_bc_matrix,AATCACGAGGATATGT-1,SA1035X8XB03631_AATCACGAGGATATGT-1,SA1035X8XB03631,B
.cache/SCRNA10X_SA_CHIP0175_002/filtered_feature_bc_matrix,AATCACGCACACGGAA-1,SA1035X8XB03631_AATCACGCACACGGAA-1,SA1035X8XB03631,B
.cache/SCRNA10X_SA_CHIP0175_002/filtered_feature_bc_matrix,AATCACGCATCACAGT-1,SA1035X8XB03631_AATCACGCATCACAGT-1,SA1035X8XB03631,B
.cache/SCRNA10X_SA_CHIP0175_002/filtered_feature_bc_matrix,AATCGACGTAGTCGGA-1,SA1035X8XB03631_AATCGACGTAGTCGGA-1,SA1035X8XB03631,B
.cache/SCRNA10X_SA_CHIP0175_002/filtered_feature_bc_matrix,AATCGTGGTGGACTAG-1,SA1035X8XB03631_AATCGTGGTGGACTAG-1,SA1035X8XB03631,E
.cache/SCRNA10X_SA_CHIP0175_002/filtered_feature_bc_matrix,AATCGTGTCCTGTAAG-1,SA1035X8XB03631_AATCGTGTCCTGTAAG-1,SA1035X8XB03631,E
.cache/SCRNA10X_SA_CHIP0175_002/filtered_feature_bc_matrix,AATCGTGTCTGCGAGC-1,SA1035X8XB03631_AATCGTGTCTGCGAGC-1,SA1035X8XB03631,B
.cache/SCRNA10X_SA_CHIP0175_002/filtered_feature_bc_matrix,AATGAAGAGTCTTCGA-1,SA1035X8XB03631_AATGAAGAGTCTTCGA-1,SA1035X8XB03631,E
.cache/SCRNA10X_SA_CHIP0175_002/filtered_feature_bc_matrix,AATGACCCAAGCGCTC-1,SA1035X8XB03631_AATGACCCAAGCGCTC-1,SA1035X8XB03631,B
.cache/SCRNA10X_SA_CHIP0175_002/filtered_feature_bc_matrix,AATGCCACAAGTCCAT-1,SA1035X8XB03631_AATGCCACAAGTCCAT-1,SA1035X8XB03631,B
.cache/SCRNA10X_SA_CHIP0175_002/filtered_feature_bc_matrix,AATTTCCCACCGTGAC-1,SA1035X8XB03631_AATTTCCCACCGTGAC-1,SA1035X8XB03631,C
.cache/SCRNA10X_SA_CHIP0175_002/filtered_feature_bc_matrix,AATTTCCGTACTCGCG-1,SA1035X8XB03631_AATTTCCGTACTCGCG-1,SA1035X8XB03631,D
.cache/SCRNA10X_SA_CHIP0175_002/filtered_feature_bc_matrix,ACACGCGAGTAAAGCT-1,SA1035X8XB03631_ACACGCGAGTAAAGCT-1,SA1035X8XB03631,B
.cache/SCRNA10X_SA_CHIP0175_002/filtered_feature_bc_matrix,ACACGCGGTGGTTTAC-1,SA1035X8XB03631_ACACGCGGTGGTTTAC-1,SA1035X8XB03631,E
.cache/SCRNA10X_SA_CHIP0175_002/filtered_feature_bc_matrix,ACACGCGTCCTACCGT-1,SA1035X8XB03631_ACACGCGTCCTACCGT-1,SA1035X8XB03631,E
.cache/SCRNA10X_SA_CHIP0175_002/filtered_feature_bc_matrix,ACACTGACACCGCTAG-1,SA1035X8XB03631_ACACTGACACCGCTAG-1,SA1035X8XB03631,E
.cache/SCRNA10X_SA_CHIP0175_002/filtered_feature_bc_matrix,ACAGAAAGTCTAGGTT-1,SA1035X8XB03631_ACAGAAAGTCTAGGTT-1,SA1035X8XB03631,E
.cache/SCRNA10X_SA_CHIP0175_002/filtered_feature_bc_matrix,ACATCCCCACTCCGAG-1,SA1035X8XB03631_ACATCCCCACTCCGAG-1,SA1035X8XB03631,D
.cache/SCRNA10X_SA_CHIP0175_002/filtered_feature_bc_matrix,ACATGCATCACAGAGG-1,SA1035X8XB03631_ACATGCATCACAGAGG-1,SA1035X8XB03631,E
.cache/SCRNA10X_SA_CHIP0175_002/filtered_feature_bc_matrix,ACCAAACGTCGCATTA-1,SA1035X8XB03631_ACCAAACGTCGCATTA-1,SA1035X8XB03631,E
.cache/SCRNA10X_SA_CHIP0175_002/filtered_feature_bc_matrix,ACCAACAGTCAACCTA-1,SA1035X8XB03631_ACCAACAGTCAACCTA-1,SA1035X8XB03631,B
.cache/SCRNA10X_SA_CHIP0175_002/filtered_feature_bc_matrix,ACCAACAGTGGACAGT-1,SA1035X8XB03631_ACCAACAGTGGACAGT-1,SA1035X8XB03631,E
.cache/SCRNA10X_SA_CHIP0175_002/filtered_feature_bc_matrix,ACCATTTCACCTGATA-1,SA1035X8XB03631_ACCATTTCACCTGATA-1,SA1035X8XB03631,E
.cache/SCRNA10X_SA_CHIP0175_002/filtered_feature_bc_matrix,ACCCAAACAATCTCTT-1,SA1035X8XB03631_ACCCAAACAATCTCTT-1,SA1035X8XB03631,B
.cache/SCRNA10X_SA_CHIP0175_002/filtered_feature_bc_matrix,ACCTACCCATCAGCTA-1,SA1035X8XB03631_ACCTACCCATCAGCTA-1,SA1035X8XB03631,D
.cache/SCRNA10X_SA_CHIP0175_002/filtered_feature_bc_matrix,ACCTACCGTTAAGCAA-1,SA1035X8XB03631_ACCTACCGTTAAGCAA-1,SA1035X8XB03631,B
.cache/SCRNA10X_SA_CHIP0175_002/filtered_feature_bc_matrix,ACCTGAACACCGTGAC-1,SA1035X8XB03631_ACCTGAACACCGTGAC-1,SA1035X8XB03631,E
.cache/SCRNA10X_SA_CHIP0175_002/filtered_feature_bc_matrix,ACGCACGAGTCACTAC-1,SA1035X8XB03631_ACGCACGAGTCACTAC-1,SA1035X8XB03631,E
.cache/SCRNA10X_SA_CHIP0175_002/filtered_feature_bc_matrix,ACGGAAGGTGGAACCA-1,SA1035X8XB03631_ACGGAAGGTGGAACCA-1,SA1035X8XB03631,E
.cache/SCRNA10X_SA_CHIP0175_002/filtered_feature_bc_matrix,ACGGTCGAGGTCCAGA-1,SA1035X8XB03631_ACGGTCGAGGTCCAGA-1,SA1035X8XB03631,E
.cache/SCRNA10X_SA_CHIP0175_002/filtered_feature_bc_matrix,ACGTACACAGTCAACT-1,SA1035X8XB03631_ACGTACACAGTCAACT-1,SA1035X8XB03631,E
.cache/SCRNA10X_SA_CHIP0175_002/filtered_feature_bc_matrix,ACGTTCCAGACTGTTC-1,SA1035X8XB03631_ACGTTCCAGACTGTTC-1,SA1035X8XB03631,E
.cache/SCRNA10X_SA_CHIP0175_002/filtered_feature_bc_matrix,ACGTTCCAGCTACGTT-1,SA1035X8XB03631_ACGTTCCAGCTACGTT-1,SA1035X8XB03631,E
.cache/SCRNA10X_SA_CHIP0175_002/filtered_feature_bc_matrix,ACTACGAGTTCCGCGA-1,SA1035X8XB03631_ACTACGAGTTCCGCGA-1,SA1035X8XB03631,D
.cache/SCRNA10X_SA_CHIP0175_002/filtered_feature_bc_matrix,ACTCCCACAGTGCGCT-1,SA1035X8XB03631_ACTCCCACAGTGCGCT-1,SA1035X8XB03631,E
.cache/SCRNA10X_SA_CHIP0175_002/filtered_feature_bc_matrix,ACTGCAACAAGAAACT-1,SA1035X8XB03631_ACTGCAACAAGAAACT-1,SA1035X8XB03631,E
.cache/SCRNA10X_SA_CHIP0175_002/filtered_feature_bc_matrix,ACTGTCCAGGCGCTCT-1,SA1035X8XB03631_ACTGTCCAGGCGCTCT-1,SA1035X8XB03631,B
.cache/SCRNA10X_SA_CHIP0175_002/filtered_feature_bc_matrix,ACTTCCGCAAGAGTTA-1,SA1035X8XB03631_ACTTCCGCAAGAGTTA-1,SA1035X8XB03631,E
.cache/SCRNA10X_SA_CHIP0175_002/filtered_feature_bc_matrix,ACTTTCACAGCGATTT-1,SA1035X8XB03631_ACTTTCACAGCGATTT-1,SA1035X8XB03631,D
.cache/SCRNA10X_SA_CHIP0175_002/filtered_feature_bc_matrix,ACTTTCAGTCGCATCG-1,SA1035X8XB03631_ACTTTCAGTCGCATCG-1,SA1035X8XB03631,E
.cache/SCRNA10X_SA_CHIP0175_002/filtered_feature_bc_matrix,ACTTTGTTCGGTATGT-1,SA1035X8XB03631_ACTTTGTTCGGTATGT-1,SA1035X8XB03631,B
.cache/SCRNA10X_SA_CHIP0175_002/filtered_feature_bc_matrix,AGAAATGCAACCTAAC-1,SA1035X8XB03631_AGAAATGCAACCTAAC-1,SA1035X8XB03631,B
.cache/SCRNA10X_SA_CHIP0175_002/filtered_feature_bc_matrix,AGAAATGCAGACCAAG-1,SA1035X8XB03631_AGAAATGCAGACCAAG-1,SA1035X8XB03631,D
.cache/SCRNA10X_SA_CHIP0175_002/filtered_feature_bc_matrix,AGAAGTAAGATCCGAG-1,SA1035X8XB03631_AGAAGTAAGATCCGAG-1,SA1035X8XB03631,E
.cache/SCRNA10X_SA_CHIP0175_002/filtered_feature_bc_matrix,AGACAAAGTATCGGTT-1,SA1035X8XB03631_AGACAAAGTATCGGTT-1,SA1035X8XB03631,B
.cache/SCRNA10X_SA_CHIP0175_002/filtered_feature_bc_matrix,AGACCATAGGCCTTCG-1,SA1035X8XB03631_AGACCATAGGCCTTCG-1,SA1035X8XB03631,E
.cache/SCRNA10X_SA_CHIP0175_002/filtered_feature_bc_matrix,AGACCCGGTGGTCTCG-1,SA1035X8XB03631_AGACCCGGTGGTCTCG-1,SA1035X8XB03631,E
.cache/SCRNA10X_SA_CHIP0175_002/filtered_feature_bc_matrix,AGAGAGCAGCGCTTCG-1,SA1035X8XB03631_AGAGAGCAGCGCTTCG-1,SA1035X8XB03631,B
.cache/SCRNA10X_SA_CHIP0175_002/filtered_feature_bc_matrix,AGAGCAGCAAATGGAT-1,SA1035X8XB03631_AGAGCAGCAAATGGAT-1,SA1035X8XB03631,B
.cache/SCRNA10X_SA_CHIP0175_002/filtered_feature_bc_matrix,AGAGCCCCAACACAGG-1,SA1035X8XB03631_AGAGCCCCAACACAGG-1,SA1035X8XB03631,E
.cache/SCRNA10X_SA_CHIP0175_002/filtered_feature_bc_matrix,AGAGCCCGTGCCCACA-1,SA1035X8XB03631_AGAGCCCGTGCCCACA-1,SA1035X8XB03631,E
.cache/SCRNA10X_SA_CHIP0175_002/filtered_feature_bc_matrix,AGAGCCCTCTCACCCA-1,SA1035X8XB03631_AGAGCCCTCTCACCCA-1,SA1035X8XB03631,E
.cache/SCRNA10X_SA_CHIP0175_002/filtered_feature_bc_matrix,AGATCGTGTTATGACC-1,SA1035X8XB03631_AGATCGTGTTATGACC-1,SA1035X8XB03631,E
.cache/SCRNA10X_SA_CHIP0175_002/filtered_feature_bc_matrix,AGCCAATGTCCAGCAC-1,SA1035X8XB03631_AGCCAATGTCCAGCAC-1,SA1035X8XB03631,B
.cache/SCRNA10X_SA_CHIP0175_002/filtered_feature_bc_matrix,AGCGATTCATCTCATT-1,SA1035X8XB03631_AGCGATTCATCTCATT-1,SA1035X8XB03631,C
.cache/SCRNA10X_SA_CHIP0175_002/filtered_feature_bc_matrix,AGCGTCGAGGTTCTAC-1,SA1035X8XB03631_AGCGTCGAGGTTCTAC-1,SA1035X8XB03631,E
.cache/SCRNA10X_SA_CHIP0175_002/filtered_feature_bc_matrix,AGCTACAGTTCTGACA-1,SA1035X8XB03631_AGCTACAGTTCTGACA-1,SA1035X8XB03631,E
.cache/SCRNA10X_SA_CHIP0175_002/filtered_feature_bc_matrix,AGCTACATCGAACTCA-1,SA1035X8XB03631_AGCTACATCGAACTCA-1,SA1035X8XB03631,E
.cache/SCRNA10X_SA_CHIP0175_002/filtered_feature_bc_matrix,AGCTTCCAGGCTGAAC-1,SA1035X8XB03631_AGCTTCCAGGCTGAAC-1,SA1035X8XB03631,E
.cache/SCRNA10X_SA_CHIP0175_002/filtered_feature_bc_matrix,AGCTTCCCATGGAACG-1,SA1035X8XB03631_AGCTTCCCATGGAACG-1,SA1035X8XB03631,E
.cache/SCRNA10X_SA_CHIP0175_002/filtered_feature_bc_matrix,AGGACGAAGCAACTCT-1,SA1035X8XB03631_AGGACGAAGCAACTCT-1,SA1035X8XB03631,E
.cache/SCRNA10X_SA_CHIP0175_002/filtered_feature_bc_matrix,AGGACTTAGGACAGTC-1,SA1035X8XB03631_AGGACTTAGGACAGTC-1,SA1035X8XB03631,E
.cache/SCRNA10X_SA_CHIP0175_002/filtered_feature_bc_matrix,AGGACTTTCGATGCTA-1,SA1035X8XB03631_AGGACTTTCGATGCTA-1,SA1035X8XB03631,B
.cache/SCRNA10X_SA_CHIP0175_002/filtered_feature_bc_matrix,AGGGCCTTCTCTATAC-1,SA1035X8XB03631_AGGGCCTTCTCTATAC-1,SA1035X8XB03631,E
.cache/SCRNA10X_SA_CHIP0175_002/filtered_feature_bc_matrix,AGGGTCCGTAATTGGA-1,SA1035X8XB03631_AGGGTCCGTAATTGGA-1,SA1035X8XB03631,E
.cache/SCRNA10X_SA_CHIP0175_002/filtered_feature_bc_matrix,AGGGTCCGTGCCGAAA-1,SA1035X8XB03631_AGGGTCCGTGCCGAAA-1,SA1035X8XB03631,B
.cache/SCRNA10X_SA_CHIP0175_002/filtered_feature_bc_matrix,AGGGTGAAGCGTTAGG-1,SA1035X8XB03631_AGGGTGAAGCGTTAGG-1,SA1035X8XB03631,E
.cache/SCRNA10X_SA_CHIP0175_002/filtered_feature_bc_matrix,AGGGTTTTCTGGCCAG-1,SA1035X8XB03631_AGGGTTTTCTGGCCAG-1,SA1035X8XB03631,D
.cache/SCRNA10X_SA_CHIP0175_002/filtered_feature_bc_matrix,AGGTCTATCCGATAGT-1,SA1035X8XB03631_AGGTCTATCCGATAGT-1,SA1035X8XB03631,E
.cache/SCRNA10X_SA_CHIP0175_002/filtered_feature_bc_matrix,AGGTGTTAGGGACAGG-1,SA1035X8XB03631_AGGTGTTAGGGACAGG-1,SA1035X8XB03631,E
.cache/SCRNA10X_SA_CHIP0175_002/filtered_feature_bc_matrix,AGGTTACGTCTCACAA-1,SA1035X8XB03631_AGGTTACGTCTCACAA-1,SA1035X8XB03631,E
.cache/SCRNA10X_SA_CHIP0175_002/filtered_feature_bc_matrix,AGGTTACTCTGAGTCA-1,SA1035X8XB03631_AGGTTACTCTGAGTCA-1,SA1035X8XB03631,D
.cache/SCRNA10X_SA_CHIP0175_002/filtered_feature_bc_matrix,AGTACTGCAGTTTCAG-1,SA1035X8XB03631_AGTACTGCAGTTTCAG-1,SA1035X8XB03631,E
.cache/SCRNA10X_SA_CHIP0175_002/filtered_feature_bc_matrix,AGTAGCTTCGCACTCT-1,SA1035X8XB03631_AGTAGCTTCGCACTCT-1,SA1035X8XB03631,E
.cache/SCRNA10X_SA_CHIP0175_002/filtered_feature_bc_matrix,AGTCTCCCACAGTGTT-1,SA1035X8XB03631_AGTCTCCCACAGTGTT-1,SA1035X8XB03631,E
.cache/SCRNA10X_SA_CHIP0175_002/filtered_feature_bc_matrix,AGTTCCCTCGTAGGGA-1,SA1035X8XB03631_AGTTCCCTCGTAGGGA-1,SA1035X8XB03631,B
.cache/SCRNA10X_SA_CHIP0175_002/filtered_feature_bc_matrix,ATACCGATCCATATGG-1,SA1035X8XB03631_ATACCGATCCATATGG-1,SA1035X8XB03631,E
.cache/SCRNA10X_SA_CHIP0175_002/filtered_feature_bc_matrix,ATAGAGACAACATACC-1,SA1035X8XB03631_ATAGAGACAACATACC-1,SA1035X8XB03631,E
.cache/SCRNA10X_SA_CHIP0175_002/filtered_feature_bc_matrix,ATAGAGACACGGAAGT-1,SA1035X8XB03631_ATAGAGACACGGAAGT-1,SA1035X8XB03631,D
.cache/SCRNA10X_SA_CHIP0175_002/filtered_feature_bc_matrix,ATAGAGAGTTGTACGT-1,SA1035X8XB03631_ATAGAGAGTTGTACGT-1,SA1035X8XB03631,D
.cache/SCRNA10X_SA_CHIP0175_002/filtered_feature_bc_matrix,ATAGAGATCAAACGTC-1,SA1035X8XB03631_ATAGAGATCAAACGTC-1,SA1035X8XB03631,E
.cache/SCRNA10X_SA_CHIP0175_002/filtered_feature_bc_matrix,ATCACGAGTGTCTAAC-1,SA1035X8XB03631_ATCACGAGTGTCTAAC-1,SA1035X8XB03631,B
.cache/SCRNA10X_SA_CHIP0175_002/filtered_feature_bc_matrix,ATCAGGTGTCCACAGC-1,SA1035X8XB03631_ATCAGGTGTCCACAGC-1,SA1035X8XB03631,E
.cache/SCRNA10X_SA_CHIP0175_002/filtered_feature_bc_matrix,ATCCACCAGGTTCTTG-1,SA1035X8XB03631_ATCCACCAGGTTCTTG-1,SA1035X8XB03631,E
.cache/SCRNA10X_SA_CHIP0175_002/filtered_feature_bc_matrix,ATCCACCTCAAGCCGC-1,SA1035X8XB03631_ATCCACCTCAAGCCGC-1,SA1035X8XB03631,E
.cache/SCRNA10X_SA_CHIP0175_002/filtered_feature_bc_matrix,ATCCACCTCTGAGTCA-1,SA1035X8XB03631_ATCCACCTCTGAGTCA-1,SA1035X8XB03631,D
.cache/SCRNA10X_SA_CHIP0175_002/filtered_feature_bc_matrix,ATCCATTGTCCTGGGT-1,SA1035X8XB03631_ATCCATTGTCCTGGGT-1,SA1035X8XB03631,E
.cache/SCRNA10X_SA_CHIP0175_002/filtered_feature_bc_matrix,ATCCCTGGTTGTCTAG-1,SA1035X8XB03631_ATCCCTGGTTGTCTAG-1,SA1035X8XB03631,E
.cache/SCRNA10X_SA_CHIP0175_002/filtered_feature_bc_matrix,ATCGATGGTAGCTTTG-1,SA1035X8XB03631_ATCGATGGTAGCTTTG-1,SA1035X8XB03631,B
.cache/SCRNA10X_SA_CHIP0175_002/filtered_feature_bc_matrix,ATCGTAGGTATTCCTT-1,SA1035X8XB03631_ATCGTAGGTATTCCTT-1,SA1035X8XB03631,E
.cache/SCRNA10X_SA_CHIP0175_002/filtered_feature_bc_matrix,ATCTCTACAAATTGGA-1,SA1035X8XB03631_ATCTCTACAAATTGGA-1,SA1035X8XB03631,E
.cache/SCRNA10X_SA_CHIP0175_002/filtered_feature_bc_matrix,ATCTTCAGTAATCAGA-1,SA1035X8XB03631_ATCTTCAGTAATCAGA-1,SA1035X8XB03631,E
.cache/SCRNA10X_SA_CHIP0175_002/filtered_feature_bc_matrix,ATGAAAGGTCCAAAGG-1,SA1035X8XB03631_ATGAAAGGTCCAAAGG-1,SA1035X8XB03631,E
.cache/SCRNA10X_SA_CHIP0175_002/filtered_feature_bc_matrix,ATGAAAGTCCTTACCG-1,SA1035X8XB03631_ATGAAAGTCCTTACCG-1,SA1035X8XB03631,E
.cache/SCRNA10X_SA_CHIP0175_002/filtered_feature_bc_matrix,ATGAAAGTCTGGCTGG-1,SA1035X8XB03631_ATGAAAGTCTGGCTGG-1,SA1035X8XB03631,E
.cache/SCRNA10X_SA_CHIP0175_002/filtered_feature_bc_matrix,ATGACCAAGCATGAAT-1,SA1035X8XB03631_ATGACCAAGCATGAAT-1,SA1035X8XB03631,E
.cache/SCRNA10X_SA_CHIP0175_002/filtered_feature_bc_matrix,ATGAGGGGTTCGAACT-1,SA1035X8XB03631_ATGAGGGGTTCGAACT-1,SA1035X8XB03631,E
.cache/SCRNA10X_SA_CHIP0175_002/filtered_feature_bc_matrix,ATGATCGCATCCTATT-1,SA1035X8XB03631_ATGATCGCATCCTATT-1,SA1035X8XB03631,E
.cache/SCRNA10X_SA_CHIP0175_002/filtered_feature_bc_matrix,ATGATCGGTCGTGATT-1,SA1035X8XB03631_ATGATCGGTCGTGATT-1,SA1035X8XB03631,E
.cache/SCRNA10X_SA_CHIP0175_002/filtered_feature_bc_matrix,ATGCCTCTCCGATCTC-1,SA1035X8XB03631_ATGCCTCTCCGATCTC-1,SA1035X8XB03631,C
.cache/SCRNA10X_SA_CHIP0175_002/filtered_feature_bc_matrix,ATGCGATGTATCAGGG-1,SA1035X8XB03631_ATGCGATGTATCAGGG-1,SA1035X8XB03631,E
.cache/SCRNA10X_SA_CHIP0175_002/filtered_feature_bc_matrix,ATGGAGGTCTCCATAT-1,SA1035X8XB03631_ATGGAGGTCTCCATAT-1,SA1035X8XB03631,E
.cache/SCRNA10X_SA_CHIP0175_002/filtered_feature_bc_matrix,ATGGATCTCAGTCAGT-1,SA1035X8XB03631_ATGGATCTCAGTCAGT-1,SA1035X8XB03631,E
.cache/SCRNA10X_SA_CHIP0175_002/filtered_feature_bc_matrix,ATGGGTTAGCCGATAG-1,SA1035X8XB03631_ATGGGTTAGCCGATAG-1,SA1035X8XB03631,E
.cache/SCRNA10X_SA_CHIP0175_002/filtered_feature_bc_matrix,ATGGGTTCAAATCGGG-1,SA1035X8XB03631_ATGGGTTCAAATCGGG-1,SA1035X8XB03631,D
.cache/SCRNA10X_SA_CHIP0175_002/filtered_feature_bc_matrix,ATGGTTGCAACGGCCT-1,SA1035X8XB03631_ATGGTTGCAACGGCCT-1,SA1035X8XB03631,E
.cache/SCRNA10X_SA_CHIP0175_002/filtered_feature_bc_matrix,ATGTCCCAGGGAGTTC-1,SA1035X8XB03631_ATGTCCCAGGGAGTTC-1,SA1035X8XB03631,E
.cache/SCRNA10X_SA_CHIP0175_002/filtered_feature_bc_matrix,ATGTCTTGTCGAACAG-1,SA1035X8XB03631_ATGTCTTGTCGAACAG-1,SA1035X8XB03631,E
.cache/SCRNA10X_SA_CHIP0175_002/filtered_feature_bc_matrix,ATTCAGGAGACATCAA-1,SA1035X8XB03631_ATTCAGGAGACATCAA-1,SA1035X8XB03631,D
.cache/SCRNA10X_SA_CHIP0175_002/filtered_feature_bc_matrix,ATTCCCGAGCGAGAAA-1,SA1035X8XB03631_ATTCCCGAGCGAGAAA-1,SA1035X8XB03631,B
.cache/SCRNA10X_SA_CHIP0175_002/filtered_feature_bc_matrix,ATTCCCGGTTAGAAGT-1,SA1035X8XB03631_ATTCCCGGTTAGAAGT-1,SA1035X8XB03631,E
.cache/SCRNA10X_SA_CHIP0175_002/filtered_feature_bc_matrix,ATTCCTATCGAGATGG-1,SA1035X8XB03631_ATTCCTATCGAGATGG-1,SA1035X8XB03631,E
.cache/SCRNA10X_SA_CHIP0175_002/filtered_feature_bc_matrix,ATTCGTTTCGGTAGGA-1,SA1035X8XB03631_ATTCGTTTCGGTAGGA-1,SA1035X8XB03631,B
.cache/SCRNA10X_SA_CHIP0175_002/filtered_feature_bc_matrix,ATTCTACAGGCTGGAT-1,SA1035X8XB03631_ATTCTACAGGCTGGAT-1,SA1035X8XB03631,E
.cache/SCRNA10X_SA_CHIP0175_002/filtered_feature_bc_matrix,ATTCTTGAGAAGTATC-1,SA1035X8XB03631_ATTCTTGAGAAGTATC-1,SA1035X8XB03631,E
.cache/SCRNA10X_SA_CHIP0175_002/filtered_feature_bc_matrix,ATTGTTCCATTGACAC-1,SA1035X8XB03631_ATTGTTCCATTGACAC-1,SA1035X8XB03631,D
.cache/SCRNA10X_SA_CHIP0175_002/filtered_feature_bc_matrix,ATTGTTCGTCTTGAGT-1,SA1035X8XB03631_ATTGTTCGTCTTGAGT-1,SA1035X8XB03631,C
.cache/SCRNA10X_SA_CHIP0175_002/filtered_feature_bc_matrix,ATTGTTCTCATCTGTT-1,SA1035X8XB03631_ATTGTTCTCATCTGTT-1,SA1035X8XB03631,E
.cache/SCRNA10X_SA_CHIP0175_002/filtered_feature_bc_matrix,ATTTCACAGTTGGGAC-1,SA1035X8XB03631_ATTTCACAGTTGGGAC-1,SA1035X8XB03631,B
.cache/SCRNA10X_SA_CHIP0175_002/filtered_feature_bc_matrix,ATTTCACTCGATACAC-1,SA1035X8XB03631_ATTTCACTCGATACAC-1,SA1035X8XB03631,B
.cache/SCRNA10X_SA_CHIP0175_002/filtered_feature_bc_matrix,CAAAGAACAACCAACT-1,SA1035X8XB03631_CAAAGAACAACCAACT-1,SA1035X8XB03631,E
.cache/SCRNA10X_SA_CHIP0175_002/filtered_feature_bc_matrix,CAAAGAAGTTGGCTAT-1,SA1035X8XB03631_CAAAGAAGTTGGCTAT-1,SA1035X8XB03631,E
.cache/SCRNA10X_SA_CHIP0175_002/filtered_feature_bc_matrix,CAACAGTGTCACGCTG-1,SA1035X8XB03631_CAACAGTGTCACGCTG-1,SA1035X8XB03631,E
.cache/SCRNA10X_SA_CHIP0175_002/filtered_feature_bc_matrix,CAACAGTTCAAGTGGG-1,SA1035X8XB03631_CAACAGTTCAAGTGGG-1,SA1035X8XB03631,D
.cache/SCRNA10X_SA_CHIP0175_002/filtered_feature_bc_matrix,CAACAGTTCCGAGGCT-1,SA1035X8XB03631_CAACAGTTCCGAGGCT-1,SA1035X8XB03631,E
.cache/SCRNA10X_SA_CHIP0175_002/filtered_feature_bc_matrix,CAACCTCTCTCAACGA-1,SA1035X8XB03631_CAACCTCTCTCAACGA-1,SA1035X8XB03631,B
.cache/SCRNA10X_SA_CHIP0175_002/filtered_feature_bc_matrix,CAACGGCAGACTCGAG-1,SA1035X8XB03631_CAACGGCAGACTCGAG-1,SA1035X8XB03631,B
.cache/SCRNA10X_SA_CHIP0175_002/filtered_feature_bc_matrix,CAACGGCGTCCGCAGT-1,SA1035X8XB03631_CAACGGCGTCCGCAGT-1,SA1035X8XB03631,B
.cache/SCRNA10X_SA_CHIP0175_002/filtered_feature_bc_matrix,CAACGGCGTGACTGAG-1,SA1035X8XB03631_CAACGGCGTGACTGAG-1,SA1035X8XB03631,E
.cache/SCRNA10X_SA_CHIP0175_002/filtered_feature_bc_matrix,CAAGCTAAGAATAACC-1,SA1035X8XB03631_CAAGCTAAGAATAACC-1,SA1035X8XB03631,B
.cache/SCRNA10X_SA_CHIP0175_002/filtered_feature_bc_matrix,CAATACGGTAATGTGA-1,SA1035X8XB03631_CAATACGGTAATGTGA-1,SA1035X8XB03631,B
.cache/SCRNA10X_SA_CHIP0175_002/filtered_feature_bc_matrix,CAATCGAAGATCACCT-1,SA1035X8XB03631_CAATCGAAGATCACCT-1,SA1035X8XB03631,B
.cache/SCRNA10X_SA_CHIP0175_002/filtered_feature_bc_matrix,CAATCGAAGGGACAGG-1,SA1035X8XB03631_CAATCGAAGGGACAGG-1,SA1035X8XB03631,E
.cache/SCRNA10X_SA_CHIP0175_002/filtered_feature_bc_matrix,CAATGACCAGAGCTAG-1,SA1035X8XB03631_CAATGACCAGAGCTAG-1,SA1035X8XB03631,E
.cache/SCRNA10X_SA_CHIP0175_002/filtered_feature_bc_matrix,CACAACACACCCAATA-1,SA1035X8XB03631_CACAACACACCCAATA-1,SA1035X8XB03631,B
.cache/SCRNA10X_SA_CHIP0175_002/filtered_feature_bc_matrix,CACCGTTCAGCATGCC-1,SA1035X8XB03631_CACCGTTCAGCATGCC-1,SA1035X8XB03631,E
.cache/SCRNA10X_SA_CHIP0175_002/filtered_feature_bc_matrix,CACGTGGTCTTAATCC-1,SA1035X8XB03631_CACGTGGTCTTAATCC-1,SA1035X8XB03631,B
.cache/SCRNA10X_SA_CHIP0175_002/filtered_feature_bc_matrix,CACGTTCGTCCAGCCA-1,SA1035X8XB03631_CACGTTCGTCCAGCCA-1,SA1035X8XB03631,E
.cache/SCRNA10X_SA_CHIP0175_002/filtered_feature_bc_matrix,CACGTTCTCGACATCA-1,SA1035X8XB03631_CACGTTCTCGACATCA-1,SA1035X8XB03631,E
.cache/SCRNA10X_SA_CHIP0175_002/filtered_feature_bc_matrix,CACGTTCTCTCGTCGT-1,SA1035X8XB03631_CACGTTCTCTCGTCGT-1,SA1035X8XB03631,B
.cache/SCRNA10X_SA_CHIP0175_002/filtered_feature_bc_matrix,CACTAAGCATTGTGCA-1,SA1035X8XB03631_CACTAAGCATTGTGCA-1,SA1035X8XB03631,E
.cache/SCRNA10X_SA_CHIP0175_002/filtered_feature_bc_matrix,CACTGTCCATGAAGGC-1,SA1035X8XB03631_CACTGTCCATGAAGGC-1,SA1035X8XB03631,E
.cache/SCRNA10X_SA_CHIP0175_002/filtered_feature_bc_matrix,CACTTCGAGGGTGGGA-1,SA1035X8XB03631_CACTTCGAGGGTGGGA-1,SA1035X8XB03631,unassigned
.cache/SCRNA10X_SA_CHIP0175_002/filtered_feature_bc_matrix,CAGATACTCATTTCCA-1,SA1035X8XB03631_CAGATACTCATTTCCA-1,SA1035X8XB03631,E
.cache/SCRNA10X_SA_CHIP0175_002/filtered_feature_bc_matrix,CAGATACTCGATGCAT-1,SA1035X8XB03631_CAGATACTCGATGCAT-1,SA1035X8XB03631,E
.cache/SCRNA10X_SA_CHIP0175_002/filtered_feature_bc_matrix,CAGATTGTCACCATAG-1,SA1035X8XB03631_CAGATTGTCACCATAG-1,SA1035X8XB03631,E
.cache/SCRNA10X_SA_CHIP0175_002/filtered_feature_bc_matrix,CAGCAATGTGTCCACG-1,SA1035X8XB03631_CAGCAATGTGTCCACG-1,SA1035X8XB03631,E
.cache/SCRNA10X_SA_CHIP0175_002/filtered_feature_bc_matrix,CAGCAGCAGACTGGGT-1,SA1035X8XB03631_CAGCAGCAGACTGGGT-1,SA1035X8XB03631,E
.cache/SCRNA10X_SA_CHIP0175_002/filtered_feature_bc_matrix,CAGGCCATCATCGTAG-1,SA1035X8XB03631_CAGGCCATCATCGTAG-1,SA1035X8XB03631,E
.cache/SCRNA10X_SA_CHIP0175_002/filtered_feature_bc_matrix,CAGGTATTCCTCTCTT-1,SA1035X8XB03631_CAGGTATTCCTCTCTT-1,SA1035X8XB03631,E
.cache/SCRNA10X_SA_CHIP0175_002/filtered_feature_bc_matrix,CAGGTATTCTTTCGAT-1,SA1035X8XB03631_CAGGTATTCTTTCGAT-1,SA1035X8XB03631,B
.cache/SCRNA10X_SA_CHIP0175_002/filtered_feature_bc_matrix,CAGTGCGTCATTGCCC-1,SA1035X8XB03631_CAGTGCGTCATTGCCC-1,SA1035X8XB03631,E
.cache/SCRNA10X_SA_CHIP0175_002/filtered_feature_bc_matrix,CAGTTAGTCTTCCTAA-1,SA1035X8XB03631_CAGTTAGTCTTCCTAA-1,SA1035X8XB03631,E
.cache/SCRNA10X_SA_CHIP0175_002/filtered_feature_bc_matrix,CATACCCAGCACTGGA-1,SA1035X8XB03631_CATACCCAGCACTGGA-1,SA1035X8XB03631,E
.cache/SCRNA10X_SA_CHIP0175_002/filtered_feature_bc_matrix,CATACCCTCCGGTTCT-1,SA1035X8XB03631_CATACCCTCCGGTTCT-1,SA1035X8XB03631,E
.cache/SCRNA10X_SA_CHIP0175_002/filtered_feature_bc_matrix,CATACTTTCGCAGATT-1,SA1035X8XB03631_CATACTTTCGCAGATT-1,SA1035X8XB03631,E
.cache/SCRNA10X_SA_CHIP0175_002/filtered_feature_bc_matrix,CATACTTTCTTAGGAC-1,SA1035X8XB03631_CATACTTTCTTAGGAC-1,SA1035X8XB03631,E
.cache/SCRNA10X_SA_CHIP0175_002/filtered_feature_bc_matrix,CATAGACAGAAGTATC-1,SA1035X8XB03631_CATAGACAGAAGTATC-1,SA1035X8XB03631,E
.cache/SCRNA10X_SA_CHIP0175_002/filtered_feature_bc_matrix,CATAGACGTAGCGATG-1,SA1035X8XB03631_CATAGACGTAGCGATG-1,SA1035X8XB03631,E
.cache/SCRNA10X_SA_CHIP0175_002/filtered_feature_bc_matrix,CATCAAGAGATTGTGA-1,SA1035X8XB03631_CATCAAGAGATTGTGA-1,SA1035X8XB03631,E
.cache/SCRNA10X_SA_CHIP0175_002/filtered_feature_bc_matrix,CATCCACAGAAACACT-1,SA1035X8XB03631_CATCCACAGAAACACT-1,SA1035X8XB03631,B
.cache/SCRNA10X_SA_CHIP0175_002/filtered_feature_bc_matrix,CATCCCAGTTCCAGGC-1,SA1035X8XB03631_CATCCCAGTTCCAGGC-1,SA1035X8XB03631,B
.cache/SCRNA10X_SA_CHIP0175_002/filtered_feature_bc_matrix,CATCCCATCATCTATC-1,SA1035X8XB03631_CATCCCATCATCTATC-1,SA1035X8XB03631,D
.cache/SCRNA10X_SA_CHIP0175_002/filtered_feature_bc_matrix,CATCCCATCTCGAGTA-1,SA1035X8XB03631_CATCCCATCTCGAGTA-1,SA1035X8XB03631,B
.cache/SCRNA10X_SA_CHIP0175_002/filtered_feature_bc_matrix,CATGCCTAGGTAAGAG-1,SA1035X8XB03631_CATGCCTAGGTAAGAG-1,SA1035X8XB03631,E
.cache/SCRNA10X_SA_CHIP0175_002/filtered_feature_bc_matrix,CATGCGGAGTGCAGCA-1,SA1035X8XB03631_CATGCGGAGTGCAGCA-1,SA1035X8XB03631,E
.cache/SCRNA10X_SA_CHIP0175_002/filtered_feature_bc_matrix,CATGCTCAGCGCTGAA-1,SA1035X8XB03631_CATGCTCAGCGCTGAA-1,SA1035X8XB03631,E
.cache/SCRNA10X_SA_CHIP0175_002/filtered_feature_bc_matrix,CATGGTACATGAGGGT-1,SA1035X8XB03631_CATGGTACATGAGGGT-1,SA1035X8XB03631,E
.cache/SCRNA10X_SA_CHIP0175_002/filtered_feature_bc_matrix,CATTCATAGGTTCCAT-1,SA1035X8XB03631_CATTCATAGGTTCCAT-1,SA1035X8XB03631,E
.cache/SCRNA10X_SA_CHIP0175_002/filtered_feature_bc_matrix,CATTCATGTCAATCTG-1,SA1035X8XB03631_CATTCATGTCAATCTG-1,SA1035X8XB03631,E
.cache/SCRNA10X_SA_CHIP0175_002/filtered_feature_bc_matrix,CATTCATGTGCAATAA-1,SA1035X8XB03631_CATTCATGTGCAATAA-1,SA1035X8XB03631,E
.cache/SCRNA10X_SA_CHIP0175_002/filtered_feature_bc_matrix,CATTCCGTCCACCCTA-1,SA1035X8XB03631_CATTCCGTCCACCCTA-1,SA1035X8XB03631,E
.cache/SCRNA10X_SA_CHIP0175_002/filtered_feature_bc_matrix,CATTCTAAGGTTCTAC-1,SA1035X8XB03631_CATTCTAAGGTTCTAC-1,SA1035X8XB03631,E
.cache/SCRNA10X_SA_CHIP0175_002/filtered_feature_bc_matrix,CATTCTATCATCCTGC-1,SA1035X8XB03631_CATTCTATCATCCTGC-1,SA1035X8XB03631,E
.cache/SCRNA10X_SA_CHIP0175_002/filtered_feature_bc_matrix,CCAATGAGTAGACAGC-1,SA1035X8XB03631_CCAATGAGTAGACAGC-1,SA1035X8XB03631,D
.cache/SCRNA10X_SA_CHIP0175_002/filtered_feature_bc_matrix,CCAATGAGTGCATTTG-1,SA1035X8XB03631_CCAATGAGTGCATTTG-1,SA1035X8XB03631,E
.cache/SCRNA10X_SA_CHIP0175_002/filtered_feature_bc_matrix,CCAATTTTCGGTCTGG-1,SA1035X8XB03631_CCAATTTTCGGTCTGG-1,SA1035X8XB03631,E
.cache/SCRNA10X_SA_CHIP0175_002/filtered_feature_bc_matrix,CCACAAACAGCGGTTC-1,SA1035X8XB03631_CCACAAACAGCGGTTC-1,SA1035X8XB03631,E
.cache/SCRNA10X_SA_CHIP0175_002/filtered_feature_bc_matrix,CCACCATCAATCACGT-1,SA1035X8XB03631_CCACCATCAATCACGT-1,SA1035X8XB03631,D
.cache/SCRNA10X_SA_CHIP0175_002/filtered_feature_bc_matrix,CCACGTTCACACAGCC-1,SA1035X8XB03631_CCACGTTCACACAGCC-1,SA1035X8XB03631,E
.cache/SCRNA10X_SA_CHIP0175_002/filtered_feature_bc_matrix,CCATAAGTCAAGAGGC-1,SA1035X8XB03631_CCATAAGTCAAGAGGC-1,SA1035X8XB03631,E
.cache/SCRNA10X_SA_CHIP0175_002/filtered_feature_bc_matrix,CCATAAGTCTCTGACC-1,SA1035X8XB03631_CCATAAGTCTCTGACC-1,SA1035X8XB03631,E
.cache/SCRNA10X_SA_CHIP0175_002/filtered_feature_bc_matrix,CCATCACGTTGGGTTT-1,SA1035X8XB03631_CCATCACGTTGGGTTT-1,SA1035X8XB03631,E
.cache/SCRNA10X_SA_CHIP0175_002/filtered_feature_bc_matrix,CCCAACTTCTGGAAGG-1,SA1035X8XB03631_CCCAACTTCTGGAAGG-1,SA1035X8XB03631,E
.cache/SCRNA10X_SA_CHIP0175_002/filtered_feature_bc_matrix,CCCGAAGCAATTCGTG-1,SA1035X8XB03631_CCCGAAGCAATTCGTG-1,SA1035X8XB03631,E
.cache/SCRNA10X_SA_CHIP0175_002/filtered_feature_bc_matrix,CCCGAAGCAGGATGAC-1,SA1035X8XB03631_CCCGAAGCAGGATGAC-1,SA1035X8XB03631,B
.cache/SCRNA10X_SA_CHIP0175_002/filtered_feature_bc_matrix,CCCGGAATCCCATACC-1,SA1035X8XB03631_CCCGGAATCCCATACC-1,SA1035X8XB03631,E
.cache/SCRNA10X_SA_CHIP0175_002/filtered_feature_bc_matrix,CCCGGAATCTGGAGAG-1,SA1035X8XB03631_CCCGGAATCTGGAGAG-1,SA1035X8XB03631,B
.cache/SCRNA10X_SA_CHIP0175_002/filtered_feature_bc_matrix,CCCTAACCATCGGCCA-1,SA1035X8XB03631_CCCTAACCATCGGCCA-1,SA1035X8XB03631,B
.cache/SCRNA10X_SA_CHIP0175_002/filtered_feature_bc_matrix,CCCTCAAAGGGTATAT-1,SA1035X8XB03631_CCCTCAAAGGGTATAT-1,SA1035X8XB03631,D
.cache/SCRNA10X_SA_CHIP0175_002/filtered_feature_bc_matrix,CCCTTAGCATCGGAGA-1,SA1035X8XB03631_CCCTTAGCATCGGAGA-1,SA1035X8XB03631,E
.cache/SCRNA10X_SA_CHIP0175_002/filtered_feature_bc_matrix,CCGATGGAGCGCCGTT-1,SA1035X8XB03631_CCGATGGAGCGCCGTT-1,SA1035X8XB03631,D
.cache/SCRNA10X_SA_CHIP0175_002/filtered_feature_bc_matrix,CCGGACATCGCTGCGA-1,SA1035X8XB03631_CCGGACATCGCTGCGA-1,SA1035X8XB03631,E
.cache/SCRNA10X_SA_CHIP0175_002/filtered_feature_bc_matrix,CCGGACATCTTGGATG-1,SA1035X8XB03631_CCGGACATCTTGGATG-1,SA1035X8XB03631,B
.cache/SCRNA10X_SA_CHIP0175_002/filtered_feature_bc_matrix,CCGGGTAGTGACACAG-1,SA1035X8XB03631_CCGGGTAGTGACACAG-1,SA1035X8XB03631,E
.cache/SCRNA10X_SA_CHIP0175_002/filtered_feature_bc_matrix,CCGGTGAAGCATGTTC-1,SA1035X8XB03631_CCGGTGAAGCATGTTC-1,SA1035X8XB03631,E
.cache/SCRNA10X_SA_CHIP0175_002/filtered_feature_bc_matrix,CCGGTGACAATGGGTG-1,SA1035X8XB03631_CCGGTGACAATGGGTG-1,SA1035X8XB03631,D
.cache/SCRNA10X_SA_CHIP0175_002/filtered_feature_bc_matrix,CCGGTGATCCGCAAAT-1,SA1035X8XB03631_CCGGTGATCCGCAAAT-1,SA1035X8XB03631,E
.cache/SCRNA10X_SA_CHIP0175_002/filtered_feature_bc_matrix,CCGTAGGAGTATGACA-1,SA1035X8XB03631_CCGTAGGAGTATGACA-1,SA1035X8XB03631,D
.cache/SCRNA10X_SA_CHIP0175_002/filtered_feature_bc_matrix,CCGTTCATCAAGCCAT-1,SA1035X8XB03631_CCGTTCATCAAGCCAT-1,SA1035X8XB03631,E
.cache/SCRNA10X_SA_CHIP0175_002/filtered_feature_bc_matrix,CCTACGTTCGTTATCT-1,SA1035X8XB03631_CCTACGTTCGTTATCT-1,SA1035X8XB03631,E
.cache/SCRNA10X_SA_CHIP0175_002/filtered_feature_bc_matrix,CCTATCGCATGAAGGC-1,SA1035X8XB03631_CCTATCGCATGAAGGC-1,SA1035X8XB03631,E
.cache/SCRNA10X_SA_CHIP0175_002/filtered_feature_bc_matrix,CCTATCGGTTAGCGGA-1,SA1035X8XB03631_CCTATCGGTTAGCGGA-1,SA1035X8XB03631,C
.cache/SCRNA10X_SA_CHIP0175_002/filtered_feature_bc_matrix,CCTCATGCAGAGGCTA-1,SA1035X8XB03631_CCTCATGCAGAGGCTA-1,SA1035X8XB03631,E
.cache/SCRNA10X_SA_CHIP0175_002/filtered_feature_bc_matrix,CCTCCTCTCCTTCACG-1,SA1035X8XB03631_CCTCCTCTCCTTCACG-1,SA1035X8XB03631,E
.cache/SCRNA10X_SA_CHIP0175_002/filtered_feature_bc_matrix,CCTCTAGCATACAGCT-1,SA1035X8XB03631_CCTCTAGCATACAGCT-1,SA1035X8XB03631,D
.cache/SCRNA10X_SA_CHIP0175_002/filtered_feature_bc_matrix,CCTCTAGGTCTACGAT-1,SA1035X8XB03631_CCTCTAGGTCTACGAT-1,SA1035X8XB03631,E
.cache/SCRNA10X_SA_CHIP0175_002/filtered_feature_bc_matrix,CCTCTAGTCTGCGTCT-1,SA1035X8XB03631_CCTCTAGTCTGCGTCT-1,SA1035X8XB03631,B
.cache/SCRNA10X_SA_CHIP0175_002/filtered_feature_bc_matrix,CCTGTTGGTTCTCCAC-1,SA1035X8XB03631_CCTGTTGGTTCTCCAC-1,SA1035X8XB03631,E
.cache/SCRNA10X_SA_CHIP0175_002/filtered_feature_bc_matrix,CCTTTGGGTCTCTCCA-1,SA1035X8XB03631_CCTTTGGGTCTCTCCA-1,SA1035X8XB03631,E
.cache/SCRNA10X_SA_CHIP0175_002/filtered_feature_bc_matrix,CGAATTGAGAGGCTGT-1,SA1035X8XB03631_CGAATTGAGAGGCTGT-1,SA1035X8XB03631,E
.cache/SCRNA10X_SA_CHIP0175_002/filtered_feature_bc_matrix,CGAGAAGGTCCGGTGT-1,SA1035X8XB03631_CGAGAAGGTCCGGTGT-1,SA1035X8XB03631,D
.cache/SCRNA10X_SA_CHIP0175_002/filtered_feature_bc_matrix,CGAGGCTTCCCTCTCC-1,SA1035X8XB03631_CGAGGCTTCCCTCTCC-1,SA1035X8XB03631,E
.cache/SCRNA10X_SA_CHIP0175_002/filtered_feature_bc_matrix,CGAGTTATCGAGTCTA-1,SA1035X8XB03631_CGAGTTATCGAGTCTA-1,SA1035X8XB03631,E
.cache/SCRNA10X_SA_CHIP0175_002/filtered_feature_bc_matrix,CGATCGGGTATCAGCT-1,SA1035X8XB03631_CGATCGGGTATCAGCT-1,SA1035X8XB03631,D
.cache/SCRNA10X_SA_CHIP0175_002/filtered_feature_bc_matrix,CGATGCGCAGACCATT-1,SA1035X8XB03631_CGATGCGCAGACCATT-1,SA1035X8XB03631,E
.cache/SCRNA10X_SA_CHIP0175_002/filtered_feature_bc_matrix,CGATGCGGTCCGGCAT-1,SA1035X8XB03631_CGATGCGGTCCGGCAT-1,SA1035X8XB03631,E
.cache/SCRNA10X_SA_CHIP0175_002/filtered_feature_bc_matrix,CGATGGCAGCATCAGG-1,SA1035X8XB03631_CGATGGCAGCATCAGG-1,SA1035X8XB03631,E
.cache/SCRNA10X_SA_CHIP0175_002/filtered_feature_bc_matrix,CGCAGGTCAGTAGAAT-1,SA1035X8XB03631_CGCAGGTCAGTAGAAT-1,SA1035X8XB03631,B
.cache/SCRNA10X_SA_CHIP0175_002/filtered_feature_bc_matrix,CGCATGGTCGCCATAA-1,SA1035X8XB03631_CGCATGGTCGCCATAA-1,SA1035X8XB03631,E
.cache/SCRNA10X_SA_CHIP0175_002/filtered_feature_bc_matrix,CGCCAGATCCTCCACA-1,SA1035X8XB03631_CGCCAGATCCTCCACA-1,SA1035X8XB03631,D
.cache/SCRNA10X_SA_CHIP0175_002/filtered_feature_bc_matrix,CGCGTGAAGCTCGCAC-1,SA1035X8XB03631_CGCGTGAAGCTCGCAC-1,SA1035X8XB03631,E
.cache/SCRNA10X_SA_CHIP0175_002/filtered_feature_bc_matrix,CGGGACTGTTGGTAGG-1,SA1035X8XB03631_CGGGACTGTTGGTAGG-1,SA1035X8XB03631,E
.cache/SCRNA10X_SA_CHIP0175_002/filtered_feature_bc_matrix,CGGGACTTCCGAGCTG-1,SA1035X8XB03631_CGGGACTTCCGAGCTG-1,SA1035X8XB03631,E
.cache/SCRNA10X_SA_CHIP0175_002/filtered_feature_bc_matrix,CGGGCATCAATTTCTC-1,SA1035X8XB03631_CGGGCATCAATTTCTC-1,SA1035X8XB03631,B
.cache/SCRNA10X_SA_CHIP0175_002/filtered_feature_bc_matrix,CGTAAGTAGACGTCGA-1,SA1035X8XB03631_CGTAAGTAGACGTCGA-1,SA1035X8XB03631,C
.cache/SCRNA10X_SA_CHIP0175_002/filtered_feature_bc_matrix,CGTAAGTCATATGAAG-1,SA1035X8XB03631_CGTAAGTCATATGAAG-1,SA1035X8XB03631,E
.cache/SCRNA10X_SA_CHIP0175_002/filtered_feature_bc_matrix,CGTAAGTTCGTGCGAC-1,SA1035X8XB03631_CGTAAGTTCGTGCGAC-1,SA1035X8XB03631,E
.cache/SCRNA10X_SA_CHIP0175_002/filtered_feature_bc_matrix,CGTAGTAGTTGTTGCA-1,SA1035X8XB03631_CGTAGTAGTTGTTGCA-1,SA1035X8XB03631,E
.cache/SCRNA10X_SA_CHIP0175_002/filtered_feature_bc_matrix,CGTGAATCAAGAGGCT-1,SA1035X8XB03631_CGTGAATCAAGAGGCT-1,SA1035X8XB03631,E
.cache/SCRNA10X_SA_CHIP0175_002/filtered_feature_bc_matrix,CGTGAATCAGGATCTT-1,SA1035X8XB03631_CGTGAATCAGGATCTT-1,SA1035X8XB03631,E
.cache/SCRNA10X_SA_CHIP0175_002/filtered_feature_bc_matrix,CGTGTCTAGTGGTCAG-1,SA1035X8XB03631_CGTGTCTAGTGGTCAG-1,SA1035X8XB03631,D
.cache/SCRNA10X_SA_CHIP0175_002/filtered_feature_bc_matrix,CGTGTCTGTGGTTTAC-1,SA1035X8XB03631_CGTGTCTGTGGTTTAC-1,SA1035X8XB03631,E
.cache/SCRNA10X_SA_CHIP0175_002/filtered_feature_bc_matrix,CGTTAGACATAGGAGC-1,SA1035X8XB03631_CGTTAGACATAGGAGC-1,SA1035X8XB03631,E
.cache/SCRNA10X_SA_CHIP0175_002/filtered_feature_bc_matrix,CGTTCTGAGGGCCCTT-1,SA1035X8XB03631_CGTTCTGAGGGCCCTT-1,SA1035X8XB03631,B
.cache/SCRNA10X_SA_CHIP0175_002/filtered_feature_bc_matrix,CTAAGTGGTAAGCAAT-1,SA1035X8XB03631_CTAAGTGGTAAGCAAT-1,SA1035X8XB03631,B
.cache/SCRNA10X_SA_CHIP0175_002/filtered_feature_bc_matrix,CTACCTGAGGCTAACG-1,SA1035X8XB03631_CTACCTGAGGCTAACG-1,SA1035X8XB03631,B
.cache/SCRNA10X_SA_CHIP0175_002/filtered_feature_bc_matrix,CTACGGGCAGTTGCGC-1,SA1035X8XB03631_CTACGGGCAGTTGCGC-1,SA1035X8XB03631,E
.cache/SCRNA10X_SA_CHIP0175_002/filtered_feature_bc_matrix,CTACTATCACCGGAAA-1,SA1035X8XB03631_CTACTATCACCGGAAA-1,SA1035X8XB03631,E
.cache/SCRNA10X_SA_CHIP0175_002/filtered_feature_bc_matrix,CTACTATGTCCCTGTT-1,SA1035X8XB03631_CTACTATGTCCCTGTT-1,SA1035X8XB03631,E
.cache/SCRNA10X_SA_CHIP0175_002/filtered_feature_bc_matrix,CTAGACATCGGCTTGG-1,SA1035X8XB03631_CTAGACATCGGCTTGG-1,SA1035X8XB03631,B
.cache/SCRNA10X_SA_CHIP0175_002/filtered_feature_bc_matrix,CTAGGTACAAGCCCAC-1,SA1035X8XB03631_CTAGGTACAAGCCCAC-1,SA1035X8XB03631,E
.cache/SCRNA10X_SA_CHIP0175_002/filtered_feature_bc_matrix,CTAGGTACAATTTCTC-1,SA1035X8XB03631_CTAGGTACAATTTCTC-1,SA1035X8XB03631,E
.cache/SCRNA10X_SA_CHIP0175_002/filtered_feature_bc_matrix,CTCAACCCAGGATCTT-1,SA1035X8XB03631_CTCAACCCAGGATCTT-1,SA1035X8XB03631,E
.cache/SCRNA10X_SA_CHIP0175_002/filtered_feature_bc_matrix,CTCAAGAAGACATACA-1,SA1035X8XB03631_CTCAAGAAGACATACA-1,SA1035X8XB03631,E
.cache/SCRNA10X_SA_CHIP0175_002/filtered_feature_bc_matrix,CTCAAGACACCACTGG-1,SA1035X8XB03631_CTCAAGACACCACTGG-1,SA1035X8XB03631,B
.cache/SCRNA10X_SA_CHIP0175_002/filtered_feature_bc_matrix,CTCAATTCACCCTGTT-1,SA1035X8XB03631_CTCAATTCACCCTGTT-1,SA1035X8XB03631,E
.cache/SCRNA10X_SA_CHIP0175_002/filtered_feature_bc_matrix,CTCACTGAGGCACTAG-1,SA1035X8XB03631_CTCACTGAGGCACTAG-1,SA1035X8XB03631,B
.cache/SCRNA10X_SA_CHIP0175_002/filtered_feature_bc_matrix,CTCAGAACACCTGATA-1,SA1035X8XB03631_CTCAGAACACCTGATA-1,SA1035X8XB03631,E
.cache/SCRNA10X_SA_CHIP0175_002/filtered_feature_bc_matrix,CTCAGGGCAGCGCGTT-1,SA1035X8XB03631_CTCAGGGCAGCGCGTT-1,SA1035X8XB03631,B
.cache/SCRNA10X_SA_CHIP0175_002/filtered_feature_bc_matrix,CTCAGGGCATTAAGCC-1,SA1035X8XB03631_CTCAGGGCATTAAGCC-1,SA1035X8XB03631,B
.cache/SCRNA10X_SA_CHIP0175_002/filtered_feature_bc_matrix,CTCAGTCTCCCATTCG-1,SA1035X8XB03631_CTCAGTCTCCCATTCG-1,SA1035X8XB03631,B
.cache/SCRNA10X_SA_CHIP0175_002/filtered_feature_bc_matrix,CTCATCGCACGTCATA-1,SA1035X8XB03631_CTCATCGCACGTCATA-1,SA1035X8XB03631,E
.cache/SCRNA10X_SA_CHIP0175_002/filtered_feature_bc_matrix,CTCATCGGTAGACAGC-1,SA1035X8XB03631_CTCATCGGTAGACAGC-1,SA1035X8XB03631,D
.cache/SCRNA10X_SA_CHIP0175_002/filtered_feature_bc_matrix,CTCATGCGTTGATCGT-1,SA1035X8XB03631_CTCATGCGTTGATCGT-1,SA1035X8XB03631,B
.cache/SCRNA10X_SA_CHIP0175_002/filtered_feature_bc_matrix,CTCATTAGTTCAGGTT-1,SA1035X8XB03631_CTCATTAGTTCAGGTT-1,SA1035X8XB03631,E
.cache/SCRNA10X_SA_CHIP0175_002/filtered_feature_bc_matrix,CTCCCAACATTGTACG-1,SA1035X8XB03631_CTCCCAACATTGTACG-1,SA1035X8XB03631,B
.cache/SCRNA10X_SA_CHIP0175_002/filtered_feature_bc_matrix,CTCCCAATCCGACGGT-1,SA1035X8XB03631_CTCCCAATCCGACGGT-1,SA1035X8XB03631,E
.cache/SCRNA10X_SA_CHIP0175_002/filtered_feature_bc_matrix,CTCCTCCTCCGTATAG-1,SA1035X8XB03631_CTCCTCCTCCGTATAG-1,SA1035X8XB03631,B
.cache/SCRNA10X_SA_CHIP0175_002/filtered_feature_bc_matrix,CTCCTTTCATGCAGGA-1,SA1035X8XB03631_CTCCTTTCATGCAGGA-1,SA1035X8XB03631,E
.cache/SCRNA10X_SA_CHIP0175_002/filtered_feature_bc_matrix,CTCGAGGCAGTATGAA-1,SA1035X8XB03631_CTCGAGGCAGTATGAA-1,SA1035X8XB03631,D
.cache/SCRNA10X_SA_CHIP0175_002/filtered_feature_bc_matrix,CTCGAGGGTTAATCGC-1,SA1035X8XB03631_CTCGAGGGTTAATCGC-1,SA1035X8XB03631,E
.cache/SCRNA10X_SA_CHIP0175_002/filtered_feature_bc_matrix,CTCGAGGGTTTCACTT-1,SA1035X8XB03631_CTCGAGGGTTTCACTT-1,SA1035X8XB03631,E
.cache/SCRNA10X_SA_CHIP0175_002/filtered_feature_bc_matrix,CTCTCAGCAATTGGTC-1,SA1035X8XB03631_CTCTCAGCAATTGGTC-1,SA1035X8XB03631,E
.cache/SCRNA10X_SA_CHIP0175_002/filtered_feature_bc_matrix,CTCTCAGTCTGGGCGT-1,SA1035X8XB03631_CTCTCAGTCTGGGCGT-1,SA1035X8XB03631,D
.cache/SCRNA10X_SA_CHIP0175_002/filtered_feature_bc_matrix,CTCTCGAGTTGGGTAG-1,SA1035X8XB03631_CTCTCGAGTTGGGTAG-1,SA1035X8XB03631,E
.cache/SCRNA10X_SA_CHIP0175_002/filtered_feature_bc_matrix,CTCTCGATCCTCACCA-1,SA1035X8XB03631_CTCTCGATCCTCACCA-1,SA1035X8XB03631,E
.cache/SCRNA10X_SA_CHIP0175_002/filtered_feature_bc_matrix,CTGAATGTCAACGCTA-1,SA1035X8XB03631_CTGAATGTCAACGCTA-1,SA1035X8XB03631,E
.cache/SCRNA10X_SA_CHIP0175_002/filtered_feature_bc_matrix,CTGAGGCGTGCCGGTT-1,SA1035X8XB03631_CTGAGGCGTGCCGGTT-1,SA1035X8XB03631,E
.cache/SCRNA10X_SA_CHIP0175_002/filtered_feature_bc_matrix,CTGCAGGAGGCTTAGG-1,SA1035X8XB03631_CTGCAGGAGGCTTAGG-1,SA1035X8XB03631,B
.cache/SCRNA10X_SA_CHIP0175_002/filtered_feature_bc_matrix,CTGCAGGCAGCGGATA-1,SA1035X8XB03631_CTGCAGGCAGCGGATA-1,SA1035X8XB03631,B
.cache/SCRNA10X_SA_CHIP0175_002/filtered_feature_bc_matrix,CTGCAGGGTGCCGAAA-1,SA1035X8XB03631_CTGCAGGGTGCCGAAA-1,SA1035X8XB03631,E
.cache/SCRNA10X_SA_CHIP0175_002/filtered_feature_bc_matrix,CTGCATCAGCAGTAAT-1,SA1035X8XB03631_CTGCATCAGCAGTAAT-1,SA1035X8XB03631,E
.cache/SCRNA10X_SA_CHIP0175_002/filtered_feature_bc_matrix,CTGCCATTCGGACGTC-1,SA1035X8XB03631_CTGCCATTCGGACGTC-1,SA1035X8XB03631,E
.cache/SCRNA10X_SA_CHIP0175_002/filtered_feature_bc_matrix,CTGCCTACAGTGTGCC-1,SA1035X8XB03631_CTGCCTACAGTGTGCC-1,SA1035X8XB03631,E
.cache/SCRNA10X_SA_CHIP0175_002/filtered_feature_bc_matrix,CTGCGAGGTGGAGAAA-1,SA1035X8XB03631_CTGCGAGGTGGAGAAA-1,SA1035X8XB03631,E
.cache/SCRNA10X_SA_CHIP0175_002/filtered_feature_bc_matrix,CTGGTCTGTACTGCGC-1,SA1035X8XB03631_CTGGTCTGTACTGCGC-1,SA1035X8XB03631,D
.cache/SCRNA10X_SA_CHIP0175_002/filtered_feature_bc_matrix,CTGGTCTTCCTTGGAA-1,SA1035X8XB03631_CTGGTCTTCCTTGGAA-1,SA1035X8XB03631,E
.cache/SCRNA10X_SA_CHIP0175_002/filtered_feature_bc_matrix,CTGTACCCAAGGGTCA-1,SA1035X8XB03631_CTGTACCCAAGGGTCA-1,SA1035X8XB03631,E
.cache/SCRNA10X_SA_CHIP0175_002/filtered_feature_bc_matrix,CTGTAGAAGCTCGCAC-1,SA1035X8XB03631_CTGTAGAAGCTCGCAC-1,SA1035X8XB03631,E
.cache/SCRNA10X_SA_CHIP0175_002/filtered_feature_bc_matrix,CTGTATTAGCTCGACC-1,SA1035X8XB03631_CTGTATTAGCTCGACC-1,SA1035X8XB03631,B
.cache/SCRNA10X_SA_CHIP0175_002/filtered_feature_bc_matrix,CTGTGGGAGCCATTTG-1,SA1035X8XB03631_CTGTGGGAGCCATTTG-1,SA1035X8XB03631,E
.cache/SCRNA10X_SA_CHIP0175_002/filtered_feature_bc_matrix,CTTACCGTCTCACCCA-1,SA1035X8XB03631_CTTACCGTCTCACCCA-1,SA1035X8XB03631,E
.cache/SCRNA10X_SA_CHIP0175_002/filtered_feature_bc_matrix,CTTAGGATCCCACAGG-1,SA1035X8XB03631_CTTAGGATCCCACAGG-1,SA1035X8XB03631,E
.cache/SCRNA10X_SA_CHIP0175_002/filtered_feature_bc_matrix,CTTCAATAGCACACCC-1,SA1035X8XB03631_CTTCAATAGCACACCC-1,SA1035X8XB03631,E
.cache/SCRNA10X_SA_CHIP0175_002/filtered_feature_bc_matrix,CTTCAATAGTAACGAT-1,SA1035X8XB03631_CTTCAATAGTAACGAT-1,SA1035X8XB03631,E
.cache/SCRNA10X_SA_CHIP0175_002/filtered_feature_bc_matrix,CTTCCGAGTGCAATAA-1,SA1035X8XB03631_CTTCCGAGTGCAATAA-1,SA1035X8XB03631,E
.cache/SCRNA10X_SA_CHIP0175_002/filtered_feature_bc_matrix,CTTCCTTAGGTTTACC-1,SA1035X8XB03631_CTTCCTTAGGTTTACC-1,SA1035X8XB03631,B
.cache/SCRNA10X_SA_CHIP0175_002/filtered_feature_bc_matrix,CTTCGGTAGCTCGGCT-1,SA1035X8XB03631_CTTCGGTAGCTCGGCT-1,SA1035X8XB03631,E
.cache/SCRNA10X_SA_CHIP0175_002/filtered_feature_bc_matrix,CTTCGGTGTAACAGGC-1,SA1035X8XB03631_CTTCGGTGTAACAGGC-1,SA1035X8XB03631,E
.cache/SCRNA10X_SA_CHIP0175_002/filtered_feature_bc_matrix,CTTGAGAAGACAGCTG-1,SA1035X8XB03631_CTTGAGAAGACAGCTG-1,SA1035X8XB03631,E
.cache/SCRNA10X_SA_CHIP0175_002/filtered_feature_bc_matrix,CTTGATTCACCGCTAG-1,SA1035X8XB03631_CTTGATTCACCGCTAG-1,SA1035X8XB03631,E
.cache/SCRNA10X_SA_CHIP0175_002/filtered_feature_bc_matrix,CTTGATTCAGGGAGAG-1,SA1035X8XB03631_CTTGATTCAGGGAGAG-1,SA1035X8XB03631,C
.cache/SCRNA10X_SA_CHIP0175_002/filtered_feature_bc_matrix,CTTTCAAAGCTGGCTC-1,SA1035X8XB03631_CTTTCAAAGCTGGCTC-1,SA1035X8XB03631,E
.cache/SCRNA10X_SA_CHIP0175_002/filtered_feature_bc_matrix,CTTTCGGTCATTCGTT-1,SA1035X8XB03631_CTTTCGGTCATTCGTT-1,SA1035X8XB03631,C
.cache/SCRNA10X_SA_CHIP0175_002/filtered_feature_bc_matrix,GAAACCTAGTGCCGAA-1,SA1035X8XB03631_GAAACCTAGTGCCGAA-1,SA1035X8XB03631,B
.cache/SCRNA10X_SA_CHIP0175_002/filtered_feature_bc_matrix,GAAACCTTCTGTCTCG-1,SA1035X8XB03631_GAAACCTTCTGTCTCG-1,SA1035X8XB03631,B
.cache/SCRNA10X_SA_CHIP0175_002/filtered_feature_bc_matrix,GAAATGACAGGTGTGA-1,SA1035X8XB03631_GAAATGACAGGTGTGA-1,SA1035X8XB03631,E
.cache/SCRNA10X_SA_CHIP0175_002/filtered_feature_bc_matrix,GAAGCGAAGGTATAGT-1,SA1035X8XB03631_GAAGCGAAGGTATAGT-1,SA1035X8XB03631,B
.cache/SCRNA10X_SA_CHIP0175_002/filtered_feature_bc_matrix,GAAGCGATCGACATAC-1,SA1035X8XB03631_GAAGCGATCGACATAC-1,SA1035X8XB03631,D
.cache/SCRNA10X_SA_CHIP0175_002/filtered_feature_bc_matrix,GAAGGACGTGCTGCAC-1,SA1035X8XB03631_GAAGGACGTGCTGCAC-1,SA1035X8XB03631,E
.cache/SCRNA10X_SA_CHIP0175_002/filtered_feature_bc_matrix,GAAGTAAAGGTCGTCC-1,SA1035X8XB03631_GAAGTAAAGGTCGTCC-1,SA1035X8XB03631,D
.cache/SCRNA10X_SA_CHIP0175_002/filtered_feature_bc_matrix,GAAGTAACACCAACAT-1,SA1035X8XB03631_GAAGTAACACCAACAT-1,SA1035X8XB03631,E
.cache/SCRNA10X_SA_CHIP0175_002/filtered_feature_bc_matrix,GAATCACTCTGACCCT-1,SA1035X8XB03631_GAATCACTCTGACCCT-1,SA1035X8XB03631,B
.cache/SCRNA10X_SA_CHIP0175_002/filtered_feature_bc_matrix,GAATCGTTCAACTGGT-1,SA1035X8XB03631_GAATCGTTCAACTGGT-1,SA1035X8XB03631,E
.cache/SCRNA10X_SA_CHIP0175_002/filtered_feature_bc_matrix,GACATCACAATCGCAT-1,SA1035X8XB03631_GACATCACAATCGCAT-1,SA1035X8XB03631,B
.cache/SCRNA10X_SA_CHIP0175_002/filtered_feature_bc_matrix,GACCCAGTCTGCGGGT-1,SA1035X8XB03631_GACCCAGTCTGCGGGT-1,SA1035X8XB03631,D
.cache/SCRNA10X_SA_CHIP0175_002/filtered_feature_bc_matrix,GACCGTGCACCATATG-1,SA1035X8XB03631_GACCGTGCACCATATG-1,SA1035X8XB03631,E
.cache/SCRNA10X_SA_CHIP0175_002/filtered_feature_bc_matrix,GACCTTCTCAGAGTTC-1,SA1035X8XB03631_GACCTTCTCAGAGTTC-1,SA1035X8XB03631,B
.cache/SCRNA10X_SA_CHIP0175_002/filtered_feature_bc_matrix,GACGTTATCTGTACAG-1,SA1035X8XB03631_GACGTTATCTGTACAG-1,SA1035X8XB03631,B
.cache/SCRNA10X_SA_CHIP0175_002/filtered_feature_bc_matrix,GACTGATAGCCTATTG-1,SA1035X8XB03631_GACTGATAGCCTATTG-1,SA1035X8XB03631,E
.cache/SCRNA10X_SA_CHIP0175_002/filtered_feature_bc_matrix,GACTGATTCGTTTACT-1,SA1035X8XB03631_GACTGATTCGTTTACT-1,SA1035X8XB03631,E
.cache/SCRNA10X_SA_CHIP0175_002/filtered_feature_bc_matrix,GACTTCCAGGGAGGGT-1,SA1035X8XB03631_GACTTCCAGGGAGGGT-1,SA1035X8XB03631,E
.cache/SCRNA10X_SA_CHIP0175_002/filtered_feature_bc_matrix,GACTTCCGTTCCGGTG-1,SA1035X8XB03631_GACTTCCGTTCCGGTG-1,SA1035X8XB03631,E
.cache/SCRNA10X_SA_CHIP0175_002/filtered_feature_bc_matrix,GAGAAATAGACTACCT-1,SA1035X8XB03631_GAGAAATAGACTACCT-1,SA1035X8XB03631,E
.cache/SCRNA10X_SA_CHIP0175_002/filtered_feature_bc_matrix,GAGAAATAGGCATCTT-1,SA1035X8XB03631_GAGAAATAGGCATCTT-1,SA1035X8XB03631,E
.cache/SCRNA10X_SA_CHIP0175_002/filtered_feature_bc_matrix,GAGAAATCAAGACGAC-1,SA1035X8XB03631_GAGAAATCAAGACGAC-1,SA1035X8XB03631,E
.cache/SCRNA10X_SA_CHIP0175_002/filtered_feature_bc_matrix,GAGAGGTAGGAAAGAC-1,SA1035X8XB03631_GAGAGGTAGGAAAGAC-1,SA1035X8XB03631,E
.cache/SCRNA10X_SA_CHIP0175_002/filtered_feature_bc_matrix,GAGCTGCAGCACCAGA-1,SA1035X8XB03631_GAGCTGCAGCACCAGA-1,SA1035X8XB03631,D
.cache/SCRNA10X_SA_CHIP0175_002/filtered_feature_bc_matrix,GAGGCAACACGAAAGC-1,SA1035X8XB03631_GAGGCAACACGAAAGC-1,SA1035X8XB03631,E
.cache/SCRNA10X_SA_CHIP0175_002/filtered_feature_bc_matrix,GAGGCAAGTCTCTCCA-1,SA1035X8XB03631_GAGGCAAGTCTCTCCA-1,SA1035X8XB03631,E
.cache/SCRNA10X_SA_CHIP0175_002/filtered_feature_bc_matrix,GAGGGATTCTCTCGAC-1,SA1035X8XB03631_GAGGGATTCTCTCGAC-1,SA1035X8XB03631,E
.cache/SCRNA10X_SA_CHIP0175_002/filtered_feature_bc_matrix,GAGGGTAGTGCACATT-1,SA1035X8XB03631_GAGGGTAGTGCACATT-1,SA1035X8XB03631,D
.cache/SCRNA10X_SA_CHIP0175_002/filtered_feature_bc_matrix,GAGTCATCACCTGCAG-1,SA1035X8XB03631_GAGTCATCACCTGCAG-1,SA1035X8XB03631,E
.cache/SCRNA10X_SA_CHIP0175_002/filtered_feature_bc_matrix,GAGTCATGTATCGTGT-1,SA1035X8XB03631_GAGTCATGTATCGTGT-1,SA1035X8XB03631,E
.cache/SCRNA10X_SA_CHIP0175_002/filtered_feature_bc_matrix,GAGTGTTAGGGAGGCA-1,SA1035X8XB03631_GAGTGTTAGGGAGGCA-1,SA1035X8XB03631,E
.cache/SCRNA10X_SA_CHIP0175_002/filtered_feature_bc_matrix,GAGTGTTTCTTCACAT-1,SA1035X8XB03631_GAGTGTTTCTTCACAT-1,SA1035X8XB03631,E
.cache/SCRNA10X_SA_CHIP0175_002/filtered_feature_bc_matrix,GAGTTACCACATAACC-1,SA1035X8XB03631_GAGTTACCACATAACC-1,SA1035X8XB03631,E
.cache/SCRNA10X_SA_CHIP0175_002/filtered_feature_bc_matrix,GAGTTGTTCATACGAC-1,SA1035X8XB03631_GAGTTGTTCATACGAC-1,SA1035X8XB03631,B
.cache/SCRNA10X_SA_CHIP0175_002/filtered_feature_bc_matrix,GATAGAAAGTATGCAA-1,SA1035X8XB03631_GATAGAAAGTATGCAA-1,SA1035X8XB03631,E
.cache/SCRNA10X_SA_CHIP0175_002/filtered_feature_bc_matrix,GATAGCTTCATGAGTC-1,SA1035X8XB03631_GATAGCTTCATGAGTC-1,SA1035X8XB03631,D
.cache/SCRNA10X_SA_CHIP0175_002/filtered_feature_bc_matrix,GATCGTACACCAATTG-1,SA1035X8XB03631_GATCGTACACCAATTG-1,SA1035X8XB03631,E
.cache/SCRNA10X_SA_CHIP0175_002/filtered_feature_bc_matrix,GATCGTAGTGAATATG-1,SA1035X8XB03631_GATCGTAGTGAATATG-1,SA1035X8XB03631,D
.cache/SCRNA10X_SA_CHIP0175_002/filtered_feature_bc_matrix,GATGACTTCGCCCAGA-1,SA1035X8XB03631_GATGACTTCGCCCAGA-1,SA1035X8XB03631,E
.cache/SCRNA10X_SA_CHIP0175_002/filtered_feature_bc_matrix,GATGAGGAGGTTACAA-1,SA1035X8XB03631_GATGAGGAGGTTACAA-1,SA1035X8XB03631,E
.cache/SCRNA10X_SA_CHIP0175_002/filtered_feature_bc_matrix,GATGGAGTCCTTCAGC-1,SA1035X8XB03631_GATGGAGTCCTTCAGC-1,SA1035X8XB03631,E
.cache/SCRNA10X_SA_CHIP0175_002/filtered_feature_bc_matrix,GATTGGTCAGCTTCCT-1,SA1035X8XB03631_GATTGGTCAGCTTCCT-1,SA1035X8XB03631,E
.cache/SCRNA10X_SA_CHIP0175_002/filtered_feature_bc_matrix,GCAACATGTCTCGGAC-1,SA1035X8XB03631_GCAACATGTCTCGGAC-1,SA1035X8XB03631,E
.cache/SCRNA10X_SA_CHIP0175_002/filtered_feature_bc_matrix,GCAACCGGTCCGAAAG-1,SA1035X8XB03631_GCAACCGGTCCGAAAG-1,SA1035X8XB03631,E
.cache/SCRNA10X_SA_CHIP0175_002/filtered_feature_bc_matrix,GCACGTGGTAGGACCA-1,SA1035X8XB03631_GCACGTGGTAGGACCA-1,SA1035X8XB03631,E
.cache/SCRNA10X_SA_CHIP0175_002/filtered_feature_bc_matrix,GCAGCTGGTAGGCTGA-1,SA1035X8XB03631_GCAGCTGGTAGGCTGA-1,SA1035X8XB03631,B
.cache/SCRNA10X_SA_CHIP0175_002/filtered_feature_bc_matrix,GCAGTTATCCCAGGAC-1,SA1035X8XB03631_GCAGTTATCCCAGGAC-1,SA1035X8XB03631,E
.cache/SCRNA10X_SA_CHIP0175_002/filtered_feature_bc_matrix,GCATCGGAGTTGCTGT-1,SA1035X8XB03631_GCATCGGAGTTGCTGT-1,SA1035X8XB03631,C
.cache/SCRNA10X_SA_CHIP0175_002/filtered_feature_bc_matrix,GCATCGGGTGACCTGC-1,SA1035X8XB03631_GCATCGGGTGACCTGC-1,SA1035X8XB03631,E
.cache/SCRNA10X_SA_CHIP0175_002/filtered_feature_bc_matrix,GCCAACGAGCATATGA-1,SA1035X8XB03631_GCCAACGAGCATATGA-1,SA1035X8XB03631,E
.cache/SCRNA10X_SA_CHIP0175_002/filtered_feature_bc_matrix,GCCAACGCAAAGCAAT-1,SA1035X8XB03631_GCCAACGCAAAGCAAT-1,SA1035X8XB03631,E
.cache/SCRNA10X_SA_CHIP0175_002/filtered_feature_bc_matrix,GCCAGGTAGTCAACAA-1,SA1035X8XB03631_GCCAGGTAGTCAACAA-1,SA1035X8XB03631,E
.cache/SCRNA10X_SA_CHIP0175_002/filtered_feature_bc_matrix,GCCAGGTGTTGGCTAT-1,SA1035X8XB03631_GCCAGGTGTTGGCTAT-1,SA1035X8XB03631,E
.cache/SCRNA10X_SA_CHIP0175_002/filtered_feature_bc_matrix,GCCATTCAGGTACAGC-1,SA1035X8XB03631_GCCATTCAGGTACAGC-1,SA1035X8XB03631,E
.cache/SCRNA10X_SA_CHIP0175_002/filtered_feature_bc_matrix,GCCCGAACAATCAGCT-1,SA1035X8XB03631_GCCCGAACAATCAGCT-1,SA1035X8XB03631,E
.cache/SCRNA10X_SA_CHIP0175_002/filtered_feature_bc_matrix,GCCGTGATCCAAGAGG-1,SA1035X8XB03631_GCCGTGATCCAAGAGG-1,SA1035X8XB03631,E
.cache/SCRNA10X_SA_CHIP0175_002/filtered_feature_bc_matrix,GCGAGAACACCCAACG-1,SA1035X8XB03631_GCGAGAACACCCAACG-1,SA1035X8XB03631,E
.cache/SCRNA10X_SA_CHIP0175_002/filtered_feature_bc_matrix,GCGGATCTCGTGTGAT-1,SA1035X8XB03631_GCGGATCTCGTGTGAT-1,SA1035X8XB03631,E
.cache/SCRNA10X_SA_CHIP0175_002/filtered_feature_bc_matrix,GCGTTTCAGTTATGGA-1,SA1035X8XB03631_GCGTTTCAGTTATGGA-1,SA1035X8XB03631,E
.cache/SCRNA10X_SA_CHIP0175_002/filtered_feature_bc_matrix,GCTACAAGTCTGTGTA-1,SA1035X8XB03631_GCTACAAGTCTGTGTA-1,SA1035X8XB03631,E
.cache/SCRNA10X_SA_CHIP0175_002/filtered_feature_bc_matrix,GCTACCTAGGCCACTC-1,SA1035X8XB03631_GCTACCTAGGCCACTC-1,SA1035X8XB03631,E
.cache/SCRNA10X_SA_CHIP0175_002/filtered_feature_bc_matrix,GCTACCTTCAACACCA-1,SA1035X8XB03631_GCTACCTTCAACACCA-1,SA1035X8XB03631,D
.cache/SCRNA10X_SA_CHIP0175_002/filtered_feature_bc_matrix,GCTCAAACAAGTATCC-1,SA1035X8XB03631_GCTCAAACAAGTATCC-1,SA1035X8XB03631,E
.cache/SCRNA10X_SA_CHIP0175_002/filtered_feature_bc_matrix,GCTTCACCAAGTGGTG-1,SA1035X8XB03631_GCTTCACCAAGTGGTG-1,SA1035X8XB03631,E
.cache/SCRNA10X_SA_CHIP0175_002/filtered_feature_bc_matrix,GCTTCACCACACACGC-1,SA1035X8XB03631_GCTTCACCACACACGC-1,SA1035X8XB03631,E
.cache/SCRNA10X_SA_CHIP0175_002/filtered_feature_bc_matrix,GCTTCACTCCATACAG-1,SA1035X8XB03631_GCTTCACTCCATACAG-1,SA1035X8XB03631,E
.cache/SCRNA10X_SA_CHIP0175_002/filtered_feature_bc_matrix,GCTTCACTCTTTCCAA-1,SA1035X8XB03631_GCTTCACTCTTTCCAA-1,SA1035X8XB03631,E
.cache/SCRNA10X_SA_CHIP0175_002/filtered_feature_bc_matrix,GCTTGGGCAGGACGAT-1,SA1035X8XB03631_GCTTGGGCAGGACGAT-1,SA1035X8XB03631,E
.cache/SCRNA10X_SA_CHIP0175_002/filtered_feature_bc_matrix,GCTTTCGAGAGCAGCT-1,SA1035X8XB03631_GCTTTCGAGAGCAGCT-1,SA1035X8XB03631,E
.cache/SCRNA10X_SA_CHIP0175_002/filtered_feature_bc_matrix,GGAAGTGCATGGCACC-1,SA1035X8XB03631_GGAAGTGCATGGCACC-1,SA1035X8XB03631,B
.cache/SCRNA10X_SA_CHIP0175_002/filtered_feature_bc_matrix,GGAATCTTCTCAGTCC-1,SA1035X8XB03631_GGAATCTTCTCAGTCC-1,SA1035X8XB03631,D
.cache/SCRNA10X_SA_CHIP0175_002/filtered_feature_bc_matrix,GGACGTCCAATGTCTG-1,SA1035X8XB03631_GGACGTCCAATGTCTG-1,SA1035X8XB03631,B
.cache/SCRNA10X_SA_CHIP0175_002/filtered_feature_bc_matrix,GGAGAACAGACTCATC-1,SA1035X8XB03631_GGAGAACAGACTCATC-1,SA1035X8XB03631,E
.cache/SCRNA10X_SA_CHIP0175_002/filtered_feature_bc_matrix,GGAGAACTCGTGGACC-1,SA1035X8XB03631_GGAGAACTCGTGGACC-1,SA1035X8XB03631,E
.cache/SCRNA10X_SA_CHIP0175_002/filtered_feature_bc_matrix,GGAGGATCAGAATTCC-1,SA1035X8XB03631_GGAGGATCAGAATTCC-1,SA1035X8XB03631,D
.cache/SCRNA10X_SA_CHIP0175_002/filtered_feature_bc_matrix,GGCACGTAGTCTCTGA-1,SA1035X8XB03631_GGCACGTAGTCTCTGA-1,SA1035X8XB03631,E
.cache/SCRNA10X_SA_CHIP0175_002/filtered_feature_bc_matrix,GGCTGTGCATCCGAAT-1,SA1035X8XB03631_GGCTGTGCATCCGAAT-1,SA1035X8XB03631,E
.cache/SCRNA10X_SA_CHIP0175_002/filtered_feature_bc_matrix,GGCTTGGTCGTCCTCA-1,SA1035X8XB03631_GGCTTGGTCGTCCTCA-1,SA1035X8XB03631,E
.cache/SCRNA10X_SA_CHIP0175_002/filtered_feature_bc_matrix,GGGACCTCAGACAATA-1,SA1035X8XB03631_GGGACCTCAGACAATA-1,SA1035X8XB03631,E
.cache/SCRNA10X_SA_CHIP0175_002/filtered_feature_bc_matrix,GGGAGTAGTCTCACAA-1,SA1035X8XB03631_GGGAGTAGTCTCACAA-1,SA1035X8XB03631,E
.cache/SCRNA10X_SA_CHIP0175_002/filtered_feature_bc_matrix,GGGCCATAGATCGACG-1,SA1035X8XB03631_GGGCCATAGATCGACG-1,SA1035X8XB03631,E
.cache/SCRNA10X_SA_CHIP0175_002/filtered_feature_bc_matrix,GGGCGTTGTGTTCATG-1,SA1035X8XB03631_GGGCGTTGTGTTCATG-1,SA1035X8XB03631,E
.cache/SCRNA10X_SA_CHIP0175_002/filtered_feature_bc_matrix,GGGCGTTTCACGATAC-1,SA1035X8XB03631_GGGCGTTTCACGATAC-1,SA1035X8XB03631,E
.cache/SCRNA10X_SA_CHIP0175_002/filtered_feature_bc_matrix,GGGCTACTCTGTACAG-1,SA1035X8XB03631_GGGCTACTCTGTACAG-1,SA1035X8XB03631,D
.cache/SCRNA10X_SA_CHIP0175_002/filtered_feature_bc_matrix,GGGCTCAGTATGAGGC-1,SA1035X8XB03631_GGGCTCAGTATGAGGC-1,SA1035X8XB03631,C
.cache/SCRNA10X_SA_CHIP0175_002/filtered_feature_bc_matrix,GGGTATTGTTCTCAGA-1,SA1035X8XB03631_GGGTATTGTTCTCAGA-1,SA1035X8XB03631,E
.cache/SCRNA10X_SA_CHIP0175_002/filtered_feature_bc_matrix,GGGTCACAGGGCAGGA-1,SA1035X8XB03631_GGGTCACAGGGCAGGA-1,SA1035X8XB03631,E
.cache/SCRNA10X_SA_CHIP0175_002/filtered_feature_bc_matrix,GGGTCTGGTCACCGAC-1,SA1035X8XB03631_GGGTCTGGTCACCGAC-1,SA1035X8XB03631,E
.cache/SCRNA10X_SA_CHIP0175_002/filtered_feature_bc_matrix,GGGTCTGGTCCAGCGT-1,SA1035X8XB03631_GGGTCTGGTCCAGCGT-1,SA1035X8XB03631,B
.cache/SCRNA10X_SA_CHIP0175_002/filtered_feature_bc_matrix,GGGTTATTCGCCCAGA-1,SA1035X8XB03631_GGGTTATTCGCCCAGA-1,SA1035X8XB03631,E
.cache/SCRNA10X_SA_CHIP0175_002/filtered_feature_bc_matrix,GGGTTTAGTGCATGTT-1,SA1035X8XB03631_GGGTTTAGTGCATGTT-1,SA1035X8XB03631,E
.cache/SCRNA10X_SA_CHIP0175_002/filtered_feature_bc_matrix,GGGTTTATCTGAATCG-1,SA1035X8XB03631_GGGTTTATCTGAATCG-1,SA1035X8XB03631,D
.cache/SCRNA10X_SA_CHIP0175_002/filtered_feature_bc_matrix,GGTAACTCACTCTCGT-1,SA1035X8XB03631_GGTAACTCACTCTCGT-1,SA1035X8XB03631,E
.cache/SCRNA10X_SA_CHIP0175_002/filtered_feature_bc_matrix,GGTAATCCAGCAAGAC-1,SA1035X8XB03631_GGTAATCCAGCAAGAC-1,SA1035X8XB03631,E
.cache/SCRNA10X_SA_CHIP0175_002/filtered_feature_bc_matrix,GGTAATCGTCCTTGTC-1,SA1035X8XB03631_GGTAATCGTCCTTGTC-1,SA1035X8XB03631,D
.cache/SCRNA10X_SA_CHIP0175_002/filtered_feature_bc_matrix,GGTAATCGTTCAAACC-1,SA1035X8XB03631_GGTAATCGTTCAAACC-1,SA1035X8XB03631,D
.cache/SCRNA10X_SA_CHIP0175_002/filtered_feature_bc_matrix,GGTAGAGCATGAATCC-1,SA1035X8XB03631_GGTAGAGCATGAATCC-1,SA1035X8XB03631,C
.cache/SCRNA10X_SA_CHIP0175_002/filtered_feature_bc_matrix,GGTAGAGTCGGACGTC-1,SA1035X8XB03631_GGTAGAGTCGGACGTC-1,SA1035X8XB03631,E
.cache/SCRNA10X_SA_CHIP0175_002/filtered_feature_bc_matrix,GGTCACGGTAGTGCGA-1,SA1035X8XB03631_GGTCACGGTAGTGCGA-1,SA1035X8XB03631,C
.cache/SCRNA10X_SA_CHIP0175_002/filtered_feature_bc_matrix,GGTCTGGAGTAGACCG-1,SA1035X8XB03631_GGTCTGGAGTAGACCG-1,SA1035X8XB03631,D
.cache/SCRNA10X_SA_CHIP0175_002/filtered_feature_bc_matrix,GGTGATTAGGCCTTGC-1,SA1035X8XB03631_GGTGATTAGGCCTTGC-1,SA1035X8XB03631,E
.cache/SCRNA10X_SA_CHIP0175_002/filtered_feature_bc_matrix,GGTGGCTCAATACAGA-1,SA1035X8XB03631_GGTGGCTCAATACAGA-1,SA1035X8XB03631,B
.cache/SCRNA10X_SA_CHIP0175_002/filtered_feature_bc_matrix,GGTTCTCCAGGCTACC-1,SA1035X8XB03631_GGTTCTCCAGGCTACC-1,SA1035X8XB03631,E
.cache/SCRNA10X_SA_CHIP0175_002/filtered_feature_bc_matrix,GGTTCTCGTAACAGGC-1,SA1035X8XB03631_GGTTCTCGTAACAGGC-1,SA1035X8XB03631,E
.cache/SCRNA10X_SA_CHIP0175_002/filtered_feature_bc_matrix,GGTTGTAAGTATTAGG-1,SA1035X8XB03631_GGTTGTAAGTATTAGG-1,SA1035X8XB03631,E
.cache/SCRNA10X_SA_CHIP0175_002/filtered_feature_bc_matrix,GTAACACCAGCTCTGG-1,SA1035X8XB03631_GTAACACCAGCTCTGG-1,SA1035X8XB03631,E
.cache/SCRNA10X_SA_CHIP0175_002/filtered_feature_bc_matrix,GTAACCAAGATCACCT-1,SA1035X8XB03631_GTAACCAAGATCACCT-1,SA1035X8XB03631,E
.cache/SCRNA10X_SA_CHIP0175_002/filtered_feature_bc_matrix,GTAACCAAGATGCCGA-1,SA1035X8XB03631_GTAACCAAGATGCCGA-1,SA1035X8XB03631,E
.cache/SCRNA10X_SA_CHIP0175_002/filtered_feature_bc_matrix,GTAAGTCAGCTCGCAC-1,SA1035X8XB03631_GTAAGTCAGCTCGCAC-1,SA1035X8XB03631,E
.cache/SCRNA10X_SA_CHIP0175_002/filtered_feature_bc_matrix,GTAAGTCCAATGTCAC-1,SA1035X8XB03631_GTAAGTCCAATGTCAC-1,SA1035X8XB03631,E
.cache/SCRNA10X_SA_CHIP0175_002/filtered_feature_bc_matrix,GTAAGTCGTTAAGAAC-1,SA1035X8XB03631_GTAAGTCGTTAAGAAC-1,SA1035X8XB03631,D
.cache/SCRNA10X_SA_CHIP0175_002/filtered_feature_bc_matrix,GTAATCGGTCTCACAA-1,SA1035X8XB03631_GTAATCGGTCTCACAA-1,SA1035X8XB03631,E
.cache/SCRNA10X_SA_CHIP0175_002/filtered_feature_bc_matrix,GTAATGCCAGCTGTGC-1,SA1035X8XB03631_GTAATGCCAGCTGTGC-1,SA1035X8XB03631,E
.cache/SCRNA10X_SA_CHIP0175_002/filtered_feature_bc_matrix,GTAGATCCAGATCACT-1,SA1035X8XB03631_GTAGATCCAGATCACT-1,SA1035X8XB03631,D
.cache/SCRNA10X_SA_CHIP0175_002/filtered_feature_bc_matrix,GTAGCTAAGCTCATAC-1,SA1035X8XB03631_GTAGCTAAGCTCATAC-1,SA1035X8XB03631,B
.cache/SCRNA10X_SA_CHIP0175_002/filtered_feature_bc_matrix,GTAGGAGGTCGTGGAA-1,SA1035X8XB03631_GTAGGAGGTCGTGGAA-1,SA1035X8XB03631,B
.cache/SCRNA10X_SA_CHIP0175_002/filtered_feature_bc_matrix,GTAGTACAGTCTCGTA-1,SA1035X8XB03631_GTAGTACAGTCTCGTA-1,SA1035X8XB03631,C
.cache/SCRNA10X_SA_CHIP0175_002/filtered_feature_bc_matrix,GTATTGGTCTGGACCG-1,SA1035X8XB03631_GTATTGGTCTGGACCG-1,SA1035X8XB03631,E
.cache/SCRNA10X_SA_CHIP0175_002/filtered_feature_bc_matrix,GTATTTCCACGTCATA-1,SA1035X8XB03631_GTATTTCCACGTCATA-1,SA1035X8XB03631,E
.cache/SCRNA10X_SA_CHIP0175_002/filtered_feature_bc_matrix,GTCACGGAGGTAGTAT-1,SA1035X8XB03631_GTCACGGAGGTAGTAT-1,SA1035X8XB03631,B
.cache/SCRNA10X_SA_CHIP0175_002/filtered_feature_bc_matrix,GTCACGGCAGTTGTTG-1,SA1035X8XB03631_GTCACGGCAGTTGTTG-1,SA1035X8XB03631,D
.cache/SCRNA10X_SA_CHIP0175_002/filtered_feature_bc_matrix,GTCATGAAGAAGGGAT-1,SA1035X8XB03631_GTCATGAAGAAGGGAT-1,SA1035X8XB03631,E
.cache/SCRNA10X_SA_CHIP0175_002/filtered_feature_bc_matrix,GTCATGACAACCAATC-1,SA1035X8XB03631_GTCATGACAACCAATC-1,SA1035X8XB03631,E
.cache/SCRNA10X_SA_CHIP0175_002/filtered_feature_bc_matrix,GTCATGACAGATTTCG-1,SA1035X8XB03631_GTCATGACAGATTTCG-1,SA1035X8XB03631,E
.cache/SCRNA10X_SA_CHIP0175_002/filtered_feature_bc_matrix,GTCATGATCATTGAGC-1,SA1035X8XB03631_GTCATGATCATTGAGC-1,SA1035X8XB03631,E
.cache/SCRNA10X_SA_CHIP0175_002/filtered_feature_bc_matrix,GTCATTTTCGCTAAAC-1,SA1035X8XB03631_GTCATTTTCGCTAAAC-1,SA1035X8XB03631,D
.cache/SCRNA10X_SA_CHIP0175_002/filtered_feature_bc_matrix,GTCCCATCAAGAGGTC-1,SA1035X8XB03631_GTCCCATCAAGAGGTC-1,SA1035X8XB03631,E
.cache/SCRNA10X_SA_CHIP0175_002/filtered_feature_bc_matrix,GTCCTCAAGGTGCCAA-1,SA1035X8XB03631_GTCCTCAAGGTGCCAA-1,SA1035X8XB03631,E
.cache/SCRNA10X_SA_CHIP0175_002/filtered_feature_bc_matrix,GTCGAATTCCGTGGGT-1,SA1035X8XB03631_GTCGAATTCCGTGGGT-1,SA1035X8XB03631,E
.cache/SCRNA10X_SA_CHIP0175_002/filtered_feature_bc_matrix,GTCGCGAGTATGATCC-1,SA1035X8XB03631_GTCGCGAGTATGATCC-1,SA1035X8XB03631,E
.cache/SCRNA10X_SA_CHIP0175_002/filtered_feature_bc_matrix,GTCTACCTCCTTATAC-1,SA1035X8XB03631_GTCTACCTCCTTATAC-1,SA1035X8XB03631,E
.cache/SCRNA10X_SA_CHIP0175_002/filtered_feature_bc_matrix,GTCTACCTCGACCATA-1,SA1035X8XB03631_GTCTACCTCGACCATA-1,SA1035X8XB03631,E
.cache/SCRNA10X_SA_CHIP0175_002/filtered_feature_bc_matrix,GTCTTTACAACAGCCC-1,SA1035X8XB03631_GTCTTTACAACAGCCC-1,SA1035X8XB03631,E
.cache/SCRNA10X_SA_CHIP0175_002/filtered_feature_bc_matrix,GTCTTTAGTATGCTTG-1,SA1035X8XB03631_GTCTTTAGTATGCTTG-1,SA1035X8XB03631,E
.cache/SCRNA10X_SA_CHIP0175_002/filtered_feature_bc_matrix,GTGAGTTAGACTCGAG-1,SA1035X8XB03631_GTGAGTTAGACTCGAG-1,SA1035X8XB03631,E
.cache/SCRNA10X_SA_CHIP0175_002/filtered_feature_bc_matrix,GTGAGTTAGGACTAAT-1,SA1035X8XB03631_GTGAGTTAGGACTAAT-1,SA1035X8XB03631,E
.cache/SCRNA10X_SA_CHIP0175_002/filtered_feature_bc_matrix,GTGAGTTTCGCAGAGA-1,SA1035X8XB03631_GTGAGTTTCGCAGAGA-1,SA1035X8XB03631,D
.cache/SCRNA10X_SA_CHIP0175_002/filtered_feature_bc_matrix,GTGCACGTCTTTCGAT-1,SA1035X8XB03631_GTGCACGTCTTTCGAT-1,SA1035X8XB03631,E
.cache/SCRNA10X_SA_CHIP0175_002/filtered_feature_bc_matrix,GTGCAGCCACCGTGAC-1,SA1035X8XB03631_GTGCAGCCACCGTGAC-1,SA1035X8XB03631,E
.cache/SCRNA10X_SA_CHIP0175_002/filtered_feature_bc_matrix,GTGCAGCGTTCATCGA-1,SA1035X8XB03631_GTGCAGCGTTCATCGA-1,SA1035X8XB03631,E
.cache/SCRNA10X_SA_CHIP0175_002/filtered_feature_bc_matrix,GTGCGTGCATCGGTTA-1,SA1035X8XB03631_GTGCGTGCATCGGTTA-1,SA1035X8XB03631,E
.cache/SCRNA10X_SA_CHIP0175_002/filtered_feature_bc_matrix,GTGCGTGGTTTCTATC-1,SA1035X8XB03631_GTGCGTGGTTTCTATC-1,SA1035X8XB03631,E
.cache/SCRNA10X_SA_CHIP0175_002/filtered_feature_bc_matrix,GTGCTGGCAGTGGCTC-1,SA1035X8XB03631_GTGCTGGCAGTGGCTC-1,SA1035X8XB03631,E
.cache/SCRNA10X_SA_CHIP0175_002/filtered_feature_bc_matrix,GTGCTGGCATGACTCA-1,SA1035X8XB03631_GTGCTGGCATGACTCA-1,SA1035X8XB03631,E
.cache/SCRNA10X_SA_CHIP0175_002/filtered_feature_bc_matrix,GTGGAGACAGAAGCGT-1,SA1035X8XB03631_GTGGAGACAGAAGCGT-1,SA1035X8XB03631,E
.cache/SCRNA10X_SA_CHIP0175_002/filtered_feature_bc_matrix,GTGGGAAGTGGCCCAT-1,SA1035X8XB03631_GTGGGAAGTGGCCCAT-1,SA1035X8XB03631,B
.cache/SCRNA10X_SA_CHIP0175_002/filtered_feature_bc_matrix,GTGGGAATCATCGTAG-1,SA1035X8XB03631_GTGGGAATCATCGTAG-1,SA1035X8XB03631,E
.cache/SCRNA10X_SA_CHIP0175_002/filtered_feature_bc_matrix,GTGTCCTAGCCAGAGT-1,SA1035X8XB03631_GTGTCCTAGCCAGAGT-1,SA1035X8XB03631,D
.cache/SCRNA10X_SA_CHIP0175_002/filtered_feature_bc_matrix,GTGTGGCTCGAGTCTA-1,SA1035X8XB03631_GTGTGGCTCGAGTCTA-1,SA1035X8XB03631,E
.cache/SCRNA10X_SA_CHIP0175_002/filtered_feature_bc_matrix,GTGTTCCTCTTAGTTC-1,SA1035X8XB03631_GTGTTCCTCTTAGTTC-1,SA1035X8XB03631,E
.cache/SCRNA10X_SA_CHIP0175_002/filtered_feature_bc_matrix,GTTAGTGCAGTGCGCT-1,SA1035X8XB03631_GTTAGTGCAGTGCGCT-1,SA1035X8XB03631,E
.cache/SCRNA10X_SA_CHIP0175_002/filtered_feature_bc_matrix,GTTCCGTCACAAGCTT-1,SA1035X8XB03631_GTTCCGTCACAAGCTT-1,SA1035X8XB03631,E
.cache/SCRNA10X_SA_CHIP0175_002/filtered_feature_bc_matrix,GTTCGCTGTCTACACA-1,SA1035X8XB03631_GTTCGCTGTCTACACA-1,SA1035X8XB03631,B
.cache/SCRNA10X_SA_CHIP0175_002/filtered_feature_bc_matrix,GTTCTATCAGAGAAAG-1,SA1035X8XB03631_GTTCTATCAGAGAAAG-1,SA1035X8XB03631,E
.cache/SCRNA10X_SA_CHIP0175_002/filtered_feature_bc_matrix,GTTGCGGCATCACCAA-1,SA1035X8XB03631_GTTGCGGCATCACCAA-1,SA1035X8XB03631,E
.cache/SCRNA10X_SA_CHIP0175_002/filtered_feature_bc_matrix,GTTGTAGAGTGTAGAT-1,SA1035X8XB03631_GTTGTAGAGTGTAGAT-1,SA1035X8XB03631,E
.cache/SCRNA10X_SA_CHIP0175_002/filtered_feature_bc_matrix,GTTGTCCAGATCCCGC-1,SA1035X8XB03631_GTTGTCCAGATCCCGC-1,SA1035X8XB03631,E
.cache/SCRNA10X_SA_CHIP0175_002/filtered_feature_bc_matrix,GTTGTCCCAGGAATAT-1,SA1035X8XB03631_GTTGTCCCAGGAATAT-1,SA1035X8XB03631,B
.cache/SCRNA10X_SA_CHIP0175_002/filtered_feature_bc_matrix,GTTTGGACAGATGCGA-1,SA1035X8XB03631_GTTTGGACAGATGCGA-1,SA1035X8XB03631,E
.cache/SCRNA10X_SA_CHIP0175_002/filtered_feature_bc_matrix,TAACACGCACATAACC-1,SA1035X8XB03631_TAACACGCACATAACC-1,SA1035X8XB03631,E
.cache/SCRNA10X_SA_CHIP0175_002/filtered_feature_bc_matrix,TAACGACGTCAAGCGA-1,SA1035X8XB03631_TAACGACGTCAAGCGA-1,SA1035X8XB03631,D
.cache/SCRNA10X_SA_CHIP0175_002/filtered_feature_bc_matrix,TAACTTCCAGTGAGCA-1,SA1035X8XB03631_TAACTTCCAGTGAGCA-1,SA1035X8XB03631,E
.cache/SCRNA10X_SA_CHIP0175_002/filtered_feature_bc_matrix,TAAGCACCACCAATTG-1,SA1035X8XB03631_TAAGCACCACCAATTG-1,SA1035X8XB03631,E
.cache/SCRNA10X_SA_CHIP0175_002/filtered_feature_bc_matrix,TAAGCGTTCGATTTCT-1,SA1035X8XB03631_TAAGCGTTCGATTTCT-1,SA1035X8XB03631,E
.cache/SCRNA10X_SA_CHIP0175_002/filtered_feature_bc_matrix,TAATCTCGTCCTGGGT-1,SA1035X8XB03631_TAATCTCGTCCTGGGT-1,SA1035X8XB03631,D
.cache/SCRNA10X_SA_CHIP0175_002/filtered_feature_bc_matrix,TAATTCCCAGTCAGAG-1,SA1035X8XB03631_TAATTCCCAGTCAGAG-1,SA1035X8XB03631,E
.cache/SCRNA10X_SA_CHIP0175_002/filtered_feature_bc_matrix,TACAACGGTAGCTTTG-1,SA1035X8XB03631_TACAACGGTAGCTTTG-1,SA1035X8XB03631,E
.cache/SCRNA10X_SA_CHIP0175_002/filtered_feature_bc_matrix,TACAGGTGTACAAGTA-1,SA1035X8XB03631_TACAGGTGTACAAGTA-1,SA1035X8XB03631,B
.cache/SCRNA10X_SA_CHIP0175_002/filtered_feature_bc_matrix,TACAGGTGTACCAATC-1,SA1035X8XB03631_TACAGGTGTACCAATC-1,SA1035X8XB03631,C
.cache/SCRNA10X_SA_CHIP0175_002/filtered_feature_bc_matrix,TACATTCAGACTTCGT-1,SA1035X8XB03631_TACATTCAGACTTCGT-1,SA1035X8XB03631,E
.cache/SCRNA10X_SA_CHIP0175_002/filtered_feature_bc_matrix,TACATTCCACCGTGCA-1,SA1035X8XB03631_TACATTCCACCGTGCA-1,SA1035X8XB03631,E
.cache/SCRNA10X_SA_CHIP0175_002/filtered_feature_bc_matrix,TACCCACCATGAGGGT-1,SA1035X8XB03631_TACCCACCATGAGGGT-1,SA1035X8XB03631,E
.cache/SCRNA10X_SA_CHIP0175_002/filtered_feature_bc_matrix,TACCGAAAGACTCGAG-1,SA1035X8XB03631_TACCGAAAGACTCGAG-1,SA1035X8XB03631,E
.cache/SCRNA10X_SA_CHIP0175_002/filtered_feature_bc_matrix,TACCGAACACGTAACT-1,SA1035X8XB03631_TACCGAACACGTAACT-1,SA1035X8XB03631,E
.cache/SCRNA10X_SA_CHIP0175_002/filtered_feature_bc_matrix,TACCTGCAGGTTACCT-1,SA1035X8XB03631_TACCTGCAGGTTACCT-1,SA1035X8XB03631,E
.cache/SCRNA10X_SA_CHIP0175_002/filtered_feature_bc_matrix,TACCTGCGTACCATAC-1,SA1035X8XB03631_TACCTGCGTACCATAC-1,SA1035X8XB03631,E
.cache/SCRNA10X_SA_CHIP0175_002/filtered_feature_bc_matrix,TACGCTCAGGCATTTC-1,SA1035X8XB03631_TACGCTCAGGCATTTC-1,SA1035X8XB03631,D
.cache/SCRNA10X_SA_CHIP0175_002/filtered_feature_bc_matrix,TACTGCCCAGAGCGTA-1,SA1035X8XB03631_TACTGCCCAGAGCGTA-1,SA1035X8XB03631,E
.cache/SCRNA10X_SA_CHIP0175_002/filtered_feature_bc_matrix,TACTGCCGTTCTCTAT-1,SA1035X8XB03631_TACTGCCGTTCTCTAT-1,SA1035X8XB03631,C
.cache/SCRNA10X_SA_CHIP0175_002/filtered_feature_bc_matrix,TACTTACGTGGCAACA-1,SA1035X8XB03631_TACTTACGTGGCAACA-1,SA1035X8XB03631,D
.cache/SCRNA10X_SA_CHIP0175_002/filtered_feature_bc_matrix,TACTTGTCATAACAGA-1,SA1035X8XB03631_TACTTGTCATAACAGA-1,SA1035X8XB03631,E
.cache/SCRNA10X_SA_CHIP0175_002/filtered_feature_bc_matrix,TAGACCATCCATCGTC-1,SA1035X8XB03631_TAGACCATCCATCGTC-1,SA1035X8XB03631,E
.cache/SCRNA10X_SA_CHIP0175_002/filtered_feature_bc_matrix,TAGACTGAGGGCAACT-1,SA1035X8XB03631_TAGACTGAGGGCAACT-1,SA1035X8XB03631,B
.cache/SCRNA10X_SA_CHIP0175_002/filtered_feature_bc_matrix,TAGACTGCATTCAGCA-1,SA1035X8XB03631_TAGACTGCATTCAGCA-1,SA1035X8XB03631,E
.cache/SCRNA10X_SA_CHIP0175_002/filtered_feature_bc_matrix,TAGCACACAAGGCGTA-1,SA1035X8XB03631_TAGCACACAAGGCGTA-1,SA1035X8XB03631,E
.cache/SCRNA10X_SA_CHIP0175_002/filtered_feature_bc_matrix,TAGCACAGTCACTTAG-1,SA1035X8XB03631_TAGCACAGTCACTTAG-1,SA1035X8XB03631,E
.cache/SCRNA10X_SA_CHIP0175_002/filtered_feature_bc_matrix,TAGGTTGTCGACGCGT-1,SA1035X8XB03631_TAGGTTGTCGACGCGT-1,SA1035X8XB03631,E
.cache/SCRNA10X_SA_CHIP0175_002/filtered_feature_bc_matrix,TAGTGCAGTTCTCTCG-1,SA1035X8XB03631_TAGTGCAGTTCTCTCG-1,SA1035X8XB03631,D
.cache/SCRNA10X_SA_CHIP0175_002/filtered_feature_bc_matrix,TATATCCCACCGGCTA-1,SA1035X8XB03631_TATATCCCACCGGCTA-1,SA1035X8XB03631,E
.cache/SCRNA10X_SA_CHIP0175_002/filtered_feature_bc_matrix,TATCAGGGTATGGGAC-1,SA1035X8XB03631_TATCAGGGTATGGGAC-1,SA1035X8XB03631,C
.cache/SCRNA10X_SA_CHIP0175_002/filtered_feature_bc_matrix,TATCCTAAGCGGGTTA-1,SA1035X8XB03631_TATCCTAAGCGGGTTA-1,SA1035X8XB03631,E
.cache/SCRNA10X_SA_CHIP0175_002/filtered_feature_bc_matrix,TATCCTAAGTAGTCTC-1,SA1035X8XB03631_TATCCTAAGTAGTCTC-1,SA1035X8XB03631,D
.cache/SCRNA10X_SA_CHIP0175_002/filtered_feature_bc_matrix,TATCCTAAGTATAGGT-1,SA1035X8XB03631_TATCCTAAGTATAGGT-1,SA1035X8XB03631,D
.cache/SCRNA10X_SA_CHIP0175_002/filtered_feature_bc_matrix,TATCCTAGTGGCCCAT-1,SA1035X8XB03631_TATCCTAGTGGCCCAT-1,SA1035X8XB03631,D
.cache/SCRNA10X_SA_CHIP0175_002/filtered_feature_bc_matrix,TCAAGTGTCTGCGGAC-1,SA1035X8XB03631_TCAAGTGTCTGCGGAC-1,SA1035X8XB03631,E
.cache/SCRNA10X_SA_CHIP0175_002/filtered_feature_bc_matrix,TCAATCTCAGGTAGTG-1,SA1035X8XB03631_TCAATCTCAGGTAGTG-1,SA1035X8XB03631,E
.cache/SCRNA10X_SA_CHIP0175_002/filtered_feature_bc_matrix,TCAATTCAGACCACGA-1,SA1035X8XB03631_TCAATTCAGACCACGA-1,SA1035X8XB03631,E
.cache/SCRNA10X_SA_CHIP0175_002/filtered_feature_bc_matrix,TCACAAGTCCCTGTTG-1,SA1035X8XB03631_TCACAAGTCCCTGTTG-1,SA1035X8XB03631,E
.cache/SCRNA10X_SA_CHIP0175_002/filtered_feature_bc_matrix,TCACACCTCATTGCGA-1,SA1035X8XB03631_TCACACCTCATTGCGA-1,SA1035X8XB03631,E
.cache/SCRNA10X_SA_CHIP0175_002/filtered_feature_bc_matrix,TCACATTTCTGCGGGT-1,SA1035X8XB03631_TCACATTTCTGCGGGT-1,SA1035X8XB03631,E
.cache/SCRNA10X_SA_CHIP0175_002/filtered_feature_bc_matrix,TCACGCTCATGAAAGT-1,SA1035X8XB03631_TCACGCTCATGAAAGT-1,SA1035X8XB03631,C
.cache/SCRNA10X_SA_CHIP0175_002/filtered_feature_bc_matrix,TCACGGGTCCTACACC-1,SA1035X8XB03631_TCACGGGTCCTACACC-1,SA1035X8XB03631,E
.cache/SCRNA10X_SA_CHIP0175_002/filtered_feature_bc_matrix,TCACGGGTCTCAGGCG-1,SA1035X8XB03631_TCACGGGTCTCAGGCG-1,SA1035X8XB03631,E
.cache/SCRNA10X_SA_CHIP0175_002/filtered_feature_bc_matrix,TCAGCCTTCACACCCT-1,SA1035X8XB03631_TCAGCCTTCACACCCT-1,SA1035X8XB03631,B
.cache/SCRNA10X_SA_CHIP0175_002/filtered_feature_bc_matrix,TCAGGGCTCGCCTAGG-1,SA1035X8XB03631_TCAGGGCTCGCCTAGG-1,SA1035X8XB03631,E
.cache/SCRNA10X_SA_CHIP0175_002/filtered_feature_bc_matrix,TCAGTTTTCGGTCACG-1,SA1035X8XB03631_TCAGTTTTCGGTCACG-1,SA1035X8XB03631,B
.cache/SCRNA10X_SA_CHIP0175_002/filtered_feature_bc_matrix,TCATGAGGTATCGTTG-1,SA1035X8XB03631_TCATGAGGTATCGTTG-1,SA1035X8XB03631,D
.cache/SCRNA10X_SA_CHIP0175_002/filtered_feature_bc_matrix,TCATGGAAGACTCGAG-1,SA1035X8XB03631_TCATGGAAGACTCGAG-1,SA1035X8XB03631,D
.cache/SCRNA10X_SA_CHIP0175_002/filtered_feature_bc_matrix,TCATGTTCAATGGCAG-1,SA1035X8XB03631_TCATGTTCAATGGCAG-1,SA1035X8XB03631,B
.cache/SCRNA10X_SA_CHIP0175_002/filtered_feature_bc_matrix,TCATGTTCACAGCCAC-1,SA1035X8XB03631_TCATGTTCACAGCCAC-1,SA1035X8XB03631,B
.cache/SCRNA10X_SA_CHIP0175_002/filtered_feature_bc_matrix,TCATGTTTCAGACTGT-1,SA1035X8XB03631_TCATGTTTCAGACTGT-1,SA1035X8XB03631,E
.cache/SCRNA10X_SA_CHIP0175_002/filtered_feature_bc_matrix,TCATTACCAGCACCCA-1,SA1035X8XB03631_TCATTACCAGCACCCA-1,SA1035X8XB03631,E
.cache/SCRNA10X_SA_CHIP0175_002/filtered_feature_bc_matrix,TCATTCAAGGATTCCT-1,SA1035X8XB03631_TCATTCAAGGATTCCT-1,SA1035X8XB03631,E
.cache/SCRNA10X_SA_CHIP0175_002/filtered_feature_bc_matrix,TCATTTGGTGAGAACC-1,SA1035X8XB03631_TCATTTGGTGAGAACC-1,SA1035X8XB03631,E
.cache/SCRNA10X_SA_CHIP0175_002/filtered_feature_bc_matrix,TCCATCGCAGTCAGTT-1,SA1035X8XB03631_TCCATCGCAGTCAGTT-1,SA1035X8XB03631,E
.cache/SCRNA10X_SA_CHIP0175_002/filtered_feature_bc_matrix,TCCGATCGTGGAAGTC-1,SA1035X8XB03631_TCCGATCGTGGAAGTC-1,SA1035X8XB03631,D
.cache/SCRNA10X_SA_CHIP0175_002/filtered_feature_bc_matrix,TCCTCGACACCAGTAT-1,SA1035X8XB03631_TCCTCGACACCAGTAT-1,SA1035X8XB03631,B
.cache/SCRNA10X_SA_CHIP0175_002/filtered_feature_bc_matrix,TCGAACAAGAGTGACC-1,SA1035X8XB03631_TCGAACAAGAGTGACC-1,SA1035X8XB03631,C
.cache/SCRNA10X_SA_CHIP0175_002/filtered_feature_bc_matrix,TCGAACAGTAGAGACC-1,SA1035X8XB03631_TCGAACAGTAGAGACC-1,SA1035X8XB03631,C
.cache/SCRNA10X_SA_CHIP0175_002/filtered_feature_bc_matrix,TCGAAGTGTTCTTGCC-1,SA1035X8XB03631_TCGAAGTGTTCTTGCC-1,SA1035X8XB03631,E
.cache/SCRNA10X_SA_CHIP0175_002/filtered_feature_bc_matrix,TCGACCTAGCGACAGT-1,SA1035X8XB03631_TCGACCTAGCGACAGT-1,SA1035X8XB03631,E
.cache/SCRNA10X_SA_CHIP0175_002/filtered_feature_bc_matrix,TCGACCTGTGAGCTCC-1,SA1035X8XB03631_TCGACCTGTGAGCTCC-1,SA1035X8XB03631,E
.cache/SCRNA10X_SA_CHIP0175_002/filtered_feature_bc_matrix,TCGCAGGGTGTTTACG-1,SA1035X8XB03631_TCGCAGGGTGTTTACG-1,SA1035X8XB03631,B
.cache/SCRNA10X_SA_CHIP0175_002/filtered_feature_bc_matrix,TCGCAGGTCTTTGCAT-1,SA1035X8XB03631_TCGCAGGTCTTTGCAT-1,SA1035X8XB03631,B
.cache/SCRNA10X_SA_CHIP0175_002/filtered_feature_bc_matrix,TCGTAGATCAAACGTC-1,SA1035X8XB03631_TCGTAGATCAAACGTC-1,SA1035X8XB03631,B
.cache/SCRNA10X_SA_CHIP0175_002/filtered_feature_bc_matrix,TCGTAGATCGTGCTCT-1,SA1035X8XB03631_TCGTAGATCGTGCTCT-1,SA1035X8XB03631,E
.cache/SCRNA10X_SA_CHIP0175_002/filtered_feature_bc_matrix,TCGTCCAGTACTAACC-1,SA1035X8XB03631_TCGTCCAGTACTAACC-1,SA1035X8XB03631,E
.cache/SCRNA10X_SA_CHIP0175_002/filtered_feature_bc_matrix,TCGTCCAGTTTCACAG-1,SA1035X8XB03631_TCGTCCAGTTTCACAG-1,SA1035X8XB03631,E
.cache/SCRNA10X_SA_CHIP0175_002/filtered_feature_bc_matrix,TCGTCCATCACGTAGT-1,SA1035X8XB03631_TCGTCCATCACGTAGT-1,SA1035X8XB03631,E
.cache/SCRNA10X_SA_CHIP0175_002/filtered_feature_bc_matrix,TCGTGGGTCCGTGGGT-1,SA1035X8XB03631_TCGTGGGTCCGTGGGT-1,SA1035X8XB03631,D
.cache/SCRNA10X_SA_CHIP0175_002/filtered_feature_bc_matrix,TCTACATGTGTCTTAG-1,SA1035X8XB03631_TCTACATGTGTCTTAG-1,SA1035X8XB03631,D
.cache/SCRNA10X_SA_CHIP0175_002/filtered_feature_bc_matrix,TCTACATTCGGTAGGA-1,SA1035X8XB03631_TCTACATTCGGTAGGA-1,SA1035X8XB03631,C
.cache/SCRNA10X_SA_CHIP0175_002/filtered_feature_bc_matrix,TCTATACCAAGAAACT-1,SA1035X8XB03631_TCTATACCAAGAAACT-1,SA1035X8XB03631,D
.cache/SCRNA10X_SA_CHIP0175_002/filtered_feature_bc_matrix,TCTATACCATGGAGAC-1,SA1035X8XB03631_TCTATACCATGGAGAC-1,SA1035X8XB03631,E
.cache/SCRNA10X_SA_CHIP0175_002/filtered_feature_bc_matrix,TCTATACGTCACTTAG-1,SA1035X8XB03631_TCTATACGTCACTTAG-1,SA1035X8XB03631,E
.cache/SCRNA10X_SA_CHIP0175_002/filtered_feature_bc_matrix,TCTATACGTCGCTGCA-1,SA1035X8XB03631_TCTATACGTCGCTGCA-1,SA1035X8XB03631,E
.cache/SCRNA10X_SA_CHIP0175_002/filtered_feature_bc_matrix,TCTCACGCAGTTACCA-1,SA1035X8XB03631_TCTCACGCAGTTACCA-1,SA1035X8XB03631,D
.cache/SCRNA10X_SA_CHIP0175_002/filtered_feature_bc_matrix,TCTCACGGTGGATCAG-1,SA1035X8XB03631_TCTCACGGTGGATCAG-1,SA1035X8XB03631,E
.cache/SCRNA10X_SA_CHIP0175_002/filtered_feature_bc_matrix,TCTCAGCAGAAGCGGG-1,SA1035X8XB03631_TCTCAGCAGAAGCGGG-1,SA1035X8XB03631,E
.cache/SCRNA10X_SA_CHIP0175_002/filtered_feature_bc_matrix,TCTCAGCCACAGCATT-1,SA1035X8XB03631_TCTCAGCCACAGCATT-1,SA1035X8XB03631,E
.cache/SCRNA10X_SA_CHIP0175_002/filtered_feature_bc_matrix,TCTCAGCCACGCTATA-1,SA1035X8XB03631_TCTCAGCCACGCTATA-1,SA1035X8XB03631,B
.cache/SCRNA10X_SA_CHIP0175_002/filtered_feature_bc_matrix,TCTCAGCTCGAGAGCA-1,SA1035X8XB03631_TCTCAGCTCGAGAGCA-1,SA1035X8XB03631,E
.cache/SCRNA10X_SA_CHIP0175_002/filtered_feature_bc_matrix,TCTCAGCTCGTAGTGT-1,SA1035X8XB03631_TCTCAGCTCGTAGTGT-1,SA1035X8XB03631,B
.cache/SCRNA10X_SA_CHIP0175_002/filtered_feature_bc_matrix,TCTCCGATCATATGGC-1,SA1035X8XB03631_TCTCCGATCATATGGC-1,SA1035X8XB03631,unassigned
.cache/SCRNA10X_SA_CHIP0175_002/filtered_feature_bc_matrix,TCTGCCAGTAAGCAAT-1,SA1035X8XB03631_TCTGCCAGTAAGCAAT-1,SA1035X8XB03631,E
.cache/SCRNA10X_SA_CHIP0175_002/filtered_feature_bc_matrix,TCTGCCATCCATCACC-1,SA1035X8XB03631_TCTGCCATCCATCACC-1,SA1035X8XB03631,E
.cache/SCRNA10X_SA_CHIP0175_002/filtered_feature_bc_matrix,TCTGGCTAGAGCCTGA-1,SA1035X8XB03631_TCTGGCTAGAGCCTGA-1,SA1035X8XB03631,B
.cache/SCRNA10X_SA_CHIP0175_002/filtered_feature_bc_matrix,TCTGGCTCACTGGACC-1,SA1035X8XB03631_TCTGGCTCACTGGACC-1,SA1035X8XB03631,E
.cache/SCRNA10X_SA_CHIP0175_002/filtered_feature_bc_matrix,TCTGGCTTCCCGTTGT-1,SA1035X8XB03631_TCTGGCTTCCCGTTGT-1,SA1035X8XB03631,E
.cache/SCRNA10X_SA_CHIP0175_002/filtered_feature_bc_matrix,TCTGTCGGTTATAGAG-1,SA1035X8XB03631_TCTGTCGGTTATAGAG-1,SA1035X8XB03631,E
.cache/SCRNA10X_SA_CHIP0175_002/filtered_feature_bc_matrix,TCTTCCTCAAATTGGA-1,SA1035X8XB03631_TCTTCCTCAAATTGGA-1,SA1035X8XB03631,E
.cache/SCRNA10X_SA_CHIP0175_002/filtered_feature_bc_matrix,TCTTCCTGTAGATTAG-1,SA1035X8XB03631_TCTTCCTGTAGATTAG-1,SA1035X8XB03631,E
.cache/SCRNA10X_SA_CHIP0175_002/filtered_feature_bc_matrix,TCTTCCTTCTTCCACG-1,SA1035X8XB03631_TCTTCCTTCTTCCACG-1,SA1035X8XB03631,E
.cache/SCRNA10X_SA_CHIP0175_002/filtered_feature_bc_matrix,TCTTTGACATGTTCAG-1,SA1035X8XB03631_TCTTTGACATGTTCAG-1,SA1035X8XB03631,E
.cache/SCRNA10X_SA_CHIP0175_002/filtered_feature_bc_matrix,TCTTTGATCGTCGCTT-1,SA1035X8XB03631_TCTTTGATCGTCGCTT-1,SA1035X8XB03631,D
.cache/SCRNA10X_SA_CHIP0175_002/filtered_feature_bc_matrix,TGAACGTGTCATACCA-1,SA1035X8XB03631_TGAACGTGTCATACCA-1,SA1035X8XB03631,E
.cache/SCRNA10X_SA_CHIP0175_002/filtered_feature_bc_matrix,TGAATCGGTCTGTGGC-1,SA1035X8XB03631_TGAATCGGTCTGTGGC-1,SA1035X8XB03631,E
.cache/SCRNA10X_SA_CHIP0175_002/filtered_feature_bc_matrix,TGACCCTTCTTCTGGC-1,SA1035X8XB03631_TGACCCTTCTTCTGGC-1,SA1035X8XB03631,E
.cache/SCRNA10X_SA_CHIP0175_002/filtered_feature_bc_matrix,TGAGACTCAACCAATC-1,SA1035X8XB03631_TGAGACTCAACCAATC-1,SA1035X8XB03631,E
.cache/SCRNA10X_SA_CHIP0175_002/filtered_feature_bc_matrix,TGAGACTGTCGGTAAG-1,SA1035X8XB03631_TGAGACTGTCGGTAAG-1,SA1035X8XB03631,B
.cache/SCRNA10X_SA_CHIP0175_002/filtered_feature_bc_matrix,TGAGCGCTCACACGAT-1,SA1035X8XB03631_TGAGCGCTCACACGAT-1,SA1035X8XB03631,E
.cache/SCRNA10X_SA_CHIP0175_002/filtered_feature_bc_matrix,TGAGGAGAGCAAATCA-1,SA1035X8XB03631_TGAGGAGAGCAAATCA-1,SA1035X8XB03631,C
.cache/SCRNA10X_SA_CHIP0175_002/filtered_feature_bc_matrix,TGAGGAGTCGTACACA-1,SA1035X8XB03631_TGAGGAGTCGTACACA-1,SA1035X8XB03631,B
.cache/SCRNA10X_SA_CHIP0175_002/filtered_feature_bc_matrix,TGAGGTTGTTATGTCG-1,SA1035X8XB03631_TGAGGTTGTTATGTCG-1,SA1035X8XB03631,E
.cache/SCRNA10X_SA_CHIP0175_002/filtered_feature_bc_matrix,TGAGTCAAGACCTGGA-1,SA1035X8XB03631_TGAGTCAAGACCTGGA-1,SA1035X8XB03631,D
.cache/SCRNA10X_SA_CHIP0175_002/filtered_feature_bc_matrix,TGAGTCACAAAGACGC-1,SA1035X8XB03631_TGAGTCACAAAGACGC-1,SA1035X8XB03631,B
.cache/SCRNA10X_SA_CHIP0175_002/filtered_feature_bc_matrix,TGATCAGGTATACCTG-1,SA1035X8XB03631_TGATCAGGTATACCTG-1,SA1035X8XB03631,B
.cache/SCRNA10X_SA_CHIP0175_002/filtered_feature_bc_matrix,TGATCTTTCGCACGGT-1,SA1035X8XB03631_TGATCTTTCGCACGGT-1,SA1035X8XB03631,E
.cache/SCRNA10X_SA_CHIP0175_002/filtered_feature_bc_matrix,TGCACGGGTATTTCTC-1,SA1035X8XB03631_TGCACGGGTATTTCTC-1,SA1035X8XB03631,E
.cache/SCRNA10X_SA_CHIP0175_002/filtered_feature_bc_matrix,TGCAGGCCATTGAGCT-1,SA1035X8XB03631_TGCAGGCCATTGAGCT-1,SA1035X8XB03631,E
.cache/SCRNA10X_SA_CHIP0175_002/filtered_feature_bc_matrix,TGCAGTAAGGCAGCTA-1,SA1035X8XB03631_TGCAGTAAGGCAGCTA-1,SA1035X8XB03631,E
.cache/SCRNA10X_SA_CHIP0175_002/filtered_feature_bc_matrix,TGCATGACAAATGATG-1,SA1035X8XB03631_TGCATGACAAATGATG-1,SA1035X8XB03631,E
.cache/SCRNA10X_SA_CHIP0175_002/filtered_feature_bc_matrix,TGCATGACAGTGACCC-1,SA1035X8XB03631_TGCATGACAGTGACCC-1,SA1035X8XB03631,D
.cache/SCRNA10X_SA_CHIP0175_002/filtered_feature_bc_matrix,TGCCGAGAGTCCTGCG-1,SA1035X8XB03631_TGCCGAGAGTCCTGCG-1,SA1035X8XB03631,E
.cache/SCRNA10X_SA_CHIP0175_002/filtered_feature_bc_matrix,TGCCGAGGTTCCGTTC-1,SA1035X8XB03631_TGCCGAGGTTCCGTTC-1,SA1035X8XB03631,D
.cache/SCRNA10X_SA_CHIP0175_002/filtered_feature_bc_matrix,TGCCGAGTCTAGTCAG-1,SA1035X8XB03631_TGCCGAGTCTAGTCAG-1,SA1035X8XB03631,B
.cache/SCRNA10X_SA_CHIP0175_002/filtered_feature_bc_matrix,TGCGGCAGTCGGCACT-1,SA1035X8XB03631_TGCGGCAGTCGGCACT-1,SA1035X8XB03631,E
.cache/SCRNA10X_SA_CHIP0175_002/filtered_feature_bc_matrix,TGCGGGTCACTTGAAC-1,SA1035X8XB03631_TGCGGGTCACTTGAAC-1,SA1035X8XB03631,E
.cache/SCRNA10X_SA_CHIP0175_002/filtered_feature_bc_matrix,TGCTCCAGTTTGAAAG-1,SA1035X8XB03631_TGCTCCAGTTTGAAAG-1,SA1035X8XB03631,B
.cache/SCRNA10X_SA_CHIP0175_002/filtered_feature_bc_matrix,TGCTCGTGTCAAGCCC-1,SA1035X8XB03631_TGCTCGTGTCAAGCCC-1,SA1035X8XB03631,E
.cache/SCRNA10X_SA_CHIP0175_002/filtered_feature_bc_matrix,TGCTTGCTCAAGGAGC-1,SA1035X8XB03631_TGCTTGCTCAAGGAGC-1,SA1035X8XB03631,B
.cache/SCRNA10X_SA_CHIP0175_002/filtered_feature_bc_matrix,TGGAACTTCATGCCAA-1,SA1035X8XB03631_TGGAACTTCATGCCAA-1,SA1035X8XB03631,E
.cache/SCRNA10X_SA_CHIP0175_002/filtered_feature_bc_matrix,TGGAGAGGTGGAACCA-1,SA1035X8XB03631_TGGAGAGGTGGAACCA-1,SA1035X8XB03631,E
.cache/SCRNA10X_SA_CHIP0175_002/filtered_feature_bc_matrix,TGGATGTGTCTAGATC-1,SA1035X8XB03631_TGGATGTGTCTAGATC-1,SA1035X8XB03631,B
.cache/SCRNA10X_SA_CHIP0175_002/filtered_feature_bc_matrix,TGGCGTGAGATCCTAC-1,SA1035X8XB03631_TGGCGTGAGATCCTAC-1,SA1035X8XB03631,D
.cache/SCRNA10X_SA_CHIP0175_002/filtered_feature_bc_matrix,TGGGAAGCATGGCACC-1,SA1035X8XB03631_TGGGAAGCATGGCACC-1,SA1035X8XB03631,E
.cache/SCRNA10X_SA_CHIP0175_002/filtered_feature_bc_matrix,TGGGCGTTCTTGGATG-1,SA1035X8XB03631_TGGGCGTTCTTGGATG-1,SA1035X8XB03631,E
.cache/SCRNA10X_SA_CHIP0175_002/filtered_feature_bc_matrix,TGGGCTGGTCGTCAGC-1,SA1035X8XB03631_TGGGCTGGTCGTCAGC-1,SA1035X8XB03631,E
.cache/SCRNA10X_SA_CHIP0175_002/filtered_feature_bc_matrix,TGTACAGCACTAGGCC-1,SA1035X8XB03631_TGTACAGCACTAGGCC-1,SA1035X8XB03631,B
.cache/SCRNA10X_SA_CHIP0175_002/filtered_feature_bc_matrix,TGTACAGCATCTAGAC-1,SA1035X8XB03631_TGTACAGCATCTAGAC-1,SA1035X8XB03631,E
.cache/SCRNA10X_SA_CHIP0175_002/filtered_feature_bc_matrix,TGTAGACTCCGATAAC-1,SA1035X8XB03631_TGTAGACTCCGATAAC-1,SA1035X8XB03631,C
.cache/SCRNA10X_SA_CHIP0175_002/filtered_feature_bc_matrix,TGTCCACAGAACCCGA-1,SA1035X8XB03631_TGTCCACAGAACCCGA-1,SA1035X8XB03631,E
.cache/SCRNA10X_SA_CHIP0175_002/filtered_feature_bc_matrix,TGTCCACAGAGGTGCT-1,SA1035X8XB03631_TGTCCACAGAGGTGCT-1,SA1035X8XB03631,E
.cache/SCRNA10X_SA_CHIP0175_002/filtered_feature_bc_matrix,TGTCCACAGCAGCGAT-1,SA1035X8XB03631_TGTCCACAGCAGCGAT-1,SA1035X8XB03631,B
.cache/SCRNA10X_SA_CHIP0175_002/filtered_feature_bc_matrix,TGTCCACAGTTCAACC-1,SA1035X8XB03631_TGTCCACAGTTCAACC-1,SA1035X8XB03631,B
.cache/SCRNA10X_SA_CHIP0175_002/filtered_feature_bc_matrix,TGTCCACCAATTGAGA-1,SA1035X8XB03631_TGTCCACCAATTGAGA-1,SA1035X8XB03631,B
.cache/SCRNA10X_SA_CHIP0175_002/filtered_feature_bc_matrix,TGTCCCAAGACAAGCC-1,SA1035X8XB03631_TGTCCCAAGACAAGCC-1,SA1035X8XB03631,E
.cache/SCRNA10X_SA_CHIP0175_002/filtered_feature_bc_matrix,TGTCCTGTCCTTGAAG-1,SA1035X8XB03631_TGTCCTGTCCTTGAAG-1,SA1035X8XB03631,E
.cache/SCRNA10X_SA_CHIP0175_002/filtered_feature_bc_matrix,TGTGAGTTCAAATGCC-1,SA1035X8XB03631_TGTGAGTTCAAATGCC-1,SA1035X8XB03631,B
.cache/SCRNA10X_SA_CHIP0175_002/filtered_feature_bc_matrix,TGTGCGGCATTCCTCG-1,SA1035X8XB03631_TGTGCGGCATTCCTCG-1,SA1035X8XB03631,B
.cache/SCRNA10X_SA_CHIP0175_002/filtered_feature_bc_matrix,TGTGGCGGTGCCCTTT-1,SA1035X8XB03631_TGTGGCGGTGCCCTTT-1,SA1035X8XB03631,B
.cache/SCRNA10X_SA_CHIP0175_002/filtered_feature_bc_matrix,TGTGTGACAAGCTCTA-1,SA1035X8XB03631_TGTGTGACAAGCTCTA-1,SA1035X8XB03631,D
.cache/SCRNA10X_SA_CHIP0175_002/filtered_feature_bc_matrix,TGTTGAGGTGCCTGCA-1,SA1035X8XB03631_TGTTGAGGTGCCTGCA-1,SA1035X8XB03631,E
.cache/SCRNA10X_SA_CHIP0175_002/filtered_feature_bc_matrix,TTACCATGTATCGCAT-1,SA1035X8XB03631_TTACCATGTATCGCAT-1,SA1035X8XB03631,D
.cache/SCRNA10X_SA_CHIP0175_002/filtered_feature_bc_matrix,TTACGTTAGGCATCTT-1,SA1035X8XB03631_TTACGTTAGGCATCTT-1,SA1035X8XB03631,E
.cache/SCRNA10X_SA_CHIP0175_002/filtered_feature_bc_matrix,TTACGTTCAACGGCTC-1,SA1035X8XB03631_TTACGTTCAACGGCTC-1,SA1035X8XB03631,E
.cache/SCRNA10X_SA_CHIP0175_002/filtered_feature_bc_matrix,TTACGTTGTCATTGCA-1,SA1035X8XB03631_TTACGTTGTCATTGCA-1,SA1035X8XB03631,D
.cache/SCRNA10X_SA_CHIP0175_002/filtered_feature_bc_matrix,TTACTGTTCGCTAAAC-1,SA1035X8XB03631_TTACTGTTCGCTAAAC-1,SA1035X8XB03631,B
.cache/SCRNA10X_SA_CHIP0175_002/filtered_feature_bc_matrix,TTAGGCAGTCCATAGT-1,SA1035X8XB03631_TTAGGCAGTCCATAGT-1,SA1035X8XB03631,E
.cache/SCRNA10X_SA_CHIP0175_002/filtered_feature_bc_matrix,TTAGGGTGTCTACGAT-1,SA1035X8XB03631_TTAGGGTGTCTACGAT-1,SA1035X8XB03631,D
.cache/SCRNA10X_SA_CHIP0175_002/filtered_feature_bc_matrix,TTATTGCGTTGCTTGA-1,SA1035X8XB03631_TTATTGCGTTGCTTGA-1,SA1035X8XB03631,E
.cache/SCRNA10X_SA_CHIP0175_002/filtered_feature_bc_matrix,TTCACCGCAAGTGGAC-1,SA1035X8XB03631_TTCACCGCAAGTGGAC-1,SA1035X8XB03631,E
.cache/SCRNA10X_SA_CHIP0175_002/filtered_feature_bc_matrix,TTCACCGGTCATCAGT-1,SA1035X8XB03631_TTCACCGGTCATCAGT-1,SA1035X8XB03631,E
.cache/SCRNA10X_SA_CHIP0175_002/filtered_feature_bc_matrix,TTCAGGACAAGGATGC-1,SA1035X8XB03631_TTCAGGACAAGGATGC-1,SA1035X8XB03631,E
.cache/SCRNA10X_SA_CHIP0175_002/filtered_feature_bc_matrix,TTCATGTGTGACAGCA-1,SA1035X8XB03631_TTCATGTGTGACAGCA-1,SA1035X8XB03631,E
.cache/SCRNA10X_SA_CHIP0175_002/filtered_feature_bc_matrix,TTCCAATCATGCCGGT-1,SA1035X8XB03631_TTCCAATCATGCCGGT-1,SA1035X8XB03631,B
.cache/SCRNA10X_SA_CHIP0175_002/filtered_feature_bc_matrix,TTCCAATTCAGACATC-1,SA1035X8XB03631_TTCCAATTCAGACATC-1,SA1035X8XB03631,E
.cache/SCRNA10X_SA_CHIP0175_002/filtered_feature_bc_matrix,TTCCGTGGTCACTACA-1,SA1035X8XB03631_TTCCGTGGTCACTACA-1,SA1035X8XB03631,E
.cache/SCRNA10X_SA_CHIP0175_002/filtered_feature_bc_matrix,TTCCGTGGTCCTGGGT-1,SA1035X8XB03631_TTCCGTGGTCCTGGGT-1,SA1035X8XB03631,B
.cache/SCRNA10X_SA_CHIP0175_002/filtered_feature_bc_matrix,TTCGATTAGGATAATC-1,SA1035X8XB03631_TTCGATTAGGATAATC-1,SA1035X8XB03631,D
.cache/SCRNA10X_SA_CHIP0175_002/filtered_feature_bc_matrix,TTCGATTGTTGCTCGG-1,SA1035X8XB03631_TTCGATTGTTGCTCGG-1,SA1035X8XB03631,B
.cache/SCRNA10X_SA_CHIP0175_002/filtered_feature_bc_matrix,TTCTAGTCAGGTCTCG-1,SA1035X8XB03631_TTCTAGTCAGGTCTCG-1,SA1035X8XB03631,B
.cache/SCRNA10X_SA_CHIP0175_002/filtered_feature_bc_matrix,TTCTCTCCACGTAGTT-1,SA1035X8XB03631_TTCTCTCCACGTAGTT-1,SA1035X8XB03631,E
.cache/SCRNA10X_SA_CHIP0175_002/filtered_feature_bc_matrix,TTCTTGACACGGGCTT-1,SA1035X8XB03631_TTCTTGACACGGGCTT-1,SA1035X8XB03631,B
.cache/SCRNA10X_SA_CHIP0175_002/filtered_feature_bc_matrix,TTGAACGAGGATTTAG-1,SA1035X8XB03631_TTGAACGAGGATTTAG-1,SA1035X8XB03631,E
.cache/SCRNA10X_SA_CHIP0175_002/filtered_feature_bc_matrix,TTGAACGCATTCCTAT-1,SA1035X8XB03631_TTGAACGCATTCCTAT-1,SA1035X8XB03631,E
.cache/SCRNA10X_SA_CHIP0175_002/filtered_feature_bc_matrix,TTGAACGTCATTTCCA-1,SA1035X8XB03631_TTGAACGTCATTTCCA-1,SA1035X8XB03631,E
.cache/SCRNA10X_SA_CHIP0175_002/filtered_feature_bc_matrix,TTGATGGTCAACGCTA-1,SA1035X8XB03631_TTGATGGTCAACGCTA-1,SA1035X8XB03631,E
.cache/SCRNA10X_SA_CHIP0175_002/filtered_feature_bc_matrix,TTGCCTGCAGCGACAA-1,SA1035X8XB03631_TTGCCTGCAGCGACAA-1,SA1035X8XB03631,E
.cache/SCRNA10X_SA_CHIP0175_002/filtered_feature_bc_matrix,TTGCCTGGTGGAAGTC-1,SA1035X8XB03631_TTGCCTGGTGGAAGTC-1,SA1035X8XB03631,B
.cache/SCRNA10X_SA_CHIP0175_002/filtered_feature_bc_matrix,TTGGGCGTCAGCTGAT-1,SA1035X8XB03631_TTGGGCGTCAGCTGAT-1,SA1035X8XB03631,E
.cache/SCRNA10X_SA_CHIP0175_002/filtered_feature_bc_matrix,TTGGTTTCAAACGAGC-1,SA1035X8XB03631_TTGGTTTCAAACGAGC-1,SA1035X8XB03631,E
.cache/SCRNA10X_SA_CHIP0175_002/filtered_feature_bc_matrix,TTGTGGAGTAGAATAC-1,SA1035X8XB03631_TTGTGGAGTAGAATAC-1,SA1035X8XB03631,B
.cache/SCRNA10X_SA_CHIP0175_002/filtered_feature_bc_matrix,TTGTGTTAGGAAAGTG-1,SA1035X8XB03631_TTGTGTTAGGAAAGTG-1,SA1035X8XB03631,D
.cache/SCRNA10X_SA_CHIP0175_002/filtered_feature_bc_matrix,TTGTTCAGTCAACCAT-1,SA1035X8XB03631_TTGTTCAGTCAACCAT-1,SA1035X8XB03631,E
.cache/SCRNA10X_SA_CHIP0175_002/filtered_feature_bc_matrix,TTGTTGTGTACAAGCG-1,SA1035X8XB03631_TTGTTGTGTACAAGCG-1,SA1035X8XB03631,B
.cache/SCRNA10X_SA_CHIP0175_002/filtered_feature_bc_matrix,TTTAGTCAGTTTGCTG-1,SA1035X8XB03631_TTTAGTCAGTTTGCTG-1,SA1035X8XB03631,E
.cache/SCRNA10X_SA_CHIP0175_002/filtered_feature_bc_matrix,TTTAGTCCAAGAGAGA-1,SA1035X8XB03631_TTTAGTCCAAGAGAGA-1,SA1035X8XB03631,E
.cache/SCRNA10X_SA_CHIP0175_002/filtered_feature_bc_matrix,TTTAGTCCAATGAGCG-1,SA1035X8XB03631_TTTAGTCCAATGAGCG-1,SA1035X8XB03631,E
.cache/SCRNA10X_SA_CHIP0175_002/filtered_feature_bc_matrix,TTTCCTCTCCTCACTG-1,SA1035X8XB03631_TTTCCTCTCCTCACTG-1,SA1035X8XB03631,E
.cache/SCRNA10X_SA_CHIP0175_002/filtered_feature_bc_matrix,TTTGATCCAGATCACT-1,SA1035X8XB03631_TTTGATCCAGATCACT-1,SA1035X8XB03631,E
.cache/SCRNA10X_SA_CHIP0175_002/filtered_feature_bc_matrix,TTTGGAGCAGTTCCAA-1,SA1035X8XB03631_TTTGGAGCAGTTCCAA-1,SA1035X8XB03631,E
.cache/SCRNA10X_SA_CHIP0175_002/filtered_feature_bc_matrix,TTTGTTGCAATAACCC-1,SA1035X8XB03631_TTTGTTGCAATAACCC-1,SA1035X8XB03631,B
