Sample,Barcode,cell_id,id,clone
.cache/SCRNA10X_SA_CHIP0071_000/filtered_feature_bc_matrix,AAACCCAAGCTGGCTC-1,SA1035X5XB03015_AAACCCAAGCTGGCTC-1,SA1035X5XB03015,C
.cache/SCRNA10X_SA_CHIP0071_000/filtered_feature_bc_matrix,AAAGGATCAGGACATG-1,SA1035X5XB03015_AAAGGATCAGGACATG-1,SA1035X5XB03015,E
.cache/SCRNA10X_SA_CHIP0071_000/filtered_feature_bc_matrix,AAAGGATGTTTACGTG-1,SA1035X5XB03015_AAAGGATGTTTACGTG-1,SA1035X5XB03015,D
.cache/SCRNA10X_SA_CHIP0071_000/filtered_feature_bc_matrix,AACAACCAGTTACGAA-1,SA1035X5XB03015_AACAACCAGTTACGAA-1,SA1035X5XB03015,G
.cache/SCRNA10X_SA_CHIP0071_000/filtered_feature_bc_matrix,AACAACCCAGGTTCCG-1,SA1035X5XB03015_AACAACCCAGGTTCCG-1,SA1035X5XB03015,B
.cache/SCRNA10X_SA_CHIP0071_000/filtered_feature_bc_matrix,AACAAGACAAAGGAGA-1,SA1035X5XB03015_AACAAGACAAAGGAGA-1,SA1035X5XB03015,C
.cache/SCRNA10X_SA_CHIP0071_000/filtered_feature_bc_matrix,AACACACCACAAAGCG-1,SA1035X5XB03015_AACACACCACAAAGCG-1,SA1035X5XB03015,D
.cache/SCRNA10X_SA_CHIP0071_000/filtered_feature_bc_matrix,AACCACAGTTGCTAGT-1,SA1035X5XB03015_AACCACAGTTGCTAGT-1,SA1035X5XB03015,D
.cache/SCRNA10X_SA_CHIP0071_000/filtered_feature_bc_matrix,AACCATGAGATGAATC-1,SA1035X5XB03015_AACCATGAGATGAATC-1,SA1035X5XB03015,B
.cache/SCRNA10X_SA_CHIP0071_000/filtered_feature_bc_matrix,AACCATGTCGATTCCC-1,SA1035X5XB03015_AACCATGTCGATTCCC-1,SA1035X5XB03015,G
.cache/SCRNA10X_SA_CHIP0071_000/filtered_feature_bc_matrix,AACCATGTCGCTTAAG-1,SA1035X5XB03015_AACCATGTCGCTTAAG-1,SA1035X5XB03015,G
.cache/SCRNA10X_SA_CHIP0071_000/filtered_feature_bc_matrix,AACCCAATCTTCGATT-1,SA1035X5XB03015_AACCCAATCTTCGATT-1,SA1035X5XB03015,D
.cache/SCRNA10X_SA_CHIP0071_000/filtered_feature_bc_matrix,AACCTTTGTACGGCAA-1,SA1035X5XB03015_AACCTTTGTACGGCAA-1,SA1035X5XB03015,D
.cache/SCRNA10X_SA_CHIP0071_000/filtered_feature_bc_matrix,AAGCCATAGACATAAC-1,SA1035X5XB03015_AAGCCATAGACATAAC-1,SA1035X5XB03015,G
.cache/SCRNA10X_SA_CHIP0071_000/filtered_feature_bc_matrix,AAGCCATAGCAGTAAT-1,SA1035X5XB03015_AAGCCATAGCAGTAAT-1,SA1035X5XB03015,A_H
.cache/SCRNA10X_SA_CHIP0071_000/filtered_feature_bc_matrix,AAGCCATCATGACTCA-1,SA1035X5XB03015_AAGCCATCATGACTCA-1,SA1035X5XB03015,G
.cache/SCRNA10X_SA_CHIP0071_000/filtered_feature_bc_matrix,AAGCCATGTGATACCT-1,SA1035X5XB03015_AAGCCATGTGATACCT-1,SA1035X5XB03015,unassigned
.cache/SCRNA10X_SA_CHIP0071_000/filtered_feature_bc_matrix,AAGGTAACAAGTGACG-1,SA1035X5XB03015_AAGGTAACAAGTGACG-1,SA1035X5XB03015,D
.cache/SCRNA10X_SA_CHIP0071_000/filtered_feature_bc_matrix,AAGTCGTTCCTGTACC-1,SA1035X5XB03015_AAGTCGTTCCTGTACC-1,SA1035X5XB03015,G
.cache/SCRNA10X_SA_CHIP0071_000/filtered_feature_bc_matrix,AATCGTGTCTCACTCG-1,SA1035X5XB03015_AATCGTGTCTCACTCG-1,SA1035X5XB03015,D
.cache/SCRNA10X_SA_CHIP0071_000/filtered_feature_bc_matrix,AATGACCGTAAGCGGT-1,SA1035X5XB03015_AATGACCGTAAGCGGT-1,SA1035X5XB03015,unassigned
.cache/SCRNA10X_SA_CHIP0071_000/filtered_feature_bc_matrix,AATGGAAAGTATGAAC-1,SA1035X5XB03015_AATGGAAAGTATGAAC-1,SA1035X5XB03015,B
.cache/SCRNA10X_SA_CHIP0071_000/filtered_feature_bc_matrix,AATGGAACAGAGGAAA-1,SA1035X5XB03015_AATGGAACAGAGGAAA-1,SA1035X5XB03015,B
.cache/SCRNA10X_SA_CHIP0071_000/filtered_feature_bc_matrix,AATGGAAGTGTCCTAA-1,SA1035X5XB03015_AATGGAAGTGTCCTAA-1,SA1035X5XB03015,D
.cache/SCRNA10X_SA_CHIP0071_000/filtered_feature_bc_matrix,AATTCCTCAATCCAGT-1,SA1035X5XB03015_AATTCCTCAATCCAGT-1,SA1035X5XB03015,B
.cache/SCRNA10X_SA_CHIP0071_000/filtered_feature_bc_matrix,AATTTCCAGACACACG-1,SA1035X5XB03015_AATTTCCAGACACACG-1,SA1035X5XB03015,unassigned
.cache/SCRNA10X_SA_CHIP0071_000/filtered_feature_bc_matrix,AATTTCCCAGACCCGT-1,SA1035X5XB03015_AATTTCCCAGACCCGT-1,SA1035X5XB03015,E
.cache/SCRNA10X_SA_CHIP0071_000/filtered_feature_bc_matrix,ACAACCATCTGCACCT-1,SA1035X5XB03015_ACAACCATCTGCACCT-1,SA1035X5XB03015,C
.cache/SCRNA10X_SA_CHIP0071_000/filtered_feature_bc_matrix,ACAGCCGTCGACGACC-1,SA1035X5XB03015_ACAGCCGTCGACGACC-1,SA1035X5XB03015,D
.cache/SCRNA10X_SA_CHIP0071_000/filtered_feature_bc_matrix,ACATCGAAGGCACTCC-1,SA1035X5XB03015_ACATCGAAGGCACTCC-1,SA1035X5XB03015,G
.cache/SCRNA10X_SA_CHIP0071_000/filtered_feature_bc_matrix,ACATCGAAGTACGAGC-1,SA1035X5XB03015_ACATCGAAGTACGAGC-1,SA1035X5XB03015,unassigned
.cache/SCRNA10X_SA_CHIP0071_000/filtered_feature_bc_matrix,ACATTTCTCTCTAAGG-1,SA1035X5XB03015_ACATTTCTCTCTAAGG-1,SA1035X5XB03015,E
.cache/SCRNA10X_SA_CHIP0071_000/filtered_feature_bc_matrix,ACCAACACAGGGAATC-1,SA1035X5XB03015_ACCAACACAGGGAATC-1,SA1035X5XB03015,D
.cache/SCRNA10X_SA_CHIP0071_000/filtered_feature_bc_matrix,ACCACAAAGGAAGAAC-1,SA1035X5XB03015_ACCACAAAGGAAGAAC-1,SA1035X5XB03015,D
.cache/SCRNA10X_SA_CHIP0071_000/filtered_feature_bc_matrix,ACCACAAGTTGGGTAG-1,SA1035X5XB03015_ACCACAAGTTGGGTAG-1,SA1035X5XB03015,D
.cache/SCRNA10X_SA_CHIP0071_000/filtered_feature_bc_matrix,ACCCAAAGTCGCATTA-1,SA1035X5XB03015_ACCCAAAGTCGCATTA-1,SA1035X5XB03015,D
.cache/SCRNA10X_SA_CHIP0071_000/filtered_feature_bc_matrix,ACCGTTCCAGCACAAG-1,SA1035X5XB03015_ACCGTTCCAGCACAAG-1,SA1035X5XB03015,D
.cache/SCRNA10X_SA_CHIP0071_000/filtered_feature_bc_matrix,ACGATGTTCATTCGTT-1,SA1035X5XB03015_ACGATGTTCATTCGTT-1,SA1035X5XB03015,D
.cache/SCRNA10X_SA_CHIP0071_000/filtered_feature_bc_matrix,ACGGTTAGTCCGCAGT-1,SA1035X5XB03015_ACGGTTAGTCCGCAGT-1,SA1035X5XB03015,B
.cache/SCRNA10X_SA_CHIP0071_000/filtered_feature_bc_matrix,ACTACGATCACTCCGT-1,SA1035X5XB03015_ACTACGATCACTCCGT-1,SA1035X5XB03015,D
.cache/SCRNA10X_SA_CHIP0071_000/filtered_feature_bc_matrix,ACTATCTCAAAGGGCT-1,SA1035X5XB03015_ACTATCTCAAAGGGCT-1,SA1035X5XB03015,E
.cache/SCRNA10X_SA_CHIP0071_000/filtered_feature_bc_matrix,ACTGTCCCAACGACAG-1,SA1035X5XB03015_ACTGTCCCAACGACAG-1,SA1035X5XB03015,D
.cache/SCRNA10X_SA_CHIP0071_000/filtered_feature_bc_matrix,ACTGTGATCTTGGTCC-1,SA1035X5XB03015_ACTGTGATCTTGGTCC-1,SA1035X5XB03015,B
.cache/SCRNA10X_SA_CHIP0071_000/filtered_feature_bc_matrix,ACTTAGGCAATCTCGA-1,SA1035X5XB03015_ACTTAGGCAATCTCGA-1,SA1035X5XB03015,C
.cache/SCRNA10X_SA_CHIP0071_000/filtered_feature_bc_matrix,ACTTAGGGTTCGGACC-1,SA1035X5XB03015_ACTTAGGGTTCGGACC-1,SA1035X5XB03015,D
.cache/SCRNA10X_SA_CHIP0071_000/filtered_feature_bc_matrix,ACTTATCAGCGTGCTC-1,SA1035X5XB03015_ACTTATCAGCGTGCTC-1,SA1035X5XB03015,G
.cache/SCRNA10X_SA_CHIP0071_000/filtered_feature_bc_matrix,ACTTTCATCAACTCTT-1,SA1035X5XB03015_ACTTTCATCAACTCTT-1,SA1035X5XB03015,B
.cache/SCRNA10X_SA_CHIP0071_000/filtered_feature_bc_matrix,AGAACAAAGCGACTGA-1,SA1035X5XB03015_AGAACAAAGCGACTGA-1,SA1035X5XB03015,C
.cache/SCRNA10X_SA_CHIP0071_000/filtered_feature_bc_matrix,AGAACAACACTAACCA-1,SA1035X5XB03015_AGAACAACACTAACCA-1,SA1035X5XB03015,D
.cache/SCRNA10X_SA_CHIP0071_000/filtered_feature_bc_matrix,AGACCCGAGACATCCT-1,SA1035X5XB03015_AGACCCGAGACATCCT-1,SA1035X5XB03015,unassigned
.cache/SCRNA10X_SA_CHIP0071_000/filtered_feature_bc_matrix,AGAGCCCTCCCTGGTT-1,SA1035X5XB03015_AGAGCCCTCCCTGGTT-1,SA1035X5XB03015,B
.cache/SCRNA10X_SA_CHIP0071_000/filtered_feature_bc_matrix,AGATCCATCAATCCAG-1,SA1035X5XB03015_AGATCCATCAATCCAG-1,SA1035X5XB03015,D
.cache/SCRNA10X_SA_CHIP0071_000/filtered_feature_bc_matrix,AGATGAATCACGGGCT-1,SA1035X5XB03015_AGATGAATCACGGGCT-1,SA1035X5XB03015,E
.cache/SCRNA10X_SA_CHIP0071_000/filtered_feature_bc_matrix,AGCATCACACCTCGTT-1,SA1035X5XB03015_AGCATCACACCTCGTT-1,SA1035X5XB03015,B
.cache/SCRNA10X_SA_CHIP0071_000/filtered_feature_bc_matrix,AGGAAATGTTCTTCAT-1,SA1035X5XB03015_AGGAAATGTTCTTCAT-1,SA1035X5XB03015,D
.cache/SCRNA10X_SA_CHIP0071_000/filtered_feature_bc_matrix,AGGACTTCACATTACG-1,SA1035X5XB03015_AGGACTTCACATTACG-1,SA1035X5XB03015,D
.cache/SCRNA10X_SA_CHIP0071_000/filtered_feature_bc_matrix,AGGGAGTGTGAGATTA-1,SA1035X5XB03015_AGGGAGTGTGAGATTA-1,SA1035X5XB03015,G
.cache/SCRNA10X_SA_CHIP0071_000/filtered_feature_bc_matrix,AGGGCCTAGCATCAGG-1,SA1035X5XB03015_AGGGCCTAGCATCAGG-1,SA1035X5XB03015,C
.cache/SCRNA10X_SA_CHIP0071_000/filtered_feature_bc_matrix,AGGTAGGTCCGAGATT-1,SA1035X5XB03015_AGGTAGGTCCGAGATT-1,SA1035X5XB03015,E
.cache/SCRNA10X_SA_CHIP0071_000/filtered_feature_bc_matrix,AGGTCATCACCTAAAC-1,SA1035X5XB03015_AGGTCATCACCTAAAC-1,SA1035X5XB03015,B
.cache/SCRNA10X_SA_CHIP0071_000/filtered_feature_bc_matrix,AGGTTACCATAAGATG-1,SA1035X5XB03015_AGGTTACCATAAGATG-1,SA1035X5XB03015,C
.cache/SCRNA10X_SA_CHIP0071_000/filtered_feature_bc_matrix,AGGTTGTTCCGACAGC-1,SA1035X5XB03015_AGGTTGTTCCGACAGC-1,SA1035X5XB03015,unassigned
.cache/SCRNA10X_SA_CHIP0071_000/filtered_feature_bc_matrix,AGTAACCCAGAGGCTA-1,SA1035X5XB03015_AGTAACCCAGAGGCTA-1,SA1035X5XB03015,C
.cache/SCRNA10X_SA_CHIP0071_000/filtered_feature_bc_matrix,AGTACTGCACTGGCCA-1,SA1035X5XB03015_AGTACTGCACTGGCCA-1,SA1035X5XB03015,G
.cache/SCRNA10X_SA_CHIP0071_000/filtered_feature_bc_matrix,AGTCTCCCACTATGTG-1,SA1035X5XB03015_AGTCTCCCACTATGTG-1,SA1035X5XB03015,D
.cache/SCRNA10X_SA_CHIP0071_000/filtered_feature_bc_matrix,ATACTTCCAGCTCGGT-1,SA1035X5XB03015_ATACTTCCAGCTCGGT-1,SA1035X5XB03015,C
.cache/SCRNA10X_SA_CHIP0071_000/filtered_feature_bc_matrix,ATCACAGCATCATCCC-1,SA1035X5XB03015_ATCACAGCATCATCCC-1,SA1035X5XB03015,B
.cache/SCRNA10X_SA_CHIP0071_000/filtered_feature_bc_matrix,ATCAGGTCACGTAACT-1,SA1035X5XB03015_ATCAGGTCACGTAACT-1,SA1035X5XB03015,G
.cache/SCRNA10X_SA_CHIP0071_000/filtered_feature_bc_matrix,ATCCACCCATGAGGGT-1,SA1035X5XB03015_ATCCACCCATGAGGGT-1,SA1035X5XB03015,C
.cache/SCRNA10X_SA_CHIP0071_000/filtered_feature_bc_matrix,ATCCATTAGCTCCGAC-1,SA1035X5XB03015_ATCCATTAGCTCCGAC-1,SA1035X5XB03015,D
.cache/SCRNA10X_SA_CHIP0071_000/filtered_feature_bc_matrix,ATCCATTGTGCCTTCT-1,SA1035X5XB03015_ATCCATTGTGCCTTCT-1,SA1035X5XB03015,unassigned
.cache/SCRNA10X_SA_CHIP0071_000/filtered_feature_bc_matrix,ATCCTATGTCTTTCAT-1,SA1035X5XB03015_ATCCTATGTCTTTCAT-1,SA1035X5XB03015,B
.cache/SCRNA10X_SA_CHIP0071_000/filtered_feature_bc_matrix,ATCGATGGTACCACGC-1,SA1035X5XB03015_ATCGATGGTACCACGC-1,SA1035X5XB03015,G
.cache/SCRNA10X_SA_CHIP0071_000/filtered_feature_bc_matrix,ATCGGATTCCGAGCTG-1,SA1035X5XB03015_ATCGGATTCCGAGCTG-1,SA1035X5XB03015,D
.cache/SCRNA10X_SA_CHIP0071_000/filtered_feature_bc_matrix,ATCGTGAAGTATGAGT-1,SA1035X5XB03015_ATCGTGAAGTATGAGT-1,SA1035X5XB03015,unassigned
.cache/SCRNA10X_SA_CHIP0071_000/filtered_feature_bc_matrix,ATGAAAGCAGTCAGAG-1,SA1035X5XB03015_ATGAAAGCAGTCAGAG-1,SA1035X5XB03015,E
.cache/SCRNA10X_SA_CHIP0071_000/filtered_feature_bc_matrix,ATGGGTTTCCGACAGC-1,SA1035X5XB03015_ATGGGTTTCCGACAGC-1,SA1035X5XB03015,D
.cache/SCRNA10X_SA_CHIP0071_000/filtered_feature_bc_matrix,ATGTCTTCAGGTATGG-1,SA1035X5XB03015_ATGTCTTCAGGTATGG-1,SA1035X5XB03015,D
.cache/SCRNA10X_SA_CHIP0071_000/filtered_feature_bc_matrix,ATTACTCGTGATCATC-1,SA1035X5XB03015_ATTACTCGTGATCATC-1,SA1035X5XB03015,D
.cache/SCRNA10X_SA_CHIP0071_000/filtered_feature_bc_matrix,ATTCCATGTAACAGTA-1,SA1035X5XB03015_ATTCCATGTAACAGTA-1,SA1035X5XB03015,D
.cache/SCRNA10X_SA_CHIP0071_000/filtered_feature_bc_matrix,ATTCGTTGTAACAGTA-1,SA1035X5XB03015_ATTCGTTGTAACAGTA-1,SA1035X5XB03015,G
.cache/SCRNA10X_SA_CHIP0071_000/filtered_feature_bc_matrix,ATTGGGTTCAGCAGAG-1,SA1035X5XB03015_ATTGGGTTCAGCAGAG-1,SA1035X5XB03015,E
.cache/SCRNA10X_SA_CHIP0071_000/filtered_feature_bc_matrix,ATTGTTCTCACCTCAC-1,SA1035X5XB03015_ATTGTTCTCACCTCAC-1,SA1035X5XB03015,D
.cache/SCRNA10X_SA_CHIP0071_000/filtered_feature_bc_matrix,ATTTCACCACATATCG-1,SA1035X5XB03015_ATTTCACCACATATCG-1,SA1035X5XB03015,D
.cache/SCRNA10X_SA_CHIP0071_000/filtered_feature_bc_matrix,CAAAGAAAGGACGCAT-1,SA1035X5XB03015_CAAAGAAAGGACGCAT-1,SA1035X5XB03015,unassigned
.cache/SCRNA10X_SA_CHIP0071_000/filtered_feature_bc_matrix,CAACAGTAGACATAGT-1,SA1035X5XB03015_CAACAGTAGACATAGT-1,SA1035X5XB03015,B
.cache/SCRNA10X_SA_CHIP0071_000/filtered_feature_bc_matrix,CAACCAAAGTCCCAGC-1,SA1035X5XB03015_CAACCAAAGTCCCAGC-1,SA1035X5XB03015,C
.cache/SCRNA10X_SA_CHIP0071_000/filtered_feature_bc_matrix,CAACCAATCAGAACCT-1,SA1035X5XB03015_CAACCAATCAGAACCT-1,SA1035X5XB03015,D
.cache/SCRNA10X_SA_CHIP0071_000/filtered_feature_bc_matrix,CAATACGTCTCGTCGT-1,SA1035X5XB03015_CAATACGTCTCGTCGT-1,SA1035X5XB03015,D
.cache/SCRNA10X_SA_CHIP0071_000/filtered_feature_bc_matrix,CACATGACAACCGACC-1,SA1035X5XB03015_CACATGACAACCGACC-1,SA1035X5XB03015,E
.cache/SCRNA10X_SA_CHIP0071_000/filtered_feature_bc_matrix,CACATGACATACATCG-1,SA1035X5XB03015_CACATGACATACATCG-1,SA1035X5XB03015,B
.cache/SCRNA10X_SA_CHIP0071_000/filtered_feature_bc_matrix,CACCAAATCTACGGTA-1,SA1035X5XB03015_CACCAAATCTACGGTA-1,SA1035X5XB03015,E
.cache/SCRNA10X_SA_CHIP0071_000/filtered_feature_bc_matrix,CACTGTCTCCTAGAGT-1,SA1035X5XB03015_CACTGTCTCCTAGAGT-1,SA1035X5XB03015,B
.cache/SCRNA10X_SA_CHIP0071_000/filtered_feature_bc_matrix,CACTTCGCATGACTGT-1,SA1035X5XB03015_CACTTCGCATGACTGT-1,SA1035X5XB03015,unassigned
.cache/SCRNA10X_SA_CHIP0071_000/filtered_feature_bc_matrix,CAGAGCCCAGATGCGA-1,SA1035X5XB03015_CAGAGCCCAGATGCGA-1,SA1035X5XB03015,G
.cache/SCRNA10X_SA_CHIP0071_000/filtered_feature_bc_matrix,CAGATCAAGATACGAT-1,SA1035X5XB03015_CAGATCAAGATACGAT-1,SA1035X5XB03015,D
.cache/SCRNA10X_SA_CHIP0071_000/filtered_feature_bc_matrix,CAGATCACAGAGTTGG-1,SA1035X5XB03015_CAGATCACAGAGTTGG-1,SA1035X5XB03015,E
.cache/SCRNA10X_SA_CHIP0071_000/filtered_feature_bc_matrix,CAGATCAGTACGTGTT-1,SA1035X5XB03015_CAGATCAGTACGTGTT-1,SA1035X5XB03015,G
.cache/SCRNA10X_SA_CHIP0071_000/filtered_feature_bc_matrix,CAGCACGAGTACCCTA-1,SA1035X5XB03015_CAGCACGAGTACCCTA-1,SA1035X5XB03015,E
.cache/SCRNA10X_SA_CHIP0071_000/filtered_feature_bc_matrix,CAGCAGCCAAGTGATA-1,SA1035X5XB03015_CAGCAGCCAAGTGATA-1,SA1035X5XB03015,G
.cache/SCRNA10X_SA_CHIP0071_000/filtered_feature_bc_matrix,CAGCGTGGTCCCGGTA-1,SA1035X5XB03015_CAGCGTGGTCCCGGTA-1,SA1035X5XB03015,B
.cache/SCRNA10X_SA_CHIP0071_000/filtered_feature_bc_matrix,CAGTTAGCATCGGATT-1,SA1035X5XB03015_CAGTTAGCATCGGATT-1,SA1035X5XB03015,G
.cache/SCRNA10X_SA_CHIP0071_000/filtered_feature_bc_matrix,CATCCGTGTGGTCTAT-1,SA1035X5XB03015_CATCCGTGTGGTCTAT-1,SA1035X5XB03015,D
.cache/SCRNA10X_SA_CHIP0071_000/filtered_feature_bc_matrix,CATCGCTTCCATGAGT-1,SA1035X5XB03015_CATCGCTTCCATGAGT-1,SA1035X5XB03015,unassigned
.cache/SCRNA10X_SA_CHIP0071_000/filtered_feature_bc_matrix,CATGAGTCAGAGGAAA-1,SA1035X5XB03015_CATGAGTCAGAGGAAA-1,SA1035X5XB03015,D
.cache/SCRNA10X_SA_CHIP0071_000/filtered_feature_bc_matrix,CATGAGTCATCCCACT-1,SA1035X5XB03015_CATGAGTCATCCCACT-1,SA1035X5XB03015,unassigned
.cache/SCRNA10X_SA_CHIP0071_000/filtered_feature_bc_matrix,CATGCAACATCCGCGA-1,SA1035X5XB03015_CATGCAACATCCGCGA-1,SA1035X5XB03015,D
.cache/SCRNA10X_SA_CHIP0071_000/filtered_feature_bc_matrix,CATGCCTGTCGCATTA-1,SA1035X5XB03015_CATGCCTGTCGCATTA-1,SA1035X5XB03015,G
.cache/SCRNA10X_SA_CHIP0071_000/filtered_feature_bc_matrix,CATGCGGAGACGTCGA-1,SA1035X5XB03015_CATGCGGAGACGTCGA-1,SA1035X5XB03015,G
.cache/SCRNA10X_SA_CHIP0071_000/filtered_feature_bc_matrix,CATGCTCTCTCTTCAA-1,SA1035X5XB03015_CATGCTCTCTCTTCAA-1,SA1035X5XB03015,E
.cache/SCRNA10X_SA_CHIP0071_000/filtered_feature_bc_matrix,CCACAAATCATTGGTG-1,SA1035X5XB03015_CCACAAATCATTGGTG-1,SA1035X5XB03015,B
.cache/SCRNA10X_SA_CHIP0071_000/filtered_feature_bc_matrix,CCACTTGAGGAGAATG-1,SA1035X5XB03015_CCACTTGAGGAGAATG-1,SA1035X5XB03015,E
.cache/SCRNA10X_SA_CHIP0071_000/filtered_feature_bc_matrix,CCATAAGGTAATCAGA-1,SA1035X5XB03015_CCATAAGGTAATCAGA-1,SA1035X5XB03015,D
.cache/SCRNA10X_SA_CHIP0071_000/filtered_feature_bc_matrix,CCATCACCAGGTATGG-1,SA1035X5XB03015_CCATCACCAGGTATGG-1,SA1035X5XB03015,B
.cache/SCRNA10X_SA_CHIP0071_000/filtered_feature_bc_matrix,CCCTCTCCACAGTCAT-1,SA1035X5XB03015_CCCTCTCCACAGTCAT-1,SA1035X5XB03015,B
.cache/SCRNA10X_SA_CHIP0071_000/filtered_feature_bc_matrix,CCCTGATCAGGCTCTG-1,SA1035X5XB03015_CCCTGATCAGGCTCTG-1,SA1035X5XB03015,D
.cache/SCRNA10X_SA_CHIP0071_000/filtered_feature_bc_matrix,CCGGGTATCTACGCGG-1,SA1035X5XB03015_CCGGGTATCTACGCGG-1,SA1035X5XB03015,G
.cache/SCRNA10X_SA_CHIP0071_000/filtered_feature_bc_matrix,CCGTAGGCAGAATGTA-1,SA1035X5XB03015_CCGTAGGCAGAATGTA-1,SA1035X5XB03015,C
.cache/SCRNA10X_SA_CHIP0071_000/filtered_feature_bc_matrix,CCGTGAGCAATCGAAA-1,SA1035X5XB03015_CCGTGAGCAATCGAAA-1,SA1035X5XB03015,C
.cache/SCRNA10X_SA_CHIP0071_000/filtered_feature_bc_matrix,CCGTGAGCACGTACAT-1,SA1035X5XB03015_CCGTGAGCACGTACAT-1,SA1035X5XB03015,C
.cache/SCRNA10X_SA_CHIP0071_000/filtered_feature_bc_matrix,CCTATCGTCTATCGCC-1,SA1035X5XB03015_CCTATCGTCTATCGCC-1,SA1035X5XB03015,E
.cache/SCRNA10X_SA_CHIP0071_000/filtered_feature_bc_matrix,CCTCACAAGTTTGAGA-1,SA1035X5XB03015_CCTCACAAGTTTGAGA-1,SA1035X5XB03015,D
.cache/SCRNA10X_SA_CHIP0071_000/filtered_feature_bc_matrix,CCTCCTCGTATCAGGG-1,SA1035X5XB03015_CCTCCTCGTATCAGGG-1,SA1035X5XB03015,D
.cache/SCRNA10X_SA_CHIP0071_000/filtered_feature_bc_matrix,CCTCTCCAGATAGGGA-1,SA1035X5XB03015_CCTCTCCAGATAGGGA-1,SA1035X5XB03015,D
.cache/SCRNA10X_SA_CHIP0071_000/filtered_feature_bc_matrix,CCTCTCCAGTTAGTGA-1,SA1035X5XB03015_CCTCTCCAGTTAGTGA-1,SA1035X5XB03015,D
.cache/SCRNA10X_SA_CHIP0071_000/filtered_feature_bc_matrix,CCTCTCCCAACCAACT-1,SA1035X5XB03015_CCTCTCCCAACCAACT-1,SA1035X5XB03015,D
.cache/SCRNA10X_SA_CHIP0071_000/filtered_feature_bc_matrix,CCTGCATTCGAAGCCC-1,SA1035X5XB03015_CCTGCATTCGAAGCCC-1,SA1035X5XB03015,C
.cache/SCRNA10X_SA_CHIP0071_000/filtered_feature_bc_matrix,CGAGAAGCAGGCATGA-1,SA1035X5XB03015_CGAGAAGCAGGCATGA-1,SA1035X5XB03015,E
.cache/SCRNA10X_SA_CHIP0071_000/filtered_feature_bc_matrix,CGAGGAACATAATCCG-1,SA1035X5XB03015_CGAGGAACATAATCCG-1,SA1035X5XB03015,D
.cache/SCRNA10X_SA_CHIP0071_000/filtered_feature_bc_matrix,CGAGGCTGTACGATTC-1,SA1035X5XB03015_CGAGGCTGTACGATTC-1,SA1035X5XB03015,D
.cache/SCRNA10X_SA_CHIP0071_000/filtered_feature_bc_matrix,CGAGTGCAGGCGTTAG-1,SA1035X5XB03015_CGAGTGCAGGCGTTAG-1,SA1035X5XB03015,D
.cache/SCRNA10X_SA_CHIP0071_000/filtered_feature_bc_matrix,CGAGTGCTCACGATAC-1,SA1035X5XB03015_CGAGTGCTCACGATAC-1,SA1035X5XB03015,D
.cache/SCRNA10X_SA_CHIP0071_000/filtered_feature_bc_matrix,CGAGTGCTCTGTCGTC-1,SA1035X5XB03015_CGAGTGCTCTGTCGTC-1,SA1035X5XB03015,B
.cache/SCRNA10X_SA_CHIP0071_000/filtered_feature_bc_matrix,CGATGGCGTAACAAGT-1,SA1035X5XB03015_CGATGGCGTAACAAGT-1,SA1035X5XB03015,B
.cache/SCRNA10X_SA_CHIP0071_000/filtered_feature_bc_matrix,CGATGGCTCGCAACAT-1,SA1035X5XB03015_CGATGGCTCGCAACAT-1,SA1035X5XB03015,D
.cache/SCRNA10X_SA_CHIP0071_000/filtered_feature_bc_matrix,CGCATAATCTAGTTCT-1,SA1035X5XB03015_CGCATAATCTAGTTCT-1,SA1035X5XB03015,B
.cache/SCRNA10X_SA_CHIP0071_000/filtered_feature_bc_matrix,CGCCAGAGTTTACTTC-1,SA1035X5XB03015_CGCCAGAGTTTACTTC-1,SA1035X5XB03015,E
.cache/SCRNA10X_SA_CHIP0071_000/filtered_feature_bc_matrix,CGCCATTGTTCCCACT-1,SA1035X5XB03015_CGCCATTGTTCCCACT-1,SA1035X5XB03015,G
.cache/SCRNA10X_SA_CHIP0071_000/filtered_feature_bc_matrix,CGGACACTCCCTTGGT-1,SA1035X5XB03015_CGGACACTCCCTTGGT-1,SA1035X5XB03015,B
.cache/SCRNA10X_SA_CHIP0071_000/filtered_feature_bc_matrix,CGGCAGTGTTGACTGT-1,SA1035X5XB03015_CGGCAGTGTTGACTGT-1,SA1035X5XB03015,E
.cache/SCRNA10X_SA_CHIP0071_000/filtered_feature_bc_matrix,CGGGTGTCACTGGCGT-1,SA1035X5XB03015_CGGGTGTCACTGGCGT-1,SA1035X5XB03015,E
.cache/SCRNA10X_SA_CHIP0071_000/filtered_feature_bc_matrix,CGGTCAGAGTAGGAAG-1,SA1035X5XB03015_CGGTCAGAGTAGGAAG-1,SA1035X5XB03015,D
.cache/SCRNA10X_SA_CHIP0071_000/filtered_feature_bc_matrix,CGGTCAGTCCGATAGT-1,SA1035X5XB03015_CGGTCAGTCCGATAGT-1,SA1035X5XB03015,G
.cache/SCRNA10X_SA_CHIP0071_000/filtered_feature_bc_matrix,CGGTCAGTCCTTATGT-1,SA1035X5XB03015_CGGTCAGTCCTTATGT-1,SA1035X5XB03015,D
.cache/SCRNA10X_SA_CHIP0071_000/filtered_feature_bc_matrix,CGTAGTAGTCGGCACT-1,SA1035X5XB03015_CGTAGTAGTCGGCACT-1,SA1035X5XB03015,unassigned
.cache/SCRNA10X_SA_CHIP0071_000/filtered_feature_bc_matrix,CGTAGTATCTGCTTTA-1,SA1035X5XB03015_CGTAGTATCTGCTTTA-1,SA1035X5XB03015,D
.cache/SCRNA10X_SA_CHIP0071_000/filtered_feature_bc_matrix,CGTCAAATCGTGTGGC-1,SA1035X5XB03015_CGTCAAATCGTGTGGC-1,SA1035X5XB03015,D
.cache/SCRNA10X_SA_CHIP0071_000/filtered_feature_bc_matrix,CGTGATATCTGATGGT-1,SA1035X5XB03015_CGTGATATCTGATGGT-1,SA1035X5XB03015,D
.cache/SCRNA10X_SA_CHIP0071_000/filtered_feature_bc_matrix,CGTGTCTTCCATACAG-1,SA1035X5XB03015_CGTGTCTTCCATACAG-1,SA1035X5XB03015,D
.cache/SCRNA10X_SA_CHIP0071_000/filtered_feature_bc_matrix,CTAACCCTCTCGCGTT-1,SA1035X5XB03015_CTAACCCTCTCGCGTT-1,SA1035X5XB03015,C
.cache/SCRNA10X_SA_CHIP0071_000/filtered_feature_bc_matrix,CTACATTGTCACTCGG-1,SA1035X5XB03015_CTACATTGTCACTCGG-1,SA1035X5XB03015,C
.cache/SCRNA10X_SA_CHIP0071_000/filtered_feature_bc_matrix,CTACGGGGTTTGATCG-1,SA1035X5XB03015_CTACGGGGTTTGATCG-1,SA1035X5XB03015,C
.cache/SCRNA10X_SA_CHIP0071_000/filtered_feature_bc_matrix,CTCAATTCAATCCTAG-1,SA1035X5XB03015_CTCAATTCAATCCTAG-1,SA1035X5XB03015,D
.cache/SCRNA10X_SA_CHIP0071_000/filtered_feature_bc_matrix,CTCAGTCTCGTAGTCA-1,SA1035X5XB03015_CTCAGTCTCGTAGTCA-1,SA1035X5XB03015,B
.cache/SCRNA10X_SA_CHIP0071_000/filtered_feature_bc_matrix,CTCCAACAGGAACATT-1,SA1035X5XB03015_CTCCAACAGGAACATT-1,SA1035X5XB03015,C
.cache/SCRNA10X_SA_CHIP0071_000/filtered_feature_bc_matrix,CTCCAACAGTTCGCAT-1,SA1035X5XB03015_CTCCAACAGTTCGCAT-1,SA1035X5XB03015,D
.cache/SCRNA10X_SA_CHIP0071_000/filtered_feature_bc_matrix,CTCCAACGTTAGCTAC-1,SA1035X5XB03015_CTCCAACGTTAGCTAC-1,SA1035X5XB03015,D
.cache/SCRNA10X_SA_CHIP0071_000/filtered_feature_bc_matrix,CTCCACACATGGGTTT-1,SA1035X5XB03015_CTCCACACATGGGTTT-1,SA1035X5XB03015,D
.cache/SCRNA10X_SA_CHIP0071_000/filtered_feature_bc_matrix,CTCCCTCGTAAGACCG-1,SA1035X5XB03015_CTCCCTCGTAAGACCG-1,SA1035X5XB03015,C
.cache/SCRNA10X_SA_CHIP0071_000/filtered_feature_bc_matrix,CTCCGATGTTAGAAAC-1,SA1035X5XB03015_CTCCGATGTTAGAAAC-1,SA1035X5XB03015,D
.cache/SCRNA10X_SA_CHIP0071_000/filtered_feature_bc_matrix,CTCCTCCTCCGTGTGG-1,SA1035X5XB03015_CTCCTCCTCCGTGTGG-1,SA1035X5XB03015,G
.cache/SCRNA10X_SA_CHIP0071_000/filtered_feature_bc_matrix,CTCGAGGTCTATGTGG-1,SA1035X5XB03015_CTCGAGGTCTATGTGG-1,SA1035X5XB03015,D
.cache/SCRNA10X_SA_CHIP0071_000/filtered_feature_bc_matrix,CTCTCAGTCGGAGCAA-1,SA1035X5XB03015_CTCTCAGTCGGAGCAA-1,SA1035X5XB03015,D
.cache/SCRNA10X_SA_CHIP0071_000/filtered_feature_bc_matrix,CTGATCCAGTCATACC-1,SA1035X5XB03015_CTGATCCAGTCATACC-1,SA1035X5XB03015,B
.cache/SCRNA10X_SA_CHIP0071_000/filtered_feature_bc_matrix,CTGATCCCATTGGGAG-1,SA1035X5XB03015_CTGATCCCATTGGGAG-1,SA1035X5XB03015,D
.cache/SCRNA10X_SA_CHIP0071_000/filtered_feature_bc_matrix,CTGCATCGTGCCTTCT-1,SA1035X5XB03015_CTGCATCGTGCCTTCT-1,SA1035X5XB03015,E
.cache/SCRNA10X_SA_CHIP0071_000/filtered_feature_bc_matrix,CTGCCATTCCCTCTAG-1,SA1035X5XB03015_CTGCCATTCCCTCTAG-1,SA1035X5XB03015,D
.cache/SCRNA10X_SA_CHIP0071_000/filtered_feature_bc_matrix,CTGGTCTGTAGCGTTT-1,SA1035X5XB03015_CTGGTCTGTAGCGTTT-1,SA1035X5XB03015,B
.cache/SCRNA10X_SA_CHIP0071_000/filtered_feature_bc_matrix,CTTCTAAAGTGCCTCG-1,SA1035X5XB03015_CTTCTAAAGTGCCTCG-1,SA1035X5XB03015,E
.cache/SCRNA10X_SA_CHIP0071_000/filtered_feature_bc_matrix,GAACACTTCAAGAGGC-1,SA1035X5XB03015_GAACACTTCAAGAGGC-1,SA1035X5XB03015,G
.cache/SCRNA10X_SA_CHIP0071_000/filtered_feature_bc_matrix,GAACGTTTCCTTCAGC-1,SA1035X5XB03015_GAACGTTTCCTTCAGC-1,SA1035X5XB03015,B
.cache/SCRNA10X_SA_CHIP0071_000/filtered_feature_bc_matrix,GACACGCAGTTTGGCT-1,SA1035X5XB03015_GACACGCAGTTTGGCT-1,SA1035X5XB03015,unassigned
.cache/SCRNA10X_SA_CHIP0071_000/filtered_feature_bc_matrix,GACATCAAGTGAGGTC-1,SA1035X5XB03015_GACATCAAGTGAGGTC-1,SA1035X5XB03015,unassigned
.cache/SCRNA10X_SA_CHIP0071_000/filtered_feature_bc_matrix,GACCCAGTCACAAGAA-1,SA1035X5XB03015_GACCCAGTCACAAGAA-1,SA1035X5XB03015,B
.cache/SCRNA10X_SA_CHIP0071_000/filtered_feature_bc_matrix,GACGTTAGTCACGTGC-1,SA1035X5XB03015_GACGTTAGTCACGTGC-1,SA1035X5XB03015,G
.cache/SCRNA10X_SA_CHIP0071_000/filtered_feature_bc_matrix,GACGTTAGTCATGCAT-1,SA1035X5XB03015_GACGTTAGTCATGCAT-1,SA1035X5XB03015,D
.cache/SCRNA10X_SA_CHIP0071_000/filtered_feature_bc_matrix,GACTCTCTCTGGCCGA-1,SA1035X5XB03015_GACTCTCTCTGGCCGA-1,SA1035X5XB03015,D
.cache/SCRNA10X_SA_CHIP0071_000/filtered_feature_bc_matrix,GACTTCCAGTCCTGCG-1,SA1035X5XB03015_GACTTCCAGTCCTGCG-1,SA1035X5XB03015,E
.cache/SCRNA10X_SA_CHIP0071_000/filtered_feature_bc_matrix,GAGACCCAGACGACTG-1,SA1035X5XB03015_GAGACCCAGACGACTG-1,SA1035X5XB03015,E
.cache/SCRNA10X_SA_CHIP0071_000/filtered_feature_bc_matrix,GAGAGGTGTTCATCTT-1,SA1035X5XB03015_GAGAGGTGTTCATCTT-1,SA1035X5XB03015,D
.cache/SCRNA10X_SA_CHIP0071_000/filtered_feature_bc_matrix,GAGTTTGCAAGTGGAC-1,SA1035X5XB03015_GAGTTTGCAAGTGGAC-1,SA1035X5XB03015,B
.cache/SCRNA10X_SA_CHIP0071_000/filtered_feature_bc_matrix,GAGTTTGTCTGTGCAA-1,SA1035X5XB03015_GAGTTTGTCTGTGCAA-1,SA1035X5XB03015,B
.cache/SCRNA10X_SA_CHIP0071_000/filtered_feature_bc_matrix,GATCAGTTCCTGATAG-1,SA1035X5XB03015_GATCAGTTCCTGATAG-1,SA1035X5XB03015,unassigned
.cache/SCRNA10X_SA_CHIP0071_000/filtered_feature_bc_matrix,GATGATCCAACTGGTT-1,SA1035X5XB03015_GATGATCCAACTGGTT-1,SA1035X5XB03015,G
.cache/SCRNA10X_SA_CHIP0071_000/filtered_feature_bc_matrix,GATGCTAGTTCTAAGC-1,SA1035X5XB03015_GATGCTAGTTCTAAGC-1,SA1035X5XB03015,D
.cache/SCRNA10X_SA_CHIP0071_000/filtered_feature_bc_matrix,GATTCTTGTTGTATGC-1,SA1035X5XB03015_GATTCTTGTTGTATGC-1,SA1035X5XB03015,C
.cache/SCRNA10X_SA_CHIP0071_000/filtered_feature_bc_matrix,GCACTAATCATGGCCG-1,SA1035X5XB03015_GCACTAATCATGGCCG-1,SA1035X5XB03015,G
.cache/SCRNA10X_SA_CHIP0071_000/filtered_feature_bc_matrix,GCAGCTGCACAGGATG-1,SA1035X5XB03015_GCAGCTGCACAGGATG-1,SA1035X5XB03015,E
.cache/SCRNA10X_SA_CHIP0071_000/filtered_feature_bc_matrix,GCATCTCAGTGTACAA-1,SA1035X5XB03015_GCATCTCAGTGTACAA-1,SA1035X5XB03015,B
.cache/SCRNA10X_SA_CHIP0071_000/filtered_feature_bc_matrix,GCATGATAGGGACCAT-1,SA1035X5XB03015_GCATGATAGGGACCAT-1,SA1035X5XB03015,B
.cache/SCRNA10X_SA_CHIP0071_000/filtered_feature_bc_matrix,GCCATGGGTCCGTTTC-1,SA1035X5XB03015_GCCATGGGTCCGTTTC-1,SA1035X5XB03015,B
.cache/SCRNA10X_SA_CHIP0071_000/filtered_feature_bc_matrix,GCCTGTTCACGTCATA-1,SA1035X5XB03015_GCCTGTTCACGTCATA-1,SA1035X5XB03015,G
.cache/SCRNA10X_SA_CHIP0071_000/filtered_feature_bc_matrix,GCCTGTTGTAGTAAGT-1,SA1035X5XB03015_GCCTGTTGTAGTAAGT-1,SA1035X5XB03015,D
.cache/SCRNA10X_SA_CHIP0071_000/filtered_feature_bc_matrix,GCGTGCACATTCAGCA-1,SA1035X5XB03015_GCGTGCACATTCAGCA-1,SA1035X5XB03015,G
.cache/SCRNA10X_SA_CHIP0071_000/filtered_feature_bc_matrix,GCTTGGGAGATGAATC-1,SA1035X5XB03015_GCTTGGGAGATGAATC-1,SA1035X5XB03015,D
.cache/SCRNA10X_SA_CHIP0071_000/filtered_feature_bc_matrix,GCTTGGGCAAATCCCA-1,SA1035X5XB03015_GCTTGGGCAAATCCCA-1,SA1035X5XB03015,unassigned
.cache/SCRNA10X_SA_CHIP0071_000/filtered_feature_bc_matrix,GCTTTCGCAACAGCCC-1,SA1035X5XB03015_GCTTTCGCAACAGCCC-1,SA1035X5XB03015,E
.cache/SCRNA10X_SA_CHIP0071_000/filtered_feature_bc_matrix,GGAATCTTCACCACAA-1,SA1035X5XB03015_GGAATCTTCACCACAA-1,SA1035X5XB03015,D
.cache/SCRNA10X_SA_CHIP0071_000/filtered_feature_bc_matrix,GGACGTCAGGGCGAGA-1,SA1035X5XB03015_GGACGTCAGGGCGAGA-1,SA1035X5XB03015,C
.cache/SCRNA10X_SA_CHIP0071_000/filtered_feature_bc_matrix,GGACGTCGTAAGATTG-1,SA1035X5XB03015_GGACGTCGTAAGATTG-1,SA1035X5XB03015,D
.cache/SCRNA10X_SA_CHIP0071_000/filtered_feature_bc_matrix,GGAGCAAGTTAAACAG-1,SA1035X5XB03015_GGAGCAAGTTAAACAG-1,SA1035X5XB03015,D
.cache/SCRNA10X_SA_CHIP0071_000/filtered_feature_bc_matrix,GGAGGATGTCACGACC-1,SA1035X5XB03015_GGAGGATGTCACGACC-1,SA1035X5XB03015,C
.cache/SCRNA10X_SA_CHIP0071_000/filtered_feature_bc_matrix,GGATGTTTCCCTATTA-1,SA1035X5XB03015_GGATGTTTCCCTATTA-1,SA1035X5XB03015,D
.cache/SCRNA10X_SA_CHIP0071_000/filtered_feature_bc_matrix,GGCGTCATCGGAATTC-1,SA1035X5XB03015_GGCGTCATCGGAATTC-1,SA1035X5XB03015,B
.cache/SCRNA10X_SA_CHIP0071_000/filtered_feature_bc_matrix,GGGTCACAGAGCATAT-1,SA1035X5XB03015_GGGTCACAGAGCATAT-1,SA1035X5XB03015,D
.cache/SCRNA10X_SA_CHIP0071_000/filtered_feature_bc_matrix,GGTAATCTCTCACCCA-1,SA1035X5XB03015_GGTAATCTCTCACCCA-1,SA1035X5XB03015,unassigned
.cache/SCRNA10X_SA_CHIP0071_000/filtered_feature_bc_matrix,GGTCACGTCGTCACCT-1,SA1035X5XB03015_GGTCACGTCGTCACCT-1,SA1035X5XB03015,D
.cache/SCRNA10X_SA_CHIP0071_000/filtered_feature_bc_matrix,GGTCTGGTCAGGACGA-1,SA1035X5XB03015_GGTCTGGTCAGGACGA-1,SA1035X5XB03015,D
.cache/SCRNA10X_SA_CHIP0071_000/filtered_feature_bc_matrix,GGTCTGGTCTAGACCA-1,SA1035X5XB03015_GGTCTGGTCTAGACCA-1,SA1035X5XB03015,D
.cache/SCRNA10X_SA_CHIP0071_000/filtered_feature_bc_matrix,GGTGATTGTCTGCAAT-1,SA1035X5XB03015_GGTGATTGTCTGCAAT-1,SA1035X5XB03015,C
.cache/SCRNA10X_SA_CHIP0071_000/filtered_feature_bc_matrix,GGTGATTGTTGAATCC-1,SA1035X5XB03015_GGTGATTGTTGAATCC-1,SA1035X5XB03015,B
.cache/SCRNA10X_SA_CHIP0071_000/filtered_feature_bc_matrix,GGTTAACTCGGTTCAA-1,SA1035X5XB03015_GGTTAACTCGGTTCAA-1,SA1035X5XB03015,G
.cache/SCRNA10X_SA_CHIP0071_000/filtered_feature_bc_matrix,GTACAGTGTGCGGTAA-1,SA1035X5XB03015_GTACAGTGTGCGGTAA-1,SA1035X5XB03015,D
.cache/SCRNA10X_SA_CHIP0071_000/filtered_feature_bc_matrix,GTAGAAAGTGGTTCTA-1,SA1035X5XB03015_GTAGAAAGTGGTTCTA-1,SA1035X5XB03015,D
.cache/SCRNA10X_SA_CHIP0071_000/filtered_feature_bc_matrix,GTAGTACTCTACGGTA-1,SA1035X5XB03015_GTAGTACTCTACGGTA-1,SA1035X5XB03015,unassigned
.cache/SCRNA10X_SA_CHIP0071_000/filtered_feature_bc_matrix,GTATTTCGTGGCGCTT-1,SA1035X5XB03015_GTATTTCGTGGCGCTT-1,SA1035X5XB03015,G
.cache/SCRNA10X_SA_CHIP0071_000/filtered_feature_bc_matrix,GTCAAGTAGATGACCG-1,SA1035X5XB03015_GTCAAGTAGATGACCG-1,SA1035X5XB03015,C
.cache/SCRNA10X_SA_CHIP0071_000/filtered_feature_bc_matrix,GTCACTCTCCAAGGGA-1,SA1035X5XB03015_GTCACTCTCCAAGGGA-1,SA1035X5XB03015,B
.cache/SCRNA10X_SA_CHIP0071_000/filtered_feature_bc_matrix,GTCATGATCATCGCCT-1,SA1035X5XB03015_GTCATGATCATCGCCT-1,SA1035X5XB03015,D
.cache/SCRNA10X_SA_CHIP0071_000/filtered_feature_bc_matrix,GTCCACTAGCTACGTT-1,SA1035X5XB03015_GTCCACTAGCTACGTT-1,SA1035X5XB03015,B
.cache/SCRNA10X_SA_CHIP0071_000/filtered_feature_bc_matrix,GTGAGGAAGTCAGCGA-1,SA1035X5XB03015_GTGAGGAAGTCAGCGA-1,SA1035X5XB03015,C
.cache/SCRNA10X_SA_CHIP0071_000/filtered_feature_bc_matrix,GTGAGGACATAGATGA-1,SA1035X5XB03015_GTGAGGACATAGATGA-1,SA1035X5XB03015,G
.cache/SCRNA10X_SA_CHIP0071_000/filtered_feature_bc_matrix,GTGCACGGTTCGTGCG-1,SA1035X5XB03015_GTGCACGGTTCGTGCG-1,SA1035X5XB03015,B
.cache/SCRNA10X_SA_CHIP0071_000/filtered_feature_bc_matrix,GTGCAGCCAACTGATC-1,SA1035X5XB03015_GTGCAGCCAACTGATC-1,SA1035X5XB03015,C
.cache/SCRNA10X_SA_CHIP0071_000/filtered_feature_bc_matrix,GTGGAGACAGCGGTCT-1,SA1035X5XB03015_GTGGAGACAGCGGTCT-1,SA1035X5XB03015,B
.cache/SCRNA10X_SA_CHIP0071_000/filtered_feature_bc_matrix,GTTAGACAGGATACAT-1,SA1035X5XB03015_GTTAGACAGGATACAT-1,SA1035X5XB03015,D
.cache/SCRNA10X_SA_CHIP0071_000/filtered_feature_bc_matrix,GTTAGTGAGCCACAAG-1,SA1035X5XB03015_GTTAGTGAGCCACAAG-1,SA1035X5XB03015,unassigned
.cache/SCRNA10X_SA_CHIP0071_000/filtered_feature_bc_matrix,GTTAGTGGTGCCTTCT-1,SA1035X5XB03015_GTTAGTGGTGCCTTCT-1,SA1035X5XB03015,B
.cache/SCRNA10X_SA_CHIP0071_000/filtered_feature_bc_matrix,GTTAGTGGTTGCAAGG-1,SA1035X5XB03015_GTTAGTGGTTGCAAGG-1,SA1035X5XB03015,C
.cache/SCRNA10X_SA_CHIP0071_000/filtered_feature_bc_matrix,GTTATGGCAATCCAGT-1,SA1035X5XB03015_GTTATGGCAATCCAGT-1,SA1035X5XB03015,unassigned
.cache/SCRNA10X_SA_CHIP0071_000/filtered_feature_bc_matrix,GTTCGCTCAACAGAGC-1,SA1035X5XB03015_GTTCGCTCAACAGAGC-1,SA1035X5XB03015,C
.cache/SCRNA10X_SA_CHIP0071_000/filtered_feature_bc_matrix,GTTGCGGGTGCTCTCT-1,SA1035X5XB03015_GTTGCGGGTGCTCTCT-1,SA1035X5XB03015,G
.cache/SCRNA10X_SA_CHIP0071_000/filtered_feature_bc_matrix,GTTGCTCCAGGTGTGA-1,SA1035X5XB03015_GTTGCTCCAGGTGTGA-1,SA1035X5XB03015,C
.cache/SCRNA10X_SA_CHIP0071_000/filtered_feature_bc_matrix,GTTGTGACAAGACAAT-1,SA1035X5XB03015_GTTGTGACAAGACAAT-1,SA1035X5XB03015,A_H
.cache/SCRNA10X_SA_CHIP0071_000/filtered_feature_bc_matrix,GTTTACTAGAATAACC-1,SA1035X5XB03015_GTTTACTAGAATAACC-1,SA1035X5XB03015,C
.cache/SCRNA10X_SA_CHIP0071_000/filtered_feature_bc_matrix,GTTTGGATCAGGAACG-1,SA1035X5XB03015_GTTTGGATCAGGAACG-1,SA1035X5XB03015,D
.cache/SCRNA10X_SA_CHIP0071_000/filtered_feature_bc_matrix,TAACACGAGACTACCT-1,SA1035X5XB03015_TAACACGAGACTACCT-1,SA1035X5XB03015,B
.cache/SCRNA10X_SA_CHIP0071_000/filtered_feature_bc_matrix,TAACGACGTACCGTCG-1,SA1035X5XB03015_TAACGACGTACCGTCG-1,SA1035X5XB03015,D
.cache/SCRNA10X_SA_CHIP0071_000/filtered_feature_bc_matrix,TAACTTCCACACCTGG-1,SA1035X5XB03015_TAACTTCCACACCTGG-1,SA1035X5XB03015,D
.cache/SCRNA10X_SA_CHIP0071_000/filtered_feature_bc_matrix,TAACTTCCAGCTACTA-1,SA1035X5XB03015_TAACTTCCAGCTACTA-1,SA1035X5XB03015,unassigned
.cache/SCRNA10X_SA_CHIP0071_000/filtered_feature_bc_matrix,TAACTTCTCGATACGT-1,SA1035X5XB03015_TAACTTCTCGATACGT-1,SA1035X5XB03015,E
.cache/SCRNA10X_SA_CHIP0071_000/filtered_feature_bc_matrix,TACAGGTTCACTACGA-1,SA1035X5XB03015_TACAGGTTCACTACGA-1,SA1035X5XB03015,D
.cache/SCRNA10X_SA_CHIP0071_000/filtered_feature_bc_matrix,TACATTCGTCAACGCC-1,SA1035X5XB03015_TACATTCGTCAACGCC-1,SA1035X5XB03015,unassigned
.cache/SCRNA10X_SA_CHIP0071_000/filtered_feature_bc_matrix,TACCCACAGCATGATA-1,SA1035X5XB03015_TACCCACAGCATGATA-1,SA1035X5XB03015,C
.cache/SCRNA10X_SA_CHIP0071_000/filtered_feature_bc_matrix,TACCTCGAGCACTCGC-1,SA1035X5XB03015_TACCTCGAGCACTCGC-1,SA1035X5XB03015,D
.cache/SCRNA10X_SA_CHIP0071_000/filtered_feature_bc_matrix,TACCTCGCAACCGACC-1,SA1035X5XB03015_TACCTCGCAACCGACC-1,SA1035X5XB03015,E
.cache/SCRNA10X_SA_CHIP0071_000/filtered_feature_bc_matrix,TACGGGCGTATCTCTT-1,SA1035X5XB03015_TACGGGCGTATCTCTT-1,SA1035X5XB03015,C
.cache/SCRNA10X_SA_CHIP0071_000/filtered_feature_bc_matrix,TACTGCCTCAACTTTC-1,SA1035X5XB03015_TACTGCCTCAACTTTC-1,SA1035X5XB03015,G
.cache/SCRNA10X_SA_CHIP0071_000/filtered_feature_bc_matrix,TACTTACCAGTGAGCA-1,SA1035X5XB03015_TACTTACCAGTGAGCA-1,SA1035X5XB03015,B
.cache/SCRNA10X_SA_CHIP0071_000/filtered_feature_bc_matrix,TAGTGCAGTATTGCCA-1,SA1035X5XB03015_TAGTGCAGTATTGCCA-1,SA1035X5XB03015,G
.cache/SCRNA10X_SA_CHIP0071_000/filtered_feature_bc_matrix,TATACCTTCGTAGAGG-1,SA1035X5XB03015_TATACCTTCGTAGAGG-1,SA1035X5XB03015,C
.cache/SCRNA10X_SA_CHIP0071_000/filtered_feature_bc_matrix,TATCGCCCAGTCACGC-1,SA1035X5XB03015_TATCGCCCAGTCACGC-1,SA1035X5XB03015,D
.cache/SCRNA10X_SA_CHIP0071_000/filtered_feature_bc_matrix,TCAAGACTCTTCCGTG-1,SA1035X5XB03015_TCAAGACTCTTCCGTG-1,SA1035X5XB03015,D
.cache/SCRNA10X_SA_CHIP0071_000/filtered_feature_bc_matrix,TCAAGCAAGTGCTACT-1,SA1035X5XB03015_TCAAGCAAGTGCTACT-1,SA1035X5XB03015,D
.cache/SCRNA10X_SA_CHIP0071_000/filtered_feature_bc_matrix,TCACACCCAGCTACCG-1,SA1035X5XB03015_TCACACCCAGCTACCG-1,SA1035X5XB03015,B
.cache/SCRNA10X_SA_CHIP0071_000/filtered_feature_bc_matrix,TCACGCTCAACCGATT-1,SA1035X5XB03015_TCACGCTCAACCGATT-1,SA1035X5XB03015,unassigned
.cache/SCRNA10X_SA_CHIP0071_000/filtered_feature_bc_matrix,TCACTATCAGTTCACA-1,SA1035X5XB03015_TCACTATCAGTTCACA-1,SA1035X5XB03015,E
.cache/SCRNA10X_SA_CHIP0071_000/filtered_feature_bc_matrix,TCAGTGATCTCAATCT-1,SA1035X5XB03015_TCAGTGATCTCAATCT-1,SA1035X5XB03015,E
.cache/SCRNA10X_SA_CHIP0071_000/filtered_feature_bc_matrix,TCATTCAAGACGTCGA-1,SA1035X5XB03015_TCATTCAAGACGTCGA-1,SA1035X5XB03015,D
.cache/SCRNA10X_SA_CHIP0071_000/filtered_feature_bc_matrix,TCCAGAAAGATTGCGG-1,SA1035X5XB03015_TCCAGAAAGATTGCGG-1,SA1035X5XB03015,D
.cache/SCRNA10X_SA_CHIP0071_000/filtered_feature_bc_matrix,TCCAGAACAAATCCCA-1,SA1035X5XB03015_TCCAGAACAAATCCCA-1,SA1035X5XB03015,E
.cache/SCRNA10X_SA_CHIP0071_000/filtered_feature_bc_matrix,TCCATGCGTCATCTAG-1,SA1035X5XB03015_TCCATGCGTCATCTAG-1,SA1035X5XB03015,B
.cache/SCRNA10X_SA_CHIP0071_000/filtered_feature_bc_matrix,TCCCAGTTCACTTCTA-1,SA1035X5XB03015_TCCCAGTTCACTTCTA-1,SA1035X5XB03015,B
.cache/SCRNA10X_SA_CHIP0071_000/filtered_feature_bc_matrix,TCCTCGAAGGATATAC-1,SA1035X5XB03015_TCCTCGAAGGATATAC-1,SA1035X5XB03015,B
.cache/SCRNA10X_SA_CHIP0071_000/filtered_feature_bc_matrix,TCCTGCACAAGTGATA-1,SA1035X5XB03015_TCCTGCACAAGTGATA-1,SA1035X5XB03015,unassigned
.cache/SCRNA10X_SA_CHIP0071_000/filtered_feature_bc_matrix,TCCTTTCCAGTATTCG-1,SA1035X5XB03015_TCCTTTCCAGTATTCG-1,SA1035X5XB03015,B
.cache/SCRNA10X_SA_CHIP0071_000/filtered_feature_bc_matrix,TCGAAGTGTGATTAGA-1,SA1035X5XB03015_TCGAAGTGTGATTAGA-1,SA1035X5XB03015,D
.cache/SCRNA10X_SA_CHIP0071_000/filtered_feature_bc_matrix,TCGCAGGGTACGATGG-1,SA1035X5XB03015_TCGCAGGGTACGATGG-1,SA1035X5XB03015,C
.cache/SCRNA10X_SA_CHIP0071_000/filtered_feature_bc_matrix,TCGGATATCTTTGATC-1,SA1035X5XB03015_TCGGATATCTTTGATC-1,SA1035X5XB03015,C
.cache/SCRNA10X_SA_CHIP0071_000/filtered_feature_bc_matrix,TCTATACTCCGTTGGG-1,SA1035X5XB03015_TCTATACTCCGTTGGG-1,SA1035X5XB03015,C
.cache/SCRNA10X_SA_CHIP0071_000/filtered_feature_bc_matrix,TCTATCATCATCGACA-1,SA1035X5XB03015_TCTATCATCATCGACA-1,SA1035X5XB03015,D
.cache/SCRNA10X_SA_CHIP0071_000/filtered_feature_bc_matrix,TCTCAGCCACATACTG-1,SA1035X5XB03015_TCTCAGCCACATACTG-1,SA1035X5XB03015,C
.cache/SCRNA10X_SA_CHIP0071_000/filtered_feature_bc_matrix,TCTGGCTTCGCGCTGA-1,SA1035X5XB03015_TCTGGCTTCGCGCTGA-1,SA1035X5XB03015,unassigned
.cache/SCRNA10X_SA_CHIP0071_000/filtered_feature_bc_matrix,TCTGTCGCACTCCTGT-1,SA1035X5XB03015_TCTGTCGCACTCCTGT-1,SA1035X5XB03015,D
.cache/SCRNA10X_SA_CHIP0071_000/filtered_feature_bc_matrix,TCTTAGTGTACCCAGC-1,SA1035X5XB03015_TCTTAGTGTACCCAGC-1,SA1035X5XB03015,G
.cache/SCRNA10X_SA_CHIP0071_000/filtered_feature_bc_matrix,TGAACGTCAAGTTTGC-1,SA1035X5XB03015_TGAACGTCAAGTTTGC-1,SA1035X5XB03015,D
.cache/SCRNA10X_SA_CHIP0071_000/filtered_feature_bc_matrix,TGAACGTTCATAAGGA-1,SA1035X5XB03015_TGAACGTTCATAAGGA-1,SA1035X5XB03015,G
.cache/SCRNA10X_SA_CHIP0071_000/filtered_feature_bc_matrix,TGAATGCGTCACTAGT-1,SA1035X5XB03015_TGAATGCGTCACTAGT-1,SA1035X5XB03015,D
.cache/SCRNA10X_SA_CHIP0071_000/filtered_feature_bc_matrix,TGACTCCCAGTTCTAG-1,SA1035X5XB03015_TGACTCCCAGTTCTAG-1,SA1035X5XB03015,D
.cache/SCRNA10X_SA_CHIP0071_000/filtered_feature_bc_matrix,TGAGCATTCTGCGATA-1,SA1035X5XB03015_TGAGCATTCTGCGATA-1,SA1035X5XB03015,C
.cache/SCRNA10X_SA_CHIP0071_000/filtered_feature_bc_matrix,TGATCTTAGTCTAGCT-1,SA1035X5XB03015_TGATCTTAGTCTAGCT-1,SA1035X5XB03015,C
.cache/SCRNA10X_SA_CHIP0071_000/filtered_feature_bc_matrix,TGATGCATCAAAGCCT-1,SA1035X5XB03015_TGATGCATCAAAGCCT-1,SA1035X5XB03015,B
.cache/SCRNA10X_SA_CHIP0071_000/filtered_feature_bc_matrix,TGATTTCCAGGGTTGA-1,SA1035X5XB03015_TGATTTCCAGGGTTGA-1,SA1035X5XB03015,G
.cache/SCRNA10X_SA_CHIP0071_000/filtered_feature_bc_matrix,TGCACGGCACACACTA-1,SA1035X5XB03015_TGCACGGCACACACTA-1,SA1035X5XB03015,D
.cache/SCRNA10X_SA_CHIP0071_000/filtered_feature_bc_matrix,TGCAGGCTCTGCACCT-1,SA1035X5XB03015_TGCAGGCTCTGCACCT-1,SA1035X5XB03015,C
.cache/SCRNA10X_SA_CHIP0071_000/filtered_feature_bc_matrix,TGCGATATCATAGCAC-1,SA1035X5XB03015_TGCGATATCATAGCAC-1,SA1035X5XB03015,C
.cache/SCRNA10X_SA_CHIP0071_000/filtered_feature_bc_matrix,TGCTCCATCCTCCACA-1,SA1035X5XB03015_TGCTCCATCCTCCACA-1,SA1035X5XB03015,E
.cache/SCRNA10X_SA_CHIP0071_000/filtered_feature_bc_matrix,TGCTCGTCACGCTGCA-1,SA1035X5XB03015_TGCTCGTCACGCTGCA-1,SA1035X5XB03015,E
.cache/SCRNA10X_SA_CHIP0071_000/filtered_feature_bc_matrix,TGGGAAGTCACTACTT-1,SA1035X5XB03015_TGGGAAGTCACTACTT-1,SA1035X5XB03015,E
.cache/SCRNA10X_SA_CHIP0071_000/filtered_feature_bc_matrix,TGGGAAGTCGTGGGTC-1,SA1035X5XB03015_TGGGAAGTCGTGGGTC-1,SA1035X5XB03015,D
.cache/SCRNA10X_SA_CHIP0071_000/filtered_feature_bc_matrix,TGGGATTGTCGGTGTC-1,SA1035X5XB03015_TGGGATTGTCGGTGTC-1,SA1035X5XB03015,G
.cache/SCRNA10X_SA_CHIP0071_000/filtered_feature_bc_matrix,TGGTTAGAGCTAGATA-1,SA1035X5XB03015_TGGTTAGAGCTAGATA-1,SA1035X5XB03015,B
.cache/SCRNA10X_SA_CHIP0071_000/filtered_feature_bc_matrix,TGTGCGGCATGCACTA-1,SA1035X5XB03015_TGTGCGGCATGCACTA-1,SA1035X5XB03015,E
.cache/SCRNA10X_SA_CHIP0071_000/filtered_feature_bc_matrix,TGTTACTCAATTCTTC-1,SA1035X5XB03015_TGTTACTCAATTCTTC-1,SA1035X5XB03015,D
.cache/SCRNA10X_SA_CHIP0071_000/filtered_feature_bc_matrix,TTAATCCAGTGAATAC-1,SA1035X5XB03015_TTAATCCAGTGAATAC-1,SA1035X5XB03015,D
.cache/SCRNA10X_SA_CHIP0071_000/filtered_feature_bc_matrix,TTAATCCCATCTATCT-1,SA1035X5XB03015_TTAATCCCATCTATCT-1,SA1035X5XB03015,D
.cache/SCRNA10X_SA_CHIP0071_000/filtered_feature_bc_matrix,TTACCATAGGATAATC-1,SA1035X5XB03015_TTACCATAGGATAATC-1,SA1035X5XB03015,E
.cache/SCRNA10X_SA_CHIP0071_000/filtered_feature_bc_matrix,TTCAATCGTGCCCACA-1,SA1035X5XB03015_TTCAATCGTGCCCACA-1,SA1035X5XB03015,B
.cache/SCRNA10X_SA_CHIP0071_000/filtered_feature_bc_matrix,TTCACCGTCCAAATGC-1,SA1035X5XB03015_TTCACCGTCCAAATGC-1,SA1035X5XB03015,B
.cache/SCRNA10X_SA_CHIP0071_000/filtered_feature_bc_matrix,TTCATTGTCTCCGATC-1,SA1035X5XB03015_TTCATTGTCTCCGATC-1,SA1035X5XB03015,B
.cache/SCRNA10X_SA_CHIP0071_000/filtered_feature_bc_matrix,TTCCACGCATTCGGGC-1,SA1035X5XB03015_TTCCACGCATTCGGGC-1,SA1035X5XB03015,B
.cache/SCRNA10X_SA_CHIP0071_000/filtered_feature_bc_matrix,TTCCTAATCTCATTTG-1,SA1035X5XB03015_TTCCTAATCTCATTTG-1,SA1035X5XB03015,C
.cache/SCRNA10X_SA_CHIP0071_000/filtered_feature_bc_matrix,TTCGCTGCACAAGTGG-1,SA1035X5XB03015_TTCGCTGCACAAGTGG-1,SA1035X5XB03015,D
.cache/SCRNA10X_SA_CHIP0071_000/filtered_feature_bc_matrix,TTCTAACTCCCTCAAC-1,SA1035X5XB03015_TTCTAACTCCCTCAAC-1,SA1035X5XB03015,D
.cache/SCRNA10X_SA_CHIP0071_000/filtered_feature_bc_matrix,TTCTAGTTCTGCGGAC-1,SA1035X5XB03015_TTCTAGTTCTGCGGAC-1,SA1035X5XB03015,G
.cache/SCRNA10X_SA_CHIP0071_000/filtered_feature_bc_matrix,TTGAACGAGATCCAAA-1,SA1035X5XB03015_TTGAACGAGATCCAAA-1,SA1035X5XB03015,C
.cache/SCRNA10X_SA_CHIP0071_000/filtered_feature_bc_matrix,TTGACCCTCTTCCTAA-1,SA1035X5XB03015_TTGACCCTCTTCCTAA-1,SA1035X5XB03015,C
.cache/SCRNA10X_SA_CHIP0071_000/filtered_feature_bc_matrix,TTGAGTGAGTGCCTCG-1,SA1035X5XB03015_TTGAGTGAGTGCCTCG-1,SA1035X5XB03015,D
.cache/SCRNA10X_SA_CHIP0071_000/filtered_feature_bc_matrix,TTGCCTGAGCTGACTT-1,SA1035X5XB03015_TTGCCTGAGCTGACTT-1,SA1035X5XB03015,E
.cache/SCRNA10X_SA_CHIP0071_000/filtered_feature_bc_matrix,TTGCTGCAGATTGATG-1,SA1035X5XB03015_TTGCTGCAGATTGATG-1,SA1035X5XB03015,C
.cache/SCRNA10X_SA_CHIP0071_000/filtered_feature_bc_matrix,TTGTTCATCCGTTTCG-1,SA1035X5XB03015_TTGTTCATCCGTTTCG-1,SA1035X5XB03015,B
.cache/SCRNA10X_SA_CHIP0071_000/filtered_feature_bc_matrix,TTTACGTTCCTACACC-1,SA1035X5XB03015_TTTACGTTCCTACACC-1,SA1035X5XB03015,D
.cache/SCRNA10X_SA_CHIP0071_000/filtered_feature_bc_matrix,TTTACTGAGGTTCACT-1,SA1035X5XB03015_TTTACTGAGGTTCACT-1,SA1035X5XB03015,D
.cache/SCRNA10X_SA_CHIP0071_000/filtered_feature_bc_matrix,TTTACTGGTTGCGGAA-1,SA1035X5XB03015_TTTACTGGTTGCGGAA-1,SA1035X5XB03015,C
.cache/SCRNA10X_SA_CHIP0071_000/filtered_feature_bc_matrix,TTTGACTCACATACGT-1,SA1035X5XB03015_TTTGACTCACATACGT-1,SA1035X5XB03015,B
.cache/SCRNA10X_SA_CHIP0071_000/filtered_feature_bc_matrix,TTTGATCCACTTCATT-1,SA1035X5XB03015_TTTGATCCACTTCATT-1,SA1035X5XB03015,D
.cache/SCRNA10X_SA_CHIP0071_000/filtered_feature_bc_matrix,TTTGATCCATATCGGT-1,SA1035X5XB03015_TTTGATCCATATCGGT-1,SA1035X5XB03015,D
